# Blender 5.0.1
# www.blender.org
mtllib Coche_llanta_TD.mtl
g car_wheel_BR_Malla
v -0.185333 -0.167765 -0.250042
v -0.185333 -0.192989 -0.231151
v -0.185333 -0.112077 -0.279599
v -0.190812 -0.190361 -0.228006
v -0.188389 -0.192774 -0.230897
v -0.188389 -0.167588 -0.249886
v -0.190812 -0.165528 -0.246740
v -0.188389 -0.140559 -0.265983
v -0.190812 -0.138792 -0.262719
v -0.188389 -0.111959 -0.279305
v -0.190813 -0.110543 -0.275785
v -0.180065 -0.157090 -0.234233
v -0.180065 -0.180712 -0.216441
v -0.179749 -0.131584 -0.249036
v -0.179749 -0.104802 -0.261513
v -0.177747 -0.152804 -0.233460
v -0.177009 -0.130131 -0.245987
v -0.093451 -0.064676 -0.081851
v -0.093451 -0.045288 -0.093511
v -0.091554 -0.042417 -0.086375
v -0.091660 -0.055492 -0.078504
v -0.150667 -0.091118 -0.227494
v -0.151509 -0.117354 -0.215918
v -0.177009 -0.103544 -0.258385
v -0.130752 -0.078849 -0.196993
v -0.100511 -0.050891 -0.127488
v -0.105357 -0.102401 -0.173096
v -0.126326 -0.078955 -0.191044
v -0.111258 -0.066727 -0.161209
v -0.094715 -0.086034 -0.148219
v -0.107359 -0.106026 -0.176181
v -0.122638 -0.137578 -0.191656
v -0.148875 -0.119442 -0.212920
v -0.128960 -0.081819 -0.194776
v -0.141078 -0.167110 -0.204649
v -0.174585 -0.154616 -0.229778
v -0.092503 -0.067871 -0.084995
v -0.082808 -0.076206 -0.095271
v -0.089025 -0.069796 -0.118861
v -0.098509 -0.055211 -0.125522
v -0.175955 -0.159428 -0.228751
v -0.142869 -0.170749 -0.204661
v -0.175955 -0.178810 -0.214254
v -0.064053 -0.089244 -0.148859
v -0.090711 -0.087969 -0.147100
v -0.085443 -0.072758 -0.123121
v -0.056361 -0.072758 -0.123121
v -0.075959 -0.104257 -0.171781
v -0.100932 -0.104080 -0.171625
v -0.097771 -0.138789 -0.190147
v -0.118213 -0.138788 -0.190147
v -0.102934 -0.107922 -0.174963
v -0.078277 -0.107648 -0.174847
v -0.055202 -0.071908 -0.118465
v -0.084284 -0.072006 -0.118427
v -0.078804 -0.077912 -0.096970
v -0.049512 -0.077579 -0.096422
v -0.120847 -0.168320 -0.203140
v -0.135915 -0.167869 -0.202866
v -0.081386 -0.053963 -0.076677
v -0.081386 -0.041513 -0.084126
v 0.190626 -0.152160 -0.254730
v 0.190626 -0.095829 -0.280853
v 0.179035 -0.190856 -0.205660
v 0.179140 -0.143876 -0.240911
v 0.179141 -0.090634 -0.265679
v 0.037102 -0.074807 -0.089815
v 0.037102 -0.043341 -0.108718
v -0.037710 -0.043970 -0.110282
v -0.037710 -0.075886 -0.091084
v -0.048774 -0.045346 -0.113704
v -0.048774 -0.076011 -0.095350
v -0.046350 -0.077690 -0.093312
v 0.147214 -0.187464 -0.202027
v 0.147214 -0.141354 -0.236758
v 0.147214 -0.089050 -0.261034
v -0.122638 -0.187464 -0.202027
v -0.122638 -0.141354 -0.236759
v -0.122638 -0.089050 -0.261034
v -0.122427 -0.172004 -0.206088
v -0.122428 -0.168208 -0.205684
v -0.122638 -0.136172 -0.228110
v -0.122638 -0.085783 -0.251502
v -0.097455 -0.109904 -0.208125
v -0.097455 -0.087540 -0.218598
v -0.100405 -0.054831 -0.131355
v -0.089658 -0.070745 -0.124045
v -0.056361 -0.053014 -0.132766
v -0.064053 -0.064693 -0.161800
v -0.055202 -0.051599 -0.129247
v -0.185333 -0.051434 -0.296836
v -0.188389 -0.082100 -0.289498
v -0.190812 -0.081115 -0.285919
v -0.188389 -0.051355 -0.296641
v -0.190812 -0.050761 -0.292904
v -0.188389 -0.020036 -0.300381
v -0.190812 -0.019774 -0.296624
v -0.179749 -0.076840 -0.271057
v -0.180065 -0.048188 -0.278040
v -0.180064 -0.018826 -0.281559
v -0.093451 -0.031308 -0.099135
v -0.093451 -0.009247 -0.104147
v -0.091660 -0.013652 -0.095333
v -0.091554 -0.028438 -0.091998
v -0.177009 -0.075778 -0.267850
v -0.151509 -0.064076 -0.237348
v -0.176903 -0.051115 -0.273455
v -0.105357 -0.045212 -0.196099
v -0.094715 -0.039794 -0.166819
v -0.111259 -0.062817 -0.162783
v -0.126326 -0.074654 -0.192775
v -0.107360 -0.044732 -0.200835
v -0.128960 -0.075074 -0.197490
v -0.148875 -0.060494 -0.236632
v -0.122638 -0.032782 -0.233809
v -0.141078 -0.020376 -0.263673
v -0.174586 -0.046888 -0.273110
v -0.092503 -0.009217 -0.108589
v -0.098509 -0.046316 -0.129101
v -0.089025 -0.031279 -0.134354
v -0.082808 -0.010221 -0.121813
v -0.175955 -0.042608 -0.275741
v -0.175955 -0.018585 -0.278703
v -0.142869 -0.017759 -0.266201
v -0.063737 -0.038019 -0.169463
v -0.056361 -0.032091 -0.139480
v -0.085443 -0.032091 -0.139479
v -0.090606 -0.037761 -0.167410
v -0.075854 -0.043021 -0.196299
v -0.100932 -0.042982 -0.196201
v -0.097771 -0.030864 -0.233559
v -0.078277 -0.042737 -0.200956
v -0.102934 -0.042620 -0.201231
v -0.118212 -0.030864 -0.233559
v -0.055202 -0.029383 -0.135571
v -0.049512 -0.010028 -0.123595
v -0.078805 -0.010167 -0.124220
v -0.084284 -0.029383 -0.135572
v -0.120847 -0.018458 -0.263422
v -0.135915 -0.018691 -0.262873
v -0.081386 -0.027534 -0.089750
v -0.081386 -0.013491 -0.092956
v 0.179035 -0.033378 -0.278771
v 0.037102 -0.007550 -0.116869
v -0.037710 -0.007651 -0.118532
v -0.046350 -0.007794 -0.121427
v -0.048774 -0.010514 -0.121695
v 0.147214 -0.032733 -0.273921
v -0.122638 -0.032733 -0.273921
v -0.122638 -0.045360 -0.262254
v -0.122427 -0.020301 -0.265178
v -0.122428 -0.017841 -0.268099
v -0.097455 -0.064153 -0.226528
v -0.100405 -0.050726 -0.133006
v -0.089658 -0.034183 -0.138752
v -0.141078 -0.171427 -0.200982
v -0.135915 -0.169550 -0.201396
v -0.093451 -0.068680 -0.078536
v -0.092503 -0.071270 -0.082151
v -0.100405 -0.052779 -0.132180
v -0.126326 -0.076805 -0.191910
v -0.082808 -0.079860 -0.092212
v -0.078804 -0.081253 -0.094264
v -0.049512 -0.080822 -0.093755
v -0.048774 -0.080016 -0.092035
v -0.122428 -0.172271 -0.202233
v -0.120847 -0.169785 -0.201983
v -0.079226 -0.076529 -0.191226
v -0.076381 -0.074603 -0.186436
v -0.111258 -0.064772 -0.161996
v -0.088604 -0.054198 -0.076980
v -0.088604 -0.041670 -0.084517
v -0.088604 -0.027691 -0.090141
v -0.088604 -0.013531 -0.093337
v -0.087972 -0.013451 -0.092575
v -0.087972 -0.027377 -0.089358
v -0.087972 -0.041356 -0.083735
v -0.087972 -0.053727 -0.076374
v -0.090606 -0.041592 -0.084322
v -0.090606 -0.054159 -0.076882
v -0.090606 -0.013491 -0.093240
v -0.090606 -0.027613 -0.089944
v -0.089341 -0.040766 -0.082269
v -0.089341 -0.052688 -0.075202
v -0.089342 -0.013390 -0.091009
v -0.089341 -0.026786 -0.087892
v -0.081491 -0.015503 -0.050806
v -0.076223 -0.029810 -0.042609
v -0.076223 -0.022872 -0.046820
v -0.076223 -0.015149 -0.049925
v -0.076223 -0.007228 -0.051693
v -0.081123 -0.014867 -0.049225
v -0.081123 -0.029352 -0.042036
v -0.081491 -0.023226 -0.047699
v -0.081491 -0.007308 -0.052739
v -0.085337 -0.025032 -0.030448
v -0.081123 -0.022590 -0.046119
v -0.085337 -0.014400 -0.036769
v -0.081123 -0.007194 -0.050949
v -0.085337 -0.002255 -0.039610
v -0.085126 -0.024267 -0.029393
v -0.085127 -0.013928 -0.035596
v -0.081649 -0.011687 -0.030023
v -0.081650 -0.020384 -0.024822
v -0.085127 -0.002174 -0.038280
v -0.081860 -0.018363 -0.022341
v -0.081649 -0.019737 -0.024059
v -0.081649 -0.011293 -0.029047
v -0.081860 -0.010467 -0.026993
v -0.081860 -0.001549 -0.029104
v -0.081650 -0.001682 -0.031833
v -0.085127 -0.009367 -0.024257
v -0.085127 -0.016422 -0.020055
v -0.085126 -0.001367 -0.026111
v -0.081491 -0.030477 -0.043419
v -0.091660 -0.067057 -0.068854
v -0.081386 -0.065527 -0.067028
v -0.081491 -0.036875 -0.038007
v -0.089341 -0.064213 -0.065456
v -0.088604 -0.065763 -0.067330
v -0.087972 -0.065292 -0.066725
v -0.090606 -0.065723 -0.067233
v -0.076223 -0.036296 -0.037275
v -0.081123 -0.035806 -0.036714
v 0.037102 0.000425 0.000085
v -0.185333 -0.282670 -0.103423
v -0.185333 -0.291887 -0.073252
v -0.185333 -0.270283 -0.132482
v -0.185333 -0.254897 -0.160024
v -0.190812 -0.287991 -0.072320
v -0.188389 -0.291652 -0.073234
v -0.188389 -0.282396 -0.103305
v -0.190813 -0.278813 -0.102022
v -0.188389 -0.270106 -0.132327
v -0.190813 -0.266698 -0.130631
v -0.188389 -0.254721 -0.159868
v -0.190812 -0.251528 -0.157858
v -0.180064 -0.264715 -0.096903
v -0.180065 -0.273446 -0.068631
v -0.179748 -0.252871 -0.123927
v -0.179749 -0.238481 -0.149705
v -0.177747 -0.260786 -0.098711
v -0.177009 -0.249835 -0.122309
v -0.093451 -0.100457 -0.027934
v -0.093451 -0.091575 -0.048770
v -0.091554 -0.085148 -0.044655
v -0.091660 -0.091070 -0.030574
v -0.150667 -0.207351 -0.130198
v -0.151510 -0.221900 -0.105380
v -0.177009 -0.235601 -0.147911
v -0.130752 -0.179553 -0.112760
v -0.100511 -0.116080 -0.072985
v -0.105357 -0.184576 -0.079506
v -0.126326 -0.176119 -0.107894
v -0.111258 -0.148751 -0.090964
v -0.094715 -0.156731 -0.069014
v -0.107359 -0.189272 -0.079888
v -0.122638 -0.223894 -0.073912
v -0.148875 -0.221776 -0.101682
v -0.128960 -0.180700 -0.109118
v -0.141078 -0.255422 -0.067022
v -0.174585 -0.260113 -0.094778
v -0.092503 -0.104801 -0.028572
v -0.082808 -0.117664 -0.032029
v -0.089025 -0.126298 -0.054906
v -0.098509 -0.118459 -0.068734
v -0.175955 -0.263393 -0.091074
v -0.142869 -0.258392 -0.064806
v -0.175955 -0.270529 -0.067874
v -0.064053 -0.159586 -0.067639
v -0.090711 -0.157647 -0.067055
v -0.085443 -0.131173 -0.056580
v -0.056361 -0.131173 -0.056580
v -0.075960 -0.185355 -0.077489
v -0.100932 -0.185080 -0.077372
v -0.097771 -0.224008 -0.071935
v -0.118212 -0.224008 -0.071935
v -0.102934 -0.190149 -0.077832
v -0.078277 -0.189856 -0.077949
v -0.055202 -0.127801 -0.053279
v -0.084284 -0.127762 -0.053182
v -0.078805 -0.120051 -0.032319
v -0.049512 -0.119503 -0.032084
v -0.120847 -0.255575 -0.065144
v -0.135915 -0.255008 -0.065144
v -0.081386 -0.088701 -0.030051
v -0.081386 -0.083033 -0.043347
v 0.190626 -0.290985 -0.057033
v 0.190626 -0.242571 -0.170605
v 0.179035 -0.275257 -0.053932
v 0.179140 -0.257971 -0.110065
v 0.179140 -0.229444 -0.161404
v 0.037103 -0.113274 -0.028458
v 0.037102 -0.098899 -0.062179
v -0.037710 -0.100290 -0.063096
v -0.037710 -0.114899 -0.028826
v -0.048774 -0.103483 -0.065106
v -0.048774 -0.117507 -0.032206
v -0.046350 -0.117679 -0.029524
v 0.147214 -0.270442 -0.052974
v 0.147213 -0.253447 -0.108135
v 0.147214 -0.225398 -0.158545
v -0.122638 -0.270442 -0.052974
v -0.122638 -0.253447 -0.108136
v -0.122638 -0.225398 -0.158545
v -0.122428 -0.260291 -0.065291
v -0.122427 -0.256968 -0.067195
v -0.122638 -0.244194 -0.104192
v -0.122638 -0.217237 -0.152798
v -0.097455 -0.211271 -0.103522
v -0.097455 -0.199261 -0.125049
v -0.100405 -0.121599 -0.073719
v -0.089658 -0.130120 -0.058479
v -0.056361 -0.120899 -0.075931
v -0.064053 -0.147346 -0.092550
v -0.055202 -0.117706 -0.073922
v -0.185333 -0.236770 -0.185829
v -0.185333 -0.216017 -0.209622
v -0.188389 -0.236594 -0.185672
v -0.190812 -0.233615 -0.183350
v -0.188389 -0.215840 -0.209467
v -0.190812 -0.213174 -0.206791
v -0.179749 -0.221524 -0.173903
v -0.180065 -0.202392 -0.196362
v -0.093451 -0.083636 -0.061504
v -0.091554 -0.077112 -0.057428
v -0.177009 -0.218761 -0.171834
v -0.151510 -0.191275 -0.154042
v -0.176903 -0.201990 -0.190847
v -0.105357 -0.151765 -0.131772
v -0.094715 -0.130222 -0.111251
v -0.111258 -0.146528 -0.094470
v -0.126326 -0.173680 -0.111714
v -0.107359 -0.154219 -0.135897
v -0.128960 -0.176740 -0.115367
v -0.148875 -0.188030 -0.155575
v -0.122638 -0.163911 -0.169592
v -0.174585 -0.198355 -0.193104
v -0.098509 -0.113348 -0.076923
v -0.089025 -0.104334 -0.090089
v -0.175955 -0.196564 -0.197685
v -0.063737 -0.130385 -0.114478
v -0.056361 -0.107921 -0.093645
v -0.085443 -0.107961 -0.093743
v -0.090606 -0.128856 -0.112936
v -0.075854 -0.150183 -0.133205
v -0.100932 -0.150144 -0.133107
v -0.097771 -0.162230 -0.170494
v -0.078277 -0.152696 -0.137192
v -0.102934 -0.152716 -0.137524
v -0.118213 -0.162231 -0.170494
v -0.055202 -0.103457 -0.092147
v -0.084284 -0.103457 -0.092147
v -0.081386 -0.075045 -0.056101
v -0.122638 -0.190865 -0.185212
v -0.097455 -0.185035 -0.145308
v -0.100405 -0.119160 -0.077539
v -0.089658 -0.109150 -0.091900
v -0.141078 -0.256762 -0.061600
v -0.135915 -0.255473 -0.062913
v -0.093451 -0.101719 -0.022883
v -0.092503 -0.105908 -0.024265
v -0.100405 -0.120350 -0.075697
v -0.126326 -0.174871 -0.109872
v -0.082808 -0.118848 -0.027351
v -0.078804 -0.121100 -0.028148
v -0.049512 -0.120493 -0.028052
v -0.048774 -0.118769 -0.027155
v -0.122428 -0.258191 -0.062047
v -0.120847 -0.256061 -0.063245
v -0.079226 -0.174244 -0.109443
v -0.076381 -0.169973 -0.106733
v -0.111258 -0.147620 -0.092668
v -0.088604 -0.089073 -0.030128
v -0.088604 -0.083346 -0.043562
v -0.088604 -0.075408 -0.056296
v -0.087972 -0.074683 -0.055906
v -0.087972 -0.082719 -0.043133
v -0.087972 -0.088329 -0.029974
v -0.090606 -0.083307 -0.043464
v -0.090606 -0.088936 -0.030070
v -0.090606 -0.075270 -0.056237
v -0.089341 -0.081368 -0.042315
v -0.089341 -0.086802 -0.029565
v -0.089341 -0.073331 -0.055086
v -0.081491 -0.042449 -0.031676
v -0.076223 -0.049180 -0.016646
v -0.076223 -0.045995 -0.024117
v -0.076223 -0.041547 -0.031130
v -0.081123 -0.040940 -0.030750
v -0.081122 -0.048452 -0.016484
v -0.081491 -0.046828 -0.024633
v -0.085337 -0.038082 -0.009525
v -0.081123 -0.045375 -0.023703
v -0.085337 -0.033271 -0.021002
v -0.085127 -0.036927 -0.009195
v -0.085127 -0.032193 -0.020298
v -0.081650 -0.027061 -0.017139
v -0.081650 -0.031034 -0.007817
v -0.081860 -0.027980 -0.007001
v -0.081649 -0.030016 -0.007545
v -0.081650 -0.026160 -0.016592
v -0.081860 -0.024318 -0.015402
v -0.085127 -0.021752 -0.013823
v -0.085126 -0.024966 -0.006283
v -0.081491 -0.050129 -0.016888
v -0.091660 -0.094759 -0.016029
v -0.081386 -0.092351 -0.015408
v -0.081491 -0.052207 -0.008784
v -0.089342 -0.090452 -0.014922
v -0.088604 -0.092723 -0.015485
v -0.087972 -0.091979 -0.015330
v -0.090606 -0.092586 -0.015427
v -0.076223 -0.051258 -0.008541
v -0.081123 -0.050530 -0.008379
v -0.185333 -0.296458 0.052042
v -0.190813 -0.275544 0.111092
v -0.188389 -0.278966 0.112470
v -0.188389 -0.289217 0.082747
v -0.190813 -0.285580 0.081626
v -0.188389 -0.296263 0.051964
v -0.190813 -0.292526 0.051370
v -0.188389 -0.300002 0.020644
v -0.190812 -0.296245 0.020383
v -0.180065 -0.271109 0.077508
v -0.180065 -0.261565 0.105470
v -0.179749 -0.277368 0.048679
v -0.179749 -0.280887 0.019316
v -0.177747 -0.269003 0.073708
v -0.177009 -0.274022 0.048242
v -0.093451 -0.097690 0.036826
v -0.093451 -0.102702 0.014765
v -0.091554 -0.095092 0.014202
v -0.091660 -0.091620 0.029046
v -0.150667 -0.244283 0.016859
v -0.151510 -0.241410 0.045458
v -0.177009 -0.277464 0.019074
v -0.130752 -0.211572 0.014603
v -0.100511 -0.136837 0.009528
v -0.105357 -0.196037 0.044471
v -0.126326 -0.205913 0.016530
v -0.111258 -0.173711 0.014139
v -0.094715 -0.167309 0.036550
v -0.107359 -0.200161 0.046925
v -0.122638 -0.224571 0.072076
v -0.148875 -0.239135 0.048291
v -0.128960 -0.210254 0.018162
v -0.141078 -0.245969 0.096243
v -0.174585 -0.266063 0.076500
v -0.092503 -0.101541 0.038830
v -0.082808 -0.113937 0.043589
v -0.089025 -0.134449 0.030146
v -0.098509 -0.136182 0.014262
v -0.175955 -0.266562 0.081471
v -0.142869 -0.247194 0.099689
v -0.175955 -0.258828 0.104369
v -0.064053 -0.168908 0.039351
v -0.090711 -0.166913 0.038662
v -0.085443 -0.139396 0.031683
v -0.056361 -0.139299 0.031644
v -0.075959 -0.195407 0.046602
v -0.100932 -0.195211 0.046524
v -0.097771 -0.223569 0.073718
v -0.118212 -0.223569 0.073718
v -0.102934 -0.199628 0.049096
v -0.078277 -0.199374 0.048880
v -0.055202 -0.134719 0.032300
v -0.084284 -0.134680 0.032398
v -0.078804 -0.116106 0.044688
v -0.049511 -0.115480 0.044551
v -0.120847 -0.245105 0.097827
v -0.135915 -0.244597 0.097395
v -0.081386 -0.089371 0.028142
v -0.081386 -0.092598 0.014051
v 0.190626 -0.296491 0.004808
v 0.179035 -0.254349 0.118467
v 0.179140 -0.273417 0.062877
v 0.179141 -0.280466 0.004552
v 0.037102 -0.108379 0.043851
v 0.037102 -0.116627 0.008100
v -0.037710 -0.118251 0.008298
v -0.037710 -0.109943 0.044481
v -0.048774 -0.121910 0.008520
v -0.048774 -0.113918 0.043354
v -0.046350 -0.112583 0.045543
v 0.147214 -0.249902 0.116396
v 0.147214 -0.268625 0.061801
v 0.147213 -0.275545 0.004503
v -0.122638 -0.249902 0.116395
v -0.122638 -0.268625 0.061800
v -0.122638 -0.275545 0.004504
v -0.122427 -0.248955 0.100398
v -0.122428 -0.247396 0.096930
v -0.122638 -0.258797 0.059550
v -0.122638 -0.265508 0.004328
v -0.097455 -0.231753 0.040666
v -0.097455 -0.234677 0.016174
v -0.100405 -0.141724 0.012062
v -0.089658 -0.139636 0.029393
v -0.056361 -0.142393 0.009832
v -0.064053 -0.173637 0.012065
v -0.055202 -0.138598 0.009669
v -0.185333 -0.300748 -0.010856
v -0.188389 -0.300512 -0.010837
v -0.190812 -0.296736 -0.010767
v -0.188389 -0.297717 -0.042286
v -0.190812 -0.293978 -0.041746
v -0.179749 -0.281375 -0.010131
v -0.180065 -0.279123 -0.039544
v -0.093451 -0.103788 -0.000358
v -0.091554 -0.096041 -0.000862
v -0.177009 -0.277971 -0.010138
v -0.151509 -0.245297 -0.011923
v -0.176903 -0.275632 -0.035383
v -0.105357 -0.200206 -0.016999
v -0.094715 -0.170731 -0.013182
v -0.111258 -0.174032 0.009952
v -0.126326 -0.206157 0.011971
v -0.107359 -0.204632 -0.018966
v -0.128960 -0.210796 0.010884
v -0.148875 -0.243484 -0.015037
v -0.122638 -0.232282 -0.040554
v -0.174585 -0.274035 -0.039319
v -0.098509 -0.136866 0.004656
v -0.089025 -0.137268 -0.011310
v -0.175955 -0.275159 -0.044092
v -0.063737 -0.172791 -0.015761
v -0.056361 -0.142357 -0.012102
v -0.085443 -0.142357 -0.012102
v -0.090606 -0.170657 -0.015256
v -0.075854 -0.199741 -0.019231
v -0.100932 -0.199741 -0.019231
v -0.097771 -0.231425 -0.042375
v -0.078277 -0.204186 -0.020964
v -0.102934 -0.204362 -0.021119
v -0.118213 -0.231425 -0.042375
v -0.055202 -0.137860 -0.013343
v -0.084284 -0.137801 -0.013481
v -0.081386 -0.093664 -0.001024
v -0.122638 -0.263270 -0.037403
v -0.097455 -0.235077 -0.008537
v -0.100405 -0.142026 0.007640
v -0.089658 -0.142255 -0.009872
v -0.141078 -0.243885 0.101425
v -0.135915 -0.243732 0.099546
v -0.093451 -0.095763 0.041616
v -0.092502 -0.099929 0.042838
v -0.100405 -0.141826 0.009831
v -0.126326 -0.206054 0.014201
v -0.082808 -0.112167 0.047987
v -0.078805 -0.114494 0.048697
v -0.049512 -0.113947 0.048363
v -0.048774 -0.111991 0.048144
v -0.122427 -0.245430 0.101819
v -0.120847 -0.244397 0.099586
v -0.079226 -0.205390 0.014161
v -0.076381 -0.200166 0.013877
v -0.111258 -0.173872 0.012045
v -0.088603 -0.089762 0.028299
v -0.088604 -0.092999 0.014041
v -0.088604 -0.094045 -0.000984
v -0.087972 -0.093282 -0.001064
v -0.087972 -0.092196 0.014059
v -0.087972 -0.088981 0.027985
v -0.090606 -0.092862 0.014100
v -0.090606 -0.089664 0.028261
v -0.090606 -0.093948 -0.001024
v -0.089341 -0.090671 0.013900
v -0.089341 -0.087514 0.027395
v -0.089342 -0.091717 -0.001125
v -0.081491 -0.052915 -0.000379
v -0.076223 -0.049548 0.015757
v -0.076223 -0.051363 0.007856
v -0.076223 -0.051917 -0.000439
v -0.081123 -0.051187 -0.000506
v -0.081122 -0.048847 0.015476
v -0.081491 -0.052361 0.007917
v -0.085337 -0.036430 0.014911
v -0.081123 -0.050584 0.007769
v -0.085337 -0.039232 0.002862
v -0.085127 -0.035256 0.014438
v -0.085127 -0.037941 0.002684
v -0.081649 -0.029685 0.012197
v -0.081860 -0.026752 0.011017
v -0.081650 -0.028707 0.011804
v -0.081650 -0.031455 0.002291
v -0.081860 -0.028726 0.002158
v -0.085127 -0.025772 0.001878
v -0.085127 -0.023917 0.009877
v -0.081491 -0.050476 0.016131
v -0.091660 -0.085997 0.043026
v -0.081386 -0.083748 0.042121
v -0.081491 -0.047370 0.023854
v -0.089341 -0.081891 0.041374
v -0.088604 -0.084139 0.042279
v -0.087972 -0.083357 0.041964
v -0.090606 -0.084041 0.042239
v -0.076223 -0.046441 0.023480
v -0.081123 -0.045741 0.023199
v -0.185333 -0.185450 0.237378
v -0.185333 -0.159646 0.255506
v -0.185333 -0.209244 0.216624
v -0.185333 -0.230812 0.193500
v -0.190812 -0.157480 0.252136
v -0.188389 -0.159489 0.255329
v -0.188389 -0.185294 0.237202
v -0.190813 -0.182971 0.234223
v -0.188389 -0.209088 0.216448
v -0.190812 -0.206412 0.213782
v -0.188389 -0.230519 0.193381
v -0.190812 -0.227627 0.190969
v -0.180065 -0.173778 0.222348
v -0.180065 -0.149541 0.239402
v -0.179749 -0.195770 0.202687
v -0.179749 -0.215848 0.181006
v -0.177747 -0.174276 0.218005
v -0.177009 -0.193309 0.200334
v -0.093451 -0.057324 0.087484
v -0.093451 -0.074454 0.072569
v -0.091554 -0.068476 0.067665
v -0.091660 -0.057088 0.077623
v -0.150667 -0.187698 0.157531
v -0.151510 -0.168540 0.178900
v -0.177009 -0.213211 0.178810
v -0.130752 -0.162537 0.136506
v -0.100511 -0.105104 0.088418
v -0.105357 -0.132453 0.151437
v -0.126326 -0.156807 0.134657
v -0.111258 -0.132233 0.113868
v -0.094715 -0.113831 0.128273
v -0.107359 -0.134284 0.155921
v -0.122638 -0.139285 0.190642
v -0.148875 -0.165035 0.179988
v -0.128960 -0.159402 0.138653
v -0.141078 -0.142373 0.222776
v -0.174586 -0.170263 0.218662
v -0.092502 -0.059390 0.091382
v -0.082808 -0.066589 0.102568
v -0.089025 -0.091025 0.103654
v -0.098509 -0.101790 0.091856
v -0.175955 -0.167770 0.222884
v -0.142869 -0.141329 0.226219
v -0.175955 -0.147961 0.236835
v -0.064053 -0.113473 0.131423
v -0.090711 -0.112244 0.129679
v -0.085443 -0.094109 0.107846
v -0.056360 -0.094148 0.107749
v -0.075959 -0.130768 0.152803
v -0.100932 -0.130612 0.152627
v -0.097771 -0.137405 0.191362
v -0.118212 -0.137405 0.191362
v -0.102934 -0.132599 0.157287
v -0.078277 -0.132580 0.157053
v -0.055202 -0.090004 0.105627
v -0.084284 -0.089906 0.105588
v -0.078804 -0.067661 0.104704
v -0.049512 -0.067290 0.104215
v -0.120847 -0.140728 0.223477
v -0.135915 -0.140533 0.222831
v -0.081386 -0.055742 0.075605
v -0.081386 -0.066669 0.066087
v 0.190626 -0.143886 0.259672
v 0.190626 -0.194692 0.224003
v 0.179035 -0.136126 0.245647
v 0.179141 -0.184178 0.211881
v 0.179140 -0.224178 0.168911
v 0.037102 -0.061801 0.099507
v 0.037103 -0.089574 0.075357
v -0.037710 -0.090843 0.076435
v -0.037710 -0.062718 0.100898
v -0.048774 -0.093636 0.078808
v -0.048774 -0.066706 0.102275
v -0.046351 -0.064239 0.103328
v 0.147213 -0.133718 0.241329
v 0.147214 -0.180967 0.208147
v 0.147214 -0.220270 0.165920
v -0.122638 -0.133718 0.241329
v -0.122638 -0.180967 0.208146
v -0.122638 -0.220270 0.165919
v -0.122427 -0.142363 0.227883
v -0.122428 -0.143094 0.224088
v -0.122638 -0.174349 0.200601
v -0.122638 -0.212191 0.159887
v -0.097455 -0.163511 0.169381
v -0.097455 -0.180294 0.151372
v -0.100405 -0.107540 0.093374
v -0.089658 -0.095579 0.106166
v -0.056361 -0.109362 0.091948
v -0.064053 -0.133410 0.112071
v -0.055202 -0.106471 0.089536
v -0.188389 -0.249508 0.168197
v -0.190812 -0.246401 0.166038
v -0.188389 -0.265742 0.141109
v -0.190812 -0.262380 0.139303
v -0.179749 -0.233602 0.157483
v -0.180065 -0.249049 0.132350
v -0.093451 -0.084103 0.061004
v -0.091554 -0.078223 0.056140
v -0.177009 -0.230886 0.155482
v -0.151509 -0.205430 0.134907
v -0.176903 -0.243763 0.133630
v -0.105357 -0.172011 0.104201
v -0.094715 -0.145799 0.090023
v -0.111258 -0.134900 0.110626
v -0.126326 -0.159788 0.131199
v -0.107359 -0.176685 0.105286
v -0.128960 -0.164050 0.133027
v -0.148875 -0.205789 0.131190
v -0.122638 -0.211751 0.103945
v -0.174585 -0.244750 0.129485
v -0.098509 -0.107909 0.084549
v -0.089025 -0.117658 0.071888
v -0.175955 -0.248513 0.126342
v -0.063737 -0.148990 0.089150
v -0.056361 -0.122193 0.074167
v -0.085443 -0.122291 0.074206
v -0.090606 -0.146977 0.088225
v -0.075854 -0.172836 0.102148
v -0.100932 -0.172836 0.102148
v -0.097771 -0.212166 0.102068
v -0.078277 -0.177471 0.103331
v -0.102934 -0.177804 0.103351
v -0.118212 -0.212166 0.102068
v -0.055202 -0.119383 0.070425
v -0.084284 -0.119383 0.070425
v -0.081386 -0.076318 0.054522
v -0.122638 -0.234917 0.124848
v -0.097455 -0.195144 0.131678
v -0.100405 -0.110384 0.089974
v -0.089658 -0.120918 0.075926
v -0.141078 -0.137652 0.225761
v -0.135915 -0.138652 0.224118
v -0.093451 -0.052916 0.090255
v -0.092503 -0.055609 0.093723
v -0.100405 -0.108913 0.091654
v -0.126326 -0.158317 0.132879
v -0.082808 -0.062494 0.105124
v -0.078804 -0.064017 0.106986
v -0.049512 -0.063783 0.106438
v -0.048774 -0.062299 0.105046
v -0.122428 -0.138647 0.226956
v -0.120847 -0.139063 0.224512
v -0.079226 -0.157809 0.132447
v -0.076381 -0.153805 0.129133
v -0.111258 -0.133566 0.112247
v -0.088604 -0.055957 0.075919
v -0.088604 -0.066952 0.066371
v -0.088604 -0.076602 0.054807
v -0.087972 -0.076035 0.054237
v -0.087972 -0.066386 0.065802
v -0.087972 -0.055527 0.075290
v -0.090606 -0.066894 0.066234
v -0.090606 -0.055899 0.075781
v -0.090606 -0.076543 0.054670
v -0.089341 -0.065175 0.064861
v -0.089341 -0.054708 0.073939
v -0.089341 -0.074824 0.053296
v -0.081491 -0.043041 0.031086
v -0.076223 -0.030850 0.042195
v -0.076223 -0.036935 0.036806
v -0.076223 -0.042279 0.030438
v -0.081122 -0.041671 0.029928
v -0.081123 -0.030450 0.041542
v -0.081491 -0.037697 0.037454
v -0.085337 -0.020662 0.033781
v -0.081122 -0.036376 0.036317
v -0.085337 -0.030070 0.025640
v -0.085127 -0.020057 0.032743
v -0.085127 -0.029054 0.024777
v -0.081650 -0.016760 0.027669
v -0.081860 -0.015122 0.024966
v -0.081649 -0.016214 0.026768
v -0.081649 -0.024062 0.020669
v -0.081860 -0.022001 0.018874
v -0.085127 -0.019715 0.016933
v -0.085127 -0.013444 0.022359
v -0.081491 -0.031366 0.043028
v -0.091660 -0.044315 0.085659
v -0.081386 -0.042989 0.083592
v -0.081491 -0.024275 0.047386
v -0.089341 -0.041935 0.081976
v -0.088604 -0.043184 0.083955
v -0.087972 -0.042794 0.083230
v -0.090606 -0.043125 0.083817
v -0.076223 -0.023738 0.046603
v -0.081123 -0.023338 0.045951
v -0.185333 -0.010479 0.301355
v -0.185333 -0.041927 0.298559
v -0.190812 0.020761 0.296854
v -0.188389 0.021022 0.300610
v -0.188389 -0.010459 0.301121
v -0.190812 -0.010388 0.297344
v -0.188389 -0.041908 0.298325
v -0.190812 -0.041368 0.294587
v -0.188389 -0.072855 0.292260
v -0.190813 -0.071942 0.288599
v -0.180065 -0.009830 0.282356
v -0.180065 0.019715 0.281828
v -0.179749 -0.039225 0.279301
v -0.179748 -0.068175 0.273681
v -0.177747 -0.012830 0.279132
v -0.177009 -0.038625 0.275993
v -0.093451 0.005049 0.104759
v -0.093451 -0.017574 0.102729
v -0.091554 -0.015651 0.095367
v -0.091660 -0.000484 0.096649
v -0.150667 -0.059224 0.238054
v -0.151509 -0.031114 0.244124
v -0.177009 -0.067380 0.270296
v -0.130752 -0.051243 0.206223
v -0.100511 -0.032991 0.133576
v -0.105357 -0.018030 0.200700
v -0.126326 -0.047731 0.201402
v -0.111258 -0.040082 0.170159
v -0.094715 -0.016699 0.170975
v -0.107360 -0.016984 0.205276
v -0.122638 -0.000605 0.236394
v -0.148875 -0.027751 0.242885
v -0.128960 -0.047409 0.206157
v -0.141078 0.015709 0.264246
v -0.174585 -0.009175 0.277208
v -0.092503 0.005684 0.109160
v -0.082808 0.006453 0.122366
v -0.089025 -0.012712 0.137684
v -0.098508 -0.028293 0.134525
v -0.175955 -0.004710 0.279272
v -0.142869 0.018608 0.266373
v -0.175955 0.019533 0.278835
v -0.064053 -0.014483 0.173378
v -0.090711 -0.014545 0.171245
v -0.085443 -0.012761 0.142929
v -0.056361 -0.012800 0.142830
v -0.075959 -0.015858 0.200734
v -0.100932 -0.015937 0.200539
v -0.097771 0.001233 0.235883
v -0.118212 0.001233 0.235882
v -0.102934 -0.014733 0.205506
v -0.078277 -0.014949 0.205252
v -0.055202 -0.010617 0.138658
v -0.084284 -0.010656 0.138561
v -0.078804 0.006869 0.124811
v -0.049511 0.006828 0.124146
v -0.120847 0.017586 0.263831
v -0.135915 0.017350 0.263245
v -0.081386 -0.000665 0.094223
v -0.081386 -0.015078 0.092979
v 0.190626 -0.086841 0.284030
v 0.179035 0.034266 0.279042
v 0.179141 -0.024461 0.280007
v 0.179141 -0.082048 0.268700
v 0.037103 0.008439 0.117138
v 0.037102 -0.028079 0.113882
v -0.037710 -0.028448 0.115507
v -0.037710 0.008540 0.118801
v -0.048774 -0.029399 0.119069
v -0.048774 0.006179 0.122249
v -0.046350 0.008780 0.121658
v 0.147214 0.033699 0.274102
v 0.147213 -0.024011 0.275055
v 0.147214 -0.080649 0.263992
v -0.122638 0.033700 0.274101
v -0.122638 -0.024011 0.275055
v -0.122638 -0.080648 0.263991
v -0.122427 0.018828 0.268329
v -0.122427 0.015966 0.265732
v -0.122638 -0.023130 0.265102
v -0.122638 -0.077713 0.254350
v -0.097455 -0.032661 0.233501
v -0.097455 -0.056953 0.228735
v -0.100405 -0.032061 0.138993
v -0.089658 -0.014894 0.142423
v -0.056361 -0.034429 0.139037
v -0.064053 -0.042001 0.169341
v -0.055202 -0.033516 0.135377
v -0.185333 -0.103083 0.283181
v -0.185333 -0.132105 0.270890
v -0.188389 -0.103025 0.283045
v -0.190813 -0.101741 0.279461
v -0.188389 -0.131988 0.270616
v -0.190813 -0.130292 0.267208
v -0.179749 -0.096446 0.264951
v -0.180065 -0.123666 0.253753
v -0.093451 -0.032119 0.099039
v -0.091554 -0.030333 0.091619
v -0.177009 -0.095337 0.261780
v -0.151509 -0.086946 0.230124
v -0.176903 -0.118582 0.251708
v -0.105357 -0.077894 0.185709
v -0.094715 -0.065071 0.158859
v -0.111258 -0.044115 0.169170
v -0.126326 -0.052136 0.200335
v -0.107359 -0.081018 0.189238
v -0.128960 -0.054593 0.204390
v -0.148875 -0.089377 0.227468
v -0.122638 -0.110134 0.208900
v -0.174585 -0.121855 0.248936
v -0.098508 -0.037651 0.132156
v -0.089025 -0.052883 0.127606
v -0.175955 -0.126747 0.248632
v -0.063737 -0.068141 0.159980
v -0.056361 -0.055242 0.132190
v -0.085443 -0.055241 0.132190
v -0.090606 -0.067088 0.158080
v -0.075854 -0.079833 0.184560
v -0.100932 -0.079736 0.184520
v -0.097771 -0.111585 0.207552
v -0.078277 -0.082820 0.188145
v -0.102934 -0.083074 0.188361
v -0.118213 -0.111585 0.207553
v -0.055202 -0.055094 0.127474
v -0.084284 -0.055133 0.127377
v -0.081386 -0.029692 0.089261
v -0.122638 -0.116630 0.239338
v -0.097455 -0.080525 0.221522
v -0.100405 -0.036466 0.137926
v -0.089658 -0.053166 0.132832
v -0.141078 0.021323 0.263804
v -0.135915 0.019541 0.263044
v -0.093451 0.010233 0.104377
v -0.092503 0.010105 0.108858
v -0.100405 -0.034195 0.138489
v -0.126326 -0.049865 0.200898
v -0.082808 0.011207 0.122044
v -0.078804 0.011153 0.124450
v -0.049512 0.011015 0.123824
v -0.048774 0.011403 0.121965
v -0.122427 0.021248 0.265312
v -0.120847 0.019445 0.263651
v -0.079226 -0.049710 0.200154
v -0.076381 -0.048545 0.195142
v -0.111258 -0.042118 0.169615
v -0.088604 -0.000605 0.094654
v -0.088604 -0.015205 0.093371
v -0.088604 -0.029750 0.089681
v -0.087972 -0.029634 0.088839
v -0.087972 -0.014952 0.092588
v -0.087972 -0.000725 0.093792
v -0.090606 -0.015147 0.093234
v -0.090606 -0.000684 0.094458
v -0.090606 -0.029789 0.089583
v -0.089341 -0.014544 0.091061
v -0.089342 -0.000786 0.092227
v -0.089341 -0.029227 0.087313
v -0.081491 -0.016510 0.050738
v -0.076223 -0.000159 0.052565
v -0.076223 -0.008202 0.051768
v -0.076223 -0.016267 0.049788
v -0.081122 -0.016106 0.049061
v -0.081123 -0.000206 0.051789
v -0.081491 -0.008494 0.052737
v -0.085337 0.003202 0.039742
v -0.081123 -0.008040 0.051040
v -0.085337 -0.009245 0.038729
v -0.085127 0.003063 0.038549
v -0.085127 -0.008954 0.037477
v -0.081650 -0.007439 0.031642
v -0.081649 0.002668 0.032063
v -0.081860 0.002438 0.029373
v -0.081650 -0.007167 0.030624
v -0.081860 -0.006662 0.028490
v -0.085127 -0.005905 0.025573
v -0.085127 0.002256 0.026379
v -0.081491 -0.000069 0.053494
v -0.091660 0.014541 0.095602
v -0.081386 0.014380 0.093225
v -0.081491 0.008295 0.052969
v -0.089341 0.014239 0.091182
v -0.088604 0.014419 0.093608
v -0.087972 0.014340 0.092844
v -0.090606 0.014380 0.093510
v -0.076223 0.008215 0.051922
v -0.081123 0.008148 0.051192
v -0.185333 0.141566 0.266546
v -0.190812 0.191347 0.228236
v -0.188389 0.193760 0.231127
v -0.188389 0.168536 0.250019
v -0.190812 0.166378 0.246912
v -0.188389 0.141448 0.266253
v -0.190813 0.139680 0.262988
v -0.188389 0.112848 0.279574
v -0.190813 0.111432 0.276055
v -0.180064 0.157979 0.234503
v -0.180065 0.181600 0.216711
v -0.179749 0.132473 0.249306
v -0.179749 0.105691 0.261782
v -0.177746 0.153653 0.233631
v -0.177009 0.131019 0.246256
v -0.093451 0.065662 0.082081
v -0.093451 0.046275 0.093742
v -0.091554 0.043404 0.086605
v -0.091660 0.056381 0.078773
v -0.150667 0.091967 0.227665
v -0.151509 0.118340 0.216148
v -0.177009 0.104393 0.258556
v -0.130752 0.079738 0.197262
v -0.100511 0.051780 0.127757
v -0.105357 0.103348 0.173228
v -0.126326 0.079844 0.191314
v -0.111258 0.067615 0.161479
v -0.094715 0.087020 0.148449
v -0.107360 0.107013 0.176410
v -0.122638 0.138427 0.191827
v -0.148875 0.120428 0.213151
v -0.128960 0.082806 0.195006
v -0.141078 0.168057 0.204781
v -0.174585 0.155505 0.230046
v -0.092502 0.068760 0.085264
v -0.082808 0.077193 0.095501
v -0.089025 0.070684 0.119131
v -0.098508 0.056198 0.125753
v -0.175955 0.160414 0.228980
v -0.142869 0.171696 0.204794
v -0.175955 0.179757 0.214385
v -0.064053 0.090133 0.149127
v -0.090711 0.088857 0.147369
v -0.085443 0.073647 0.123391
v -0.056361 0.073608 0.123292
v -0.075960 0.105146 0.172051
v -0.100932 0.105067 0.171855
v -0.097771 0.139677 0.190415
v -0.118213 0.139677 0.190415
v -0.102934 0.108811 0.175232
v -0.078277 0.108537 0.175116
v -0.055202 0.072895 0.118695
v -0.084284 0.072855 0.118598
v -0.078804 0.078899 0.097200
v -0.049512 0.078565 0.096653
v -0.120847 0.169307 0.203370
v -0.135915 0.168719 0.203038
v -0.081386 0.054851 0.076946
v -0.081386 0.042500 0.084356
v 0.190626 0.202705 0.217648
v 0.190626 0.153029 0.254949
v 0.179035 0.191745 0.205930
v 0.179140 0.144765 0.241181
v 0.179140 0.091523 0.265948
v 0.037102 0.075696 0.090083
v 0.037102 0.044230 0.108988
v -0.037710 0.044820 0.110455
v -0.037710 0.076774 0.091354
v -0.048774 0.046235 0.113973
v -0.048774 0.076900 0.095619
v -0.046350 0.078677 0.093542
v 0.147214 0.188401 0.202277
v 0.147214 0.142252 0.236911
v 0.147213 0.089919 0.261255
v -0.122638 0.188401 0.202277
v -0.122638 0.142252 0.236911
v -0.122638 0.089919 0.261255
v -0.122427 0.172991 0.206318
v -0.122427 0.169155 0.205816
v -0.122638 0.137090 0.228310
v -0.122638 0.086653 0.251723
v -0.097455 0.110793 0.208394
v -0.097455 0.088389 0.218768
v -0.100405 0.055720 0.131624
v -0.089658 0.071633 0.124314
v -0.056361 0.053903 0.133036
v -0.064053 0.065582 0.162070
v -0.055202 0.052488 0.129517
v -0.185333 0.083107 0.290060
v -0.188389 0.082989 0.289767
v -0.190813 0.082004 0.286189
v -0.188389 0.052303 0.296772
v -0.190813 0.051610 0.293076
v -0.179749 0.077729 0.271326
v -0.180065 0.049077 0.278308
v -0.093451 0.032295 0.099364
v -0.091554 0.029425 0.092228
v -0.177009 0.076666 0.268119
v -0.151509 0.065063 0.237578
v -0.176903 0.051964 0.273626
v -0.105357 0.046160 0.196231
v -0.094715 0.040781 0.167049
v -0.111259 0.063706 0.163051
v -0.126326 0.075543 0.193044
v -0.107359 0.045719 0.201066
v -0.128960 0.076060 0.197720
v -0.148875 0.061481 0.236861
v -0.122638 0.033632 0.233981
v -0.174585 0.047776 0.273380
v -0.098509 0.047302 0.129332
v -0.089025 0.032168 0.134623
v -0.175955 0.043594 0.275970
v -0.063737 0.038908 0.169732
v -0.056361 0.032941 0.139651
v -0.085443 0.032980 0.139748
v -0.090606 0.038610 0.167581
v -0.075854 0.044008 0.196530
v -0.100932 0.043968 0.196432
v -0.097771 0.031753 0.233828
v -0.078277 0.043626 0.201226
v -0.102934 0.043509 0.201500
v -0.118212 0.031753 0.233828
v -0.055202 0.030370 0.135801
v -0.084284 0.030232 0.135743
v -0.081386 0.028520 0.089980
v -0.122638 0.046346 0.262485
v -0.097455 0.065042 0.226797
v -0.100405 0.051614 0.133275
v -0.089658 0.035072 0.139020
v -0.141078 0.172316 0.201251
v -0.135915 0.170536 0.201626
v -0.093451 0.069667 0.078766
v -0.092503 0.072158 0.082422
v -0.100405 0.053667 0.132449
v -0.126326 0.077693 0.192179
v -0.082808 0.080847 0.092442
v -0.078804 0.082240 0.094493
v -0.049512 0.081710 0.094025
v -0.048774 0.080865 0.092207
v -0.122428 0.173160 0.202501
v -0.120847 0.170772 0.202212
v -0.079226 0.077418 0.191494
v -0.076381 0.075491 0.186704
v -0.111258 0.065661 0.162266
v -0.088604 0.055087 0.077248
v -0.088604 0.042657 0.084748
v -0.088604 0.028678 0.090371
v -0.087972 0.028363 0.089588
v -0.087972 0.042342 0.083966
v -0.087972 0.054616 0.076643
v -0.090606 0.042578 0.084552
v -0.090606 0.055048 0.077151
v -0.090606 0.028599 0.090175
v -0.089342 0.041753 0.082499
v -0.089341 0.053537 0.075374
v -0.089341 0.027773 0.088121
v -0.081491 0.016489 0.051036
v -0.076223 0.030797 0.042838
v -0.076223 0.023839 0.047000
v -0.076223 0.016116 0.050107
v -0.081123 0.015841 0.049423
v -0.081123 0.030306 0.042279
v -0.081491 0.024213 0.047929
v -0.085337 0.025979 0.030580
v -0.081122 0.023564 0.046316
v -0.085337 0.015288 0.037038
v -0.085127 0.025155 0.029662
v -0.085127 0.014817 0.035864
v -0.081650 0.012575 0.030293
v -0.081650 0.021047 0.024671
v -0.081860 0.019252 0.022610
v -0.081650 0.012182 0.029315
v -0.081860 0.011356 0.027262
v -0.085127 0.010255 0.024525
v -0.085127 0.017311 0.020325
v -0.081491 0.031464 0.043650
v -0.091660 0.068044 0.069085
v -0.081386 0.066445 0.067228
v -0.081491 0.037812 0.038256
v -0.089341 0.065200 0.065685
v -0.088604 0.066749 0.067561
v -0.087972 0.066141 0.066896
v -0.090606 0.066573 0.067405
v -0.076223 0.037185 0.037543
v -0.081123 0.036681 0.036951
v -0.185333 0.292873 0.073482
v -0.185333 0.271230 0.132616
v -0.190813 0.288978 0.072550
v -0.188389 0.292639 0.073463
v -0.188389 0.283383 0.103536
v -0.190812 0.279800 0.102251
v -0.188389 0.270995 0.132597
v -0.190813 0.267587 0.130901
v -0.188389 0.255610 0.160137
v -0.190812 0.252416 0.158129
v -0.180064 0.265702 0.097132
v -0.180064 0.274335 0.068900
v -0.179749 0.253721 0.124099
v -0.179749 0.239369 0.149974
v -0.177747 0.261675 0.098979
v -0.177009 0.250822 0.122538
v -0.093451 0.101443 0.028165
v -0.093451 0.092522 0.048902
v -0.091554 0.085998 0.044826
v -0.091660 0.091958 0.030844
v -0.150667 0.208338 0.130429
v -0.151509 0.222750 0.105550
v -0.177009 0.236450 0.148082
v -0.130752 0.180539 0.112989
v -0.100511 0.117066 0.073217
v -0.105357 0.185465 0.079774
v -0.126326 0.177008 0.108163
v -0.111258 0.149640 0.091232
v -0.094715 0.157620 0.069283
v -0.107359 0.190259 0.080119
v -0.122638 0.224783 0.074181
v -0.148875 0.222664 0.101951
v -0.128960 0.181589 0.109387
v -0.141078 0.256409 0.067252
v -0.174585 0.261060 0.094910
v -0.092503 0.105788 0.028802
v -0.082808 0.118650 0.032259
v -0.089025 0.127284 0.055136
v -0.098509 0.119347 0.069005
v -0.175955 0.264380 0.091304
v -0.142869 0.259281 0.065075
v -0.175955 0.271516 0.068103
v -0.064053 0.160572 0.067868
v -0.090711 0.158536 0.067325
v -0.085443 0.132159 0.056809
v -0.056361 0.132062 0.056849
v -0.075959 0.186204 0.077661
v -0.100932 0.186067 0.077602
v -0.097771 0.224994 0.072166
v -0.118213 0.224994 0.072165
v -0.102934 0.191135 0.078063
v -0.078278 0.190705 0.078121
v -0.055202 0.128788 0.053510
v -0.084284 0.128748 0.053411
v -0.078804 0.120940 0.032588
v -0.049512 0.120392 0.032355
v -0.120847 0.256561 0.065373
v -0.135915 0.255896 0.065414
v -0.081386 0.089619 0.030252
v -0.081386 0.083951 0.043548
v 0.190626 0.291971 0.057263
v 0.190626 0.273694 0.116576
v 0.179035 0.276194 0.054183
v 0.179140 0.258957 0.110295
v 0.179140 0.230381 0.161653
v 0.037102 0.114261 0.028688
v 0.037102 0.099885 0.062408
v -0.037710 0.101276 0.063326
v -0.037710 0.115885 0.029056
v -0.048774 0.104430 0.065237
v -0.048774 0.118357 0.032377
v -0.046350 0.118665 0.029756
v 0.147214 0.271360 0.053175
v 0.147214 0.254434 0.108366
v 0.147213 0.226336 0.158794
v -0.122638 0.271360 0.053174
v -0.122638 0.254433 0.108366
v -0.122638 0.226336 0.158794
v -0.122427 0.261180 0.065560
v -0.122427 0.257857 0.067464
v -0.122638 0.245181 0.104422
v -0.122638 0.218107 0.153018
v -0.097455 0.212161 0.103790
v -0.097455 0.200149 0.125317
v -0.100405 0.122488 0.073988
v -0.089658 0.131009 0.058748
v -0.056361 0.121788 0.076200
v -0.064053 0.148333 0.092781
v -0.055202 0.118594 0.074190
v -0.185333 0.237757 0.186058
v -0.185333 0.217003 0.209852
v -0.188389 0.237580 0.185902
v -0.190813 0.234601 0.183580
v -0.188389 0.216827 0.209697
v -0.190812 0.214063 0.207060
v -0.179749 0.222471 0.174034
v -0.180065 0.203281 0.196632
v -0.093451 0.084524 0.061774
v -0.091554 0.078001 0.057696
v -0.177009 0.219650 0.172103
v -0.151509 0.192261 0.154272
v -0.176903 0.202977 0.191075
v -0.105357 0.152752 0.132003
v -0.094715 0.131209 0.111480
v -0.111258 0.147417 0.094739
v -0.126326 0.174569 0.111984
v -0.107359 0.155167 0.136029
v -0.128960 0.177727 0.115596
v -0.148875 0.188879 0.155746
v -0.122638 0.164800 0.169861
v -0.174585 0.199341 0.193333
v -0.098509 0.114237 0.077194
v -0.089025 0.105183 0.090262
v -0.175955 0.197453 0.197954
v -0.063736 0.131274 0.114748
v -0.056361 0.108810 0.093914
v -0.085443 0.108849 0.094012
v -0.090606 0.129842 0.113166
v -0.075854 0.151072 0.133474
v -0.100932 0.151033 0.133376
v -0.097771 0.163119 0.170765
v -0.078277 0.153584 0.137462
v -0.102934 0.153703 0.137754
v -0.118213 0.163119 0.170765
v -0.055202 0.104444 0.092377
v -0.084284 0.104306 0.092318
v -0.081386 0.075934 0.056370
v -0.122638 0.191754 0.185481
v -0.097455 0.186022 0.145537
v -0.100405 0.120147 0.077769
v -0.089658 0.110137 0.092130
v -0.141078 0.257749 0.061829
v -0.135915 0.256459 0.063144
v -0.093451 0.102705 0.023114
v -0.092503 0.106797 0.024534
v -0.100405 0.121337 0.075928
v -0.126326 0.175857 0.110103
v -0.082808 0.119737 0.027620
v -0.078804 0.121989 0.028418
v -0.049512 0.121382 0.028322
v -0.048774 0.119717 0.027287
v -0.122427 0.259178 0.062277
v -0.120847 0.256949 0.063514
v -0.079226 0.175230 0.109673
v -0.076381 0.170822 0.106903
v -0.111258 0.148509 0.092937
v -0.088604 0.090059 0.030358
v -0.088604 0.084333 0.043792
v -0.088604 0.076296 0.056565
v -0.087972 0.075572 0.056175
v -0.087972 0.083569 0.043304
v -0.087972 0.089179 0.030145
v -0.090606 0.084196 0.043735
v -0.090606 0.089825 0.030339
v -0.090606 0.076159 0.056506
v -0.089341 0.082217 0.042485
v -0.089341 0.087691 0.029834
v -0.089341 0.074318 0.055316
v -0.081491 0.043318 0.031896
v -0.076223 0.050166 0.016875
v -0.076223 0.046933 0.024366
v -0.076223 0.042534 0.031360
v -0.081123 0.041848 0.030973
v -0.081123 0.049426 0.016682
v -0.081491 0.047765 0.024883
v -0.085337 0.039068 0.009755
v -0.081123 0.046296 0.023960
v -0.085337 0.034159 0.021270
v -0.085127 0.037815 0.009464
v -0.085127 0.033082 0.020568
v -0.081650 0.032021 0.008048
v -0.081860 0.028869 0.007270
v -0.081650 0.031003 0.007775
v -0.081649 0.027548 0.017115
v -0.081860 0.025304 0.015633
v -0.085127 0.022738 0.014052
v -0.085127 0.025952 0.006513
v -0.081491 0.051096 0.017069
v -0.091660 0.095609 0.016201
v -0.081386 0.093289 0.015657
v -0.081491 0.053096 0.009053
v -0.089341 0.091341 0.015191
v -0.088604 0.093710 0.015716
v -0.087972 0.092868 0.015599
v -0.090606 0.093573 0.015656
v -0.076223 0.052147 0.008810
v -0.081123 0.051406 0.008616
v -0.185333 0.290302 -0.082557
v -0.185333 0.301183 -0.020493
v -0.190813 0.276394 -0.110922
v -0.188389 0.279913 -0.112337
v -0.188389 0.290106 -0.082478
v -0.190812 0.286527 -0.081493
v -0.188389 0.297151 -0.051694
v -0.190812 0.293415 -0.051101
v -0.188389 0.300988 -0.020415
v -0.190812 0.297231 -0.020153
v -0.180065 0.271998 -0.077239
v -0.180064 0.262414 -0.105298
v -0.179749 0.278256 -0.048410
v -0.179749 0.281874 -0.019086
v -0.177747 0.269892 -0.073438
v -0.177009 0.274911 -0.047973
v -0.093451 0.098579 -0.036557
v -0.093451 0.103591 -0.014496
v -0.091554 0.095981 -0.013933
v -0.091660 0.092606 -0.028816
v -0.150667 0.245172 -0.016588
v -0.151509 0.242299 -0.045190
v -0.177009 0.278411 -0.018942
v -0.130752 0.212460 -0.014333
v -0.100511 0.137726 -0.009259
v -0.105357 0.196925 -0.044202
v -0.126326 0.206802 -0.016260
v -0.111258 0.174698 -0.013909
v -0.094715 0.168295 -0.036320
v -0.107359 0.201049 -0.046656
v -0.122638 0.225420 -0.071905
v -0.148875 0.240082 -0.048159
v -0.128960 0.211241 -0.017932
v -0.141078 0.246955 -0.096014
v -0.174585 0.267010 -0.076368
v -0.092503 0.102527 -0.038599
v -0.082808 0.114923 -0.043359
v -0.089025 0.135435 -0.029916
v -0.098509 0.137168 -0.014032
v -0.175955 0.267549 -0.081241
v -0.142869 0.248044 -0.099518
v -0.175955 0.259677 -0.104198
v -0.064053 0.169855 -0.039219
v -0.090711 0.167860 -0.038530
v -0.085443 0.140285 -0.031413
v -0.056361 0.140285 -0.031413
v -0.075959 0.196393 -0.046372
v -0.100932 0.196100 -0.046254
v -0.097771 0.224419 -0.073546
v -0.118213 0.224419 -0.073547
v -0.102934 0.200517 -0.048827
v -0.078277 0.200263 -0.048611
v -0.055202 0.135568 -0.032128
v -0.084284 0.135568 -0.032128
v -0.078804 0.117093 -0.044459
v -0.049512 0.116467 -0.044320
v -0.120847 0.245955 -0.097655
v -0.135915 0.245446 -0.097223
v -0.081386 0.090358 -0.027912
v -0.081386 0.093535 -0.013801
v 0.190626 0.269861 -0.125046
v 0.190626 0.289972 -0.066297
v 0.190626 0.297477 -0.004578
v 0.179035 0.255267 -0.118267
v 0.179140 0.274354 -0.062627
v 0.179140 0.281433 -0.004372
v 0.037103 0.109327 -0.043720
v 0.037102 0.117477 -0.007928
v -0.037710 0.119140 -0.008029
v -0.037710 0.110793 -0.044310
v -0.048774 0.122896 -0.008291
v -0.048774 0.114904 -0.043124
v -0.046351 0.113530 -0.045410
v 0.147214 0.250820 -0.116194
v 0.147214 0.269514 -0.061531
v 0.147214 0.276463 -0.004303
v -0.122638 0.250820 -0.116194
v -0.122638 0.269514 -0.061532
v -0.122638 0.276463 -0.004303
v -0.122427 0.249804 -0.100226
v -0.122428 0.248245 -0.096760
v -0.122638 0.259735 -0.059301
v -0.122638 0.266445 -0.004078
v -0.097455 0.232642 -0.040398
v -0.097455 0.235664 -0.015944
v -0.100405 0.142613 -0.011793
v -0.089658 0.140485 -0.029222
v -0.056361 0.143341 -0.009700
v -0.064053 0.174526 -0.011795
v -0.055202 0.139584 -0.009438
v -0.185333 0.301734 0.011087
v -0.185333 0.298938 0.042536
v -0.188389 0.301499 0.011068
v -0.190812 0.297722 0.010996
v -0.188389 0.298703 0.042516
v -0.190812 0.294965 0.041976
v -0.179749 0.282264 0.010400
v -0.180065 0.280012 0.039814
v -0.093451 0.104638 0.000530
v -0.091554 0.097027 0.001093
v -0.177009 0.278859 0.010407
v -0.151509 0.246245 0.012055
v -0.176903 0.276521 0.035653
v -0.105357 0.201095 0.017269
v -0.094715 0.171717 0.013412
v -0.111258 0.175019 -0.009722
v -0.126326 0.207144 -0.011741
v -0.107359 0.205521 0.019237
v -0.128960 0.211685 -0.010615
v -0.148875 0.244470 0.015267
v -0.122638 0.233171 0.040825
v -0.174585 0.274924 0.039588
v -0.098508 0.137813 -0.004523
v -0.089025 0.138216 0.011442
v -0.175955 0.276146 0.044321
v -0.063737 0.173640 0.015932
v -0.056360 0.143207 0.012273
v -0.085443 0.143344 0.012332
v -0.090606 0.171546 0.015526
v -0.075854 0.200727 0.019461
v -0.100932 0.200590 0.019402
v -0.097771 0.232411 0.042606
v -0.078277 0.205075 0.021233
v -0.102934 0.205349 0.021350
v -0.118212 0.232412 0.042605
v -0.055202 0.138748 0.013613
v -0.084284 0.138651 0.013652
v -0.081386 0.094582 0.001225
v -0.122638 0.264119 0.037575
v -0.097455 0.236024 0.008670
v -0.100405 0.142914 -0.007370
v -0.089658 0.143242 0.010101
v -0.141078 0.244871 -0.101195
v -0.135915 0.244581 -0.099374
v -0.093451 0.096652 -0.041347
v -0.092503 0.100915 -0.042608
v -0.100405 0.142813 -0.009602
v -0.126326 0.206904 -0.014029
v -0.082808 0.113154 -0.047758
v -0.078804 0.115481 -0.048467
v -0.049512 0.114933 -0.048132
v -0.048774 0.112978 -0.047915
v -0.122427 0.246279 -0.101648
v -0.120847 0.245246 -0.099414
v -0.079226 0.206239 -0.013990
v -0.076381 0.201055 -0.013607
v -0.111258 0.174858 -0.011815
v -0.088604 0.090749 -0.028069
v -0.088604 0.093985 -0.013812
v -0.088604 0.095032 0.001213
v -0.087972 0.094132 0.001235
v -0.087972 0.093085 -0.013789
v -0.087971 0.089967 -0.027755
v -0.090606 0.093848 -0.013870
v -0.090606 0.090553 -0.027991
v -0.090606 0.094797 0.001195
v -0.089341 0.091560 -0.013631
v -0.089341 0.088501 -0.027166
v -0.089341 0.092606 0.001395
v -0.081491 0.053853 0.000628
v -0.076223 0.050485 -0.015508
v -0.076223 0.052301 -0.007607
v -0.076223 0.052904 0.000669
v -0.081123 0.052095 0.000730
v -0.081123 0.049768 -0.015219
v -0.081491 0.053250 -0.007648
v -0.085337 0.037377 -0.014778
v -0.081123 0.051557 -0.007573
v -0.085337 0.040120 -0.002594
v -0.085127 0.036204 -0.014307
v -0.085127 0.038888 -0.002552
v -0.081649 0.030632 -0.012065
v -0.081860 0.027601 -0.010846
v -0.081650 0.029654 -0.011672
v -0.081650 0.032344 -0.002021
v -0.081860 0.029615 -0.001889
v -0.085127 0.026621 -0.001707
v -0.085127 0.024864 -0.009745
v -0.081491 0.051414 -0.015881
v -0.091660 0.086983 -0.042795
v -0.081386 0.084735 -0.041891
v -0.081491 0.048307 -0.023604
v -0.089342 0.082877 -0.041144
v -0.088604 0.085126 -0.042049
v -0.087972 0.084344 -0.041734
v -0.090606 0.084930 -0.041970
v -0.076223 0.047379 -0.023231
v -0.081123 0.046662 -0.022943
v -0.185333 0.186436 -0.237148
v -0.185333 0.210230 -0.216395
v -0.190813 0.158467 -0.251905
v -0.188389 0.160476 -0.255099
v -0.188389 0.186280 -0.236972
v -0.190812 0.183958 -0.233994
v -0.188389 0.210074 -0.216219
v -0.190813 0.207399 -0.213552
v -0.188389 0.231505 -0.193151
v -0.190812 0.228614 -0.190740
v -0.180064 0.174667 -0.222078
v -0.180065 0.150430 -0.239133
v -0.179749 0.196659 -0.202417
v -0.179749 0.216796 -0.180874
v -0.177747 0.175262 -0.217775
v -0.177009 0.194198 -0.200065
v -0.093451 0.058310 -0.087255
v -0.093451 0.075303 -0.072396
v -0.091554 0.069462 -0.067435
v -0.091660 0.057938 -0.077451
v -0.150667 0.188587 -0.157262
v -0.151509 0.169487 -0.178768
v -0.177009 0.214158 -0.178678
v -0.130752 0.163425 -0.136237
v -0.100511 0.105992 -0.088149
v -0.105357 0.133342 -0.151167
v -0.126326 0.157794 -0.134426
v -0.111258 0.133219 -0.113639
v -0.094715 0.114818 -0.128043
v -0.107359 0.135173 -0.155652
v -0.122638 0.140173 -0.190373
v -0.148875 0.166022 -0.179759
v -0.128960 0.160291 -0.138384
v -0.141078 0.143359 -0.222548
v -0.174585 0.171152 -0.218393
v -0.092503 0.060279 -0.091112
v -0.082808 0.067477 -0.102300
v -0.089025 0.091973 -0.103521
v -0.098508 0.102738 -0.091724
v -0.175955 0.168757 -0.222654
v -0.142869 0.142218 -0.225949
v -0.175955 0.148948 -0.236607
v -0.064053 0.114460 -0.131192
v -0.090711 0.113230 -0.129448
v -0.085443 0.095095 -0.107616
v -0.056361 0.094998 -0.107577
v -0.075959 0.131618 -0.152631
v -0.100932 0.131461 -0.152455
v -0.097771 0.138391 -0.191132
v -0.118212 0.138392 -0.191132
v -0.102934 0.133585 -0.157057
v -0.078277 0.133468 -0.156783
v -0.055202 0.090893 -0.105358
v -0.084284 0.090756 -0.105417
v -0.078804 0.068549 -0.104434
v -0.049512 0.068179 -0.103944
v -0.120847 0.141616 -0.223208
v -0.135915 0.141520 -0.222602
v -0.081386 0.056680 -0.075355
v -0.081386 0.067587 -0.065886
v 0.190626 0.195678 -0.223773
v 0.190626 0.237952 -0.178255
v 0.179035 0.137063 -0.245398
v 0.179140 0.185145 -0.211700
v 0.179140 0.225115 -0.168661
v 0.037102 0.062787 -0.099277
v 0.037102 0.090423 -0.075186
v -0.037710 0.091732 -0.076166
v -0.037710 0.063705 -0.100668
v -0.048774 0.094623 -0.078578
v -0.048774 0.067654 -0.102143
v -0.046351 0.065226 -0.103097
v 0.147213 0.134685 -0.241147
v 0.147214 0.181885 -0.207946
v 0.147213 0.221159 -0.165650
v -0.122638 0.134685 -0.241147
v -0.122638 0.181885 -0.207946
v -0.122638 0.221159 -0.165650
v -0.122427 0.143252 -0.227614
v -0.122427 0.144081 -0.223859
v -0.122638 0.175267 -0.200400
v -0.122638 0.213129 -0.159637
v -0.097455 0.164497 -0.169150
v -0.097455 0.181281 -0.151143
v -0.100405 0.108429 -0.093105
v -0.089658 0.096566 -0.105937
v -0.056361 0.110310 -0.091816
v -0.064053 0.134299 -0.111801
v -0.055202 0.107458 -0.089307
v -0.185333 0.266787 -0.141016
v -0.188389 0.250397 -0.167928
v -0.190812 0.247290 -0.165770
v -0.188389 0.266631 -0.140840
v -0.190813 0.263327 -0.139171
v -0.179749 0.234490 -0.157214
v -0.180065 0.249938 -0.132080
v -0.093451 0.084992 -0.060734
v -0.091554 0.079111 -0.055871
v -0.177009 0.231774 -0.155212
v -0.151509 0.206319 -0.134638
v -0.176903 0.244711 -0.133499
v -0.105357 0.172900 -0.103932
v -0.094715 0.146786 -0.089793
v -0.111258 0.135886 -0.110395
v -0.126326 0.160677 -0.130929
v -0.107359 0.177574 -0.105017
v -0.128960 0.165037 -0.132797
v -0.148875 0.206737 -0.131058
v -0.122638 0.212601 -0.103774
v -0.174586 0.245697 -0.129352
v -0.098508 0.108896 -0.084320
v -0.089025 0.118645 -0.071659
v -0.175955 0.249499 -0.126111
v -0.063737 0.149879 -0.088880
v -0.056360 0.123180 -0.073937
v -0.085443 0.123180 -0.073938
v -0.090606 0.147963 -0.087996
v -0.075854 0.173823 -0.101917
v -0.100932 0.173725 -0.101878
v -0.097771 0.213015 -0.101896
v -0.078278 0.178360 -0.103062
v -0.102934 0.178693 -0.103082
v -0.118212 0.213015 -0.101897
v -0.055202 0.120232 -0.070253
v -0.084284 0.120272 -0.070155
v -0.081386 0.077256 -0.054272
v -0.122638 0.235806 -0.124579
v -0.097455 0.196033 -0.131409
v -0.100405 0.111273 -0.089705
v -0.089658 0.121768 -0.075755
v -0.141078 0.138638 -0.225531
v -0.135915 0.139541 -0.223850
v -0.093451 0.053902 -0.090024
v -0.092503 0.056596 -0.093494
v -0.100405 0.109900 -0.091424
v -0.126326 0.159167 -0.132707
v -0.082808 0.063481 -0.104894
v -0.078804 0.064906 -0.106716
v -0.049512 0.064672 -0.106169
v -0.048774 0.063148 -0.104874
v -0.122427 0.139536 -0.226687
v -0.120847 0.140049 -0.224282
v -0.079226 0.158659 -0.132275
v -0.076381 0.154693 -0.128863
v -0.111258 0.134553 -0.112017
v -0.088604 0.056943 -0.075688
v -0.088604 0.067939 -0.066141
v -0.088604 0.077588 -0.054577
v -0.087972 0.076924 -0.053968
v -0.087972 0.067235 -0.065631
v -0.087972 0.056416 -0.075022
v -0.090606 0.067743 -0.066062
v -0.090606 0.056885 -0.075551
v -0.090606 0.077530 -0.054440
v -0.089342 0.066063 -0.064591
v -0.089341 0.055597 -0.073670
v -0.089341 0.075713 -0.053027
v -0.081491 0.043930 -0.030816
v -0.076223 0.031739 -0.041926
v -0.076223 0.037922 -0.036576
v -0.076223 0.043217 -0.030188
v -0.081123 0.042644 -0.029731
v -0.081123 0.031325 -0.041305
v -0.081491 0.038635 -0.037204
v -0.085337 0.021648 -0.033551
v -0.081123 0.037284 -0.036093
v -0.085337 0.030958 -0.025371
v -0.085127 0.020946 -0.032474
v -0.085127 0.030001 -0.024646
v -0.081650 0.017747 -0.027438
v -0.081860 0.016011 -0.024697
v -0.081650 0.017201 -0.026538
v -0.081649 0.024951 -0.020399
v -0.081860 0.022890 -0.018605
v -0.085127 0.020566 -0.016762
v -0.085127 0.014431 -0.022130
v -0.081491 0.032255 -0.042759
v -0.091660 0.045204 -0.085390
v -0.081386 0.043907 -0.083392
v -0.081491 0.025241 -0.047205
v -0.089341 0.042824 -0.081707
v -0.088604 0.044170 -0.083725
v -0.087972 0.043643 -0.083057
v -0.090606 0.044014 -0.083549
v -0.076223 0.024725 -0.046374
v -0.081123 0.024312 -0.045753
v -0.185333 0.011465 -0.301126
v -0.185333 0.042914 -0.298330
v -0.188389 0.011446 -0.300891
v -0.190812 0.011277 -0.297076
v -0.188389 0.042895 -0.298095
v -0.190812 0.042354 -0.294355
v -0.188389 0.073744 -0.291991
v -0.190812 0.072831 -0.288330
v -0.180064 0.010719 -0.282086
v -0.179749 0.040172 -0.279168
v -0.179749 0.069064 -0.273414
v -0.177747 0.013817 -0.278902
v -0.177009 0.039514 -0.275723
v -0.093451 -0.004063 -0.104529
v -0.093451 0.018423 -0.102556
v -0.091554 0.016540 -0.095098
v -0.091660 0.001471 -0.096419
v -0.150667 0.060210 -0.237824
v -0.151509 0.032101 -0.243894
v -0.177009 0.068229 -0.270125
v -0.130752 0.052230 -0.205993
v -0.100511 0.033978 -0.133346
v -0.105357 0.019016 -0.200469
v -0.126326 0.048619 -0.201133
v -0.111258 0.040971 -0.169891
v -0.094715 0.017685 -0.170746
v -0.107359 0.017931 -0.205144
v -0.122638 0.001494 -0.236125
v -0.148875 0.028601 -0.242713
v -0.128960 0.048395 -0.205927
v -0.141078 -0.014819 -0.263976
v -0.174586 0.010161 -0.276978
v -0.092503 -0.004795 -0.108890
v -0.082808 -0.005466 -0.122136
v -0.089025 0.013562 -0.137513
v -0.098509 0.029182 -0.134255
v -0.175955 0.005599 -0.279005
v -0.064053 0.015469 -0.173148
v -0.090711 0.015532 -0.171015
v -0.085443 0.013650 -0.142659
v -0.056361 0.013689 -0.142562
v -0.075960 0.016845 -0.200505
v -0.100932 0.016825 -0.200270
v -0.097771 -0.000344 -0.235613
v -0.118212 -0.000344 -0.235613
v -0.102934 0.015720 -0.205276
v -0.078277 0.015838 -0.204983
v -0.055202 0.011603 -0.138429
v -0.084284 0.011505 -0.138389
v -0.078804 -0.005882 -0.124581
v -0.049512 -0.005940 -0.123876
v -0.120847 -0.016599 -0.263601
v -0.135915 -0.016364 -0.263014
v -0.081386 0.001583 -0.094023
v -0.081386 0.015967 -0.092711
v 0.190626 0.087730 -0.283761
v 0.179140 0.025350 -0.279737
v 0.179140 0.083034 -0.268470
v 0.037102 0.029066 -0.113652
v -0.037710 0.029434 -0.115277
v -0.048774 0.030347 -0.118938
v -0.048774 -0.005329 -0.122078
v 0.147214 0.024948 -0.274804
v 0.147214 0.081586 -0.263742
v -0.122638 0.024949 -0.274805
v -0.122638 0.081586 -0.263742
v -0.122427 -0.015077 -0.265463
v -0.122638 0.024019 -0.264834
v -0.122638 0.078631 -0.254149
v -0.097455 0.033648 -0.233272
v -0.097455 0.057841 -0.228466
v -0.100405 0.033048 -0.138763
v -0.089658 0.015881 -0.142195
v -0.056361 0.035318 -0.138768
v -0.064053 0.042987 -0.169111
v -0.055202 0.034405 -0.135108
v -0.185333 0.104031 -0.283049
v -0.185333 0.132994 -0.270621
v -0.188389 0.103914 -0.282775
v -0.190812 0.102629 -0.279192
v -0.188389 0.132974 -0.270387
v -0.190813 0.131279 -0.266978
v -0.179749 0.097296 -0.264780
v -0.180065 0.124652 -0.253524
v -0.093451 0.033066 -0.098906
v -0.091554 0.031182 -0.091447
v -0.177009 0.096324 -0.261549
v -0.151509 0.087795 -0.229952
v -0.176903 0.119569 -0.251479
v -0.105357 0.078783 -0.185441
v -0.094715 0.065960 -0.158590
v -0.111258 0.045004 -0.168900
v -0.126326 0.053024 -0.200066
v -0.107359 0.082004 -0.189008
v -0.128960 0.055482 -0.204120
v -0.148875 0.090266 -0.227199
v -0.122638 0.111023 -0.208630
v -0.174586 0.122803 -0.248804
v -0.098508 0.038540 -0.131887
v -0.089025 0.053869 -0.127378
v -0.175955 0.127734 -0.248403
v -0.063737 0.069029 -0.159710
v -0.056361 0.056130 -0.131921
v -0.085443 0.056228 -0.131959
v -0.090606 0.067976 -0.157811
v -0.075854 0.080722 -0.184290
v -0.100932 0.080722 -0.184289
v -0.097771 0.112571 -0.207323
v -0.078277 0.083669 -0.187975
v -0.102934 0.084061 -0.188131
v -0.118212 0.112571 -0.207322
v -0.055202 0.056080 -0.127244
v -0.084284 0.056120 -0.127146
v -0.081386 0.030610 -0.089060
v -0.122638 0.117617 -0.239109
v -0.097455 0.081414 -0.221253
v -0.100405 0.037355 -0.137658
v -0.089658 0.054055 -0.132563
v -0.100405 0.035182 -0.138260
v -0.126326 0.050851 -0.200668
v -0.079226 0.050696 -0.199924
v -0.076381 0.049395 -0.194972
v -0.111259 0.043007 -0.169346
v -0.088604 0.001592 -0.094423
v -0.088604 0.016093 -0.093102
v -0.088604 0.030736 -0.089451
v -0.087972 0.030483 -0.088668
v -0.087972 0.015840 -0.092318
v -0.087972 0.001574 -0.093622
v -0.090606 0.016035 -0.092965
v -0.090606 0.001534 -0.094287
v -0.090606 0.030678 -0.089314
v -0.089341 0.015531 -0.090831
v -0.089341 0.001773 -0.091997
v -0.089341 0.030076 -0.087141
v -0.081491 0.017447 -0.050487
v -0.076223 0.001048 -0.052295
v -0.076223 0.009189 -0.051538
v -0.076223 0.017205 -0.049539
v -0.081123 0.017027 -0.048805
v -0.081123 0.001082 -0.051552
v -0.081491 0.009363 -0.052517
v -0.081123 0.008949 -0.050817
v -0.085337 0.010133 -0.038459
v -0.085127 0.009843 -0.037206
v -0.081649 0.008240 -0.030884
v -0.081860 0.007649 -0.028261
v -0.085127 0.006891 -0.025344
v -0.081491 0.001006 -0.053245
v -0.139181 -0.209465 -0.312204
v -0.139181 -0.241077 -0.288584
v 0.135623 -0.255502 -0.275173
v 0.135623 -0.192588 -0.322342
v -0.139181 -0.175712 -0.332482
v -0.139181 -0.139996 -0.349006
v 0.135623 -0.121341 -0.355431
v -0.139181 -0.102687 -0.361855
v 0.179668 -0.180643 -0.302388
v 0.179668 -0.239610 -0.258112
v 0.185041 -0.204395 -0.220260
v 0.185041 -0.154133 -0.258081
v 0.179668 -0.113844 -0.333403
v 0.185041 -0.097088 -0.284548
v -0.188389 -0.208933 -0.250178
v -0.183226 -0.226035 -0.270671
v -0.183226 -0.196474 -0.292897
v -0.188389 -0.181639 -0.270697
v -0.183226 -0.164813 -0.311879
v -0.188389 -0.152362 -0.288266
v -0.183226 -0.131305 -0.327402
v -0.188389 -0.121357 -0.302669
v -0.167736 -0.205795 -0.306752
v -0.167736 -0.236763 -0.283505
v -0.167737 -0.172687 -0.326656
v -0.167736 -0.137557 -0.342945
v -0.139181 -0.064295 -0.370597
v 0.135623 -0.044762 -0.373002
v -0.139181 -0.025229 -0.375408
v 0.179668 -0.041939 -0.349890
v 0.185041 -0.035735 -0.298608
v -0.183226 -0.096383 -0.339405
v -0.188389 -0.089015 -0.313748
v -0.183226 -0.060298 -0.347673
v -0.188389 -0.055727 -0.321345
v -0.183226 -0.023580 -0.352108
v -0.188389 -0.021826 -0.325442
v -0.167736 -0.100934 -0.355519
v -0.167736 -0.063167 -0.364123
v -0.167736 -0.024727 -0.368796
v -0.139181 -0.353004 -0.129193
v -0.139181 -0.364534 -0.091504
v 0.135623 -0.368351 -0.072194
v 0.135623 -0.345291 -0.147288
v -0.139181 -0.337577 -0.165382
v -0.139181 -0.318370 -0.199798
v 0.135623 -0.307082 -0.215923
v -0.139181 -0.295794 -0.232048
v 0.179668 -0.323906 -0.138171
v 0.179668 -0.345577 -0.067669
v 0.185041 -0.294802 -0.057769
v 0.185041 -0.276339 -0.117894
v 0.179668 -0.288008 -0.202527
v 0.185041 -0.245795 -0.172828
v -0.188389 -0.316122 -0.079291
v -0.183226 -0.342021 -0.085795
v -0.183226 -0.331152 -0.121174
v -0.188389 -0.306089 -0.111947
v -0.183226 -0.316660 -0.155169
v -0.188389 -0.292610 -0.143378
v -0.183226 -0.298624 -0.187411
v -0.188389 -0.276036 -0.173327
v -0.167737 -0.346856 -0.126896
v -0.167736 -0.358191 -0.089853
v -0.167736 -0.331662 -0.162537
v -0.167736 -0.312787 -0.196365
v -0.139181 -0.269926 -0.261762
v -0.183226 -0.277393 -0.217643
v -0.188389 -0.256464 -0.201189
v -0.183226 -0.253184 -0.245553
v -0.188389 -0.233993 -0.226924
v -0.167736 -0.290543 -0.228027
v -0.167736 -0.265143 -0.257211
v -0.139181 -0.361477 0.103296
v -0.139181 -0.348765 0.140546
v 0.135623 -0.340434 0.158433
v 0.135623 -0.365897 0.084119
v -0.139181 -0.370317 0.064942
v -0.139181 -0.375030 0.025837
v 0.135623 -0.375342 0.006145
v -0.139181 -0.375654 -0.013549
v 0.179667 -0.343180 0.078899
v 0.179668 -0.319282 0.148619
v 0.185041 -0.272501 0.126848
v 0.185041 -0.292858 0.067347
v 0.179668 -0.352048 0.005749
v 0.185041 -0.300423 0.004913
v -0.188389 -0.302330 0.121867
v -0.183226 -0.327062 0.131816
v -0.183226 -0.339066 0.096894
v -0.188389 -0.313369 0.089624
v -0.183226 -0.347295 0.060906
v -0.188389 -0.321104 0.056277
v -0.183226 -0.351729 0.024188
v -0.188389 -0.325200 0.022377
v -0.167736 -0.355141 0.101542
v -0.167736 -0.342606 0.138067
v -0.167736 -0.363745 0.063775
v -0.167736 -0.368417 0.025336
v -0.139181 -0.372169 -0.052885
v -0.183226 -0.352368 -0.012694
v -0.188389 -0.325638 -0.011747
v -0.183226 -0.349132 -0.049544
v -0.188389 -0.322632 -0.045780
v -0.167736 -0.369099 -0.013346
v -0.167736 -0.365631 -0.051880
v -0.139181 -0.231709 0.296305
v -0.139181 -0.199419 0.318978
v 0.135623 -0.182231 0.328534
v 0.135623 -0.246565 0.283370
v -0.139181 -0.261422 0.270436
v -0.139181 -0.288245 0.241588
v 0.135623 -0.300084 0.225851
v -0.139181 -0.311923 0.210112
v 0.179668 -0.231289 0.265868
v 0.179668 -0.170980 0.308221
v 0.185041 -0.145817 0.263061
v 0.185041 -0.197269 0.226913
v 0.179668 -0.281405 0.211863
v 0.185041 -0.240160 0.180848
v -0.188389 -0.172949 0.276644
v -0.183226 -0.187131 0.299271
v -0.183226 -0.217363 0.278041
v -0.188389 -0.200850 0.256975
v -0.183226 -0.245214 0.253695
v -0.188389 -0.226585 0.234503
v -0.183226 -0.270292 0.226643
v -0.188389 -0.249898 0.209581
v -0.167736 -0.227649 0.291151
v -0.167736 -0.195986 0.313395
v -0.167736 -0.256833 0.265751
v -0.167736 -0.283127 0.237372
v -0.139181 -0.332103 0.176320
v -0.183226 -0.292519 0.197082
v -0.188389 -0.270456 0.182189
v -0.183226 -0.311501 0.165421
v -0.188389 -0.287928 0.152872
v -0.167736 -0.306373 0.206403
v -0.167736 -0.326317 0.173197
v -0.139181 -0.013308 0.376203
v -0.139181 0.026079 0.375579
v 0.135623 0.045680 0.373203
v 0.135623 -0.032907 0.374491
v -0.139181 -0.052506 0.372777
v -0.139181 -0.091126 0.365142
v 0.135623 -0.109970 0.359377
v -0.139181 -0.128815 0.353613
v 0.179668 -0.030829 0.351281
v 0.179668 0.042925 0.350120
v 0.185041 0.036721 0.298838
v 0.185041 -0.026242 0.299859
v 0.179668 -0.103145 0.337097
v 0.185041 -0.087950 0.287769
v -0.188389 0.022715 0.325710
v -0.183226 0.024566 0.352338
v -0.183226 -0.012453 0.352918
v -0.188389 -0.011467 0.326285
v -0.183226 -0.049205 0.349643
v -0.188389 -0.045499 0.323280
v -0.183226 -0.085457 0.342532
v -0.188389 -0.078952 0.316633
v -0.167736 -0.013007 0.369608
v -0.167736 0.025714 0.369025
v -0.167736 -0.051502 0.366240
v -0.167736 -0.089475 0.358800
v -0.139181 -0.165043 0.338087
v -0.183226 -0.120835 0.331662
v -0.188389 -0.111608 0.306600
v -0.183226 -0.154830 0.317170
v -0.188389 -0.143097 0.293257
v -0.167736 -0.126557 0.347365
v -0.167736 -0.162158 0.332271
v -0.139181 0.210451 0.312433
v -0.139181 0.241927 0.288756
v 0.135623 0.256351 0.275345
v 0.135623 0.193575 0.322572
v -0.139181 0.176699 0.332711
v -0.139181 0.140884 0.349275
v 0.135623 0.122279 0.355680
v -0.139181 0.103674 0.362084
v 0.179668 0.181581 0.302638
v 0.179668 0.240528 0.258313
v 0.185041 0.205333 0.220509
v 0.185041 0.155051 0.258282
v 0.179667 0.114733 0.333672
v 0.185041 0.097957 0.284769
v -0.188389 0.209822 0.250447
v -0.183226 0.227022 0.270901
v -0.183226 0.197461 0.293127
v -0.188389 0.182527 0.270967
v -0.183226 0.165701 0.312149
v -0.188389 0.153251 0.288535
v -0.183226 0.132194 0.327671
v -0.188389 0.122246 0.302938
v -0.167736 0.206782 0.306982
v -0.167737 0.237750 0.283735
v -0.167736 0.173576 0.326926
v -0.167736 0.138447 0.343214
v -0.139181 0.065281 0.370827
v -0.183226 0.097271 0.339674
v -0.188389 0.089904 0.314017
v -0.183226 0.061285 0.347903
v -0.188389 0.056616 0.321614
v -0.167736 0.101822 0.355788
v -0.167736 0.064154 0.364352
v -0.139181 0.353951 0.129325
v -0.139181 0.365521 0.091735
v 0.135623 0.369318 0.072376
v 0.135623 0.346208 0.147488
v -0.139181 0.338466 0.165651
v -0.139181 0.319357 0.200027
v 0.135623 0.308020 0.216172
v -0.139181 0.296683 0.232318
v 0.179668 0.324756 0.138342
v 0.179668 0.346466 0.067939
v 0.185041 0.295768 0.057950
v 0.185041 0.277277 0.118144
v 0.179667 0.288995 0.202757
v 0.185041 0.246683 0.173097
v -0.188389 0.317011 0.079560
v -0.183226 0.342910 0.086064
v -0.183226 0.332002 0.121345
v -0.188389 0.306978 0.112217
v -0.183226 0.317510 0.155341
v -0.188389 0.293596 0.143608
v -0.183226 0.299610 0.187640
v -0.188389 0.276983 0.173459
v -0.167736 0.347744 0.127165
v -0.167736 0.359080 0.090123
v -0.167736 0.332512 0.162707
v -0.167737 0.313774 0.196594
v -0.139181 0.270775 0.261932
v -0.183226 0.278380 0.217873
v -0.188389 0.257353 0.201458
v -0.183226 0.254034 0.245725
v -0.188389 0.234881 0.227193
v -0.167736 0.291529 0.228257
v -0.167736 0.266090 0.257343
v -0.139181 0.362463 -0.103066
v -0.139181 0.349614 -0.140374
v 0.135623 0.341352 -0.158232
v 0.135623 0.366834 -0.083869
v -0.139181 0.371205 -0.064673
v -0.139181 0.375918 -0.025568
v 0.135623 0.376230 -0.005875
v -0.139181 0.376543 0.013818
v 0.179668 0.344167 -0.078669
v 0.179668 0.320248 -0.148437
v 0.185041 0.273350 -0.126677
v 0.185041 0.293726 -0.067126
v 0.179668 0.352986 -0.005498
v 0.185041 0.301361 -0.004663
v -0.188389 0.303277 -0.121734
v -0.183226 0.328010 -0.131684
v -0.183226 0.340052 -0.096662
v -0.188389 0.314355 -0.089393
v -0.183226 0.348281 -0.060677
v -0.188389 0.321953 -0.056105
v -0.183226 0.352715 -0.023958
v -0.188389 0.326089 -0.022106
v -0.167736 0.356029 -0.101272
v -0.167736 0.343553 -0.137935
v -0.167736 0.364731 -0.063545
v -0.167736 0.369404 -0.025107
v -0.139181 0.373116 0.053018
v -0.183226 0.353256 0.012963
v -0.188389 0.326624 0.011977
v -0.183226 0.350021 0.049813
v -0.188389 0.323618 0.046010
v -0.167736 0.369988 0.013615
v -0.167736 0.366520 0.052148
v -0.139181 0.232656 -0.296172
v -0.139181 0.200406 -0.318748
v 0.135623 0.183197 -0.328351
v 0.135623 0.247484 -0.283169
v -0.139181 0.262311 -0.270168
v -0.139181 0.289134 -0.241319
v 0.135623 0.300973 -0.225581
v -0.139181 0.312812 -0.209843
v 0.179668 0.232177 -0.265599
v 0.179668 0.171849 -0.308000
v 0.185041 0.146735 -0.262860
v 0.185041 0.198256 -0.226684
v 0.179668 0.282392 -0.211633
v 0.185041 0.241049 -0.180579
v -0.188389 0.173838 -0.276375
v -0.183226 0.188019 -0.299000
v -0.183226 0.218252 -0.277771
v -0.188389 0.201837 -0.256745
v -0.183226 0.246103 -0.253426
v -0.188389 0.227571 -0.234272
v -0.183226 0.271279 -0.226414
v -0.188389 0.250786 -0.209312
v -0.167736 0.228538 -0.290882
v -0.167736 0.196875 -0.313126
v -0.167736 0.257722 -0.265482
v -0.167736 0.284113 -0.237142
v -0.139181 0.333089 -0.176090
v -0.183226 0.293505 -0.196852
v -0.188389 0.271306 -0.182017
v -0.183226 0.312487 -0.165190
v -0.188389 0.288914 -0.152643
v -0.167736 0.307360 -0.206173
v -0.167736 0.327206 -0.172929
v -0.139181 0.014157 -0.376032
v 0.135623 0.033776 -0.374270
v -0.139181 0.053395 -0.372507
v -0.139181 0.092113 -0.364912
v 0.135623 0.110908 -0.359128
v -0.139181 0.129703 -0.353342
v 0.179668 0.031747 -0.351079
v 0.185041 0.027131 -0.299591
v 0.179668 0.104064 -0.336897
v 0.185041 0.088887 -0.287520
v -0.183226 0.013302 -0.352747
v -0.188389 0.012356 -0.326016
v -0.183226 0.050192 -0.349412
v -0.188389 0.046388 -0.323010
v -0.183226 0.086443 -0.342302
v -0.188389 0.079899 -0.316500
v -0.167736 0.013955 -0.369476
v -0.167736 0.052488 -0.366011
v -0.167736 0.090462 -0.358570
v -0.139181 0.165990 -0.337955
v -0.183226 0.121684 -0.331491
v -0.188389 0.112595 -0.306369
v -0.183226 0.155680 -0.317000
v -0.188389 0.143986 -0.292988
v -0.167736 0.127406 -0.347195
v -0.167736 0.163047 -0.332001
v -0.185333 -0.140677 -0.266276
v 0.190626 -0.201767 -0.217399
v -0.185333 -0.082218 -0.289791
v -0.185333 -0.020154 -0.300674
v 0.190626 -0.035268 -0.294764
v 0.190626 -0.272756 -0.116327
v -0.185333 -0.289452 0.082729
v -0.185333 -0.279259 0.112588
v -0.185333 -0.300334 0.020665
v 0.190626 -0.268962 0.125198
v 0.190626 -0.289054 0.066497
v -0.185333 -0.297952 -0.042306
v 0.190626 -0.237014 0.178504
v -0.185333 -0.249704 0.168276
v -0.185333 -0.265938 0.141188
v -0.185333 0.021003 0.300845
v -0.185333 -0.072874 0.292495
v 0.190626 0.036186 0.294965
v 0.190626 -0.025878 0.295965
v -0.185333 0.168654 0.250312
v -0.185333 0.193839 0.231322
v -0.185333 0.112926 0.279770
v 0.190626 0.096718 0.281121
v -0.185333 0.052323 0.297105
v -0.185333 0.283559 0.103691
v -0.185333 0.255884 0.160254
v 0.190626 0.243509 0.170853
v -0.185333 0.280109 -0.112416
v -0.185333 0.297444 -0.051812
v -0.185333 0.160632 -0.255276
v -0.185333 0.231662 -0.193328
v 0.190626 0.144873 -0.259442
v -0.185333 0.250690 -0.168045
v -0.185333 0.073861 -0.292266
v 0.190626 0.026815 -0.295717
v 0.095793 0.131184 0.192854
v 0.095793 0.088354 0.215579
v 0.067554 0.088353 0.215579
v 0.067554 0.131184 0.192854
v 0.095793 0.168402 0.161768
v 0.067554 0.168402 0.161766
v 0.095793 0.198397 0.123591
v 0.067554 0.198397 0.123591
v 0.095793 0.219685 0.079923
v 0.067554 0.219685 0.079922
v 0.095793 0.231518 0.032935
v 0.067554 0.231518 0.032936
v 0.095793 0.233340 -0.015647
v 0.067554 0.233340 -0.015647
v 0.095793 0.224961 -0.063498
v 0.067554 0.224961 -0.063498
v 0.095793 0.206880 -0.108447
v 0.067554 0.206880 -0.108448
v 0.095793 0.179790 -0.148773
v 0.067554 0.179790 -0.148772
v 0.095793 0.144836 -0.182562
v 0.067554 0.144836 -0.182561
v 0.095793 0.103763 -0.208268
v 0.067554 0.103762 -0.208267
v 0.095793 0.058165 -0.225031
v 0.067554 0.058165 -0.225031
v 0.095793 0.010090 -0.231804
v 0.067554 0.010090 -0.231805
v 0.095793 -0.038288 -0.228461
v 0.067554 -0.038287 -0.228461
v 0.095793 -0.084925 -0.215198
v 0.067554 -0.084924 -0.215198
v 0.095793 -0.127863 -0.192429
v 0.067554 -0.127862 -0.192429
v 0.095793 -0.165081 -0.161342
v 0.067554 -0.165081 -0.161343
v 0.095793 -0.195075 -0.123166
v 0.067554 -0.195075 -0.123166
v 0.095793 -0.216364 -0.079498
v 0.067554 -0.216364 -0.079497
v 0.095793 -0.228197 -0.032511
v 0.067554 -0.228197 -0.032510
v 0.095793 -0.229911 0.016028
v 0.067554 -0.229911 0.016027
v 0.095793 -0.221639 0.063923
v 0.067554 -0.221639 0.063923
v 0.095793 -0.203559 0.108872
v 0.067554 -0.203559 0.108872
v 0.095793 -0.176362 0.149154
v 0.067554 -0.176361 0.149154
v 0.095793 -0.141514 0.182986
v 0.067554 -0.141514 0.182986
v 0.095793 -0.100441 0.208692
v 0.067554 -0.100441 0.208691
v 0.095793 -0.054844 0.225456
v 0.067554 -0.054844 0.225456
v 0.095793 -0.006769 0.232229
v 0.067554 -0.006769 0.232229
v 0.095793 0.041609 0.228885
v 0.067554 0.041609 0.228885
v 0.065447 0.129932 0.190984
v 0.065447 0.087488 0.213428
v 0.065447 0.057297 0.138371
v 0.065447 0.084797 0.123811
v 0.065447 0.166763 0.160178
v 0.065447 0.108628 0.103855
v 0.065447 0.196371 0.122282
v 0.065447 0.127887 0.079368
v 0.065447 0.217510 0.079174
v 0.065447 0.141608 0.051362
v 0.065447 0.229257 0.032596
v 0.065447 0.149061 0.021128
v 0.065447 0.231037 -0.015470
v 0.065447 0.150292 -0.009976
v 0.065447 0.222724 -0.062848
v 0.065447 0.144938 -0.040679
v 0.065447 0.204816 -0.107367
v 0.065447 0.133346 -0.069498
v 0.065447 0.178007 -0.147305
v 0.065447 0.115948 -0.095357
v 0.065447 0.143440 -0.180751
v 0.065447 0.093522 -0.116945
v 0.065447 0.102712 -0.206221
v 0.065447 0.067209 -0.133596
v 0.065447 0.057610 -0.222684
v 0.065447 0.037917 -0.144301
v 0.065447 0.010009 -0.229522
v 0.065447 0.007066 -0.148632
v 0.065447 -0.037896 -0.226244
v 0.065447 -0.023945 -0.146528
v 0.065447 -0.084059 -0.213047
v 0.065447 -0.053868 -0.137989
v 0.065447 -0.126610 -0.190559
v 0.065447 -0.081476 -0.123386
v 0.065447 -0.163442 -0.159752
v 0.065447 -0.105306 -0.103431
v 0.065447 -0.193050 -0.121857
v 0.065447 -0.124566 -0.078944
v 0.065447 -0.214188 -0.078749
v 0.065447 -0.138179 -0.050980
v 0.065447 -0.225936 -0.032170
v 0.065447 -0.145739 -0.020703
v 0.065447 -0.227608 0.015851
v 0.065447 -0.146863 0.010358
v 0.065447 -0.219402 0.063274
v 0.065447 -0.141509 0.041061
v 0.065447 -0.201495 0.107792
v 0.065447 -0.129917 0.069880
v 0.065447 -0.174578 0.147687
v 0.065447 -0.112519 0.095738
v 0.065447 -0.140119 0.181174
v 0.065447 -0.090200 0.117369
v 0.065447 -0.099391 0.206645
v 0.065447 -0.063781 0.133977
v 0.065447 -0.054289 0.223109
v 0.065447 -0.034596 0.144725
v 0.065447 -0.006687 0.229947
v 0.065447 -0.003745 0.149057
v 0.065447 0.041217 0.226669
v 0.065447 0.027267 0.146951
v 0.036892 0.045618 0.109337
v 0.036892 0.067356 0.097844
v 0.060810 0.073853 0.107474
v 0.060810 0.049943 0.120091
v 0.036892 0.086115 0.082053
v 0.060810 0.094504 0.090173
v 0.036891 0.101316 0.062695
v 0.060811 0.111164 0.068853
v 0.036891 0.112164 0.040592
v 0.060810 0.123127 0.044552
v 0.036891 0.118059 0.016732
v 0.060810 0.129727 0.018410
v 0.036891 0.119066 -0.007785
v 0.060810 0.130622 -0.008560
v 0.036891 0.114800 -0.032054
v 0.060810 0.126029 -0.035197
v 0.036891 0.105631 -0.054852
v 0.060811 0.115908 -0.060360
v 0.036891 0.091902 -0.075316
v 0.060810 0.100777 -0.082758
v 0.036891 0.074198 -0.092306
v 0.060810 0.081455 -0.101597
v 0.036891 0.053425 -0.105438
v 0.060810 0.058591 -0.115887
v 0.036891 0.030292 -0.113874
v 0.060810 0.033132 -0.125134
v 0.036891 0.005921 -0.117313
v 0.060810 0.006350 -0.128980
v 0.036891 -0.018548 -0.115716
v 0.060810 -0.020529 -0.127163
v 0.036891 -0.042189 -0.108956
v 0.060811 -0.046514 -0.119708
v 0.036891 -0.063927 -0.097463
v 0.060810 -0.070424 -0.107093
v 0.036891 -0.082794 -0.081628
v 0.060810 -0.091182 -0.089747
v 0.036891 -0.097995 -0.062271
v 0.060811 -0.107843 -0.068429
v 0.036891 -0.108735 -0.040211
v 0.060811 -0.119699 -0.044172
v 0.036891 -0.114737 -0.016308
v 0.060810 -0.126299 -0.018029
v 0.036891 -0.115637 0.008166
v 0.060811 -0.127301 0.008984
v 0.036891 -0.111479 0.032480
v 0.060810 -0.122708 0.035623
v 0.036891 -0.102309 0.055277
v 0.060810 -0.112587 0.060785
v 0.036891 -0.088473 0.075697
v 0.060810 -0.097455 0.083184
v 0.036891 -0.070877 0.092731
v 0.060810 -0.078026 0.101978
v 0.036891 -0.049996 0.105820
v 0.060810 -0.055163 0.116268
v 0.036891 -0.026971 0.114299
v 0.060810 -0.029811 0.125560
v 0.036891 -0.002600 0.117738
v 0.060811 -0.003029 0.129404
v 0.036891 0.021977 0.116097
v 0.060810 0.023958 0.127545
v 0.036891 0.001715 0.000191
v 0.061864 0.057253 0.138263
v 0.061864 0.084754 0.123704
v 0.061864 0.108584 0.103747
v 0.061864 0.127736 0.079304
v 0.061864 0.141457 0.051297
v 0.061864 0.149061 0.021128
v 0.061864 0.150184 -0.009932
v 0.061864 0.144831 -0.040636
v 0.061864 0.133238 -0.069454
v 0.061864 0.115840 -0.095313
v 0.061864 0.093522 -0.116945
v 0.061864 0.067146 -0.133445
v 0.061864 0.037853 -0.144150
v 0.061864 0.007109 -0.148524
v 0.061864 -0.023902 -0.146419
v 0.061864 -0.053825 -0.137882
v 0.061864 -0.081325 -0.123321
v 0.061864 -0.105263 -0.103323
v 0.061864 -0.124415 -0.078879
v 0.061864 -0.138135 -0.050872
v 0.061864 -0.145739 -0.020703
v 0.061864 -0.146863 0.010357
v 0.061864 -0.141509 0.041061
v 0.061864 -0.129917 0.069880
v 0.061864 -0.112519 0.095739
v 0.061864 -0.090200 0.117370
v 0.061864 -0.063824 0.133870
v 0.061864 -0.034531 0.144575
v 0.061864 -0.003788 0.148950
v 0.061864 0.027331 0.146802
v 0.060810 0.083998 0.122758
v 0.060810 0.056821 0.137189
v 0.060811 0.107765 0.102953
v 0.060810 0.126744 0.078704
v 0.060810 0.140337 0.050997
v 0.060810 0.147877 0.020979
v 0.060811 0.148979 -0.009822
v 0.060810 0.143712 -0.040311
v 0.060810 0.132206 -0.068914
v 0.060810 0.114895 -0.094558
v 0.060810 0.092770 -0.116018
v 0.060810 0.066544 -0.132454
v 0.060810 0.037554 -0.143031
v 0.060810 0.007068 -0.147383
v 0.060810 -0.023792 -0.145214
v 0.060810 -0.053392 -0.136807
v 0.060810 -0.080677 -0.122333
v 0.060810 -0.104444 -0.102529
v 0.060810 -0.123423 -0.078278
v 0.060810 -0.137016 -0.050573
v 0.060810 -0.144555 -0.020554
v 0.060810 -0.145658 0.010247
v 0.060810 -0.140391 0.040736
v 0.060810 -0.128885 0.069340
v 0.060810 -0.111574 0.094984
v 0.060810 -0.089449 0.116443
v 0.060811 -0.063223 0.132879
v 0.060810 -0.034232 0.143456
v 0.060810 -0.003747 0.147809
v 0.060810 0.027113 0.145639
v 0.095793 0.001715 0.000191
vn -0.8405 -0.3024 -0.4496
vn -0.8409 -0.3476 -0.4149
vn -0.8409 -0.3476 -0.4147
vn -0.8375 -0.2557 -0.4830
vn -0.8406 -0.3019 -0.4497
vn -0.8376 -0.2556 -0.4828
vn -0.8422 -0.2012 -0.5002
vn -0.8139 0.3729 0.4456
vn -0.7908 0.3388 0.5097
vn -0.8145 0.3236 0.4816
vn -0.8133 0.2725 0.5141
vn -0.8059 0.2210 0.5493
vn -0.8118 0.2179 0.5417
vn -0.0755 -0.5571 -0.8270
vn -0.1075 -0.6373 -0.7631
vn -0.0754 -0.5572 -0.8269
vn -0.1014 -0.4652 -0.8794
vn -0.1023 -0.4654 -0.8792
vn -0.1032 -0.3712 -0.9228
vn -0.7645 0.2650 0.5877
vn -0.7949 0.2673 0.5447
vn -0.9583 0.1420 0.2479
vn -0.9757 0.1012 0.1945
vn -0.9895 0.0077 0.1440
vn -0.8118 0.2299 0.5367
vn -0.7771 0.3036 0.5513
vn -0.7908 0.2453 0.5608
vn -0.8198 0.2128 0.5316
vn -0.9923 0.0446 0.1152
vn -0.7107 -0.4531 0.5382
vn -0.8195 -0.3030 0.4865
vn -0.8264 -0.2297 0.5141
vn -0.6727 0.0300 0.7393
vn -0.6115 -0.0173 0.7911
vn -0.6416 -0.0712 0.7637
vn -0.4424 0.0701 0.8941
vn -0.7022 0.0196 0.7117
vn -0.6044 0.0924 0.7913
vn -0.8668 -0.4986 0.0047
vn -0.7430 -0.6690 -0.0194
vn -0.7011 -0.7025 -0.1226
vn -0.4463 0.4898 0.7489
vn -0.4082 0.5856 0.7003
vn -0.5300 0.5428 0.6515
vn -0.0031 -0.8395 0.5434
vn -0.0664 -0.8656 0.4964
vn -0.0814 -0.8260 0.5577
vn -0.0031 -0.8170 0.5767
vn -0.0754 -0.7964 0.6001
vn 0.0003 -0.4251 0.9052
vn -0.0685 -0.4426 0.8941
vn -0.0804 -0.3867 0.9187
vn 0.0095 -0.9831 -0.1828
vn -0.0616 -0.9392 -0.3377
vn -0.0525 -0.9834 -0.1738
vn 0.0035 -0.3604 0.9328
vn -0.0487 -0.2888 0.9561
vn 0.8110 0.3983 0.4285
vn 0.8138 0.2986 0.4987
vn 0.8103 0.3989 0.4293
vn 0.8130 0.1892 0.5507
vn 0.8143 0.2983 0.4980
vn 0.0224 -0.6421 -0.7663
vn 0.0560 -0.3677 -0.9282
vn 0.0225 -0.3731 -0.9275
vn 0.1474 -0.7198 -0.6784
vn 0.7478 -0.3169 -0.5835
vn 0.7553 -0.2719 -0.5963
vn 0.1536 0.6730 0.7235
vn 0.1513 0.5078 0.8481
vn 0.1543 0.6731 0.7233
vn 0.1517 0.3203 0.9351
vn 0.1520 0.3201 0.9351
vn -0.0000 0.6813 0.7320
vn -0.0000 0.5142 0.8577
vn -0.0000 0.3238 0.9461
vn 1.0000 -0.0026 -0.0056
vn 0.9997 -0.0196 -0.0148
vn 0.9999 -0.0076 -0.0075
vn 0.9483 0.0114 -0.3172
vn 0.8419 -0.2631 -0.4712
vn 1.0000 -0.0000 -0.0000
vn 0.8531 -0.1749 -0.4916
vn 0.7907 -0.3380 -0.5104
vn 0.8007 -0.2770 -0.5311
vn 0.8091 -0.2275 -0.5419
vn -0.6511 -0.3767 0.6589
vn -0.8653 -0.3278 0.3793
vn 0.9715 -0.1087 -0.2104
vn 0.9413 -0.1301 -0.3115
vn 0.9672 -0.0959 -0.2351
vn 0.7744 -0.3416 -0.5325
vn 0.9439 -0.1651 -0.2861
vn 0.9326 -0.2067 -0.2959
vn 0.9394 -0.1083 -0.3253
vn -0.8376 -0.1496 -0.5255
vn -0.8427 -0.2009 -0.4995
vn -0.8418 -0.0936 -0.5315
vn -0.8375 -0.1497 -0.5255
vn -0.8410 -0.0360 -0.5399
vn -0.8420 -0.0931 -0.5314
vn -0.8132 0.1597 0.5596
vn -0.7896 0.1081 0.6041
vn -0.8144 0.1001 0.5715
vn -0.7724 0.0438 0.6336
vn -0.8143 0.0394 0.5791
vn -0.1023 -0.2720 -0.9568
vn -0.1014 -0.2721 -0.9569
vn -0.0685 -0.1738 -0.9824
vn -0.0684 -0.1740 -0.9824
vn -0.0968 -0.0663 -0.9931
vn -0.0971 -0.0663 -0.9931
vn -0.9749 0.0595 0.2144
vn -0.9603 0.0447 0.2753
vn -0.9895 0.0953 0.1084
vn -0.7880 0.1676 0.5924
vn -0.7904 0.2135 0.5742
vn -0.7637 0.2062 0.6117
vn -0.6879 0.6417 0.3392
vn -0.8200 0.5545 0.1420
vn -0.7629 0.6389 0.0984
vn -0.5046 0.5647 0.6531
vn -0.6719 0.5398 0.5072
vn -0.6393 0.5826 0.5019
vn -0.6699 0.3571 0.6509
vn -0.6919 0.4975 0.5232
vn -0.8141 0.2462 -0.5260
vn -0.7422 0.4697 -0.4781
vn -0.8248 0.4245 -0.3735
vn -0.4467 0.1651 0.8793
vn -0.5309 0.0554 0.8456
vn -0.4065 0.0616 0.9116
vn -0.0035 0.9820 -0.1889
vn -0.0686 0.9682 -0.2408
vn -0.0012 0.9689 -0.2476
vn -0.0014 0.9890 -0.1482
vn -0.2413 0.9289 -0.2809
vn 0.0001 0.9331 0.3597
vn -0.0656 0.9398 0.3353
vn 0.0002 0.9524 0.3049
vn 0.0074 0.5770 -0.8167
vn -0.0583 0.4464 -0.8929
vn 0.0133 0.4405 -0.8977
vn 0.0021 0.9102 0.4141
vn -0.1883 0.9244 0.3319
vn 0.8118 0.0700 0.5797
vn 0.8130 0.1894 0.5506
vn 0.0224 -0.0680 -0.9974
vn 0.2915 -0.0432 -0.9556
vn 0.6938 -0.3259 -0.6422
vn 0.3216 -0.0513 -0.9455
vn 0.1519 0.1190 0.9812
vn 0.1522 0.1191 0.9811
vn -0.0000 0.1198 0.9928
vn 0.8601 -0.1035 -0.4995
vn 0.9999 -0.0017 -0.0105
vn 0.8641 -0.1243 -0.4878
vn 0.8072 -0.1534 -0.5700
vn 0.7908 -0.1128 -0.6016
vn -0.9026 0.4201 -0.0945
vn 0.9724 -0.0709 -0.2221
vn 0.9429 -0.1060 -0.3159
vn 0.7747 -0.0787 -0.6274
vn 0.9355 -0.1630 -0.3134
vn 0.9548 -0.0812 -0.2859
vn -0.6592 0.6967 0.2830
vn -0.0794 0.9886 -0.1280
vn -0.9896 0.1404 0.0323
vn -0.5798 -0.7579 0.2992
vn -0.9766 0.0810 0.1991
vn -0.8875 0.1264 0.4431
vn -0.7076 0.0070 -0.7066
vn 0.9356 -0.3166 -0.1561
vn 0.3926 -0.6271 -0.6728
vn 0.6954 -0.6478 -0.3110
vn 0.7713 -0.4350 -0.4647
vn 0.9145 -0.1786 -0.3631
vn 0.8609 -0.1763 -0.4773
vn 0.9077 -0.1791 -0.3796
vn 0.8493 -0.2456 -0.4674
vn -0.3739 0.9090 0.1840
vn -0.3986 0.7566 -0.5184
vn -0.5955 0.2347 0.7683
vn 0.9043 -0.1383 -0.4040
vn 0.8482 -0.1467 -0.5090
vn 0.0041 0.9820 -0.1890
vn -0.8423 -0.5388 -0.0117
vn -0.9274 0.1396 0.3471
vn -0.7713 0.4229 0.4757
vn -0.0000 -0.8675 0.4975
vn -0.0004 -0.4762 0.8794
vn -0.3658 -0.5173 -0.7737
vn 0.0145 -0.9406 -0.3391
vn 0.0159 -0.1740 -0.9846
vn -0.9381 0.2917 0.1870
vn -0.5907 0.8057 -0.0433
vn -0.7873 0.1558 -0.5966
vn -0.0094 0.8634 0.5044
vn -0.7799 0.2396 0.5782
vn -0.7948 0.1478 0.5886
vn -0.0009 0.4449 0.8956
vn 0.0088 0.5797 0.8148
vn 0.0010 0.5803 0.8144
vn 0.0082 0.1495 0.9887
vn -0.0007 0.2989 0.9543
vn 0.0018 0.1451 0.9894
vn -0.0003 -0.3017 -0.9534
vn 0.0013 -0.1458 -0.9893
vn -0.0015 -0.3014 -0.9535
vn 0.0007 -0.5791 -0.8153
vn -0.0004 -0.4422 -0.8969
vn -0.0012 -0.4426 -0.8967
vn 0.1023 0.4420 0.8911
vn 0.0230 0.4429 0.8963
vn 0.1030 0.2978 0.9490
vn 0.0507 0.1472 0.9878
vn -0.7517 -0.3845 -0.5359
vn -0.7546 -0.2891 -0.5891
vn -0.7520 -0.3842 -0.5356
vn -0.7546 -0.1990 -0.6252
vn -0.7521 -0.0951 -0.6521
vn -0.7511 -0.0953 -0.6533
vn 0.9021 -0.1445 -0.4067
vn 0.9423 -0.1505 -0.2991
vn -0.9799 0.0287 0.1972
vn -0.9805 0.0596 0.1873
vn -0.9799 0.0606 0.1899
vn -0.9178 0.1794 0.3542
vn -0.9463 0.1029 0.3065
vn -0.9178 0.1156 0.3798
vn -0.8929 0.0670 0.4452
vn 0.0001 -0.3001 -0.9539
vn -0.0441 -0.1460 -0.9883
vn 0.0008 -0.1460 -0.9893
vn 0.0009 -0.5781 -0.8160
vn -0.0417 -0.4439 -0.8951
vn -0.0008 -0.4446 -0.8957
vn -0.0565 0.5800 0.8127
vn -0.0466 0.4462 0.8937
vn -0.0626 0.5801 0.8122
vn -0.0610 0.1474 0.9872
vn -0.0470 0.2970 0.9537
vn -0.0428 0.2948 0.9546
vn -0.9704 -0.1513 -0.1884
vn -0.9474 -0.1781 -0.2660
vn -0.9679 -0.1609 -0.1932
vn -0.9693 -0.0848 -0.2308
vn -0.9473 -0.0869 -0.3082
vn -0.9004 0.3439 0.2664
vn -0.8924 0.1697 0.4181
vn -0.8955 0.2871 0.3401
vn -0.9035 0.1025 0.4162
vn -0.8922 0.1691 0.4187
vn -0.8966 0.0232 0.4422
vn -0.8929 -0.2955 -0.3398
vn -0.9979 -0.0411 -0.0492
vn -0.8381 -0.3503 -0.4181
vn -0.8981 -0.1855 -0.3987
vn -0.9979 -0.0239 -0.0609
vn -0.6758 -0.4737 -0.5646
vn -0.6702 -0.2769 -0.6885
vn -0.6756 -0.0503 -0.7356
vn -0.9982 -0.0044 -0.0600
vn -0.8931 0.0304 0.4488
vn -0.9601 0.1968 0.1987
vn -0.9800 0.1156 0.1622
vn -0.9805 0.1373 0.1408
vn -0.9799 0.1392 0.1428
vn 0.0090 0.6980 0.7160
vn 0.0008 0.6985 0.7156
vn 0.0015 -0.5788 -0.8155
vn 0.0007 -0.6989 -0.7152
vn 0.0010 -0.6991 -0.7151
vn 0.0512 0.5771 0.8151
vn -0.7709 -0.4433 -0.4573
vn -0.9333 0.0900 0.3475
vn 0.0250 0.2957 0.9550
vn -0.7549 -0.2888 -0.5888
vn -0.7550 -0.1991 -0.6248
vn -0.9805 0.0867 0.1764
vn -0.9799 0.0878 0.1791
vn -0.8930 0.2596 0.3678
vn -0.9477 -0.2295 -0.2219
vn -0.9476 -0.1510 -0.2817
vn -0.0426 -0.3001 -0.9530
vn -0.0461 -0.6975 -0.7151
vn -0.0008 -0.6984 -0.7157
vn -0.0476 0.7000 0.7125
vn -0.0428 0.4483 0.8929
vn -0.8415 -0.5240 -0.1316
vn -0.8434 -0.5047 -0.1842
vn -0.8414 -0.5242 -0.1316
vn -0.8435 -0.4826 -0.2357
vn -0.8435 -0.5045 -0.1843
vn -0.8415 -0.4575 -0.2874
vn -0.8434 -0.4827 -0.2360
vn -0.7658 0.6106 0.2019
vn -0.8129 0.5471 0.1997
vn -0.8130 0.5647 0.1421
vn -0.7560 0.6235 0.1993
vn -0.8118 0.5248 0.2562
vn -0.8021 0.5425 0.2495
vn -0.8118 0.4946 0.3105
vn -0.0956 -0.9352 -0.3411
vn -0.0764 -0.9673 -0.2418
vn -0.0970 -0.9351 -0.3407
vn -0.0748 -0.8952 -0.4393
vn -0.0742 -0.8953 -0.4393
vn -0.0759 -0.8443 -0.5305
vn -0.0759 -0.8444 -0.5304
vn -0.7642 0.5583 0.3228
vn -0.9592 0.2589 0.1135
vn -0.9756 0.1966 0.0980
vn -0.9896 0.0900 0.1124
vn -0.8119 0.5009 0.2999
vn -0.7817 0.5649 0.2642
vn -0.7922 0.5277 0.3065
vn -0.8206 0.4828 0.3058
vn -0.9923 0.1056 0.0654
vn -0.7116 -0.0541 0.7005
vn -0.8180 0.0381 0.5739
vn -0.8264 0.1187 0.5505
vn -0.6719 0.4613 0.5794
vn -0.6134 0.4512 0.6483
vn -0.6403 0.3903 0.6616
vn -0.4406 0.5824 0.6832
vn -0.7060 0.4336 0.5599
vn -0.6027 0.5394 0.5881
vn -0.8672 -0.4021 0.2937
vn -0.7415 -0.5536 0.3791
vn -0.7053 -0.6356 0.3140
vn -0.4452 0.8379 0.3158
vn -0.4144 0.8828 0.2211
vn -0.5301 0.8230 0.2043
vn -0.0041 -0.3601 0.9329
vn -0.0660 -0.4075 0.9108
vn -0.0780 -0.3410 0.9368
vn -0.0017 -0.3214 0.9469
vn -0.0734 -0.2934 0.9532
vn 0.0008 0.1881 0.9821
vn -0.0652 0.1672 0.9838
vn -0.0830 0.2281 0.9701
vn 0.0072 -0.9056 0.4240
vn -0.0655 -0.9585 0.2774
vn -0.0532 -0.8994 0.4339
vn 0.0057 0.2583 0.9660
vn -0.0470 0.3273 0.9437
vn 0.8130 0.5354 0.2288
vn 0.8107 0.5747 0.1120
vn 0.8106 0.5747 0.1121
vn 0.8129 0.4766 0.3346
vn 0.8133 0.5349 0.2290
vn 0.0223 -0.9693 -0.2447
vn 0.0565 -0.8432 -0.5347
vn 0.0223 -0.8471 -0.5310
vn 0.1469 -0.9809 -0.1275
vn 0.7494 -0.5968 -0.2869
vn 0.7559 -0.5698 -0.3224
vn 0.1524 0.9698 0.1903
vn 0.1523 0.9090 0.3879
vn 0.1525 0.9698 0.1902
vn 0.1524 0.9090 0.3879
vn 0.1533 0.8087 0.5678
vn -0.0000 0.9813 0.1925
vn -0.0000 0.9198 0.3925
vn -0.0000 0.8182 0.5750
vn 1.0000 -0.0054 -0.0031
vn 0.9997 -0.0244 -0.0001
vn 0.9999 -0.0105 -0.0016
vn 0.9467 -0.1797 -0.2672
vn 0.8430 -0.4882 -0.2258
vn 0.8506 -0.4339 -0.2970
vn 0.7906 -0.5738 -0.2139
vn 0.8002 -0.5366 -0.2680
vn 0.8090 -0.5027 -0.3048
vn -0.6458 0.0854 0.7587
vn -0.8663 -0.0422 0.4978
vn 0.9714 -0.2122 -0.1065
vn 0.9415 -0.2883 -0.1746
vn 0.9672 -0.2160 -0.1339
vn 0.7729 -0.5903 -0.2327
vn 0.9438 -0.3018 -0.1347
vn 0.9347 -0.3341 -0.1216
vn 0.9392 -0.2792 -0.1997
vn -0.8416 -0.4251 -0.3332
vn -0.8414 -0.4576 -0.2875
vn -0.8417 -0.3881 -0.3755
vn -0.8416 -0.4250 -0.3332
vn -0.8416 -0.3877 -0.3759
vn -0.8002 0.5151 0.3073
vn -0.8116 0.4599 0.3603
vn -0.7895 0.4425 0.4254
vn -0.8129 0.4184 0.4052
vn -0.0768 -0.7848 -0.6150
vn -0.0768 -0.7846 -0.6152
vn -0.0776 -0.7169 -0.6929
vn -0.0766 -0.7172 -0.6927
vn -0.9749 0.1743 0.1385
vn -0.7903 0.4828 0.3772
vn -0.7893 0.5130 0.3376
vn -0.7659 0.5237 0.3731
vn -0.6843 0.7218 -0.1034
vn -0.8191 0.5325 -0.2132
vn -0.7675 0.5708 -0.2918
vn -0.5035 0.8417 0.1952
vn -0.6726 0.7338 0.0951
vn -0.6442 0.7624 0.0613
vn -0.6884 0.7137 0.1294
vn -0.9783 -0.0559 -0.1997
vn -0.7417 0.0997 -0.6633
vn -0.8238 0.1251 -0.5529
vn -0.4497 0.6507 0.6118
vn -0.0018 0.6829 -0.7305
vn -0.0646 0.6432 -0.7630
vn -0.0002 0.6351 -0.7724
vn -0.0027 0.7105 -0.7037
vn -0.2459 0.5851 -0.7728
vn 0.0008 0.9660 -0.2585
vn -0.0659 0.9582 -0.2783
vn 0.0004 0.9481 -0.3181
vn 0.0083 -0.0164 -0.9998
vn -0.1864 0.9427 -0.2767
vn 0.8126 0.4770 0.3348
vn 0.8597 -0.3776 -0.3440
vn 0.8073 -0.4592 -0.3706
vn 0.7910 -0.4443 -0.4206
vn -0.9033 0.2843 -0.3214
vn 0.9723 -0.1887 -0.1379
vn 0.9431 -0.2713 -0.1923
vn 0.9545 -0.2347 -0.1837
vn -0.6631 0.7266 -0.1798
vn -0.0761 0.7215 -0.6883
vn -0.9895 0.1329 -0.0568
vn -0.5719 -0.4366 0.6945
vn -0.9766 0.1802 0.1174
vn -0.8859 0.3627 0.2891
vn -0.7061 -0.4142 -0.5744
vn 0.9369 -0.3444 0.0601
vn 0.3934 -0.9043 -0.1654
vn 0.6972 -0.7035 0.1379
vn 0.7706 -0.6257 -0.1213
vn 0.9148 -0.3588 -0.1856
vn 0.8592 -0.4262 -0.2830
vn 0.9084 -0.3663 -0.2014
vn 0.8493 -0.4732 -0.2341
vn -0.3628 0.8523 -0.3767
vn -0.3971 0.3074 -0.8648
vn -0.6011 0.6431 0.4744
vn 0.9053 -0.3477 -0.2440
vn 0.8493 -0.4170 -0.3239
vn 0.0057 0.6807 -0.7325
vn -0.8436 -0.4413 0.3060
vn -0.9276 0.3154 0.2001
vn -0.9361 -0.3452 -0.0670
vn -0.0009 -0.4118 0.9113
vn 0.0016 0.1350 0.9909
vn -0.3569 -0.8795 -0.3147
vn 0.0127 -0.9607 0.2773
vn 0.0144 -0.7214 -0.6924
vn -0.9390 0.3435 -0.0175
vn -0.5903 0.6272 -0.5081
vn -0.7815 0.5306 0.3281
vn -0.7970 0.4655 0.3849
vn 0.0040 0.8882 0.4595
vn -0.0002 0.9485 0.3168
vn 0.0003 0.8865 0.4627
vn -0.0016 0.8035 0.5953
vn -0.0014 -0.8039 -0.5947
vn -0.0013 -0.8039 -0.5947
vn 0.0002 -0.9488 -0.3160
vn 0.0014 -0.8852 -0.4652
vn 0.0418 0.8847 0.4644
vn 0.0091 0.9509 0.3094
vn 0.0494 0.6974 0.7150
vn 0.0074 0.8103 0.5860
vn -0.7552 -0.6221 -0.2066
vn -0.7551 -0.5800 -0.3057
vn -0.7550 -0.5802 -0.3054
vn -0.7549 -0.5275 -0.3897
vn -0.7709 -0.4435 -0.4571
vn -0.7545 -0.5279 -0.3899
vn 0.9012 -0.3563 -0.2468
vn 0.9425 -0.2971 -0.1532
vn -0.9800 0.1600 0.1186
vn -0.9805 0.1578 0.1174
vn -0.9166 0.3560 0.1819
vn -0.9453 0.2665 0.1879
vn -0.9624 0.2203 0.1588
vn -0.8941 0.3104 0.3228
vn -0.0453 -0.8045 -0.5922
vn 0.0028 -0.8053 -0.5928
vn 0.0005 -0.9475 -0.3197
vn -0.0463 -0.8839 -0.4653
vn -0.0002 -0.8846 -0.4663
vn -0.0452 0.8861 0.4613
vn -0.0455 0.9462 0.3204
vn -0.0475 0.8853 0.4627
vn -0.0547 0.8005 0.5968
vn -0.0385 0.7005 0.7126
vn -0.9697 -0.2354 -0.0655
vn -0.9476 -0.2999 -0.1100
vn -0.9688 -0.2406 -0.0599
vn -0.9473 -0.2523 -0.1976
vn -0.8946 0.4333 0.1092
vn -0.8958 0.3767 0.2361
vn -0.8910 0.4400 0.1120
vn -0.9518 0.1201 0.2822
vn -0.8958 -0.4339 -0.0964
vn -0.9978 -0.0651 -0.0157
vn -0.8386 -0.5281 -0.1338
vn -0.9987 -0.0506 -0.0073
vn -0.6870 -0.7033 -0.1828
vn -0.6781 -0.6248 -0.3871
vn -0.9622 0.2689 0.0428
vn -0.9805 0.1864 0.0622
vn -0.9800 0.1963 0.0336
vn -0.9800 0.1887 0.0636
vn -0.0002 0.9858 0.1682
vn 0.0001 -0.9856 -0.1689
vn 0.0741 0.9468 0.3133
vn 0.0101 0.9870 0.1606
vn -0.7552 -0.6220 -0.2067
vn -0.7544 -0.6470 -0.1112
vn -0.7543 -0.6470 -0.1113
vn 0.0008 -0.8851 -0.4655
vn 0.0711 0.8029 0.5919
vn -0.9805 0.1741 0.0914
vn -0.9800 0.1764 0.0921
vn -0.9006 0.4123 0.1376
vn -0.9178 0.3192 0.2362
vn -0.9481 -0.3149 -0.0436
vn -0.9472 -0.2884 -0.1403
vn -0.0445 -0.9848 -0.1678
vn -0.0000 -0.9859 -0.1673
vn -0.0466 0.9850 0.1659
vn -0.0454 0.9850 0.1664
vn -0.0558 0.7999 0.5975
vn -0.8361 -0.5086 0.2057
vn -0.8431 -0.5173 0.1468
vn -0.8361 -0.5086 0.2056
vn -0.8434 -0.5169 0.1468
vn -0.8420 -0.5314 0.0927
vn -0.8410 -0.5398 0.0365
vn -0.8420 -0.5314 0.0929
vn -0.7645 0.6143 -0.1955
vn -0.8138 0.5590 -0.1590
vn -0.8141 0.5388 -0.2167
vn -0.7583 0.6191 -0.2042
vn -0.8123 0.5745 -0.1003
vn -0.8003 0.5879 -0.1180
vn -0.8120 0.5824 -0.0396
vn -0.1020 -0.9224 0.3726
vn -0.0730 -0.9593 0.2728
vn -0.0721 -0.9594 0.2728
vn -0.0687 -0.9826 0.1723
vn -0.0674 -0.9827 0.1723
vn -0.1061 -0.9921 0.0671
vn -0.1084 -0.9918 0.0671
vn -0.7662 0.6387 -0.0708
vn -0.9586 0.2786 -0.0582
vn -0.9756 0.2165 -0.0362
vn -0.9895 0.1394 0.0372
vn -0.8117 0.5818 -0.0523
vn -0.7778 0.6172 -0.1187
vn -0.7915 0.6081 -0.0609
vn -0.8218 0.5683 -0.0409
vn -0.9923 0.1238 -0.0073
vn -0.7142 0.3643 0.5977
vn -0.8195 0.3695 0.4381
vn -0.8234 0.4217 0.3797
vn -0.6709 0.7160 0.1930
vn -0.6114 0.7473 0.2602
vn -0.6417 0.7031 0.3065
vn -0.4421 0.8712 0.2135
vn -0.7065 0.6786 0.2008
vn -0.6036 0.7819 0.1556
vn -0.8654 -0.1508 0.4778
vn -0.7430 -0.2260 0.6300
vn -0.7033 -0.3328 0.6282
vn -0.4482 0.8631 -0.2328
vn -0.4107 0.8460 -0.3402
vn -0.5336 0.7859 -0.3125
vn -0.0039 0.2573 0.9663
vn -0.0704 0.2046 0.9763
vn -0.0757 0.2749 0.9585
vn -0.0024 0.2995 0.9541
vn -0.0754 0.3244 0.9429
vn 0.0001 0.7294 0.6841
vn -0.0687 0.7115 0.6993
vn -0.0797 0.7538 0.6522
vn 0.0088 -0.4819 0.8762
vn -0.0585 -0.6069 0.7926
vn -0.0512 -0.4685 0.8820
vn 0.0051 0.7711 0.6367
vn -0.0461 0.8272 0.5600
vn 0.8116 0.5301 -0.2457
vn 0.8130 0.5676 -0.1297
vn 0.8115 0.5301 -0.2458
vn 0.8129 0.5824 -0.0091
vn 0.8132 0.5673 -0.1298
vn 0.0223 -0.9276 0.3729
vn 0.0547 -0.9966 0.0623
vn 0.0221 -0.9975 0.0677
vn 0.1458 -0.8698 0.4714
vn 0.7474 -0.6547 0.1132
vn 0.7549 -0.6517 0.0740
vn 0.1523 0.8964 -0.4163
vn 0.1521 0.9635 -0.2204
vn 0.1524 0.8964 -0.4163
vn 0.1521 0.9634 -0.2206
vn 0.1523 0.9882 -0.0157
vn -0.0000 0.9070 -0.4212
vn -0.0000 0.9747 -0.2234
vn -0.0000 0.9999 -0.0158
vn 1.0000 -0.0062 0.0007
vn 0.9997 -0.0195 0.0146
vn 0.9999 -0.0095 0.0049
vn 0.9449 -0.3096 -0.1060
vn 0.8403 -0.5319 0.1044
vn 0.8536 -0.5207 0.0145
vn 0.7906 -0.5902 0.1632
vn 0.8002 -0.5916 0.0984
vn 0.8085 -0.5865 0.0484
vn -0.6446 0.5144 0.5656
vn -0.8658 0.2590 0.4281
vn 0.9713 -0.2347 0.0385
vn 0.9415 -0.3359 0.0282
vn 0.9676 -0.2520 0.0189
vn 0.7705 -0.6174 0.1587
vn 0.9437 -0.3239 0.0679
vn 0.9348 -0.3412 0.0990
vn 0.9396 -0.3422 0.0028
vn -0.8416 -0.5398 -0.0198
vn -0.8409 -0.5400 0.0365
vn -0.8416 -0.5397 -0.0200
vn -0.8416 -0.5347 -0.0760
vn -0.8417 -0.5346 -0.0759
vn -0.8061 0.5914 0.0215
vn -0.8119 0.5834 0.0215
vn -0.7890 0.6087 0.0836
vn -0.8131 0.5763 0.0818
vn -0.0778 -0.9962 -0.0379
vn -0.0769 -0.9963 -0.0378
vn -0.0768 -0.9872 -0.1401
vn -0.0768 -0.9871 -0.1404
vn -0.0758 -0.9674 -0.2418
vn -0.9751 0.2217 0.0094
vn -0.7887 0.6144 0.0216
vn -0.7905 0.6119 -0.0256
vn -0.7643 0.6448 -0.0088
vn -0.6888 0.5190 -0.5061
vn -0.8168 0.3045 -0.4900
vn -0.7611 0.2907 -0.5798
vn -0.5092 0.7938 -0.3325
vn -0.6723 0.6492 -0.3556
vn -0.6386 0.6574 -0.4000
vn -0.6922 0.6507 -0.3121
vn -0.7425 -0.3093 -0.5942
vn -0.8250 -0.2236 -0.5190
vn -0.4470 0.8866 0.1191
vn -0.0063 0.1232 -0.9924
vn -0.0710 0.0683 -0.9951
vn -0.0008 0.0710 -0.9975
vn -0.0036 0.1646 -0.9864
vn -0.2400 0.0199 -0.9706
vn 0.0005 0.6300 -0.7766
vn -0.0659 0.6115 -0.7885
vn -0.0003 0.5852 -0.8109
vn 0.0096 -0.5931 -0.8050
vn -0.1930 0.6010 -0.7756
vn 0.8126 0.5828 -0.0092
vn 0.8600 -0.5072 -0.0562
vn 0.8070 -0.5899 -0.0300
vn 0.7910 -0.6066 -0.0792
vn -0.9035 0.0419 -0.4265
vn 0.9723 -0.2336 -0.0004
vn 0.9429 -0.3331 0.0039
vn 0.9548 -0.2970 -0.0097
vn -0.6614 0.4798 -0.5765
vn -0.0747 0.1664 -0.9832
vn -0.9895 0.0751 -0.1237
vn -0.5880 0.0429 0.8077
vn -0.9766 0.2148 -0.0142
vn -0.8858 0.4636 0.0229
vn -0.7061 -0.6714 -0.2248
vn 0.9367 -0.2434 0.2516
vn 0.3896 -0.8338 0.3911
vn 0.6951 -0.4963 0.5201
vn 0.7712 -0.5762 0.2708
vn 0.9145 -0.4001 0.0602
vn 0.8615 -0.5074 0.0180
vn 0.9076 -0.4164 0.0532
vn 0.8489 -0.5210 0.0896
vn -0.3731 0.4597 -0.8059
vn -0.3959 -0.2599 -0.8808
vn -0.5934 0.8047 0.0154
vn 0.9048 -0.4257 0.0067
vn 0.8486 -0.5287 -0.0179
vn 0.0060 0.1342 -0.9909
vn -0.8413 -0.1797 0.5098
vn -0.9279 0.3716 -0.0301
vn -0.7142 0.6306 -0.3038
vn -0.0004 0.2012 0.9796
vn -0.0009 0.6907 0.7231
vn 0.0133 -0.9891 -0.1466
vn 0.0140 -0.6191 0.7852
vn -0.5924 0.2043 -0.7793
vn -0.7824 0.6211 -0.0465
vn -0.7969 0.6036 -0.0249
vn -0.0003 0.9895 -0.1448
vn 0.0108 0.9541 -0.2993
vn -0.0011 0.9540 -0.2998
vn -0.0000 1.0000 0.0094
vn 0.0006 -1.0000 -0.0075
vn 0.0007 -1.0000 -0.0076
vn -0.0002 -0.9532 0.3022
vn -0.0000 -0.9892 0.1466
vn 0.0009 -0.9893 0.1462
vn 0.0628 0.9874 -0.1452
vn 0.0041 0.9910 -0.1340
vn 0.0502 0.9987 0.0091
vn 0.0725 0.9829 0.1695
vn -0.7546 -0.6253 0.1987
vn -0.7460 -0.6587 0.0979
vn -0.7548 -0.6251 0.1985
vn -0.7521 -0.6590 -0.0054
vn 0.9027 -0.4301 0.0130
vn 0.9424 -0.3305 0.0507
vn -0.9805 0.1965 0.0016
vn -0.9804 0.1940 0.0333
vn -0.9186 0.3902 -0.0622
vn -0.9464 0.3229 -0.0026
vn -0.9609 0.2768 -0.0008
vn -0.9053 0.4184 0.0732
vn -0.0379 -0.9993 -0.0015
vn 0.0020 -1.0000 -0.0020
vn -0.0406 -0.9531 0.3000
vn -0.0028 -0.9895 0.1446
vn 0.0018 -0.9537 0.3009
vn -0.0449 0.9886 -0.1438
vn -0.0428 0.9527 -0.3009
vn -0.0425 0.9527 -0.3010
vn -0.0469 0.9989 0.0097
vn -0.0478 0.9988 0.0092
vn -0.9743 -0.1400 0.1766
vn -0.9474 -0.3151 0.0555
vn -0.9476 -0.3078 0.0862
vn -0.9478 -0.3185 -0.0112
vn -0.9909 -0.0502 -0.1247
vn -0.8912 0.4209 -0.1693
vn -0.8965 0.4421 -0.0304
vn -0.8907 0.4217 -0.1698
vn -0.9014 0.4320 -0.0291
vn -0.8958 -0.4040 0.1853
vn -0.9976 -0.0637 0.0256
vn -0.8361 -0.5093 0.2040
vn -0.6818 -0.6794 0.2712
vn -0.6751 -0.7359 0.0521
vn -0.9984 -0.0557 0.0038
vn -0.8941 0.4468 -0.0309
vn -0.9607 0.2470 -0.1271
vn -0.9804 0.1877 -0.0594
vn -0.9799 0.1787 -0.0886
vn -0.9799 0.1903 -0.0599
vn 0.0108 0.8956 -0.4447
vn -0.0009 0.8959 -0.4443
vn -0.0009 -0.8971 0.4418
vn -0.0010 -0.9532 0.3024
vn 0.0524 0.9530 -0.2985
vn -0.7548 -0.5885 0.2897
vn -0.7546 -0.5888 0.2897
vn -0.7459 -0.6588 0.0982
vn -0.7523 -0.6588 -0.0055
vn -0.9800 0.1992 0.0012
vn -0.9805 0.1944 -0.0290
vn -0.9799 0.1974 -0.0288
vn -0.8935 0.4288 -0.1335
vn -0.9114 0.4115 0.0062
vn -0.9473 -0.2825 0.1507
vn -0.0426 -0.9886 0.1447
vn 0.0012 -0.8958 0.4445
vn -0.0428 0.8957 -0.4426
vn -0.0427 0.8957 -0.4426
vn -0.0448 0.9886 -0.1437
vn -0.8415 -0.2869 0.4578
vn -0.8416 -0.3331 0.4250
vn -0.8414 -0.2871 0.4579
vn -0.8416 -0.3755 0.3881
vn -0.8417 -0.3332 0.4250
vn -0.8410 -0.4147 0.3475
vn -0.8416 -0.3757 0.3880
vn -0.7658 0.3806 -0.5183
vn -0.8131 0.3594 -0.4579
vn -0.8130 0.3090 -0.4936
vn -0.7574 0.3822 -0.5294
vn -0.8119 0.4058 -0.4197
vn -0.8009 0.4064 -0.4397
vn -0.8123 0.4471 -0.3744
vn -0.0760 -0.5303 0.8444
vn -0.0765 -0.6153 0.7846
vn -0.0767 -0.6940 0.7159
vn -0.0773 -0.6937 0.7161
vn -0.0971 -0.7623 0.6399
vn -0.0969 -0.7624 0.6399
vn -0.7661 0.4789 -0.4287
vn -0.9596 0.1874 -0.2098
vn -0.9758 0.1534 -0.1558
vn -0.9895 0.1350 -0.0518
vn -0.8116 0.4393 -0.3851
vn -0.7803 0.4276 -0.4564
vn -0.7909 0.4573 -0.4066
vn -0.8218 0.4378 -0.3646
vn -0.9923 0.0948 -0.0795
vn -0.7116 0.6489 0.2692
vn -0.8188 0.5569 0.1393
vn -0.8260 0.5606 0.0580
vn -0.6725 0.6922 -0.2619
vn -0.6151 0.7540 -0.2305
vn -0.6397 0.7505 -0.1661
vn -0.4417 0.8294 -0.3419
vn -0.7021 0.6711 -0.2382
vn -0.6034 0.7243 -0.3335
vn -0.8648 0.1585 0.4765
vn -0.7430 0.1886 0.6422
vn -0.7045 0.0978 0.7029
vn -0.4461 0.5578 -0.6999
vn -0.4144 0.4839 -0.7708
vn -0.5275 0.4555 -0.7171
vn -0.0031 0.7753 0.6316
vn -0.0658 0.7425 0.6666
vn -0.0753 0.7848 0.6152
vn -0.0014 0.8027 0.5964
vn -0.0739 0.8152 0.5744
vn 0.0005 0.9923 0.1241
vn -0.0661 0.9873 0.1442
vn -0.0853 0.9930 0.0815
vn 0.0066 0.1193 0.9928
vn -0.0581 -0.0260 0.9980
vn -0.0516 0.1408 0.9887
vn 0.0057 0.9983 0.0573
vn -0.0486 0.9985 -0.0263
vn 0.8128 0.3831 -0.4389
vn 0.8109 0.2846 -0.5112
vn 0.8103 0.2849 -0.5121
vn 0.8128 0.4653 -0.3504
vn 0.8131 0.3830 -0.4383
vn 0.1241 -0.6134 0.7800
vn 0.0224 -0.7666 0.6418
vn 0.0223 -0.5309 0.8471
vn 0.7501 -0.4618 0.4734
vn 0.7553 -0.4834 0.4426
vn 0.1736 -0.8266 0.5353
vn 0.1531 0.4806 -0.8635
vn 0.1526 0.6494 -0.7450
vn 0.1536 0.4806 -0.8634
vn 0.1523 0.7900 -0.5939
vn 0.1524 0.7902 -0.5936
vn -0.0000 0.4864 -0.8738
vn -0.0000 0.6569 -0.7539
vn -0.0000 0.7995 -0.6007
vn 1.0000 -0.0046 0.0042
vn 0.9997 -0.0067 0.0232
vn 0.9999 -0.0048 0.0095
vn 0.9428 -0.3191 0.0968
vn 0.8433 -0.3655 0.3941
vn 0.8507 -0.4162 0.3209
vn 0.7906 -0.3813 0.4791
vn 0.8003 -0.4203 0.4276
vn 0.8086 -0.4451 0.3848
vn -0.6441 0.7493 0.1541
vn -0.8665 0.4603 0.1933
vn 0.9714 -0.1672 0.1687
vn 0.9415 -0.2552 0.2201
vn 0.9674 -0.1934 0.1633
vn 0.7699 -0.4069 0.4916
vn 0.9439 -0.2219 0.2446
vn 0.9363 -0.2185 0.2750
vn 0.9393 -0.2763 0.2035
vn -0.8420 -0.4474 0.3016
vn -0.8409 -0.4149 0.3475
vn -0.8421 -0.4473 0.3013
vn -0.8440 -0.4742 0.2505
vn -0.8438 -0.4746 0.2505
vn -0.8055 0.4917 -0.3307
vn -0.8123 0.4841 -0.3254
vn -0.7899 0.5405 -0.2895
vn -0.8136 0.5136 -0.2726
vn -0.0684 -0.8282 0.5563
vn -0.0675 -0.8283 0.5562
vn -0.0686 -0.8819 0.4664
vn -0.0696 -0.8820 0.4660
vn -0.1019 -0.9224 0.3726
vn -0.9749 0.1858 -0.1230
vn -0.7875 0.5112 -0.3442
vn -0.7919 0.4805 -0.3768
vn -0.7655 0.5173 -0.3828
vn -0.6869 0.1198 -0.7168
vn -0.8197 -0.0366 -0.5717
vn -0.7647 -0.1031 -0.6361
vn -0.5013 0.4471 -0.7409
vn -0.6715 0.3187 -0.6690
vn -0.6411 0.2962 -0.7080
vn -0.6983 0.3415 -0.6291
vn -0.9787 -0.2049 -0.0101
vn -0.7431 -0.5984 -0.2994
vn -0.8226 -0.4896 -0.2892
vn -0.4495 0.7834 -0.4293
vn -0.0042 -0.4838 -0.8752
vn -0.0671 -0.5278 -0.8467
vn -0.0015 -0.5375 -0.8433
vn -0.0024 -0.4457 -0.8952
vn -0.2455 -0.5545 -0.7951
vn 0.0001 0.0541 -0.9985
vn -0.0684 0.0310 -0.9972
vn -0.0013 -0.0024 -1.0000
vn 0.0070 -0.9555 -0.2951
vn -0.3856 -0.8914 0.2382
vn -0.1847 0.0307 -0.9823
vn 0.8126 0.4657 -0.3504
vn 0.8597 -0.4435 0.2533
vn 0.8070 -0.4945 0.3229
vn 0.7909 -0.5372 0.2932
vn -0.9034 -0.2163 -0.3703
vn 0.9724 -0.1891 0.1365
vn 0.9430 -0.2672 0.1985
vn 0.9545 -0.2472 0.1669
vn -0.6628 0.0540 -0.7469
vn -0.0763 -0.4391 -0.8952
vn -0.8148 -0.4869 0.3146
vn -0.5791 0.5202 0.6277
vn -0.9766 0.1647 -0.1385
vn -0.8870 0.3797 -0.2627
vn -0.0652 -0.8836 0.4638
vn -0.7073 -0.6738 0.2137
vn 0.9375 -0.0498 0.3444
vn 0.3962 -0.4362 0.8080
vn 0.6982 -0.0856 0.7108
vn 0.7735 -0.3055 0.5554
vn 0.9172 -0.2864 0.2770
vn 0.8610 -0.4004 0.3136
vn 0.9080 -0.3053 0.2869
vn 0.8486 -0.3695 0.3787
vn -0.3737 -0.1044 -0.9217
vn -0.3989 -0.7250 -0.5614
vn -0.5988 0.6562 -0.4593
vn 0.9049 -0.3404 0.2553
vn 0.8493 -0.4372 0.2959
vn 0.0057 -0.4824 -0.8759
vn -0.8419 0.1543 0.5170
vn -0.9273 0.2889 -0.2379
vn 0.0003 0.7355 0.6775
vn 0.0007 0.9849 0.1731
vn 0.0128 -0.8851 0.4652
vn 0.0136 -0.0416 0.9990
vn -0.9356 0.0871 -0.3421
vn -0.5918 -0.2875 -0.7530
vn -0.7822 0.4749 -0.4034
vn -0.7973 0.4733 -0.3747
vn 0.0148 0.7123 -0.7017
vn 0.0012 0.5942 -0.8043
vn -0.0010 0.7152 -0.6989
vn 0.0002 0.8140 -0.5809
vn 0.0006 -0.8145 0.5801
vn -0.0003 -0.8970 0.4421
vn 0.0011 -0.8144 0.5803
vn 0.0016 -0.5936 0.8047
vn -0.0003 -0.7164 0.6976
vn 0.0015 -0.5937 0.8047
vn 0.0724 0.5932 -0.8018
vn 0.0687 0.7133 -0.6974
vn 0.0630 0.8124 -0.5797
vn 0.0524 0.8943 -0.4444
vn -0.7539 -0.3890 0.5295
vn -0.7442 -0.4786 0.4659
vn -0.7440 -0.4789 0.4660
vn -0.7460 -0.5430 0.3856
vn 0.9023 -0.3413 0.2632
vn 0.9424 -0.2377 0.2353
vn -0.9799 0.1623 -0.1158
vn -0.9804 0.1766 -0.0871
vn -0.9805 0.1603 -0.1137
vn -0.9414 0.2695 -0.2030
vn -0.9015 0.2556 -0.3493
vn -0.9141 0.2888 -0.2846
vn -0.9186 0.3243 -0.2257
vn -0.8935 0.4018 -0.2006
vn -0.0470 -0.8151 0.5773
vn -0.0025 -0.8160 0.5781
vn -0.0465 -0.5950 0.8023
vn 0.0033 -0.7184 0.6956
vn -0.0004 -0.5959 0.8030
vn -0.0470 0.7139 -0.6986
vn -0.0470 0.5955 -0.8020
vn -0.0479 0.7143 -0.6982
vn -0.0450 0.8128 -0.5808
vn -0.0449 0.8128 -0.5809
vn -0.9743 -0.0064 0.2251
vn -0.9476 -0.2223 0.2296
vn -0.9481 -0.1966 0.2498
vn -0.9770 -0.2130 0.0068
vn -0.9470 -0.2664 0.1793
vn -0.8937 0.2384 -0.3801
vn -0.8969 0.3401 -0.2827
vn -0.8917 0.2396 -0.3841
vn -0.9005 0.3336 -0.2788
vn -0.8961 -0.2186 0.3864
vn -0.9978 -0.0361 0.0564
vn -0.8397 -0.2895 0.4595
vn -0.6854 -0.3866 0.6171
vn -0.6774 -0.5623 0.4743
vn -0.9984 -0.0428 0.0358
vn -0.8937 0.3448 -0.2871
vn -0.8935 0.4166 -0.1676
vn -0.9613 0.1253 -0.2452
vn -0.9805 0.0908 -0.1741
vn -0.9800 0.1179 -0.1603
vn -0.9805 0.1168 -0.1584
vn 0.0133 0.5998 -0.8001
vn -0.0007 0.4651 -0.8852
vn -0.0004 -0.4638 0.8859
vn 0.0742 0.4660 -0.8817
vn 0.0091 0.4560 -0.8899
vn -0.7538 -0.3891 0.5295
vn -0.7412 -0.3128 0.5940
vn -0.7412 -0.3128 0.5939
vn -0.9333 0.3024 -0.1934
vn 0.0089 0.8195 -0.5730
vn -0.0007 -0.7166 0.6975
vn -0.7455 -0.5434 0.3860
vn -0.9800 0.1429 -0.1388
vn -0.9477 -0.1408 0.2864
vn -0.0446 -0.7181 0.6945
vn -0.0461 -0.4624 0.8855
vn -0.0000 -0.4624 0.8867
vn -0.0434 0.4619 -0.8859
vn -0.0468 0.5946 -0.8026
vn -0.9805 0.1407 -0.1373
vn -0.8409 0.0373 0.5399
vn -0.8416 -0.0198 0.5397
vn -0.8408 0.0374 0.5400
vn -0.8416 -0.0196 0.5397
vn -0.8416 -0.0760 0.5347
vn -0.8415 -0.1311 0.5242
vn -0.8416 -0.0759 0.5347
vn -0.8138 -0.0403 -0.5797
vn -0.7908 0.0258 -0.6115
vn -0.8129 0.0213 -0.5821
vn -0.8126 0.0816 -0.5770
vn -0.8088 0.1430 -0.5704
vn -0.8121 0.1422 -0.5660
vn -0.0761 0.0673 0.9948
vn -0.0766 -0.0363 0.9964
vn -0.0766 -0.0362 0.9964
vn -0.0766 -0.1401 0.9872
vn -0.0766 -0.1398 0.9872
vn -0.0758 -0.2427 0.9671
vn -0.0750 -0.2430 0.9671
vn -0.7676 0.1289 -0.6278
vn -0.7948 0.1019 -0.5983
vn -0.9595 0.0279 -0.2803
vn -0.9756 0.0329 -0.2171
vn -0.9896 0.0793 -0.1204
vn -0.8118 0.1295 -0.5694
vn -0.7779 0.0784 -0.6235
vn -0.7905 0.1321 -0.5980
vn -0.8207 0.1378 -0.5544
vn -0.9923 0.0308 -0.1199
vn -0.7102 0.6852 -0.1618
vn -0.8192 0.5318 -0.2148
vn -0.8270 0.4847 -0.2848
vn -0.6721 0.4072 -0.6184
vn -0.6110 0.4795 -0.6299
vn -0.6434 0.5080 -0.5727
vn -0.4419 0.4678 -0.7654
vn -0.7027 0.4038 -0.5858
vn -0.6047 0.3919 -0.6934
vn -0.8659 0.4051 0.2935
vn -0.7408 0.5323 0.4097
vn -0.7055 0.4949 0.5073
vn -0.4475 0.0443 -0.8932
vn -0.4134 -0.0624 -0.9084
vn -0.5286 -0.0576 -0.8469
vn -0.0044 0.9986 0.0533
vn -0.0647 0.9927 0.1013
vn -0.0807 0.9961 0.0344
vn -0.0052 0.9998 0.0169
vn -0.0696 0.9974 -0.0193
vn 0.0008 0.8760 -0.4823
vn -0.0651 0.8840 -0.4629
vn -0.0795 0.8531 -0.5156
vn 0.0061 0.6785 0.7346
vn -0.0632 0.5689 0.8200
vn -0.0516 0.6953 0.7169
vn 0.0049 0.8435 -0.5371
vn -0.0529 0.7855 -0.6166
vn 0.8110 -0.0704 -0.5808
vn 0.8125 0.0518 -0.5806
vn 0.8105 -0.0705 -0.5815
vn 0.8128 0.0517 -0.5803
vn 0.8134 0.1704 -0.5562
vn 0.0219 0.0678 0.9975
vn 0.0548 -0.2483 0.9671
vn 0.0223 -0.2435 0.9697
vn 0.1470 0.1816 0.9723
vn 0.7504 -0.0920 0.6546
vn 0.7568 -0.1307 0.6404
vn 0.1541 -0.1188 -0.9809
vn 0.1537 0.0875 -0.9842
vn 0.1544 -0.1189 -0.9808
vn 0.1523 0.2900 -0.9448
vn 0.1523 0.2902 -0.9448
vn -0.0000 -0.1203 -0.9927
vn -0.0000 0.0881 -0.9961
vn -0.0000 0.2939 -0.9559
vn 1.0000 -0.0013 0.0061
vn 0.9997 0.0075 0.0234
vn 0.9999 0.0017 0.0106
vn 0.9456 -0.1945 0.2606
vn 0.8403 -0.0649 0.5382
vn 0.8534 -0.1473 0.5001
vn 0.7908 -0.0262 0.6115
vn 0.8004 -0.0892 0.5928
vn 0.8089 -0.1344 0.5725
vn -0.6461 0.6940 -0.3177
vn -0.8666 0.4859 -0.1137
vn 0.9714 -0.0361 0.2348
vn 0.9414 -0.0774 0.3282
vn 0.9672 -0.0605 0.2468
vn 0.7714 -0.0373 0.6353
vn 0.9441 -0.0353 0.3277
vn 0.9359 -0.0139 0.3519
vn 0.9396 -0.1032 0.3265
vn -0.8434 -0.1851 0.5043
vn -0.8414 -0.1311 0.5243
vn -0.8435 -0.1850 0.5042
vn -0.8435 -0.2366 0.4823
vn -0.8436 -0.2363 0.4822
vn -0.8054 0.2036 -0.5566
vn -0.8129 0.2004 -0.5468
vn -0.7890 0.2677 -0.5530
vn -0.8128 0.2561 -0.5231
vn -0.0507 -0.3433 0.9378
vn -0.0484 -0.3433 0.9380
vn -0.0952 -0.4368 0.8945
vn -0.0961 -0.4364 0.8946
vn -0.0766 -0.5303 0.8444
vn -0.9749 0.0781 -0.2087
vn -0.9995 -0.0304 0.0058
vn -0.7869 0.2115 -0.5797
vn -0.7901 0.1639 -0.5907
vn -0.7655 0.1936 -0.6136
vn -0.6870 -0.3200 -0.6524
vn -0.8180 -0.3700 -0.4405
vn -0.7658 -0.4562 -0.4533
vn -0.5069 -0.0737 -0.8588
vn -0.6722 -0.1375 -0.7275
vn -0.6402 -0.1766 -0.7476
vn -0.6903 -0.0959 -0.7171
vn -0.7414 -0.6620 0.1100
vn -0.8243 -0.5638 0.0510
vn -0.4478 0.3823 -0.8083
vn -0.0039 -0.9052 -0.4250
vn -0.0667 -0.9246 -0.3751
vn -0.0008 -0.9281 -0.3724
vn -0.0040 -0.8874 -0.4610
vn -0.2463 -0.9154 -0.3183
vn 0.0001 -0.5445 -0.8388
vn -0.0672 -0.5606 -0.8253
vn -0.0020 -0.5915 -0.8063
vn 0.0072 -0.9470 0.3211
vn -0.1905 -0.5527 -0.8113
vn 0.8131 0.1706 -0.5565
vn 0.8598 -0.2103 0.4653
vn 0.8072 -0.2107 0.5513
vn 0.7909 -0.2631 0.5526
vn -0.9034 -0.3926 -0.1723
vn 0.9724 -0.0728 0.2217
vn 0.9429 -0.0990 0.3180
vn 0.9546 -0.1026 0.2798
vn -0.6604 -0.3951 -0.6386
vn -0.0755 -0.8837 -0.4619
vn -0.8134 -0.2128 0.5414
vn -0.5742 0.7938 0.2004
vn -0.9766 0.0488 -0.2095
vn -0.8877 0.1537 -0.4340
vn -0.0630 -0.4422 0.8947
vn -0.7037 -0.4195 0.5734
vn 0.9352 0.1659 0.3130
vn 0.3924 0.1049 0.9138
vn 0.6943 0.3426 0.6329
vn 0.7702 0.0787 0.6329
vn 0.9158 -0.0639 0.3966
vn 0.8609 -0.1380 0.4897
vn 0.9084 -0.0785 0.4107
vn 0.8500 -0.0764 0.5213
vn -0.3729 -0.6213 -0.6891
vn -0.3989 -0.9167 -0.0241
vn -0.5979 0.2567 -0.7594
vn 0.9041 -0.1255 0.4086
vn 0.8487 -0.1804 0.4971
vn 0.0075 -0.9025 -0.4306
vn -0.8425 0.4280 0.3271
vn -0.9276 0.0890 -0.3628
vn -0.7739 -0.0622 -0.6302
vn -0.0019 0.9930 0.1185
vn 0.0001 0.9046 -0.4262
vn 0.0140 -0.4433 0.8962
vn 0.0151 0.5556 0.8313
vn -0.9376 -0.1262 -0.3240
vn -0.5889 -0.6762 -0.4427
vn -0.7841 0.1472 -0.6029
vn 0.0166 0.1637 -0.9864
vn -0.0023 0.0090 -1.0000
vn 0.0007 0.1677 -0.9858
vn -0.0005 0.3191 -0.9477
vn -0.0004 -0.3188 0.9478
vn -0.0010 -0.4641 0.8858
vn -0.0002 -0.3187 0.9479
vn -0.0021 -0.0097 1.0000
vn 0.0011 -0.1685 0.9857
vn -0.0016 -0.0095 1.0000
vn 0.0956 0.0110 -0.9954
vn 0.0703 0.1662 -0.9836
vn 0.0416 0.3167 -0.9476
vn -0.7525 -0.0050 0.6586
vn -0.7544 -0.1113 0.6470
vn -0.7544 -0.1112 0.6469
vn -0.7543 -0.2070 0.6230
vn 0.9019 -0.1221 0.4143
vn 0.9423 -0.0546 0.3302
vn -0.9805 0.0622 -0.1864
vn -0.9800 0.0920 -0.1767
vn -0.9424 0.0983 -0.3196
vn -0.9015 0.0014 -0.4327
vn -0.9173 0.0661 -0.3927
vn -0.9606 0.0848 -0.2646
vn -0.9011 0.2043 -0.3825
vn -0.0445 -0.3145 0.9482
vn 0.0017 -0.3144 0.9493
vn -0.0565 -0.0106 0.9983
vn 0.0009 -0.1702 0.9854
vn -0.0018 -0.0101 0.9999
vn -0.0520 0.1659 -0.9848
vn -0.0482 0.0112 -0.9988
vn -0.0408 0.0105 -0.9991
vn -0.0475 0.3183 -0.9468
vn -0.0499 0.3169 -0.9472
vn -0.9691 0.0105 0.2464
vn -0.9474 -0.0117 0.3199
vn -0.9687 0.0172 0.2477
vn -0.9474 -0.1111 0.3003
vn -0.8932 0.1104 -0.4358
vn -0.8934 -0.0293 -0.4484
vn -0.9014 -0.0291 -0.4321
vn -0.9309 -0.0493 -0.3619
vn -0.8400 0.0699 0.5381
vn -0.9978 -0.0154 0.0640
vn -0.9984 0.0039 0.0568
vn -0.9072 -0.2413 0.3445
vn -0.6759 0.0494 0.7354
vn -0.6780 -0.1828 0.7119
vn -0.9980 0.0043 0.0638
vn -0.9979 -0.0158 0.0624
vn -0.8946 0.1089 -0.4335
vn -0.9993 0.0115 -0.0360
vn -0.9599 -0.0450 -0.2768
vn -0.9805 0.0013 -0.1967
vn -0.9799 -0.0290 -0.1972
vn -0.9799 0.0024 -0.1994
vn 0.0212 0.0156 -0.9997
vn 0.0017 -0.1456 -0.9893
vn 0.0024 0.1441 0.9896
vn 0.0534 -0.1477 -0.9876
vn 0.0012 -0.1544 -0.9880
vn -0.7536 -0.0049 0.6574
vn -0.7702 0.0927 0.6310
vn -0.7703 0.0928 0.6309
vn -0.0026 0.3288 -0.9444
vn 0.0013 -0.1684 0.9857
vn -0.7554 -0.2063 0.6220
vn -0.9799 0.0336 -0.1968
vn -0.9799 0.0636 -0.1892
vn -0.8934 -0.0669 -0.4442
vn -0.9475 0.0560 0.3147
vn -0.9469 -0.0458 0.3184
vn -0.0493 -0.1690 0.9844
vn -0.0461 0.1475 0.9880
vn 0.0026 0.1491 0.9888
vn -0.0610 -0.1469 -0.9873
vn -0.0656 -0.1455 -0.9872
vn -0.0532 0.1651 -0.9848
vn -0.9805 0.0330 -0.1936
vn -0.8409 0.3472 0.4151
vn -0.8420 0.3008 0.4478
vn -0.8410 0.3470 0.4150
vn -0.8419 0.3008 0.4481
vn -0.8376 0.2567 0.4823
vn -0.8376 0.2564 0.4823
vn -0.8421 0.2012 0.5003
vn -0.7656 -0.3742 -0.5233
vn -0.8129 -0.3256 -0.4829
vn -0.8143 -0.3719 -0.4457
vn -0.7561 -0.3865 -0.5282
vn -0.8129 -0.2731 -0.5144
vn -0.8088 -0.2195 -0.5456
vn -0.8118 -0.2179 -0.5417
vn -0.0665 0.6391 0.7662
vn -0.0997 0.5559 0.8253
vn -0.1004 0.5560 0.8251
vn -0.1021 0.4666 0.8785
vn -0.1011 0.4664 0.8788
vn -0.0710 0.3722 0.9254
vn -0.0689 0.3723 0.9256
vn -0.7660 -0.2598 -0.5880
vn -0.7956 -0.2696 -0.5425
vn -0.9580 -0.1438 -0.2479
vn -0.9757 -0.1012 -0.1945
vn -0.9895 -0.0063 -0.1441
vn -0.8115 -0.2299 -0.5372
vn -0.7791 -0.3033 -0.5487
vn -0.7910 -0.2449 -0.5606
vn -0.8192 -0.2149 -0.5317
vn -0.9923 -0.0475 -0.1140
vn -0.7148 0.4562 -0.5300
vn -0.8202 0.3012 -0.4864
vn -0.8265 0.2267 -0.5152
vn -0.6728 -0.0328 -0.7391
vn -0.6102 0.0175 -0.7921
vn -0.6423 0.0728 -0.7630
vn -0.4433 -0.0689 -0.8937
vn -0.7020 -0.0211 -0.7119
vn -0.6037 -0.0917 -0.7919
vn -0.8665 0.4992 -0.0014
vn -0.7414 0.6708 0.0198
vn -0.7039 0.7002 0.1193
vn -0.4456 -0.4924 -0.7477
vn -0.4125 -0.5852 -0.6981
vn -0.5274 -0.5444 -0.6523
vn -0.0032 0.8396 -0.5432
vn -0.0671 0.8648 -0.4976
vn -0.0753 0.8266 -0.5578
vn -0.0002 0.8155 -0.5787
vn -0.0734 0.7983 -0.5978
vn 0.0003 0.4241 -0.9056
vn -0.0665 0.4461 -0.8925
vn -0.0762 0.3877 -0.9186
vn 0.0062 0.9813 0.1925
vn -0.0602 0.9399 0.3361
vn -0.0523 0.9832 0.1749
vn 0.0042 0.3642 -0.9313
vn -0.0519 0.2763 -0.9597
vn 0.8131 -0.2986 -0.4998
vn 0.8109 -0.3987 -0.4283
vn 0.8109 -0.3988 -0.4283
vn 0.8131 -0.1887 -0.5508
vn 0.8133 -0.2982 -0.4996
vn 0.0219 0.6413 0.7670
vn 0.0561 0.3677 0.9282
vn 0.0211 0.3731 0.9275
vn 0.1464 0.7190 0.6795
vn 0.7484 0.3141 0.5842
vn 0.7565 0.2710 0.5953
vn 0.1536 -0.6725 -0.7240
vn 0.1535 -0.5077 -0.8478
vn 0.1537 -0.6726 -0.7239
vn 0.1534 -0.5075 -0.8479
vn 0.1536 -0.3204 -0.9348
vn -0.0000 -0.6806 -0.7326
vn -0.0000 -0.5138 -0.8579
vn -0.0000 -0.3241 -0.9460
vn 1.0000 0.0026 0.0057
vn 0.9997 0.0197 0.0135
vn 0.9999 0.0075 0.0075
vn 0.9428 -0.0084 0.3332
vn 0.8402 0.2638 0.4737
vn 0.8535 0.1750 0.4909
vn 0.7905 0.3378 0.5108
vn 0.8002 0.2763 0.5323
vn 0.8086 0.2276 0.5426
vn -0.6448 0.3764 -0.6653
vn -0.8657 0.3274 -0.3787
vn 0.9713 0.1095 0.2111
vn 0.9420 0.1313 0.3088
vn 0.9676 0.0954 0.2338
vn 0.7700 0.3424 0.5384
vn 0.9434 0.1656 0.2874
vn 0.9336 0.2032 0.2951
vn 0.9395 0.1081 0.3250
vn -0.8377 0.1494 0.5253
vn -0.8426 0.2010 0.4996
vn -0.8404 0.0929 0.5340
vn -0.8373 0.1493 0.5260
vn -0.8405 0.0931 0.5337
vn -0.8129 -0.1595 -0.5601
vn -0.7893 -0.1080 -0.6044
vn -0.8128 -0.0994 -0.5740
vn -0.1013 0.2719 0.9570
vn -0.1020 0.2717 0.9569
vn -0.1076 0.1720 0.9792
vn -0.1068 0.1715 0.9794
vn -0.0771 0.0678 0.9947
vn -0.9749 -0.0595 -0.2145
vn -0.7874 -0.1704 -0.5924
vn -0.7909 -0.2126 -0.5738
vn -0.7641 -0.2101 -0.6099
vn -0.6862 -0.6456 -0.3351
vn -0.8195 -0.5552 -0.1417
vn -0.7673 -0.6335 -0.0993
vn -0.4990 -0.5679 -0.6546
vn -0.6714 -0.5403 -0.5073
vn -0.6445 -0.5785 -0.4999
vn -0.6918 -0.4956 -0.5252
vn -0.7420 -0.4698 0.4782
vn -0.8230 -0.4274 0.3742
vn -0.4467 -0.1610 -0.8801
vn -0.0032 -0.9816 0.1909
vn -0.0675 -0.9683 0.2405
vn -0.0007 -0.9698 0.2438
vn -0.0011 -0.9889 0.1486
vn -0.2527 -0.9250 0.2838
vn 0.0005 -0.9335 -0.3587
vn -0.0692 -0.9387 -0.3377
vn 0.0003 -0.9516 -0.3073
vn 0.0084 -0.5806 0.8141
vn -0.1811 -0.9262 -0.3307
vn 0.8128 -0.1889 -0.5511
vn 0.8597 0.1037 0.5002
vn 0.8070 0.1543 0.5701
vn 0.7907 0.1129 0.6017
vn -0.9026 -0.4204 0.0930
vn 0.9722 0.0708 0.2230
vn 0.9444 0.1011 0.3128
vn 0.9543 0.0815 0.2877
vn -0.6645 -0.6913 -0.2836
vn -0.0727 -0.9864 0.1472
vn -0.8122 0.1475 0.5645
vn -0.5768 0.7604 -0.2986
vn -0.9766 -0.0802 -0.1995
vn -0.8866 -0.1260 -0.4450
vn -0.7059 -0.0022 0.7084
vn 0.9371 0.3134 0.1535
vn 0.3939 0.6452 0.6546
vn 0.6963 0.6504 0.3035
vn 0.7698 0.4367 0.4655
vn 0.9149 0.1818 0.3605
vn 0.8607 0.1762 0.4777
vn 0.9076 0.1791 0.3796
vn 0.8492 0.2456 0.4676
vn -0.3734 -0.9063 -0.1979
vn -0.3960 -0.7573 0.5193
vn -0.5938 -0.2446 -0.7666
vn 0.9032 0.1362 0.4070
vn 0.8482 0.1469 0.5089
vn 0.0057 -0.9835 0.1807
vn -0.8438 0.5364 0.0131
vn -0.9274 -0.1396 -0.3471
vn -0.0019 0.8718 -0.4899
vn 0.0009 0.4731 -0.8810
vn 0.0138 0.1694 0.9854
vn 0.0128 0.9392 0.3432
vn -0.9372 -0.2950 -0.1860
vn -0.5938 -0.8034 0.0444
vn -0.7844 -0.2345 -0.5742
vn -0.7954 -0.1501 -0.5872
vn -0.0007 -0.4452 -0.8954
vn 0.0061 -0.5810 -0.8139
vn 0.0036 -0.5811 -0.8138
vn -0.0008 -0.2991 -0.9542
vn -0.0003 0.3020 0.9533
vn 0.0027 0.1441 0.9896
vn -0.0015 0.3016 0.9534
vn 0.0022 0.5830 0.8124
vn -0.0004 0.4425 0.8968
vn -0.0012 0.4428 0.8966
vn 0.1026 -0.4423 -0.8910
vn 0.0228 -0.4434 -0.8960
vn 0.1025 -0.2982 -0.9490
vn -0.7693 0.3725 0.5190
vn -0.7555 0.2912 0.5868
vn -0.7713 0.3714 0.5168
vn -0.7556 0.1967 0.6248
vn 0.9014 0.1464 0.4075
vn 0.9424 0.1503 0.2987
vn -0.9805 -0.0591 -0.1875
vn -0.9804 -0.0284 -0.1949
vn -0.9179 -0.1795 -0.3540
vn -0.9463 -0.1031 -0.3064
vn -0.9178 -0.1158 -0.3797
vn -0.0412 0.2997 0.9531
vn 0.0003 0.2999 0.9540
vn -0.0477 0.5800 0.8132
vn 0.0004 0.4442 0.8959
vn 0.0007 0.5796 0.8149
vn -0.0629 -0.4425 -0.8946
vn -0.0654 -0.5749 -0.8156
vn -0.0607 -0.4436 -0.8942
vn -0.0627 -0.3002 -0.9518
vn -0.0610 -0.2992 -0.9522
vn -0.9693 0.1535 0.1923
vn -0.9475 0.1777 0.2658
vn -0.9682 0.1603 0.1918
vn -0.9476 0.0876 0.3071
vn -0.8912 -0.1693 -0.4209
vn -0.8935 -0.2893 -0.3435
vn -0.8966 -0.2895 -0.3351
vn -0.8405 0.3724 0.3936
vn -0.9977 0.0253 0.0629
vn -0.9982 0.0384 0.0463
vn -0.9061 0.0116 0.4228
vn -0.6755 0.4730 0.5656
vn -0.6702 0.2769 0.6886
vn -0.9438 0.0202 -0.3299
vn -0.9980 0.0410 0.0491
vn -0.9980 0.0238 0.0592
vn -0.8935 -0.1676 -0.4167
vn -0.8938 -0.0303 -0.4475
vn -0.9624 -0.1918 -0.1921
vn -0.9805 -0.1370 -0.1411
vn -0.9799 -0.1158 -0.1622
vn -0.9804 -0.1145 -0.1604
vn -0.0028 -0.6973 -0.7168
vn -0.0027 0.6978 0.7163
vn 0.0038 0.5832 0.8123
vn 0.1138 -0.6917 -0.7132
vn 0.0286 -0.7008 -0.7128
vn -0.7454 0.4630 0.4796
vn -0.7448 0.4634 0.4801
vn -0.9450 -0.0480 -0.3236
vn -0.7545 0.1966 0.6262
vn -0.7544 0.2920 0.5879
vn -0.9799 -0.0877 -0.1790
vn -0.9799 -0.0607 -0.1900
vn -0.9034 -0.2989 -0.3075
vn -0.9474 0.2309 0.2215
vn -0.9477 0.1494 0.2819
vn -0.0417 0.4439 0.8951
vn -0.0583 0.6976 0.7141
vn -0.0013 0.6981 0.7160
vn -0.0505 -0.7013 -0.7111
vn -0.0633 -0.5759 -0.8150
vn -0.0468 -0.7029 -0.7097
vn -0.9805 -0.0874 -0.1762
vn -0.8415 0.5240 0.1316
vn -0.8434 0.5045 0.1848
vn -0.8414 0.5242 0.1316
vn -0.8435 0.5042 0.1849
vn -0.8434 0.4824 0.2365
vn -0.8414 0.4578 0.2870
vn -0.8435 0.4824 0.2363
vn -0.7647 -0.6111 -0.2042
vn -0.8131 -0.5467 -0.1998
vn -0.8145 -0.5626 -0.1415
vn -0.7571 -0.6218 -0.2005
vn -0.8129 -0.5230 -0.2563
vn -0.7979 -0.5479 -0.2513
vn -0.8122 -0.4944 -0.3096
vn -0.0756 0.9671 0.2428
vn -0.0717 0.9366 0.3430
vn -0.0716 0.9366 0.3430
vn -0.0717 0.8960 0.4383
vn -0.0723 0.8959 0.4383
vn -0.0950 0.8430 0.5295
vn -0.0952 0.8429 0.5295
vn -0.7687 -0.5545 -0.3188
vn -0.9602 -0.2552 -0.1139
vn -0.9758 -0.1956 -0.0979
vn -0.9895 -0.0909 -0.1124
vn -0.8116 -0.5017 -0.2992
vn -0.7738 -0.5734 -0.2692
vn -0.7907 -0.5280 -0.3099
vn -0.8204 -0.4855 -0.3021
vn -0.9923 -0.1045 -0.0666
vn -0.7125 0.0515 -0.6998
vn -0.8179 -0.0380 -0.5741
vn -0.8272 -0.1201 -0.5489
vn -0.6716 -0.4628 -0.5785
vn -0.6129 -0.4511 -0.6487
vn -0.6395 -0.3905 -0.6622
vn -0.4385 -0.5854 -0.6819
vn -0.7008 -0.4336 -0.5664
vn -0.6041 -0.5373 -0.5885
vn -0.8655 0.4020 -0.2988
vn -0.7430 0.5533 -0.3765
vn -0.7021 0.6394 -0.3134
vn -0.4479 -0.8357 -0.3176
vn -0.4119 -0.8840 -0.2210
vn -0.5237 -0.8264 -0.2069
vn -0.0054 0.3595 -0.9331
vn -0.0680 0.4068 -0.9110
vn -0.0780 0.3407 -0.9369
vn -0.0031 0.3197 -0.9475
vn -0.0777 0.2911 -0.9535
vn 0.0002 -0.1880 -0.9822
vn -0.0670 -0.1673 -0.9836
vn -0.0836 -0.2281 -0.9701
vn 0.0068 0.9065 -0.4220
vn -0.0587 0.9584 -0.2795
vn -0.0524 0.8970 -0.4390
vn 0.0073 -0.2754 -0.9613
vn -0.0507 -0.3206 -0.9459
vn 0.8113 -0.5736 -0.1129
vn 0.8126 -0.5361 -0.2288
vn 0.8113 -0.5735 -0.1130
vn 0.8129 -0.4766 -0.3348
vn 0.8127 -0.5360 -0.2286
vn 0.0223 0.9699 0.2425
vn 0.0556 0.8427 0.5355
vn 0.0223 0.8467 0.5316
vn 0.1447 0.9809 0.1299
vn 0.7496 0.5926 0.2948
vn 0.7556 0.5699 0.3229
vn 0.1531 -0.9698 -0.1900
vn 0.1524 -0.9089 -0.3883
vn 0.1535 -0.9698 -0.1896
vn 0.1524 -0.9090 -0.3879
vn 0.1532 -0.8085 -0.5682
vn -0.0000 -0.9814 -0.1919
vn -0.0000 -0.9199 -0.3921
vn -0.0000 -0.8180 -0.5752
vn 1.0000 0.0054 0.0031
vn 0.9997 0.0245 -0.0003
vn 0.9999 0.0105 0.0016
vn 0.9442 0.1924 0.2675
vn 0.8404 0.4916 0.2281
vn 0.8535 0.4300 0.2945
vn 0.7910 0.5730 0.2144
vn 0.8006 0.5360 0.2679
vn 0.8087 0.5030 0.3048
vn -0.6459 -0.0833 -0.7589
vn -0.8663 0.0419 -0.4977
vn 0.9713 0.2124 0.1068
vn 0.9414 0.2885 0.1750
vn 0.9675 0.2151 0.1334
vn 0.7697 0.5938 0.2345
vn 0.9440 0.3012 0.1349
vn 0.9368 0.3277 0.1228
vn 0.9396 0.2783 0.1991
vn -0.8417 0.4252 0.3328
vn -0.8414 0.4579 0.2871
vn -0.8442 0.3847 0.3731
vn -0.8416 0.4251 0.3332
vn -0.8442 0.3848 0.3731
vn -0.8066 -0.4655 -0.3644
vn -0.8128 -0.4585 -0.3594
vn -0.7894 -0.4427 -0.4253
vn -0.8129 -0.4183 -0.4053
vn -0.0774 0.7851 0.6145
vn -0.0768 0.7854 0.6143
vn -0.0767 0.7159 0.6940
vn -0.0763 0.7161 0.6938
vn -0.0660 0.6392 0.7662
vn -0.9750 -0.1743 -0.1380
vn -0.9995 -0.0036 0.0305
vn -0.7886 -0.4853 -0.3776
vn -0.7914 -0.5076 -0.3405
vn -0.7645 -0.5257 -0.3731
vn -0.6860 -0.7200 0.1053
vn -0.8167 -0.5348 0.2168
vn -0.7642 -0.5737 0.2946
vn -0.5030 -0.8413 -0.1980
vn -0.6717 -0.7349 -0.0934
vn -0.6403 -0.7655 -0.0639
vn -0.6961 -0.7058 -0.1312
vn -0.7404 -0.1000 0.6647
vn -0.8241 -0.1232 0.5528
vn -0.4483 -0.6485 -0.6152
vn -0.0043 -0.6829 0.7305
vn -0.0699 -0.6437 0.7621
vn -0.0011 -0.6359 0.7718
vn -0.0036 -0.7135 0.7006
vn -0.2478 -0.5832 0.7736
vn 0.0001 -0.9661 0.2583
vn -0.0675 -0.9579 0.2791
vn -0.0015 -0.9500 0.3122
vn 0.0068 0.0157 0.9999
vn -0.3902 0.4937 0.7772
vn -0.1862 -0.9432 0.2750
vn 0.8127 -0.4768 -0.3350
vn 0.8597 0.3778 0.3438
vn 0.8071 0.4595 0.3707
vn 0.7910 0.4441 0.4208
vn -0.9032 -0.2822 0.3235
vn 0.9722 0.1889 0.1382
vn 0.9429 0.2717 0.1927
vn 0.9546 0.2351 0.1831
vn -0.6626 -0.7285 0.1742
vn -0.0807 -0.7299 0.6787
vn -0.8138 0.4511 0.3663
vn -0.5837 0.4416 -0.6814
vn -0.9765 -0.1829 -0.1142
vn -0.8867 -0.3611 -0.2888
vn -0.0593 0.7108 0.7009
vn -0.7090 0.4118 0.5724
vn 0.9354 0.3480 -0.0621
vn 0.3935 0.9001 0.1871
vn 0.6926 0.7106 -0.1241
vn 0.7735 0.6226 0.1187
vn 0.9168 0.3533 0.1860
vn 0.8616 0.4221 0.2820
vn 0.9069 0.3695 0.2023
vn 0.8487 0.4745 0.2334
vn -0.3747 -0.8448 0.3819
vn -0.4010 -0.3142 0.8605
vn -0.5981 -0.6400 -0.4824
vn 0.9043 0.3495 0.2452
vn 0.8485 0.4173 0.3253
vn 0.0037 -0.6736 0.7391
vn -0.8418 0.4438 -0.3072
vn -0.9281 -0.3154 -0.1978
vn -0.7168 -0.6847 -0.1319
vn -0.0004 0.4162 -0.9093
vn -0.0006 -0.1349 -0.9909
vn 0.0127 0.9595 -0.2813
vn 0.0137 0.7218 0.6920
vn -0.5969 -0.6220 0.5069
vn -0.7840 -0.5280 -0.3265
vn -0.7990 -0.5010 -0.3327
vn -0.0010 -0.8852 -0.4652
vn 0.0293 -0.9477 -0.3179
vn -0.0011 -0.9483 -0.3173
vn 0.0020 -0.8045 -0.5939
vn 0.0025 0.8050 0.5933
vn -0.0032 0.6977 0.7164
vn 0.0028 0.8050 0.5933
vn -0.0009 0.9479 0.3187
vn -0.0014 0.8859 0.4639
vn -0.0004 0.9479 0.3185
vn 0.1118 -0.9418 -0.3172
vn 0.0044 -0.8832 -0.4689
vn 0.0738 -0.8841 -0.4614
vn 0.0740 -0.8016 -0.5933
vn -0.7413 0.6369 0.2119
vn -0.7538 0.5821 0.3050
vn -0.7412 0.6369 0.2119
vn -0.7427 0.5390 0.3973
vn 0.9027 0.3551 0.2431
vn 0.9423 0.2975 0.1535
vn -0.9799 -0.1604 -0.1187
vn -0.9806 -0.1579 -0.1163
vn -0.9406 -0.2770 -0.1964
vn -0.9009 -0.4122 -0.1358
vn -0.9117 -0.3643 -0.1897
vn -0.9166 -0.3194 -0.2407
vn -0.0606 0.8012 0.5954
vn -0.0004 0.8031 0.5959
vn 0.0001 0.9491 0.3150
vn -0.0540 0.8831 0.4660
vn 0.0022 0.8848 0.4660
vn -0.0472 -0.9473 -0.3170
vn -0.0530 -0.8838 -0.4649
vn -0.0472 -0.9473 -0.3169
vn -0.0483 -0.8021 -0.5952
vn -0.0494 -0.8025 -0.5946
vn -0.9734 0.2204 -0.0619
vn -0.9475 0.2872 0.1408
vn -0.9478 0.2992 0.1100
vn -0.9472 0.2522 0.1981
vn -0.9909 -0.0348 0.1304
vn -0.8909 -0.4404 -0.1107
vn -0.8956 -0.3765 -0.2370
vn -0.8909 -0.4407 -0.1097
vn -0.8979 -0.3692 -0.2398
vn -0.8986 0.4304 0.0851
vn -0.9977 0.0651 0.0161
vn -0.8375 0.5307 0.1305
vn -0.9981 0.0520 0.0323
vn -0.6781 0.7137 0.1755
vn -0.6779 0.6230 0.3902
vn -0.8930 -0.3814 -0.2390
vn -0.9995 -0.0240 -0.0225
vn -0.9600 -0.2766 -0.0443
vn -0.9799 -0.1893 -0.0634
vn -0.9805 -0.1938 -0.0331
vn -0.9799 -0.1966 -0.0334
vn 0.0011 -0.9859 -0.1676
vn 0.0016 0.9857 0.1682
vn 0.0761 -0.9829 -0.1678
vn 0.0076 -0.9866 -0.1632
vn -0.7539 0.6473 0.1126
vn -0.9328 -0.2787 -0.2283
vn 0.0112 -0.8007 -0.5989
vn -0.0005 0.8861 0.4635
vn -0.7434 0.5385 0.3967
vn -0.7551 0.5806 0.3045
vn -0.9805 -0.1742 -0.0911
vn -0.9798 -0.1766 -0.0932
vn -0.8952 -0.4388 -0.0782
vn -0.9474 0.3171 0.0436
vn 0.0012 0.9860 0.1667
vn -0.0490 0.9479 0.3147
vn -0.0477 -0.9850 -0.1658
vn -0.0490 -0.9849 -0.1659
vn -0.8376 0.5257 -0.1487
vn -0.8424 0.4996 -0.2017
vn -0.8424 0.4996 -0.2018
vn -0.8418 0.5316 -0.0936
vn -0.8376 0.5256 -0.1491
vn -0.8410 0.5397 -0.0374
vn -0.8419 0.5315 -0.0931
vn -0.7659 -0.6133 0.1932
vn -0.8152 -0.5572 0.1582
vn -0.8144 -0.5382 0.2170
vn -0.7562 -0.6213 0.2054
vn -0.8126 -0.5739 0.1013
vn -0.8082 -0.5875 0.0404
vn -0.8120 -0.5822 0.0404
vn -0.0686 0.9591 -0.2746
vn -0.0688 0.9255 -0.3724
vn -0.0696 0.9592 -0.2740
vn -0.0996 0.9803 -0.1703
vn -0.0996 0.9803 -0.1704
vn -0.0664 0.9954 -0.0695
vn -0.0659 0.9954 -0.0695
vn -0.7655 -0.6397 0.0690
vn -0.7945 -0.6008 0.0884
vn -0.9596 -0.2749 0.0595
vn -0.9757 -0.2164 0.0357
vn -0.9894 -0.1399 -0.0380
vn -0.8117 -0.5817 0.0527
vn -0.7780 -0.6168 0.1193
vn -0.7913 -0.6084 0.0606
vn -0.8215 -0.5691 0.0365
vn -0.9923 -0.1233 0.0085
vn -0.7136 -0.3658 -0.5974
vn -0.8201 -0.3694 -0.4369
vn -0.8245 -0.4205 -0.3788
vn -0.6740 -0.7123 -0.1959
vn -0.6101 -0.7479 -0.2617
vn -0.6418 -0.7037 -0.3047
vn -0.4423 -0.8724 -0.2081
vn -0.7034 -0.6821 -0.1998
vn -0.6040 -0.7809 -0.1591
vn -0.8660 0.1488 -0.4773
vn -0.7414 0.2268 -0.6316
vn -0.7038 0.3328 -0.6276
vn -0.4446 -0.8645 0.2347
vn -0.4127 -0.8450 0.3400
vn -0.5259 -0.7886 0.3186
vn -0.0041 -0.2577 -0.9662
vn -0.0653 -0.2077 -0.9760
vn -0.0833 -0.2757 -0.9576
vn -0.0026 -0.2969 -0.9549
vn -0.0747 -0.3211 -0.9441
vn 0.0001 -0.7304 -0.6830
vn -0.0688 -0.7133 -0.6975
vn -0.0786 -0.7546 -0.6515
vn 0.0073 0.4842 -0.8749
vn -0.0647 0.6119 -0.7883
vn -0.0500 0.4705 -0.8810
vn 0.0060 -0.7831 -0.6219
vn -0.0505 -0.8177 -0.5735
vn 0.8129 -0.5677 0.1299
vn 0.8118 -0.5296 0.2461
vn 0.8114 -0.5300 0.2463
vn 0.8129 -0.5823 0.0097
vn 0.8131 -0.5675 0.1294
vn 0.1259 0.9554 -0.2673
vn 0.0219 0.9974 -0.0684
vn 0.0214 0.9276 -0.3729
vn 0.7489 0.6530 -0.1134
vn 0.7558 0.6506 -0.0740
vn 0.1772 0.9826 0.0558
vn 0.1528 -0.8963 0.4163
vn 0.1534 -0.9632 0.2209
vn 0.1524 -0.8963 0.4164
vn 0.1536 -0.9631 0.2209
vn 0.1538 -0.9880 0.0160
vn -0.0000 -0.9069 0.4213
vn -0.0000 -0.9747 0.2236
vn -0.0000 -0.9748 0.2233
vn -0.0000 -0.9999 0.0161
vn 1.0000 0.0062 -0.0007
vn 0.9997 0.0195 -0.0146
vn 0.9999 0.0094 -0.0049
vn 0.9448 0.3103 0.1056
vn 0.8415 0.5301 -0.1047
vn 0.8528 0.5220 -0.0144
vn 0.7909 0.5897 -0.1636
vn 0.8006 0.5909 -0.0993
vn 0.8090 0.5857 -0.0493
vn -0.6520 -0.5112 -0.5600
vn -0.8668 -0.2584 -0.4265
vn 0.9716 0.2335 -0.0382
vn 0.9413 0.3365 -0.0275
vn 0.9672 0.2535 -0.0182
vn 0.7706 0.6170 -0.1596
vn 0.9438 0.3233 -0.0687
vn 0.9343 0.3427 -0.0985
vn 0.9391 0.3436 -0.0025
vn -0.8416 0.5398 0.0198
vn -0.8409 0.5399 -0.0374
vn -0.8416 0.5397 0.0200
vn -0.8416 0.5347 0.0760
vn -0.8417 0.5346 0.0759
vn -0.8134 -0.5813 -0.0222
vn -0.7899 -0.6076 -0.0835
vn -0.8148 -0.5740 -0.0814
vn -0.0765 0.9964 0.0362
vn -0.0769 0.9964 0.0360
vn -0.0767 0.9872 0.1401
vn -0.0767 0.9871 0.1404
vn -0.0758 0.9671 0.2428
vn -0.9749 -0.2225 -0.0094
vn -0.7887 -0.6145 -0.0214
vn -0.7900 -0.6125 0.0267
vn -0.7638 -0.6455 0.0073
vn -0.6849 -0.5228 0.5076
vn -0.8201 -0.3063 0.4834
vn -0.7644 -0.2906 0.5755
vn -0.5025 -0.7973 0.3343
vn -0.6730 -0.6497 0.3534
vn -0.6381 -0.6571 0.4013
vn -0.6924 -0.6507 0.3117
vn -0.7424 0.3093 0.5942
vn -0.8224 0.2245 0.5228
vn -0.4474 -0.8870 -0.1138
vn -0.0034 -0.1234 0.9924
vn -0.0676 -0.0729 0.9951
vn -0.0008 -0.0607 0.9982
vn -0.0027 -0.1671 0.9859
vn -0.2436 -0.0185 0.9697
vn -0.0004 -0.6309 0.7759
vn -0.0647 -0.6098 0.7899
vn -0.0020 -0.5884 0.8085
vn 0.0067 0.6008 0.7994
vn -0.1850 -0.6035 0.7756
vn 0.8131 -0.5820 0.0100
vn 0.1537 -0.9880 0.0160
vn 0.8597 0.5077 0.0562
vn 0.8070 0.5897 0.0302
vn 0.7903 0.6076 0.0786
vn -0.9032 -0.0422 0.4271
vn 0.9723 0.2339 0.0011
vn 0.9430 0.3328 -0.0039
vn 0.9543 0.2986 0.0110
vn -0.6651 -0.4834 0.5691
vn -0.0783 -0.1878 0.9791
vn -0.8149 0.5784 0.0362
vn -0.5797 -0.0451 -0.8136
vn -0.9764 -0.2153 0.0147
vn -0.8883 -0.4592 -0.0105
vn -0.7066 0.6711 0.2243
vn 0.9356 0.2466 -0.2527
vn 0.3972 0.8286 -0.3946
vn 0.6956 0.4905 -0.5250
vn 0.7712 0.5761 -0.2709
vn 0.9146 0.3998 -0.0607
vn 0.8615 0.5073 -0.0204
vn 0.9065 0.4190 -0.0528
vn 0.8477 0.5227 -0.0902
vn -0.3708 -0.4565 0.8088
vn -0.3980 0.2556 0.8810
vn -0.5942 -0.8043 -0.0058
vn 0.9042 0.4271 -0.0073
vn 0.8481 0.5296 0.0176
vn 0.0051 -0.1154 0.9933
vn -0.8424 0.1786 -0.5083
vn -0.9272 -0.3734 0.0287
vn -0.0013 -0.2015 -0.9795
vn -0.0007 -0.6934 -0.7206
vn -0.3602 0.8953 -0.2622
vn 0.0134 0.6149 -0.7885
vn 0.0141 0.9908 0.1343
vn -0.9345 -0.2759 0.2250
vn -0.5942 -0.2108 0.7762
vn -0.7841 -0.6189 0.0459
vn -0.7963 -0.6036 -0.0398
vn -0.0006 -0.9894 0.1449
vn 0.0251 -0.9536 0.3001
vn 0.0008 -0.9543 0.2989
vn -0.0007 -1.0000 -0.0095
vn -0.0001 1.0000 0.0076
vn 0.0018 0.9858 0.1682
vn -0.0009 1.0000 0.0078
vn 0.0006 0.9545 -0.2984
vn -0.0002 0.9898 -0.1424
vn -0.0008 0.9898 -0.1426
vn 0.0654 -0.9878 0.1411
vn 0.0023 -0.9905 0.1373
vn 0.0249 -0.9997 -0.0046
vn -0.7544 0.6263 -0.1966
vn -0.7460 0.6591 -0.0953
vn -0.7546 0.6261 -0.1965
vn -0.7442 0.6680 0.0047
vn -0.7539 0.6472 0.1125
vn -0.7440 0.6682 0.0047
vn 0.9029 0.4296 -0.0109
vn 0.9424 0.3308 -0.0497
vn -0.9799 -0.1993 -0.0014
vn -0.9805 -0.1965 -0.0017
vn -0.9125 -0.4045 0.0614
vn -0.9441 -0.3298 0.0025
vn -0.9629 -0.2699 0.0015
vn -0.0572 0.9983 0.0086
vn -0.0059 0.9999 0.0082
vn -0.0001 0.9539 -0.3002
vn -0.0506 0.9883 -0.1438
vn 0.0030 0.9895 -0.1448
vn -0.0492 -0.9880 0.1464
vn -0.0588 -0.9527 0.2981
vn -0.0608 -0.9523 0.2992
vn -0.0464 -0.9989 -0.0101
vn -0.0455 -0.9989 -0.0107
vn -0.9699 0.2274 -0.0866
vn -0.9472 0.3084 -0.0877
vn -0.9674 0.2350 -0.0942
vn -0.9473 0.3202 0.0123
vn -0.8923 -0.4189 0.1685
vn -0.8949 -0.4453 0.0303
vn -0.8914 -0.4204 0.1694
vn -0.9032 -0.4283 0.0297
vn -0.8983 0.4010 -0.1798
vn -0.9978 0.0618 -0.0249
vn -0.8357 0.5094 -0.2051
vn -0.6719 0.6871 -0.2766
vn -0.6763 0.7350 -0.0489
vn -0.9984 0.0563 -0.0039
vn -0.8943 -0.4465 0.0306
vn -0.8937 -0.4351 -0.1093
vn -0.9615 -0.2447 0.1254
vn -0.9799 -0.1903 0.0595
vn -0.9805 -0.1760 0.0873
vn -0.9799 -0.1786 0.0888
vn 0.0006 -0.8955 0.4451
vn 0.0012 0.9545 -0.2981
vn 0.0008 0.8952 -0.4457
vn 0.0009 0.8951 -0.4459
vn 0.1046 -0.9479 0.3008
vn 0.0226 -0.8941 0.4473
vn -0.7547 0.5876 -0.2917
vn -0.7545 0.5878 -0.2918
vn 0.1146 -0.9934 -0.0063
vn -0.7455 0.6596 -0.0954
vn -0.9805 -0.1945 0.0284
vn -0.9799 -0.1972 0.0288
vn -0.9022 -0.4111 0.1304
vn -0.9201 -0.3918 -0.0026
vn -0.9468 0.2847 -0.1501
vn -0.9477 0.3142 -0.0556
vn -0.0574 0.8946 -0.4432
vn -0.0019 0.8955 -0.4451
vn -0.0590 -0.8937 0.4447
vn -0.0476 -0.9882 0.1453
vn -0.8415 0.2869 -0.4578
vn -0.8416 0.3332 -0.4251
vn -0.8414 0.2870 -0.4579
vn -0.8416 0.3756 -0.3882
vn -0.8416 0.3332 -0.4250
vn -0.8409 0.4154 -0.3468
vn -0.8415 0.3758 -0.3881
vn -0.7646 -0.3833 0.5181
vn -0.8148 -0.3580 0.4560
vn -0.8145 -0.3079 0.4917
vn -0.7562 -0.3808 0.5321
vn -0.8134 -0.4040 0.4185
vn -0.8073 -0.4527 0.3786
vn -0.8121 -0.4480 0.3740
vn -0.0759 0.5296 -0.8448
vn -0.0768 0.6154 -0.7845
vn -0.0768 0.6152 -0.7846
vn -0.0768 0.6939 -0.7159
vn -0.0768 0.6938 -0.7161
vn -0.0771 0.7652 -0.6391
vn -0.0762 0.7654 -0.6390
vn -0.7641 -0.4754 0.4361
vn -0.7962 -0.4331 0.4225
vn -0.9590 -0.1881 0.2118
vn -0.9757 -0.1541 0.1557
vn -0.9896 -0.1351 0.0499
vn -0.8118 -0.4398 0.3842
vn -0.7791 -0.4286 0.4576
vn -0.7900 -0.4597 0.4056
vn -0.8214 -0.4356 0.3681
vn -0.9923 -0.0944 0.0802
vn -0.7154 -0.6452 -0.2682
vn -0.8197 -0.5560 -0.1375
vn -0.8235 -0.5645 -0.0572
vn -0.6728 -0.6922 0.2611
vn -0.6133 -0.7560 0.2286
vn -0.6371 -0.7527 0.1658
vn -0.4392 -0.8300 0.3438
vn -0.7037 -0.6699 0.2366
vn -0.6052 -0.7240 0.3311
vn -0.8670 -0.1559 -0.4732
vn -0.7421 -0.1883 -0.6433
vn -0.7065 -0.1026 -0.7002
vn -0.4467 -0.5627 0.6956
vn -0.4118 -0.4848 0.7716
vn -0.5243 -0.4533 0.7209
vn -0.0042 -0.7763 -0.6304
vn -0.0690 -0.7377 -0.6716
vn -0.0749 -0.7860 -0.6137
vn -0.0010 -0.8046 -0.5938
vn -0.0802 -0.8141 -0.5751
vn -0.0004 -0.9924 -0.1230
vn -0.0650 -0.9867 -0.1491
vn -0.0816 -0.9932 -0.0828
vn 0.0096 -0.1304 -0.9914
vn -0.0578 0.0252 -0.9980
vn -0.0507 -0.1371 -0.9893
vn 0.0037 -0.9978 -0.0669
vn -0.0545 -0.9978 0.0378
vn 0.8114 -0.2840 0.5109
vn 0.8126 -0.3831 0.4392
vn 0.8110 -0.2843 0.5113
vn 0.8127 -0.3830 0.4391
vn 0.8128 -0.4655 0.3503
vn 0.1250 0.6140 -0.7793
vn 0.0221 0.7664 -0.6420
vn 0.0223 0.5310 -0.8471
vn 0.7457 0.4601 -0.4820
vn 0.7558 0.4831 -0.4420
vn 0.1766 0.8279 -0.5323
vn 0.1520 -0.4804 0.8638
vn 0.1535 -0.6495 0.7447
vn 0.1513 -0.4805 0.8638
vn 0.1539 -0.7902 0.5933
vn 0.1537 -0.7902 0.5932
vn -0.0000 -0.4861 0.8739
vn -0.0000 -0.6577 0.7533
vn -0.0000 -0.7995 0.6006
vn 1.0000 0.0046 -0.0042
vn 0.9997 0.0075 -0.0236
vn 0.9999 0.0047 -0.0095
vn 0.9484 0.3036 -0.0912
vn 0.8420 0.3669 -0.3956
vn 0.8515 0.4155 -0.3198
vn 0.7907 0.3809 -0.4793
vn 0.8003 0.4205 -0.4275
vn 0.8086 0.4456 -0.3842
vn -0.6442 -0.7491 -0.1546
vn -0.8663 -0.4604 -0.1936
vn 0.9713 0.1673 -0.1690
vn 0.9414 0.2557 -0.2198
vn 0.9673 0.1937 -0.1639
vn 0.7734 0.4017 -0.4904
vn 0.9434 0.2221 -0.2461
vn 0.9318 0.2174 -0.2905
vn 0.9393 0.2761 -0.2038
vn -0.8417 0.4479 -0.3016
vn -0.8408 0.4155 -0.3469
vn -0.8368 0.4840 -0.2559
vn -0.8420 0.4475 -0.3013
vn -0.8368 0.4838 -0.2563
vn -0.8127 -0.4839 0.3246
vn -0.7888 -0.5417 0.2903
vn -0.8156 -0.5111 0.2712
vn -0.0991 0.8262 -0.5546
vn -0.1007 0.8260 -0.5546
vn -0.0729 0.8809 -0.4676
vn -0.0722 0.8810 -0.4675
vn -0.0689 0.9255 -0.3724
vn -0.9749 -0.1858 0.1229
vn -0.9996 0.0262 0.0134
vn -0.7885 -0.5110 0.3423
vn -0.7899 -0.4793 0.3824
vn -0.7634 -0.5193 0.3841
vn -0.6863 -0.1201 0.7173
vn -0.8198 0.0360 0.5715
vn -0.7632 0.1034 0.6379
vn -0.5019 -0.4475 0.7402
vn -0.6722 -0.3165 0.6693
vn -0.6422 -0.2957 0.7072
vn -0.6904 -0.3437 0.6365
vn -0.7411 0.6021 0.2971
vn -0.8237 0.4879 0.2889
vn -0.4451 -0.7863 0.4284
vn -0.0040 0.4837 0.8752
vn -0.0716 0.5290 0.8456
vn -0.0004 0.5305 0.8477
vn -0.0024 0.4454 0.8953
vn -0.2456 0.5551 0.7947
vn -0.0000 -0.0525 0.9986
vn -0.0686 -0.0288 0.9972
vn -0.0011 0.0037 1.0000
vn 0.0090 0.9542 0.2992
vn -0.1851 -0.0292 0.9823
vn 0.8126 -0.4658 0.3502
vn 0.8599 0.4433 -0.2531
vn 0.8071 0.4948 -0.3221
vn 0.7908 0.5371 -0.2933
vn -0.9029 0.2199 0.3694
vn 0.9724 0.1894 -0.1364
vn 0.9429 0.2671 -0.1989
vn 0.9545 0.2477 -0.1659
vn -0.6651 -0.0575 0.7446
vn -0.0765 0.4459 0.8918
vn -0.9895 0.0117 0.1442
vn -0.5810 -0.5107 -0.6337
vn -0.9764 -0.1655 0.1384
vn -0.8862 -0.3849 0.2577
vn -0.7042 0.6761 -0.2169
vn 0.9366 0.0506 -0.3468
vn 0.3917 0.4317 -0.8125
vn 0.6942 0.1101 -0.7113
vn 0.7701 0.3080 -0.5587
vn 0.9133 0.2907 -0.2852
vn 0.8620 0.3986 -0.3131
vn 0.9071 0.3069 -0.2881
vn 0.8484 0.3693 -0.3792
vn -0.3743 0.1042 0.9215
vn -0.3937 0.7286 0.5604
vn -0.5924 -0.6601 0.4619
vn 0.9038 0.3421 -0.2570
vn 0.8479 0.4395 -0.2967
vn 0.0073 0.4669 0.8843
vn -0.8432 -0.1557 -0.5145
vn -0.9273 -0.2891 0.2377
vn -0.9385 0.1660 -0.3027
vn -0.0012 -0.7406 -0.6720
vn -0.0011 -0.9850 -0.1726
vn 0.0127 0.8871 -0.4615
vn 0.0177 0.0410 -0.9990
vn -0.9371 -0.0858 0.3384
vn -0.5980 0.2961 0.7448
vn -0.7829 -0.4740 0.4029
vn -0.7940 -0.5150 0.3229
vn 0.0004 -0.7152 0.6990
vn 0.0117 -0.5953 0.8034
vn -0.0002 -0.5947 0.8039
vn -0.0010 -0.8141 0.5807
vn -0.0004 0.8131 -0.5821
vn -0.0016 0.8132 -0.5820
vn 0.0002 0.5942 -0.8043
vn 0.0008 0.7165 -0.6975
vn 0.0006 0.7164 -0.6976
vn 0.0945 -0.7119 0.6959
vn 0.0187 -0.7196 0.6942
vn 0.0654 -0.8110 0.5814
vn 0.1046 -0.8922 0.4394
vn -0.7544 0.3897 -0.5283
vn -0.7521 0.4717 -0.4602
vn -0.7544 0.3893 -0.5285
vn -0.7459 0.5419 -0.3872
vn 0.9032 0.3402 -0.2618
vn 0.9424 0.2384 -0.2347
vn -0.9805 -0.1600 0.1143
vn -0.9430 -0.2673 0.1980
vn -0.8990 -0.2573 0.3543
vn -0.9176 -0.2843 0.2777
vn -0.9124 -0.3347 0.2356
vn -0.9022 -0.3869 0.1906
vn 0.0045 0.8163 -0.5776
vn 0.0009 0.5959 -0.8030
vn -0.0537 0.7124 -0.6997
vn -0.0030 0.7139 -0.7002
vn -0.0470 -0.5961 0.8016
vn -0.0465 -0.7137 0.6989
vn -0.0477 -0.5964 0.8013
vn -0.0493 -0.8142 0.5785
vn -0.0606 -0.8942 0.4436
vn -0.9737 0.0090 -0.2275
vn -0.9476 0.2222 -0.2297
vn -0.9474 0.1989 -0.2507
vn -0.9475 0.2653 -0.1785
vn -0.9909 0.1090 0.0790
vn -0.8912 -0.2402 0.3848
vn -0.8943 -0.3429 0.2874
vn -0.8904 -0.2418 0.3857
vn -0.9039 -0.3279 0.2746
vn -0.8958 0.2233 -0.3844
vn -0.9977 0.0359 -0.0567
vn -0.8368 0.2919 -0.4632
vn -0.6731 0.5661 -0.4759
vn -0.6782 0.3909 -0.6223
vn -0.9984 0.0433 -0.0363
vn -0.8947 -0.3422 0.2872
vn -0.8950 -0.4138 0.1664
vn -0.9619 -0.1236 0.2439
vn -0.9805 -0.1171 0.1581
vn -0.9799 -0.0925 0.1765
vn -0.9799 -0.1191 0.1600
vn 0.0295 -0.4637 0.8855
vn -0.0002 -0.4650 0.8853
vn -0.0000 0.4657 -0.8850
vn 0.0742 -0.5939 0.8011
vn -0.7549 0.3058 -0.5802
vn -0.9425 -0.2983 0.1507
vn -0.0053 -0.8133 0.5818
vn -0.7458 0.5420 -0.3873
vn -0.7523 0.4715 -0.4602
vn -0.9799 -0.1428 0.1390
vn -0.9799 -0.1623 0.1158
vn -0.9002 -0.2022 0.3856
vn -0.9478 0.1387 -0.2870
vn -0.0475 0.8151 -0.5773
vn 0.0009 0.4669 -0.8843
vn -0.0460 0.5962 -0.8015
vn -0.0493 -0.4628 0.8851
vn -0.0487 -0.4628 0.8851
vn -0.0456 -0.7133 0.6993
vn -0.0477 -0.8136 0.5795
vn -0.9805 -0.1406 0.1374
vn -0.8442 0.0193 -0.5356
vn -0.8411 -0.0361 -0.5397
vn -0.8418 0.0763 -0.5343
vn -0.8442 0.0192 -0.5356
vn -0.8414 0.1315 -0.5241
vn -0.8417 0.0764 -0.5345
vn -0.7901 -0.0250 0.6125
vn -0.8129 -0.0212 0.5821
vn -0.8114 -0.0820 0.5787
vn -0.8039 -0.0710 0.5905
vn -0.8116 -0.1426 0.5665
vn -0.0774 0.0363 -0.9963
vn -0.0768 0.0363 -0.9964
vn -0.0775 0.1409 -0.9870
vn -0.0769 0.1413 -0.9870
vn -0.0956 0.2415 -0.9657
vn -0.0960 0.2414 -0.9657
vn -0.7646 -0.1290 0.6315
vn -0.9591 -0.0298 0.2816
vn -0.9757 -0.0325 0.2167
vn -0.9896 -0.0788 0.1204
vn -0.8117 -0.1292 0.5695
vn -0.7858 -0.0764 0.6138
vn -0.7904 -0.1321 0.5982
vn -0.8202 -0.1389 0.5549
vn -0.9923 -0.0293 0.1205
vn -0.7130 -0.6816 0.1644
vn -0.8167 -0.5360 0.2138
vn -0.8291 -0.4809 0.2853
vn -0.6723 -0.4060 0.6190
vn -0.6124 -0.4773 0.6302
vn -0.6412 -0.5076 0.5755
vn -0.4437 -0.4733 0.7610
vn -0.7034 -0.4018 0.5864
vn -0.6050 -0.3887 0.6949
vn -0.8661 -0.4076 -0.2894
vn -0.7414 -0.5313 -0.4099
vn -0.7040 -0.4954 -0.5089
vn -0.4482 -0.0457 0.8928
vn -0.0044 -0.9985 -0.0549
vn -0.0690 -0.9919 -0.1066
vn -0.0775 -0.9964 -0.0355
vn -0.0018 -1.0000 -0.0087
vn -0.0747 -0.9971 0.0157
vn 0.0001 -0.8758 0.4826
vn -0.0686 -0.8843 0.4619
vn -0.0804 -0.8529 0.5159
vn 0.0089 -0.6830 -0.7304
vn -0.0654 -0.5682 -0.8203
vn -0.0490 -0.6946 -0.7178
vn 0.0067 -0.8299 0.5579
vn -0.0441 -0.8027 0.5948
vn 0.8118 0.0699 0.5798
vn 0.8130 -0.0515 0.5799
vn 0.8131 -0.0517 0.5798
vn 0.8123 -0.1713 0.5576
vn 0.0553 0.2476 -0.9673
vn 0.0223 0.2428 -0.9698
vn 0.7479 0.0902 -0.6576
vn 0.7561 0.1308 -0.6412
vn 0.1529 -0.0878 0.9843
vn 0.1532 -0.0877 0.9843
vn 0.1531 -0.2902 0.9447
vn 0.1528 -0.2901 0.9447
vn -0.0000 -0.0887 0.9961
vn -0.0000 -0.2932 0.9560
vn 1.0000 0.0013 -0.0061
vn 0.9944 -0.0793 -0.0693
vn 0.9409 0.2046 -0.2699
vn 0.8419 0.0644 -0.5359
vn 0.8516 0.1481 -0.5029
vn 0.7909 0.0260 -0.6113
vn 0.8005 0.0889 -0.5927
vn 0.8090 0.1351 -0.5721
vn -0.6460 -0.6958 0.3141
vn -0.8662 -0.4868 0.1132
vn 0.9713 0.0363 -0.2350
vn 0.9416 0.0777 -0.3275
vn 0.9674 0.0604 -0.2458
vn 0.7693 0.0407 -0.6376
vn 0.9433 0.0353 -0.3299
vn 0.9330 0.0064 -0.3599
vn 0.9392 0.1040 -0.3272
vn -0.8415 0.1315 -0.5240
vn -0.8434 0.1842 -0.5047
vn -0.8435 0.1844 -0.5044
vn -0.8435 0.2360 -0.4826
vn -0.8436 0.2357 -0.4825
vn -0.8052 -0.2036 0.5570
vn -0.8118 -0.2008 0.5484
vn -0.7889 -0.2680 0.5530
vn -0.8131 -0.2558 0.5229
vn -0.0962 0.3422 -0.9347
vn -0.0970 0.3423 -0.9346
vn -0.0719 0.4382 -0.8960
vn -0.0714 0.4382 -0.8960
vn -0.0761 0.5292 -0.8451
vn -0.9750 -0.0776 0.2084
vn -0.7877 -0.2122 0.5783
vn -0.7920 -0.1672 0.5871
vn -0.7640 -0.1892 0.6168
vn -0.6892 0.3195 0.6503
vn -0.8179 0.3701 0.4406
vn -0.7643 0.4578 0.4542
vn -0.5070 0.0741 0.8588
vn -0.6717 0.1382 0.7278
vn -0.6394 0.1768 0.7483
vn -0.6957 0.0934 0.7122
vn -0.7429 0.6600 -0.1117
vn -0.8229 0.5657 -0.0526
vn -0.4471 -0.3874 0.8063
vn -0.0032 0.9055 0.4242
vn -0.0679 0.9247 0.3747
vn 0.0002 0.9305 0.3663
vn -0.0028 0.8893 0.4573
vn -0.2466 0.9161 0.3161
vn 0.0009 0.5443 0.8389
vn -0.0643 0.5600 0.8260
vn 0.0007 0.5962 0.8028
vn 0.0067 0.9463 -0.3233
vn -0.3761 0.5846 -0.7189
vn -0.1903 0.5530 0.8112
vn 0.8123 -0.1713 0.5575
vn 0.8599 0.2100 -0.4653
vn 0.8071 0.2103 -0.5516
vn 0.7909 0.2622 -0.5529
vn -0.9032 0.3941 0.1702
vn 0.9723 0.0730 -0.2221
vn 0.9429 0.0997 -0.3177
vn 0.9545 0.1018 -0.2802
vn -0.5855 -0.7828 -0.2106
vn -0.9765 -0.0528 0.2091
vn -0.8879 -0.1563 0.4326
vn 0.8601 0.1385 -0.4910
vn 0.9079 0.0781 -0.4118
vn 0.8496 0.0758 -0.5219
vn -0.3748 0.6201 0.6892
vn -0.3960 0.9181 0.0193
vn -0.5911 -0.2595 0.7637
vn 0.9053 0.1251 -0.4059
vn 0.8494 0.1794 -0.4963
vn -0.8434 -0.4269 -0.3262
vn -0.9274 -0.0888 0.3635
vn -0.0003 -0.9935 -0.1136
vn -0.0003 -0.8991 0.4378
vn 0.0145 -0.5607 -0.8279
vn -0.9399 0.1230 0.3185
vn -0.5952 0.6769 0.4332
vn -0.7810 -0.1478 0.6068
vn -0.7952 -0.1632 0.5839
vn -0.0002 -0.1682 0.9858
vn 0.0157 -0.0077 0.9998
vn -0.0003 -0.0079 1.0000
vn 0.0143 -0.3175 0.9481
vn -0.0002 -0.3168 0.9485
vn 0.0001 0.3160 -0.9488
vn -0.0004 0.0085 -1.0000
vn -0.0000 0.1689 -0.9856
vn -0.0001 0.1688 -0.9856
vn 0.0722 -0.1677 0.9832
vn 0.0074 -0.1752 0.9845
vn 0.1117 -0.4599 0.8809
vn -0.7635 0.0063 -0.6457
vn -0.7433 0.1113 -0.6596
vn -0.7636 0.0062 -0.6456
vn -0.7544 0.2085 -0.6224
vn 0.9014 0.1231 -0.4152
vn 0.9425 0.0544 -0.3299
vn -0.9805 -0.0625 0.1864
vn -0.9804 -0.0914 0.1743
vn -0.9166 -0.0633 0.3947
vn -0.9457 -0.0974 0.3102
vn -0.9165 -0.1310 0.3780
vn 0.0001 0.3150 -0.9491
vn -0.0484 0.4658 -0.8835
vn 0.0004 0.0089 -1.0000
vn -0.0547 0.1670 -0.9844
vn 0.0002 0.1670 -0.9860
vn -0.0498 -0.0132 0.9987
vn -0.0508 -0.1682 0.9844
vn -0.0448 -0.0143 0.9989
vn -0.0521 -0.3157 0.9474
vn -0.0513 -0.3154 0.9476
vn -0.9471 0.0456 -0.3178
vn -0.9472 0.0122 -0.3204
vn -0.9474 0.1097 -0.3007
vn -0.9911 0.1326 -0.0089
vn -0.8952 -0.1076 0.4326
vn -0.8978 -0.1003 0.4288
vn -0.9981 0.0151 -0.0592
vn -0.9120 0.2427 -0.3306
vn -0.6779 0.1793 -0.7129
vn -0.8940 -0.2373 0.3800
vn -0.9805 -0.0014 0.1966
vn -0.9799 -0.0021 0.1993
vn -0.0001 0.0087 -1.0000
vn 0.0021 -0.1460 -0.9893
vn 0.0674 -0.0082 0.9977
vn -0.9328 -0.1314 0.3355
vn 0.0739 -0.3183 0.9451
vn -0.7429 0.1112 -0.6601
vn -0.7548 0.2085 -0.6220
vn -0.9799 -0.0334 0.1964
vn -0.9799 -0.0629 0.1892
vn -0.8961 -0.0043 0.4439
vn -0.9470 -0.0551 -0.3163
vn -0.0555 0.3138 -0.9479
vn -0.0482 0.0092 -0.9988
vn -0.0605 0.1473 0.9872
vn -0.0521 -0.1690 0.9842
vn -0.9805 -0.0329 0.1936
vn -1.0000 0.0001 -0.0000
vn -1.0000 -0.0000 -0.0000
vn -0.0256 -0.5977 -0.8013
vn 0.0839 -0.6783 -0.7300
vn -0.0167 -0.6218 -0.7830
vn -0.0160 -0.4467 -0.8945
vn 0.2298 -0.3569 -0.9054
vn -0.0255 -0.4182 -0.9080
vn -0.0160 -0.2511 -0.9678
vn 0.2300 -0.1622 -0.9596
vn 0.9560 -0.2741 -0.1042
vn 0.8187 -0.3910 -0.4205
vn 0.8183 -0.2952 -0.4932
vn 0.8185 -0.1862 -0.5435
vn 0.9838 -0.0580 -0.1694
vn -0.9990 -0.0297 -0.0328
vn -0.8994 -0.2801 -0.3355
vn -0.9989 -0.0302 -0.0362
vn -0.9990 -0.0259 -0.0359
vn -0.8885 -0.2355 -0.3938
vn -0.9990 -0.0220 -0.0384
vn -0.8887 -0.1926 -0.4161
vn -0.9925 0.0785 0.0936
vn -0.9925 0.0571 0.1076
vn -0.4641 -0.5673 -0.6802
vn -0.4629 -0.4951 -0.7353
vn -0.4632 -0.4151 -0.7830
vn -0.4629 -0.3307 -0.8224
vn -0.8878 -0.1938 -0.4175
vn 0.7952 -0.5856 -0.1573
vn 0.5715 -0.4219 -0.7039
vn 0.5711 -0.5593 -0.6008
vn 0.5729 -0.2657 -0.7754
vn 0.2079 0.0385 -0.9774
vn -0.0163 -0.1955 -0.9806
vn -0.0165 -0.0448 -0.9989
vn 0.8186 -0.0692 -0.5702
vn 0.9823 -0.0225 -0.1859
vn -0.8994 -0.1200 -0.4204
vn -0.9990 -0.0061 -0.0438
vn -0.8993 -0.0751 -0.4309
vn -0.9990 -0.0093 -0.0430
vn -0.9992 0.0009 -0.0398
vn -0.9925 0.0333 0.1172
vn -0.9925 0.0083 0.1217
vn -0.4632 -0.2429 -0.8523
vn -0.4630 -0.1524 -0.8732
vn -0.4638 -0.0610 -0.8838
vn -0.8877 -0.0560 -0.4571
vn 0.5700 -0.0987 -0.8157
vn 0.2075 -0.8272 -0.5222
vn -0.0155 -0.9637 -0.2665
vn -0.0164 -0.9471 -0.3204
vn -0.0161 -0.8870 -0.4616
vn -0.0256 -0.8722 -0.4884
vn -0.0162 -0.7727 -0.6346
vn 0.2300 -0.6946 -0.6817
vn 0.9031 -0.3699 0.2183
vn 0.8186 -0.5284 -0.2254
vn 0.9838 -0.1648 -0.0703
vn 0.8187 -0.4698 -0.3302
vn 0.9825 -0.1523 -0.1070
vn -0.9990 -0.0433 -0.0094
vn -0.8991 -0.4246 -0.1066
vn -0.9989 -0.0457 -0.0114
vn -0.9990 -0.0419 -0.0135
vn -0.8885 -0.4219 -0.1806
vn -0.8992 -0.3705 -0.2326
vn -0.8885 -0.4003 -0.2242
vn -0.9926 0.1179 0.0295
vn -0.9926 0.1144 0.0418
vn -0.9926 0.1030 0.0645
vn -0.9992 -0.0375 -0.0151
vn 0.3144 -0.8955 -0.3151
vn 0.8135 -0.5692 -0.1195
vn -0.4628 -0.8327 -0.3040
vn -0.4629 -0.7958 -0.3904
vn -0.4635 -0.7506 -0.4709
vn -0.4669 -0.8528 -0.2339
vn 0.5736 -0.7535 -0.3212
vn 0.5713 -0.8054 -0.1579
vn 0.5739 -0.6699 -0.4710
vn -0.0258 -0.7522 -0.6584
vn -0.8993 -0.3446 -0.2694
vn -0.9990 -0.0357 -0.0261
vn -0.9992 -0.0269 -0.0300
vn -0.8884 -0.3118 -0.3368
vn -0.9926 0.0956 0.0750
vn -0.9926 0.0874 0.0847
vn -0.4640 -0.6976 -0.5460
vn -0.4636 -0.6364 -0.6165
vn 0.2081 -0.9760 0.0634
vn -0.0159 -0.9363 0.3507
vn -0.0159 -0.9549 0.2965
vn -0.0172 -0.9887 0.1488
vn -0.0262 -0.9928 0.1173
vn -0.0155 -0.9981 -0.0602
vn 0.2303 -0.9626 -0.1427
vn 0.9036 -0.1755 0.3907
vn 0.8186 -0.5599 0.1283
vn 0.9822 -0.1829 0.0419
vn 0.8186 -0.5743 0.0094
vn 0.9839 -0.1785 0.0027
vn -0.9990 -0.0403 0.0181
vn -0.8994 -0.4056 0.1631
vn -0.9989 -0.0437 0.0176
vn -0.9990 -0.0425 0.0131
vn -0.8886 -0.4473 0.1021
vn -0.8990 -0.4370 0.0301
vn -0.8882 -0.4561 0.0551
vn -0.9925 0.1131 -0.0455
vn -0.9926 0.1196 -0.0211
vn -0.9926 0.1213 -0.0081
vn -0.9992 -0.0392 0.0097
vn 0.3150 -0.9094 0.2716
vn 0.8140 -0.5298 0.2381
vn -0.4636 -0.8523 0.2423
vn -0.4639 -0.8727 0.1524
vn -0.4638 -0.8838 0.0610
vn 0.5725 -0.7993 0.1828
vn 0.5731 -0.7431 0.3455
vn 0.5757 -0.8175 0.0126
vn -0.0164 -0.9930 -0.1171
vn -0.8995 -0.4366 -0.0155
vn -0.9990 -0.0440 0.0001
vn -0.9992 -0.0386 -0.0090
vn -0.8883 -0.4505 -0.0893
vn -0.9926 0.1217 0.0046
vn -0.9926 0.1204 0.0170
vn -0.4630 -0.8858 -0.0317
vn -0.4627 -0.8777 -0.1250
vn -0.0257 -0.5766 0.8166
vn 0.0828 -0.4845 0.8708
vn -0.0161 -0.5510 0.8344
vn -0.0157 -0.7124 0.7016
vn 0.2297 -0.7501 0.6202
vn 0.2082 -0.8659 0.4549
vn -0.0165 -0.7511 0.6599
vn -0.0172 -0.8430 0.5376
vn 0.9561 -0.0134 0.2928
vn 0.8184 -0.2792 0.5023
vn 0.8184 -0.3778 0.4330
vn 0.9563 -0.0745 0.2828
vn 0.8186 -0.4592 0.3449
vn -0.9990 -0.0205 0.0409
vn -0.8993 -0.2698 0.3442
vn -0.8990 -0.2323 0.3713
vn -0.9990 -0.0318 0.0304
vn -0.8995 -0.3043 0.3135
vn -0.9990 -0.0302 0.0326
vn -0.9992 -0.0324 0.0228
vn -0.9926 0.0751 -0.0957
vn -0.9926 0.0847 -0.0875
vn -0.9926 0.0932 -0.0781
vn -0.4622 -0.4712 0.7512
vn -0.4622 -0.5467 0.6982
vn -0.4630 -0.6171 0.6362
vn -0.4638 -0.6799 0.5680
vn -0.8875 -0.3378 0.3135
vn 0.7957 0.0311 0.6048
vn 0.5714 -0.5391 0.6188
vn 0.5725 -0.3984 0.7166
vn 0.5747 -0.6542 0.4916
vn -0.0256 -0.8590 0.5113
vn -0.8989 -0.3636 0.2445
vn -0.9990 -0.0397 0.0198
vn -0.8992 -0.3867 0.2047
vn -0.9990 -0.0415 0.0149
vn -0.9926 0.1009 -0.0676
vn -0.9926 0.1076 -0.0571
vn -0.4639 -0.7351 0.4943
vn -0.4636 -0.7827 0.4152
vn -0.4989 -0.7890 0.3586
vn 0.2079 -0.2410 0.9480
vn -0.0158 0.0445 0.9989
vn -0.0164 -0.0120 0.9998
vn -0.0162 -0.1644 0.9863
vn -0.0255 -0.1955 0.9804
vn -0.0163 -0.3659 0.9305
vn 0.2304 -0.4331 0.8714
vn 0.9564 0.1608 0.2439
vn 0.8184 0.0690 0.5705
vn 0.8185 -0.0509 0.5722
vn 0.9563 0.1067 0.2724
vn 0.8186 -0.1689 0.5490
vn -0.9990 0.0043 0.0441
vn -0.8993 0.0296 0.4364
vn -0.9989 0.0033 0.0470
vn -0.8993 -0.0616 0.4331
vn -0.8884 -0.0408 0.4572
vn -0.9990 -0.0119 0.0428
vn -0.8993 -0.1067 0.4240
vn -0.9926 0.0044 -0.1215
vn -0.9926 0.0170 -0.1202
vn -0.9926 0.0297 -0.1180
vn -0.9992 -0.0024 0.0397
vn 0.3144 -0.0225 0.9490
vn -0.4633 -0.0318 0.8856
vn -0.4641 -0.1241 0.8771
vn -0.4636 -0.2163 0.8593
vn 0.5735 0.0979 0.8133
vn 0.5736 -0.0724 0.8159
vn 0.5725 -0.2408 0.7837
vn -0.0155 -0.4193 0.9077
vn -0.9990 -0.0092 0.0432
vn -0.9990 -0.0140 0.0421
vn -0.8886 -0.1798 0.4219
vn -0.8888 -0.2230 0.4003
vn -0.9926 0.0535 -0.1093
vn -0.9926 0.0646 -0.1029
vn -0.4639 -0.3034 0.8323
vn -0.4632 -0.3900 0.7959
vn 0.2079 0.3629 0.9083
vn -0.0156 0.6234 0.7818
vn -0.0166 0.5782 0.8157
vn -0.0160 0.4465 0.8946
vn 0.2076 0.1650 0.9642
vn -0.0160 0.3949 0.9186
vn -0.0160 0.2508 0.9679
vn 0.9556 0.2735 0.1096
vn 0.8185 0.3912 0.4208
vn 0.8186 0.2952 0.4928
vn 0.8186 0.1861 0.5434
vn 0.9838 0.0582 0.1693
vn -0.9990 0.0326 0.0320
vn -0.8993 0.2442 0.3629
vn -0.8993 0.2808 0.3352
vn -0.9990 0.0258 0.0358
vn -0.9992 0.0156 0.0366
vn -0.9990 0.0219 0.0385
vn -0.8887 0.1926 0.4161
vn -0.9925 -0.0681 -0.1011
vn -0.9926 -0.0570 -0.1076
vn 0.2299 0.5380 0.8110
vn -0.4627 0.4951 0.7354
vn -0.4632 0.4149 0.7831
vn -0.4629 0.3309 0.8223
vn -0.4671 0.5525 0.6903
vn -0.8878 0.1938 0.4175
vn 0.7964 0.5832 0.1601
vn 0.5722 0.4210 0.7038
vn 0.5710 0.5590 0.6012
vn 0.5680 0.2671 0.7785
vn -0.0257 0.2199 0.9752
vn 0.9037 -0.2399 0.3546
vn -0.8994 0.1199 0.4203
vn -0.9990 0.0062 0.0437
vn -0.8992 0.0750 0.4310
vn -0.9990 0.0014 0.0441
vn -0.9926 -0.0334 -0.1171
vn -0.9925 -0.0209 -0.1200
vn -0.4632 0.2427 0.8524
vn -0.4629 0.1519 0.8733
vn -0.4972 0.0973 0.8622
vn -0.0256 0.9548 0.2963
vn 0.0835 0.9779 0.1914
vn -0.0166 0.9636 0.2667
vn -0.0163 0.8872 0.4610
vn 0.2302 0.8213 0.5220
vn 0.2080 0.7005 0.6826
vn -0.0160 0.8597 0.5106
vn -0.0156 0.7715 0.6360
vn 0.9029 0.3732 -0.2132
vn 0.8186 0.5283 0.2252
vn 0.9848 0.1595 0.0681
vn 0.8186 0.4701 0.3301
vn 0.9837 0.1472 0.1034
vn -0.9990 0.0452 0.0069
vn -0.8994 0.4106 0.1501
vn -0.8989 0.4248 0.1070
vn -0.9990 0.0392 0.0207
vn -0.8991 0.3932 0.1924
vn -0.9990 0.0403 0.0180
vn -0.9992 0.0323 0.0239
vn -0.9926 -0.1182 -0.0297
vn -0.9926 -0.1093 -0.0535
vn -0.9926 -0.1032 -0.0647
vn 0.8138 0.5688 0.1193
vn -0.4634 0.8595 0.2157
vn -0.4639 0.8321 0.3040
vn -0.4639 0.7956 0.3898
vn -0.4633 0.7514 0.4698
vn -0.8876 0.4028 0.2232
vn 0.5686 0.8072 0.1586
vn 0.5737 0.7533 0.3217
vn 0.5714 0.6715 0.4718
vn -0.0161 0.7339 0.6790
vn -0.8994 0.3439 0.2699
vn -0.9990 0.0308 0.0318
vn -0.8993 0.3142 0.3043
vn -0.9990 0.0273 0.0348
vn -0.9926 -0.0958 -0.0751
vn -0.9926 -0.0874 -0.0848
vn -0.4636 0.6969 0.5471
vn -0.4633 0.6364 0.6168
vn -0.0268 0.9463 -0.3223
vn 0.0830 0.9037 -0.4200
vn -0.0158 0.9362 -0.3512
vn -0.0163 0.9889 -0.1474
vn 0.2299 0.9713 -0.0601
vn -0.0256 0.9928 -0.1170
vn -0.0158 0.9981 0.0591
vn 0.2297 0.9627 0.1430
vn 0.9559 0.1827 -0.2301
vn 0.8187 0.5208 -0.2420
vn 0.8187 0.5598 -0.1282
vn 0.9554 0.2318 -0.1829
vn 0.8185 0.5745 -0.0091
vn -0.9990 0.0406 -0.0177
vn -0.8992 0.4058 -0.1633
vn -0.9989 0.0436 -0.0175
vn -0.9990 0.0420 -0.0135
vn -0.8880 0.4483 -0.1023
vn -0.8993 0.4364 -0.0295
vn -0.8884 0.4558 -0.0544
vn -0.9926 -0.1126 0.0453
vn -0.9926 -0.1200 0.0209
vn -0.9926 -0.1213 0.0084
vn -0.9992 0.0389 -0.0098
vn -0.4632 0.8521 -0.2436
vn -0.4627 0.8733 -0.1525
vn -0.4625 0.8845 -0.0603
vn 0.7937 0.3308 -0.5106
vn 0.5671 0.8028 -0.1840
vn 0.5677 0.7466 -0.3468
vn 0.5708 0.8210 -0.0132
vn -0.0263 0.9955 0.0906
vn -0.8993 0.4371 0.0159
vn -0.9990 0.0443 0.0002
vn -0.9992 0.0391 0.0086
vn -0.8882 0.4507 0.0891
vn -0.9926 -0.1216 -0.0044
vn -0.9926 -0.1205 -0.0172
vn -0.4633 0.8856 0.0324
vn -0.4635 0.8772 0.1250
vn -0.0269 0.5772 -0.8162
vn 0.0838 0.4843 -0.8709
vn -0.0164 0.5507 -0.8346
vn -0.0156 0.7131 -0.7009
vn 0.2305 0.7499 -0.6201
vn 0.2076 0.8656 -0.4556
vn -0.0160 0.7515 -0.6596
vn -0.0157 0.8421 -0.5391
vn 0.9035 -0.0883 -0.4194
vn 0.8186 0.3776 -0.4328
vn 0.9847 0.1144 -0.1312
vn 0.8184 0.4593 -0.3453
vn 0.9825 0.1491 -0.1120
vn -0.9990 0.0204 -0.0409
vn -0.8991 0.2701 -0.3446
vn -0.8991 0.2326 -0.3709
vn -0.9990 0.0318 -0.0308
vn -0.8993 0.3043 -0.3141
vn -0.9990 0.0297 -0.0328
vn -0.9992 0.0327 -0.0232
vn -0.9926 -0.0751 0.0958
vn -0.9926 -0.0848 0.0874
vn -0.9926 -0.0933 0.0781
vn 0.8139 0.2890 -0.5041
vn -0.4637 0.4708 -0.7506
vn -0.4639 0.5466 -0.6971
vn -0.4631 0.6163 -0.6370
vn -0.4625 0.6799 -0.5690
vn -0.8875 0.3371 -0.3142
vn 0.5718 0.3985 -0.7171
vn 0.5714 0.5393 -0.6187
vn 0.5698 0.6572 -0.4934
vn -0.0169 0.8722 -0.4889
vn -0.9990 0.0329 -0.0295
vn -0.9990 0.0359 -0.0258
vn -0.8885 0.3940 -0.2353
vn -0.8879 0.4177 -0.1928
vn -0.9926 -0.1010 0.0679
vn -0.4627 0.7357 -0.4947
vn -0.4632 0.7834 -0.4144
vn -0.4971 0.7900 -0.3590
vn -0.0258 -0.0131 -0.9996
vn -0.0156 0.1647 -0.9862
vn 0.2303 0.2422 -0.9425
vn 0.2077 0.4331 -0.8771
vn -0.0160 0.2205 -0.9753
vn -0.0161 0.3649 -0.9309
vn 0.9561 -0.1613 -0.2445
vn 0.8186 0.0510 -0.5721
vn 0.9564 -0.1059 -0.2720
vn 0.8184 0.1689 -0.5492
vn -0.9990 -0.0046 -0.0438
vn -0.9990 0.0001 -0.0442
vn -0.8886 0.0413 -0.4568
vn -0.9990 0.0051 -0.0441
vn -0.8888 0.0886 -0.4496
vn -0.9926 -0.0045 0.1217
vn -0.9926 -0.0171 0.1204
vn -0.4633 0.0319 -0.8856
vn -0.4635 0.1251 -0.8772
vn -0.4632 0.2160 -0.8595
vn -0.8876 0.0886 -0.4520
vn 0.5714 0.0727 -0.8175
vn 0.5756 0.2404 -0.7816
vn -0.0265 0.3937 -0.9188
vn -0.8992 0.1502 -0.4109
vn -0.9990 0.0209 -0.0388
vn -0.8992 0.1925 -0.3929
vn -0.9990 0.0248 -0.0366
vn -0.9926 -0.0296 0.1179
vn -0.9926 -0.0535 0.1094
vn -0.9926 -0.0647 0.1032
vn -0.4629 0.3045 -0.8325
vn -0.4638 0.3898 -0.7956
vn -0.0000 0.5579 0.8299
vn -0.0000 0.3733 0.9277
vn -0.0000 0.7176 0.6964
vn -0.0000 0.8474 0.5310
vn -0.0000 0.9393 0.3430
vn -0.0000 0.9899 0.1416
vn -0.0000 0.9977 -0.0679
vn -0.0000 0.9617 -0.2740
vn -0.0000 0.8836 -0.4683
vn -0.0000 0.7668 -0.6419
vn -0.0000 0.8837 -0.4680
vn -0.0000 0.6165 -0.7873
vn -0.0000 0.6161 -0.7876
vn -0.0000 0.4401 -0.8979
vn -0.0000 0.2437 -0.9699
vn -0.0000 0.0355 -0.9994
vn -0.0000 -0.1722 -0.9851
vn -0.0000 -0.3731 -0.9278
vn -0.0000 -0.5578 -0.8300
vn -0.0000 -0.7176 -0.6964
vn -0.0000 -0.8474 -0.5310
vn -0.0000 -0.9393 -0.3430
vn -0.0000 -0.9901 -0.1405
vn -0.0000 -0.9977 0.0678
vn -0.0000 -0.9620 0.2732
vn -0.0000 -0.8830 0.4693
vn -0.0000 -0.7668 0.6419
vn -0.0000 -0.6170 0.7870
vn -0.0000 -0.4401 0.8979
vn -0.0000 -0.4398 0.8981
vn -0.0000 -0.2437 0.9699
vn -0.0000 -0.0355 0.9994
vn -0.0000 0.1728 0.9850
vn -0.4141 0.3430 0.8431
vn -0.3920 0.5027 0.7705
vn -0.4361 0.3362 0.8347
vn -0.3934 0.5255 0.7543
vn -0.4165 0.6523 0.6333
vn -0.4386 0.6471 0.6236
vn -0.4167 0.6552 0.6301
vn -0.3948 0.7703 0.5008
vn -0.4386 0.6454 0.6253
vn -0.4150 0.7725 0.4806
vn -0.3936 0.8590 0.3275
vn -0.4370 0.7621 0.4777
vn -0.4141 0.8568 0.3072
vn -0.3936 0.9085 0.1402
vn -0.4369 0.8456 0.3068
vn -0.3923 0.9120 0.1201
vn -0.4124 0.9094 -0.0545
vn -0.4349 0.8987 -0.0569
vn -0.3954 0.9153 -0.0765
vn -0.4167 0.8748 -0.2474
vn -0.4388 0.8638 -0.2476
vn -0.4152 0.8740 -0.2524
vn -0.3931 0.8188 -0.4184
vn -0.4376 0.8648 -0.2462
vn -0.4167 0.8024 -0.4272
vn -0.3954 0.7133 -0.5786
vn -0.4388 0.7947 -0.4194
vn -0.4124 0.6938 -0.5904
vn -0.3923 0.5748 -0.7182
vn -0.4349 0.6878 -0.5812
vn -0.3936 0.5584 -0.7303
vn -0.4141 0.4055 -0.8150
vn -0.4368 0.3976 -0.8069
vn -0.3935 0.3930 -0.8311
vn -0.4150 0.2246 -0.8817
vn -0.4370 0.2191 -0.8724
vn -0.3948 0.2089 -0.8947
vn -0.4167 0.0364 -0.9083
vn -0.4386 0.0327 -0.8981
vn -0.4165 0.0321 -0.9086
vn -0.3934 -0.1432 -0.9082
vn -0.4386 0.0351 -0.8980
vn -0.3919 -0.1708 -0.9040
vn -0.4141 -0.3363 -0.8459
vn -0.4360 -0.3354 -0.8351
vn -0.4141 -0.3431 -0.8431
vn -0.3921 -0.5024 -0.7706
vn -0.4361 -0.3363 -0.8347
vn -0.4138 -0.5114 -0.7531
vn -0.3926 -0.6521 -0.6485
vn -0.4363 -0.5028 -0.7463
vn -0.4165 -0.6547 -0.6307
vn -0.3942 -0.7711 -0.5000
vn -0.4386 -0.6449 -0.6259
vn -0.4146 -0.7734 -0.4795
vn -0.3936 -0.8592 -0.3267
vn -0.4370 -0.7628 -0.4766
vn -0.3951 -0.8676 -0.3018
vn -0.4172 -0.8993 -0.1311
vn -0.4394 -0.8894 -0.1264
vn -0.3947 -0.9114 -0.1163
vn -0.4169 -0.9071 0.0575
vn -0.4390 -0.8965 0.0601
vn -0.4175 -0.9065 0.0632
vn -0.3944 -0.8879 0.2367
vn -0.4394 -0.8964 0.0593
vn -0.4160 -0.8740 0.2511
vn -0.3936 -0.8179 0.4196
vn -0.4385 -0.8647 0.2452
vn -0.3944 -0.8045 0.4441
vn -0.4176 -0.6977 0.5821
vn -0.4394 -0.6877 0.5780
vn -0.4170 -0.6943 0.5866
vn -0.3948 -0.5770 0.7150
vn -0.4390 -0.6884 0.5774
vn -0.4172 -0.5580 0.7173
vn -0.3951 -0.4170 0.8185
vn -0.4394 -0.5541 0.7070
vn -0.3936 -0.3936 0.8307
vn -0.4146 -0.2259 0.8815
vn -0.4370 -0.2203 0.8721
vn -0.3942 -0.2100 0.8947
vn -0.4165 -0.0356 0.9084
vn -0.4386 -0.0319 0.8981
vn -0.3926 -0.0214 0.9194
vn -0.4138 0.1525 0.8975
vn -0.4363 0.1540 0.8865
vn -0.3921 0.1712 0.9038
vn -0.4141 0.3363 0.8458
vn -0.4361 0.3354 0.8351
vn -0.0315 0.5577 0.8295
vn -0.2675 0.3598 0.8938
vn -0.0324 0.3730 0.9273
vn -0.0297 0.7176 0.6959
vn -0.4164 0.6259 0.6594
vn -0.0444 0.8463 0.5308
vn -0.4041 0.7529 0.5195
vn -0.2738 0.9036 0.3294
vn -0.4178 0.8387 0.3494
vn -0.0028 0.9900 0.1410
vn -0.0456 0.9388 0.3414
vn -0.2746 0.9594 -0.0642
vn -0.4024 0.9151 -0.0259
vn -0.0307 0.9973 -0.0666
vn -0.2673 0.9268 -0.2637
vn -0.0321 0.9613 -0.2737
vn -0.2697 0.8507 -0.4512
vn -0.0309 0.7657 -0.6425
vn -0.0324 0.8832 -0.4678
vn -0.0028 0.6166 -0.7872
vn -0.4175 0.5888 -0.6922
vn -0.2738 0.4239 -0.8633
vn -0.4026 0.4350 -0.8054
vn -0.0446 0.2435 -0.9689
vn -0.0456 0.4409 -0.8964
vn -0.2635 0.0347 -0.9640
vn -0.4155 0.0730 -0.9067
vn -0.0296 0.0357 -0.9989
vn -0.2765 -0.1657 -0.9466
vn -0.0319 -0.1718 -0.9846
vn -0.2677 -0.3595 -0.8939
vn -0.0324 -0.3730 -0.9273
vn -0.2757 -0.5358 -0.7980
vn -0.0383 -0.5570 -0.8297
vn -0.2658 -0.6920 -0.6712
vn -0.0447 -0.8471 -0.5296
vn -0.0295 -0.7175 -0.6959
vn -0.0223 -0.9391 -0.3429
vn -0.4175 -0.8390 -0.3490
vn -0.0007 -0.9900 -0.1410
vn -0.3994 -0.9019 -0.1646
vn -0.0000 -0.9977 0.0682
vn -0.4021 -0.9152 0.0275
vn -0.2466 -0.9321 0.2653
vn -0.4048 -0.8877 0.2193
vn -0.0000 -0.9617 0.2740
vn -0.2464 -0.8562 0.4542
vn 0.0002 -0.7670 0.6416
vn -0.0000 -0.8836 0.4683
vn -0.0003 -0.6166 0.7872
vn -0.4053 -0.5902 0.6981
vn -0.2592 -0.4251 0.8673
vn -0.4022 -0.4325 0.8070
vn -0.0221 -0.4401 0.8977
vn -0.2740 -0.2348 0.9326
vn -0.0445 -0.2443 0.9687
vn -0.2659 -0.0343 0.9634
vn -0.0376 0.1726 0.9843
vn -0.0295 -0.0358 0.9989
vn -0.4130 0.3036 0.8586
vn -0.9495 -0.1175 0.2908
vn -0.9979 0.0243 0.0596
vn -0.9468 -0.0462 0.3185
vn -0.9473 0.0146 0.3201
vn -0.9471 0.0839 0.3098
vn -0.9494 0.1428 0.2797
vn -0.9499 0.1943 0.2447
vn -0.9976 0.0667 -0.0175
vn -0.9481 0.2846 0.1421
vn -0.9503 0.3001 0.0825
vn -0.9982 0.0366 -0.0477
vn -0.9980 0.0285 -0.0567
vn -0.9982 0.0152 -0.0572
vn -0.9978 0.0018 -0.0657
vn -0.9985 -0.0097 -0.0542
vn -0.9979 -0.0237 -0.0596
vn -0.9983 -0.0322 -0.0478
vn -0.9982 -0.0426 -0.0429
vn -0.9472 -0.0146 -0.3202
vn -0.9469 -0.0825 -0.3107
vn -0.9982 -0.0591 -0.0101
vn -0.9984 -0.0573 0.0029
vn -0.9979 -0.0632 0.0165
vn -0.9483 -0.2853 -0.1388
vn -0.9504 -0.3001 -0.0814
vn -0.9497 -0.3128 -0.0160
vn -0.9477 -0.3151 0.0517
vn -0.9982 -0.0152 0.0572
vn -0.9982 -0.0010 0.0604
vn -0.9485 -0.2258 0.2222
vn -0.7768 0.3285 0.5373
vn -0.7410 0.2503 0.6230
vn -0.7400 0.2511 0.6240
vn -0.7722 0.4270 0.4705
vn -0.7323 0.3800 0.5651
vn -0.7313 0.3804 0.5661
vn -0.7724 0.5200 0.3646
vn -0.7298 0.4913 0.4754
vn -0.7288 0.4917 0.4765
vn -0.7514 0.5585 0.3515
vn -0.7083 0.6472 0.2819
vn -0.7523 0.5572 0.3514
vn -0.7410 0.6305 0.2311
vn -0.6948 0.7062 0.1365
vn -0.7420 0.6295 0.2307
vn -0.7341 0.6723 0.0958
vn -0.6925 0.7212 -0.0162
vn -0.7351 0.6712 0.0955
vn -0.7362 0.6752 -0.0464
vn -0.6966 0.6984 -0.1641
vn -0.7372 0.6741 -0.0463
vn -0.7400 0.6468 -0.1845
vn -0.6987 0.6484 -0.3024
vn -0.7410 0.6457 -0.1842
vn -0.7779 0.4991 -0.3819
vn -0.7433 0.5912 -0.3131
vn -0.7423 0.5922 -0.3136
vn -0.7759 0.4117 -0.4780
vn -0.7412 0.5148 -0.4308
vn -0.7402 0.5157 -0.4315
vn -0.7757 0.3106 -0.5494
vn -0.7364 0.4168 -0.5329
vn -0.7354 0.4176 -0.5337
vn -0.7735 0.1843 -0.6064
vn -0.7337 0.2983 -0.6105
vn -0.7327 0.2992 -0.6113
vn -0.7526 0.1621 -0.6383
vn -0.7078 0.0709 -0.7028
vn -0.7535 0.1624 -0.6370
vn -0.7401 0.0250 -0.6720
vn -0.6924 -0.0913 -0.7157
vn -0.7410 0.0250 -0.6710
vn -0.7278 -0.1191 -0.6754
vn -0.6861 -0.2383 -0.6874
vn -0.7289 -0.1192 -0.6742
vn -0.7767 -0.3283 -0.5376
vn -0.7410 -0.2504 -0.6231
vn -0.7399 -0.2511 -0.6240
vn -0.7722 -0.4270 -0.4705
vn -0.7323 -0.3799 -0.5652
vn -0.7313 -0.3803 -0.5663
vn -0.7725 -0.5200 -0.3645
vn -0.7300 -0.4911 -0.4753
vn -0.7289 -0.4916 -0.4765
vn -0.7514 -0.5585 -0.3515
vn -0.7083 -0.6472 -0.2819
vn -0.7523 -0.5572 -0.3514
vn -0.7411 -0.6304 -0.2310
vn -0.6944 -0.7066 -0.1361
vn -0.7420 -0.6294 -0.2307
vn -0.7732 -0.6340 0.0106
vn -0.7361 -0.6701 -0.0949
vn -0.7351 -0.6712 -0.0952
vn -0.7362 -0.6751 0.0463
vn -0.6963 -0.6991 0.1628
vn -0.7373 -0.6740 0.0463
vn -0.7400 -0.6470 0.1838
vn -0.6982 -0.6486 0.3031
vn -0.7410 -0.6460 0.1834
vn -0.7770 -0.4996 0.3830
vn -0.7433 -0.5908 0.3138
vn -0.7422 -0.5919 0.3144
vn -0.7392 -0.5168 0.4320
vn -0.6947 -0.4717 0.5431
vn -0.7401 -0.5160 0.4313
vn -0.7759 -0.3104 0.5492
vn -0.7367 -0.4172 0.5322
vn -0.7357 -0.4180 0.5330
vn -0.7735 -0.1843 0.6065
vn -0.7336 -0.2984 0.6105
vn -0.7326 -0.2993 0.6113
vn -0.7527 -0.1621 0.6381
vn -0.7079 -0.0709 0.7027
vn -0.7537 -0.1624 0.6369
vn -0.7400 -0.0251 0.6722
vn -0.6921 0.0916 0.7160
vn -0.7409 -0.0250 0.6711
vn -0.7277 0.1193 0.6754
vn -0.6861 0.2383 0.6873
vn -0.7288 0.1194 0.6743
vn 0.1505 0.5078 0.8482
vn -0.9805 0.0284 0.1945
vn -0.0407 -0.5776 -0.8153
vn -0.9805 0.1142 0.1599
vn 0.1533 0.8088 0.5677
vn -0.0450 -0.9466 -0.3194
vn 0.0081 0.9999 0.0093
vn -0.0402 -0.8946 0.4450
vn 0.1525 0.6494 -0.7450
vn 0.1539 0.0878 -0.9842
vn -0.0000 0.2938 -0.9559
vn -0.9118 0.1314 -0.3891
vn 0.1535 -0.3205 -0.9347
vn 0.0259 -0.2986 -0.9540
vn 0.0510 -0.5807 -0.8125
vn -0.8931 -0.2612 -0.3662
vn -0.9799 -0.1401 -0.1419
vn 0.1533 -0.8086 -0.5681
vn -0.0551 -0.8836 -0.4650
vn -0.9805 -0.1863 -0.0628
vn -0.0486 0.9851 0.1651
vn -0.0594 0.9518 -0.3009
vn -0.9805 -0.1874 0.0589
vn 0.1539 -0.6493 0.7448
vn -1.0000 -0.0001 0.0001
vn -0.9925 0.0680 0.1012
vn -0.9925 0.0455 0.1132
vn -0.9925 0.0210 0.1201
vn -0.9925 0.1096 0.0538
vn -0.9925 0.1172 -0.0333
vn -0.9926 -0.0082 -0.1214
vn -0.9926 0.0417 -0.1143
vn -0.9926 -0.0781 -0.0933
vn -0.9926 -0.0453 -0.1127
vn -0.9926 -0.1143 -0.0419
vn -0.9926 -0.1166 0.0334
vn -0.9926 -0.1073 0.0567
vn -0.9925 -0.0420 0.1147
vn -0.4754 0.3379 0.8123
vn -0.4375 0.5015 0.7464
vn -0.4602 0.4921 0.7389
vn -0.4590 0.4977 0.7359
vn -0.4363 0.5013 0.7472
vn -0.4756 0.6243 0.6197
vn -0.4755 0.6409 0.6026
vn -0.4366 0.7625 0.4775
vn -0.4587 0.7513 0.4745
vn -0.4767 0.7499 0.4587
vn -0.4393 0.8434 0.3094
vn -0.4620 0.8313 0.3091
vn -0.4801 0.8263 0.2944
vn -0.4415 0.8880 0.1283
vn -0.4636 0.8765 0.1295
vn -0.4648 0.8775 0.1178
vn -0.4426 0.8883 0.1225
vn -0.4798 0.8758 -0.0529
vn -0.4592 0.8861 -0.0627
vn -0.4368 0.8976 -0.0596
vn -0.4757 0.8494 -0.2286
vn -0.4766 0.8426 -0.2509
vn -0.4376 0.7945 -0.4212
vn -0.4599 0.7860 -0.4131
vn -0.4757 0.7711 -0.4232
vn -0.4368 0.6888 -0.5786
vn -0.4592 0.6827 -0.5683
vn -0.4798 0.6685 -0.5682
vn -0.4426 0.5560 -0.7035
vn -0.4648 0.5515 -0.6926
vn -0.4636 0.5427 -0.7004
vn -0.4415 0.5519 -0.7074
vn -0.4801 0.3923 -0.7846
vn -0.4621 0.3857 -0.7986
vn -0.4393 0.3941 -0.8072
vn -0.4767 0.2234 -0.8502
vn -0.4587 0.2134 -0.8626
vn -0.4365 0.2195 -0.8725
vn -0.4755 0.0451 -0.8786
vn -0.4756 0.0214 -0.8794
vn -0.4363 -0.1558 -0.8862
vn -0.4590 -0.1505 -0.8756
vn -0.4603 -0.1566 -0.8739
vn -0.4375 -0.1550 -0.8858
vn -0.4753 -0.3187 -0.8201
vn -0.4753 -0.3379 -0.8123
vn -0.4375 -0.5012 -0.7466
vn -0.4601 -0.4918 -0.7392
vn -0.4773 -0.4979 -0.7241
vn -0.4386 -0.6451 -0.6257
vn -0.4609 -0.6347 -0.6203
vn -0.4759 -0.6402 -0.6030
vn -0.4367 -0.7631 -0.4765
vn -0.4591 -0.7517 -0.4735
vn -0.4774 -0.7502 -0.4575
vn -0.4386 -0.8439 -0.3090
vn -0.4609 -0.8322 -0.3084
vn -0.4596 -0.8351 -0.3022
vn -0.4376 -0.8444 -0.3090
vn -0.4775 -0.8681 -0.1357
vn -0.4611 -0.8789 -0.1223
vn -0.4387 -0.8896 -0.1272
vn -0.4772 -0.8775 0.0479
vn -0.4769 -0.8761 0.0700
vn -0.4380 -0.8648 0.2458
vn -0.4606 -0.8547 0.2394
vn -0.4779 -0.8420 0.2503
vn -0.4385 -0.7936 0.4219
vn -0.4612 -0.7852 0.4134
vn -0.4606 -0.7825 0.4191
vn -0.4379 -0.7941 0.4215
vn -0.4769 -0.6806 0.5561
vn -0.4772 -0.6662 0.5731
vn -0.4387 -0.5537 0.7078
vn -0.4611 -0.5494 0.6968
vn -0.4775 -0.5323 0.6991
vn -0.4375 -0.3953 0.8077
vn -0.4595 -0.3932 0.7964
vn -0.4608 -0.3868 0.7988
vn -0.4386 -0.3949 0.8073
vn -0.4773 -0.2245 0.8496
vn -0.4591 -0.2145 0.8621
vn -0.4366 -0.2206 0.8722
vn -0.4759 -0.0443 0.8784
vn -0.4609 -0.0285 0.8870
vn -0.4386 -0.0321 0.8981
vn -0.4773 0.1421 0.8672
vn -0.4601 0.1570 0.8739
vn -0.4375 0.1555 0.8857
vn -0.4754 0.3187 0.8200
vn -0.7276 0.3818 0.5699
vn -0.7287 0.3809 0.5691
vn -0.6860 0.3041 0.6610
vn -0.7399 0.4836 0.4676
vn -0.7409 0.4828 0.4669
vn -0.6922 0.4298 0.5798
vn -0.7527 0.5588 0.3482
vn -0.7537 0.5582 0.3470
vn -0.7079 0.5378 0.4579
vn -0.7735 0.5529 0.3100
vn -0.7326 0.6392 0.2338
vn -0.7336 0.6380 0.2339
vn -0.7759 0.6043 0.1812
vn -0.7356 0.6707 0.0958
vn -0.7366 0.6695 0.0958
vn -0.7759 0.6281 0.0598
vn -0.7401 0.6709 -0.0458
vn -0.7412 0.6698 -0.0457
vn -0.7779 0.6245 -0.0701
vn -0.7423 0.6444 -0.1838
vn -0.7433 0.6433 -0.1835
vn -0.7784 0.5952 -0.1997
vn -0.7410 0.5934 -0.3142
vn -0.7420 0.5924 -0.3137
vn -0.7361 0.5193 -0.4341
vn -0.7372 0.5184 -0.4334
vn -0.6966 0.6175 -0.3653
vn -0.7339 0.4188 -0.5347
vn -0.7349 0.4183 -0.5338
vn -0.6923 0.5317 -0.4878
vn -0.7411 0.2948 -0.6032
vn -0.7420 0.2944 -0.6023
vn -0.6948 0.4150 -0.5874
vn -0.7513 0.1595 -0.6404
vn -0.7523 0.1587 -0.6394
vn -0.7082 0.2717 -0.6517
vn -0.7726 0.1228 -0.6229
vn -0.7291 0.0248 -0.6840
vn -0.7301 0.0252 -0.6829
vn -0.7723 -0.0177 -0.6351
vn -0.7313 -0.1176 -0.6718
vn -0.7324 -0.1172 -0.6708
vn -0.7767 -0.1353 -0.6152
vn -0.7399 -0.2509 -0.6242
vn -0.7409 -0.2509 -0.6230
vn -0.7277 -0.3816 -0.5699
vn -0.7288 -0.3808 -0.5691
vn -0.6861 -0.3039 -0.6610
vn -0.7400 -0.4834 -0.4676
vn -0.7410 -0.4827 -0.4668
vn -0.6922 -0.4297 -0.5798
vn -0.7527 -0.5588 -0.3482
vn -0.7536 -0.5582 -0.3470
vn -0.7078 -0.5378 -0.4579
vn -0.7735 -0.5528 -0.3099
vn -0.7327 -0.6391 -0.2338
vn -0.7337 -0.6380 -0.2338
vn -0.7758 -0.6043 -0.1812
vn -0.7356 -0.6707 -0.0951
vn -0.7366 -0.6696 -0.0951
vn -0.7391 -0.6720 0.0462
vn -0.7401 -0.6709 0.0462
vn -0.6947 -0.7163 -0.0652
vn -0.7769 -0.6257 0.0697
vn -0.7422 -0.6447 0.1830
vn -0.7432 -0.6436 0.1827
vn -0.7788 -0.5948 0.1992
vn -0.7411 -0.5930 0.3149
vn -0.7421 -0.5920 0.3144
vn -0.7362 -0.5192 0.4341
vn -0.7373 -0.5183 0.4333
vn -0.6962 -0.6171 0.3666
vn -0.7733 -0.4647 0.4314
vn -0.7351 -0.4183 0.5335
vn -0.7362 -0.4177 0.5325
vn -0.7410 -0.2949 0.6033
vn -0.7419 -0.2945 0.6024
vn -0.6944 -0.4156 0.5875
vn -0.7514 -0.1595 0.6403
vn -0.7524 -0.1586 0.6393
vn -0.7083 -0.2717 0.6515
vn -0.7724 -0.1227 0.6231
vn -0.7289 -0.0247 0.6842
vn -0.7299 -0.0253 0.6831
vn -0.7723 0.0177 0.6351
vn -0.7313 0.1177 0.6718
vn -0.7324 0.1173 0.6707
vn -0.7767 0.1353 0.6151
vn -0.7400 0.2509 0.6240
vn -0.7410 0.2508 0.6229
vt 0.115126 0.298478
vt 0.119350 0.297802
vt 0.118962 0.296417
vt 0.111392 0.301182
vt 0.115430 0.299931
vt 0.111206 0.299729
vt 0.107337 0.301621
vt 0.114721 0.294727
vt 0.107235 0.296214
vt 0.107235 0.300134
vt 0.115667 0.301452
vt 0.111544 0.302770
vt 0.107387 0.303209
vt 0.114247 0.294118
vt 0.110986 0.295808
vt 0.110108 0.248156
vt 0.108198 0.250724
vt 0.111054 0.249846
vt 0.107235 0.286818
vt 0.110969 0.294963
vt 0.110902 0.286616
vt 0.107235 0.278471
vt 0.107235 0.259342
vt 0.111172 0.275024
vt 0.107506 0.268805
vt 0.107522 0.277051
vt 0.107691 0.278200
vt 0.114433 0.282763
vt 0.111443 0.276105
vt 0.117323 0.288677
vt 0.111290 0.286075
vt 0.114636 0.293442
vt 0.111274 0.250859
vt 0.109888 0.259072
vt 0.111764 0.254104
vt 0.115261 0.293645
vt 0.118252 0.292057
vt 0.117762 0.289015
vt 0.112642 0.267960
vt 0.110023 0.260390
vt 0.110682 0.267521
vt 0.113065 0.272692
vt 0.111443 0.274855
vt 0.115109 0.277930
vt 0.111730 0.276004
vt 0.114653 0.282526
vt 0.112254 0.261911
vt 0.111899 0.254678
vt 0.110158 0.259173
vt 0.116782 0.281986
vt 0.117492 0.288305
vt 0.336247 0.970181
vt 0.338356 0.970825
vt 0.336247 0.970825
vt 0.339938 0.970181
vt 0.338356 0.970181
vt 0.104022 0.241070
vt 0.106777 0.252385
vt 0.106809 0.241950
vt 0.102424 0.251016
vt 0.102424 0.253037
vt 0.106777 0.254440
vt 0.338356 0.972580
vt 0.336247 0.972580
vt 0.339938 0.970825
vt 0.339938 0.972580
vt 0.336247 0.987506
vt 0.338356 0.987506
vt 0.339938 0.987506
vt 0.101462 0.291370
vt 0.096538 0.287179
vt 0.094582 0.287701
vt 0.096962 0.286756
vt 0.101641 0.288924
vt 0.108554 0.292120
vt 0.108489 0.289641
vt 0.099603 0.280494
vt 0.103744 0.281962
vt 0.106777 0.282288
vt 0.110412 0.267588
vt 0.107522 0.260626
vt 0.104070 0.259103
vt 0.106777 0.267190
vt 0.106777 0.259494
vt 0.096832 0.286201
vt 0.103956 0.257961
vt 0.102293 0.253461
vt 0.106777 0.258548
vt 0.103264 0.299729
vt 0.099328 0.298478
vt 0.103264 0.301182
vt 0.095492 0.296417
vt 0.099243 0.299931
vt 0.099733 0.294727
vt 0.096083 0.292767
vt 0.103214 0.302770
vt 0.099091 0.301452
vt 0.095069 0.299323
vt 0.095306 0.297802
vt 0.106272 0.250724
vt 0.104346 0.248156
vt 0.103417 0.249846
vt 0.103484 0.294963
vt 0.103569 0.286616
vt 0.100307 0.293916
vt 0.103298 0.275024
vt 0.106965 0.268805
vt 0.104042 0.267588
vt 0.100020 0.282763
vt 0.106762 0.278200
vt 0.103011 0.276105
vt 0.097131 0.288677
vt 0.103180 0.286075
vt 0.103197 0.250859
vt 0.104582 0.259072
vt 0.106610 0.259275
vt 0.099192 0.293645
vt 0.096708 0.289015
vt 0.096202 0.292057
vt 0.102048 0.268129
vt 0.104430 0.260390
vt 0.102589 0.262958
vt 0.101541 0.272725
vt 0.103771 0.267521
vt 0.099395 0.277795
vt 0.102741 0.276004
vt 0.101355 0.273469
vt 0.102521 0.262147
vt 0.102572 0.254678
vt 0.101727 0.258869
vt 0.097756 0.281648
vt 0.099801 0.282526
vt 0.277167 0.970181
vt 0.279276 0.970825
vt 0.277167 0.970825
vt 0.109597 0.241070
vt 0.111130 0.251016
vt 0.111130 0.253037
vt 0.111407 0.252744
vt 0.277167 0.972580
vt 0.279276 0.972580
vt 0.279276 0.987506
vt 0.277167 0.987506
vt 0.113592 0.288386
vt 0.115573 0.289886
vt 0.116592 0.286756
vt 0.109809 0.281962
vt 0.113934 0.280494
vt 0.106948 0.260626
vt 0.109467 0.259103
vt 0.110184 0.266505
vt 0.116722 0.286201
vt 0.111260 0.253461
vt 0.109597 0.257961
vt 0.117998 0.288238
vt 0.117779 0.288136
vt 0.111679 0.249406
vt 0.109753 0.260390
vt 0.107235 0.260626
vt 0.107235 0.277051
vt 0.112355 0.253732
vt 0.101804 0.253135
vt 0.102130 0.252744
vt 0.101821 0.252646
vt 0.096603 0.286038
vt 0.096343 0.286332
vt 0.106777 0.275016
vt 0.102717 0.273125
vt 0.102473 0.274136
vt 0.103028 0.274855
vt 0.104295 0.259173
vt 0.099817 0.293442
vt 0.110836 0.273092
vt 0.111081 0.274136
vt 0.116951 0.281884
vt 0.107843 0.259275
vt 0.107235 0.268805
vt 0.118370 0.292767
vt 0.112169 0.262722
vt 0.113234 0.273401
vt 0.112423 0.254340
vt 0.112575 0.258700
vt 0.112946 0.258464
vt 0.106931 0.277051
vt 0.104718 0.260390
vt 0.102690 0.254104
vt 0.096962 0.288305
vt 0.107235 0.295335
vt 0.103467 0.295808
vt 0.108114 0.246162
vt 0.109956 0.247074
vt 0.109770 0.245621
vt 0.104515 0.247074
vt 0.106365 0.246162
vt 0.104718 0.245621
vt 0.021173 0.197952
vt 0.019303 0.198687
vt 0.021173 0.199288
vt 0.024980 0.198654
vt 0.023026 0.197919
vt 0.023127 0.199255
vt 0.108198 0.248223
vt 0.108165 0.247615
vt 0.106272 0.248223
vt 0.104430 0.247649
vt 0.024730 0.197117
vt 0.024780 0.197351
vt 0.019453 0.197117
vt 0.019420 0.197384
vt 0.106777 0.273744
vt 0.103369 0.266505
vt 0.020505 0.188133
vt 0.021156 0.197652
vt 0.021565 0.188467
vt 0.108198 0.248764
vt 0.017592 0.237451
vt 0.016641 0.236261
vt 0.016571 0.237126
vt 0.019667 0.237094
vt 0.018581 0.236553
vt 0.018646 0.237418
vt 0.023577 0.187065
vt 0.022642 0.188467
vt 0.023711 0.188150
vt 0.020622 0.187098
vt 0.021607 0.187399
vt 0.018095 0.233819
vt 0.019527 0.236251
vt 0.019586 0.233365
vt 0.016587 0.233365
vt 0.017592 0.236553
vt 0.019311 0.231646
vt 0.018095 0.233559
vt 0.019538 0.233105
vt 0.016636 0.233105
vt 0.018095 0.232035
vt 0.016879 0.231549
vt 0.018079 0.231322
vt 0.019278 0.231451
vt 0.019197 0.230965
vt 0.016976 0.230965
vt 0.018095 0.231808
vt 0.053333 0.187672
vt 0.055661 0.184157
vt 0.053294 0.184956
vt 0.050965 0.184237
vt 0.111949 0.246973
vt 0.026516 0.195982
vt 0.024738 0.187516
vt 0.111730 0.245891
vt 0.111434 0.244540
vt 0.026850 0.197418
vt 0.026566 0.196216
vt 0.110023 0.247649
vt 0.106272 0.248764
vt 0.106289 0.247615
vt 0.023026 0.197652
vt 0.020478 0.235645
vt 0.020673 0.236445
vt 0.022592 0.187399
vt 0.106852 0.241661
vt 0.106852 0.224418
vt 0.104187 0.240828
vt 0.109518 0.240828
vt 0.137954 0.268839
vt 0.136247 0.275936
vt 0.138815 0.269616
vt 0.132631 0.280634
vt 0.135453 0.275024
vt 0.129556 0.285636
vt 0.133375 0.281681
vt 0.136399 0.266575
vt 0.134017 0.272455
vt 0.131330 0.277727
vt 0.137007 0.277018
vt 0.134050 0.282864
vt 0.130198 0.286785
vt 0.130806 0.288069
vt 0.133459 0.272523
vt 0.116613 0.240214
vt 0.115802 0.244540
vt 0.117846 0.240450
vt 0.125636 0.274855
vt 0.131043 0.277051
vt 0.128542 0.270360
vt 0.123186 0.268095
vt 0.117559 0.252617
vt 0.125349 0.260694
vt 0.120567 0.259984
vt 0.123000 0.266608
vt 0.123473 0.267352
vt 0.130282 0.263094
vt 0.125889 0.261235
vt 0.134338 0.264479
vt 0.128694 0.269481
vt 0.133577 0.271509
vt 0.118336 0.241025
vt 0.119621 0.249305
vt 0.119688 0.243052
vt 0.134152 0.270934
vt 0.136095 0.266135
vt 0.134794 0.264243
vt 0.124014 0.253326
vt 0.120127 0.250183
vt 0.122763 0.255185
vt 0.125450 0.256165
vt 0.125518 0.260221
vt 0.128137 0.257585
vt 0.126092 0.260829
vt 0.130384 0.262654
vt 0.122307 0.249508
vt 0.119959 0.243357
vt 0.119891 0.249034
vt 0.130401 0.258396
vt 0.134371 0.264006
vt 0.332029 0.970181
vt 0.329920 0.970825
vt 0.329920 0.970181
vt 0.334138 0.970181
vt 0.332029 0.970825
vt 0.099505 0.234613
vt 0.098495 0.247005
vt 0.101494 0.238559
vt 0.095381 0.240776
vt 0.094777 0.242407
vt 0.097891 0.248635
vt 0.332029 0.972580
vt 0.329920 0.972580
vt 0.334138 0.972580
vt 0.329920 0.987506
vt 0.332029 0.987506
vt 0.334138 0.987506
vt 0.082729 0.272293
vt 0.079990 0.263114
vt 0.078254 0.261239
vt 0.080447 0.263244
vt 0.083601 0.270532
vt 0.088933 0.279157
vt 0.084425 0.261320
vt 0.087343 0.267353
vt 0.089707 0.271168
vt 0.122561 0.255557
vt 0.118167 0.253326
vt 0.094337 0.249255
vt 0.094142 0.258972
vt 0.096408 0.252744
vt 0.080512 0.262657
vt 0.094566 0.248179
vt 0.094549 0.242602
vt 0.096685 0.251994
vt 0.126785 0.291212
vt 0.122679 0.293578
vt 0.126210 0.289961
vt 0.123152 0.294896
vt 0.128390 0.282459
vt 0.121885 0.290063
vt 0.127309 0.292598
vt 0.123591 0.296349
vt 0.119705 0.299323
vt 0.114247 0.246804
vt 0.124994 0.285838
vt 0.122594 0.278978
vt 0.122121 0.288745
vt 0.118979 0.269954
vt 0.120127 0.260626
vt 0.117407 0.263026
vt 0.118607 0.280059
vt 0.122730 0.268433
vt 0.119080 0.271137
vt 0.122138 0.279045
vt 0.111797 0.250521
vt 0.115346 0.255523
vt 0.117035 0.253293
vt 0.121141 0.289826
vt 0.116359 0.266034
vt 0.115599 0.256740
vt 0.115312 0.261167
vt 0.117272 0.270360
vt 0.117171 0.263296
vt 0.117052 0.277220
vt 0.118826 0.271407
vt 0.117356 0.271171
vt 0.115025 0.260626
vt 0.118370 0.280127
vt 0.334138 0.970825
vt 0.088256 0.281228
vt 0.093424 0.284147
vt 0.092250 0.274494
vt 0.096033 0.278179
vt 0.117711 0.254002
vt 0.098707 0.255581
vt 0.097093 0.262429
vt 0.099131 0.254831
vt 0.134760 0.263330
vt 0.134540 0.263533
vt 0.118235 0.239369
vt 0.119908 0.250521
vt 0.117931 0.253664
vt 0.122763 0.266946
vt 0.120043 0.242072
vt 0.094256 0.241755
vt 0.094631 0.241852
vt 0.094402 0.241396
vt 0.080365 0.262266
vt 0.080072 0.262201
vt 0.091843 0.265331
vt 0.089104 0.259005
vt 0.088615 0.259527
vt 0.118708 0.270123
vt 0.115143 0.255929
vt 0.121581 0.288914
vt 0.095690 0.268527
vt 0.095593 0.269668
vt 0.130468 0.258159
vt 0.118032 0.251840
vt 0.120347 0.260288
vt 0.118657 0.240112
vt 0.122425 0.250150
vt 0.125720 0.256470
vt 0.120280 0.242478
vt 0.122307 0.246060
vt 0.122476 0.245553
vt 0.122527 0.267284
vt 0.115836 0.256436
vt 0.128137 0.281749
vt 0.125230 0.286548
vt 0.114856 0.242072
vt 0.115515 0.238575
vt 0.114332 0.240957
vt 0.112921 0.243002
vt 0.028136 0.194646
vt 0.028536 0.195715
vt 0.030891 0.189904
vt 0.030106 0.193377
vt 0.031442 0.190705
vt 0.115075 0.242512
vt 0.116140 0.239504
vt 0.111865 0.246432
vt 0.113352 0.244269
vt 0.029555 0.192208
vt 0.029639 0.192442
vt 0.028052 0.194412
vt 0.092218 0.264288
vt 0.091598 0.254407
vt 0.025681 0.186497
vt 0.115227 0.242951
vt 0.113673 0.245215
vt 0.021332 0.234791
vt 0.021597 0.235505
vt 0.023186 0.232748
vt 0.022143 0.233624
vt 0.022456 0.234240
vt 0.026524 0.185211
vt 0.026900 0.183024
vt 0.026199 0.184426
vt 0.025397 0.185595
vt 0.024512 0.186464
vt 0.020932 0.231970
vt 0.022829 0.232284
vt 0.022002 0.229830
vt 0.021272 0.228760
vt 0.020867 0.231776
vt 0.021905 0.229668
vt 0.020397 0.230511
vt 0.020202 0.229960
vt 0.021191 0.228662
vt 0.020997 0.228371
vt 0.020348 0.230349
vt 0.058503 0.184317
vt 0.059529 0.178724
vt 0.057792 0.182000
vt 0.117745 0.237071
vt 0.030774 0.189770
vt 0.027952 0.182005
vt 0.027318 0.183708
vt 0.116537 0.235719
vt 0.031993 0.186898
vt 0.116376 0.239876
vt 0.117238 0.236462
vt 0.031876 0.186731
vt 0.113504 0.244776
vt 0.023407 0.230651
vt 0.023802 0.230997
vt 0.027485 0.181421
vt 0.101772 0.238329
vt 0.099856 0.234497
vt 0.145202 0.224194
vt 0.146030 0.232103
vt 0.146250 0.223992
vt 0.145000 0.232136
vt 0.145388 0.240112
vt 0.143344 0.247649
vt 0.144374 0.239977
vt 0.143276 0.224194
vt 0.143090 0.231731
vt 0.142448 0.239166
vt 0.147247 0.224025
vt 0.147027 0.232305
vt 0.146368 0.240484
vt 0.145287 0.248494
vt 0.144341 0.247987
vt 0.142651 0.232441
vt 0.119519 0.226121
vt 0.120144 0.230548
vt 0.120601 0.224870
vt 0.137007 0.243559
vt 0.142026 0.238963
vt 0.138038 0.236496
vt 0.133037 0.240957
vt 0.123946 0.235043
vt 0.132614 0.232407
vt 0.128525 0.237476
vt 0.132445 0.239977
vt 0.133054 0.239977
vt 0.137312 0.228588
vt 0.133223 0.232204
vt 0.141012 0.224904
vt 0.137920 0.235617
vt 0.142448 0.231494
vt 0.121158 0.224735
vt 0.124639 0.229940
vt 0.122848 0.224803
vt 0.142735 0.230379
vt 0.142904 0.224194
vt 0.141299 0.224194
vt 0.129640 0.227472
vt 0.125298 0.230041
vt 0.128897 0.230987
vt 0.131938 0.227878
vt 0.132614 0.231866
vt 0.134980 0.226019
vt 0.133256 0.231663
vt 0.137261 0.228081
vt 0.126751 0.226695
vt 0.123169 0.224735
vt 0.124774 0.229433
vt 0.137413 0.224194
vt 0.140894 0.224498
vt 0.323592 0.970181
vt 0.325701 0.970825
vt 0.323592 0.970825
vt 0.327811 0.970181
vt 0.325701 0.970181
vt 0.097777 0.224146
vt 0.093375 0.232918
vt 0.098218 0.229624
vt 0.092691 0.224211
vt 0.091712 0.224830
vt 0.092397 0.233537
vt 0.325701 0.972580
vt 0.323592 0.972580
vt 0.327811 0.972580
vt 0.323592 0.987506
vt 0.325701 0.987506
vt 0.327811 0.987506
vt 0.073192 0.234841
vt 0.073664 0.224211
vt 0.072817 0.220640
vt 0.074007 0.224830
vt 0.074406 0.234450
vt 0.075026 0.248570
vt 0.076183 0.247673
vt 0.077789 0.227961
vt 0.078376 0.236276
vt 0.079159 0.242146
vt 0.128846 0.231562
vt 0.124639 0.234908
vt 0.089348 0.229852
vt 0.086332 0.237483
vt 0.090001 0.235102
vt 0.074219 0.224439
vt 0.089838 0.229265
vt 0.091484 0.224700
vt 0.090441 0.234809
vt 0.142887 0.255557
vt 0.141924 0.255084
vt 0.141029 0.262789
vt 0.140116 0.262181
vt 0.140116 0.253496
vt 0.138444 0.260255
vt 0.143800 0.256233
vt 0.141891 0.263601
vt 0.139626 0.270562
vt 0.119553 0.234232
vt 0.139728 0.253158
vt 0.135774 0.250454
vt 0.138241 0.258903
vt 0.130181 0.247378
vt 0.128373 0.238490
vt 0.126869 0.243661
vt 0.132851 0.255996
vt 0.132766 0.241768
vt 0.130620 0.248257
vt 0.135402 0.251028
vt 0.123000 0.240011
vt 0.123710 0.236192
vt 0.137768 0.260931
vt 0.126244 0.246770
vt 0.123574 0.240687
vt 0.124352 0.244540
vt 0.127934 0.248798
vt 0.126768 0.244168
vt 0.129404 0.253833
vt 0.130485 0.248764
vt 0.128170 0.249271
vt 0.124014 0.244472
vt 0.132682 0.256368
vt 0.327811 0.970825
vt 0.078360 0.257016
vt 0.080251 0.247820
vt 0.082224 0.255222
vt 0.124453 0.235989
vt 0.091011 0.240124
vt 0.087702 0.243744
vt 0.091598 0.239994
vt 0.141012 0.223485
vt 0.140894 0.223890
vt 0.120601 0.223518
vt 0.125213 0.230582
vt 0.124554 0.235448
vt 0.132361 0.240518
vt 0.122848 0.223586
vt 0.091484 0.223689
vt 0.091761 0.224211
vt 0.091712 0.223559
vt 0.074219 0.223950
vt 0.074007 0.223559
vt 0.082599 0.239896
vt 0.082256 0.231580
vt 0.081702 0.231417
vt 0.130012 0.247852
vt 0.122949 0.240585
vt 0.137869 0.259680
vt 0.084783 0.247037
vt 0.084360 0.247820
vt 0.137413 0.223958
vt 0.124098 0.233860
vt 0.128458 0.237983
vt 0.132276 0.241092
vt 0.127089 0.226999
vt 0.132310 0.227810
vt 0.125636 0.223823
vt 0.125636 0.224329
vt 0.123659 0.240146
vt 0.141063 0.246162
vt 0.141468 0.246432
vt 0.117838 0.229382
vt 0.118928 0.226121
vt 0.118100 0.226070
vt 0.117306 0.232728
vt 0.032811 0.183758
vt 0.032577 0.187532
vt 0.033446 0.184159
vt 0.034314 0.176712
vt 0.033379 0.180185
vt 0.034030 0.180419
vt 0.118945 0.229771
vt 0.118641 0.229669
vt 0.118353 0.233454
vt 0.117508 0.236766
vt 0.033512 0.176712
vt 0.033646 0.176678
vt 0.083218 0.239505
vt 0.085615 0.230798
vt 0.032661 0.183658
vt 0.119215 0.229940
vt 0.118624 0.233623
vt 0.023834 0.228943
vt 0.024256 0.229181
vt 0.024310 0.225160
vt 0.024580 0.227171
vt 0.024742 0.225128
vt 0.028236 0.177780
vt 0.028937 0.175893
vt 0.028386 0.175810
vt 0.028420 0.180068
vt 0.027919 0.179651
vt 0.022942 0.224122
vt 0.024148 0.227030
vt 0.022699 0.227138
vt 0.022035 0.224155
vt 0.022570 0.227041
vt 0.022797 0.224122
vt 0.021791 0.226555
vt 0.021532 0.226360
vt 0.021937 0.224155
vt 0.021710 0.224155
vt 0.061738 0.175448
vt 0.061068 0.169936
vt 0.060634 0.174570
vt 0.060436 0.180402
vt 0.119519 0.222268
vt 0.028954 0.173739
vt 0.118928 0.222369
vt 0.118100 0.222572
vt 0.033646 0.172971
vt 0.119249 0.226121
vt 0.033512 0.172971
vt 0.033228 0.180118
vt 0.028737 0.178014
vt 0.024304 0.223150
vt 0.024726 0.222987
vt 0.028386 0.173806
vt 0.098648 0.229749
vt 0.098190 0.224418
vt 0.137954 0.179550
vt 0.141029 0.185160
vt 0.138815 0.178367
vt 0.141924 0.193305
vt 0.140116 0.186207
vt 0.143344 0.200706
vt 0.142887 0.192426
vt 0.136399 0.181814
vt 0.138444 0.188134
vt 0.140116 0.194893
vt 0.139626 0.177522
vt 0.141891 0.184450
vt 0.143800 0.191851
vt 0.144341 0.199996
vt 0.145287 0.199557
vt 0.138308 0.189215
vt 0.117745 0.211318
vt 0.119553 0.214157
vt 0.118235 0.209020
vt 0.137007 0.204829
vt 0.139728 0.195231
vt 0.135774 0.197935
vt 0.133037 0.207431
vt 0.123946 0.213346
vt 0.130181 0.201010
vt 0.128373 0.209899
vt 0.132276 0.207296
vt 0.132766 0.206620
vt 0.132851 0.192358
vt 0.130620 0.200131
vt 0.134760 0.185058
vt 0.135402 0.197360
vt 0.137869 0.188708
vt 0.118657 0.208276
vt 0.123000 0.208378
vt 0.120043 0.206316
vt 0.137768 0.187424
vt 0.136095 0.182253
vt 0.134794 0.184146
vt 0.126650 0.201179
vt 0.123574 0.207702
vt 0.126751 0.204221
vt 0.128576 0.199016
vt 0.130012 0.200537
vt 0.130249 0.193676
vt 0.130485 0.199625
vt 0.132682 0.192020
vt 0.124098 0.203612
vt 0.120280 0.205911
vt 0.122949 0.207803
vt 0.131465 0.189080
vt 0.134540 0.184856
vt 0.319374 0.970181
vt 0.317265 0.970825
vt 0.317265 0.970181
vt 0.321483 0.970825
vt 0.319374 0.970825
vt 0.095381 0.207645
vt 0.098218 0.218635
vt 0.099505 0.213678
vt 0.094402 0.206993
vt 0.092397 0.214852
vt 0.093375 0.215471
vt 0.319374 0.972580
vt 0.317265 0.972580
vt 0.321483 0.972580
vt 0.319374 0.987506
vt 0.317265 0.987506
vt 0.321483 0.987506
vt 0.076477 0.193313
vt 0.079990 0.185275
vt 0.080349 0.181395
vt 0.080072 0.186188
vt 0.077577 0.194438
vt 0.075124 0.207238
vt 0.082224 0.193167
vt 0.080251 0.200569
vt 0.079159 0.206243
vt 0.126869 0.204728
vt 0.124453 0.212399
vt 0.091011 0.208297
vt 0.086332 0.210906
vt 0.090001 0.213287
vt 0.080365 0.186123
vt 0.091598 0.208395
vt 0.094256 0.206634
vt 0.090441 0.213580
vt 0.145388 0.207837
vt 0.144374 0.208412
vt 0.146030 0.215880
vt 0.145000 0.216252
vt 0.142448 0.209223
vt 0.143090 0.216658
vt 0.146368 0.207567
vt 0.147027 0.215745
vt 0.120144 0.217807
vt 0.142026 0.209425
vt 0.138038 0.211893
vt 0.142516 0.215813
vt 0.132614 0.215982
vt 0.128525 0.210912
vt 0.128846 0.216827
vt 0.137312 0.219801
vt 0.133054 0.208378
vt 0.133223 0.216151
vt 0.137920 0.212771
vt 0.121158 0.223620
vt 0.124639 0.218449
vt 0.124098 0.214529
vt 0.142735 0.218010
vt 0.129640 0.220679
vt 0.125298 0.218348
vt 0.127089 0.221153
vt 0.131921 0.220274
vt 0.128897 0.217367
vt 0.134980 0.222133
vt 0.133256 0.216725
vt 0.132310 0.220342
vt 0.126751 0.221457
vt 0.123169 0.223654
vt 0.137261 0.220308
vt 0.321483 0.970181
vt 0.073925 0.206585
vt 0.074137 0.217330
vt 0.078376 0.212113
vt 0.077789 0.220428
vt 0.124639 0.213481
vt 0.089348 0.218537
vt 0.085599 0.217591
vt 0.089838 0.219124
vt 0.134338 0.183909
vt 0.134371 0.184382
vt 0.118336 0.207364
vt 0.123659 0.208209
vt 0.124554 0.212940
vt 0.132361 0.207871
vt 0.119959 0.205032
vt 0.119688 0.205336
vt 0.094549 0.205786
vt 0.094631 0.206537
vt 0.094777 0.205982
vt 0.080512 0.185732
vt 0.080447 0.185145
vt 0.082599 0.208493
vt 0.084767 0.201352
vt 0.084360 0.200569
vt 0.132614 0.216523
vt 0.124774 0.218956
vt 0.142448 0.216894
vt 0.082273 0.216808
vt 0.081702 0.216972
vt 0.131381 0.188844
vt 0.123710 0.212197
vt 0.128458 0.210405
vt 0.124470 0.203545
vt 0.128846 0.198509
vt 0.122155 0.201923
vt 0.122341 0.202463
vt 0.132445 0.208412
vt 0.125213 0.217807
vt 0.141063 0.202193
vt 0.141468 0.201923
vt 0.118066 0.215238
vt 0.116537 0.212906
vt 0.117306 0.215897
vt 0.117838 0.219243
vt 0.033395 0.169464
vt 0.034314 0.172771
vt 0.034030 0.169064
vt 0.031993 0.162785
vt 0.033395 0.165323
vt 0.032544 0.161983
vt 0.117508 0.211622
vt 0.118353 0.214934
vt 0.118945 0.218584
vt 0.119249 0.222268
vt 0.032661 0.166025
vt 0.032794 0.165924
vt 0.083218 0.208884
vt 0.087718 0.204645
vt 0.028754 0.171635
vt 0.033245 0.169565
vt 0.118624 0.214765
vt 0.024153 0.221247
vt 0.024564 0.220944
vt 0.023413 0.217647
vt 0.024240 0.218966
vt 0.023769 0.217118
vt 0.028411 0.169615
vt 0.027468 0.168229
vt 0.027919 0.169999
vt 0.028236 0.171869
vt 0.022002 0.218447
vt 0.023840 0.219355
vt 0.022699 0.221139
vt 0.021272 0.219517
vt 0.022570 0.221236
vt 0.021905 0.218609
vt 0.021791 0.221723
vt 0.021532 0.221917
vt 0.021191 0.219615
vt 0.021013 0.219907
vt 0.061738 0.164503
vt 0.059647 0.161067
vt 0.060712 0.165222
vt 0.062173 0.170016
vt 0.116613 0.208175
vt 0.030791 0.159913
vt 0.027944 0.167661
vt 0.031876 0.162952
vt 0.117238 0.211994
vt 0.115515 0.210068
vt 0.030891 0.159746
vt 0.116376 0.208513
vt 0.116140 0.208952
vt 0.119215 0.218415
vt 0.118641 0.218787
vt 0.022824 0.216026
vt 0.023121 0.215399
vt 0.027318 0.165891
vt 0.098648 0.219087
vt 0.099856 0.214256
vt 0.118962 0.151972
vt 0.123152 0.153087
vt 0.119350 0.150147
vt 0.122679 0.154811
vt 0.126785 0.156771
vt 0.129556 0.162753
vt 0.126210 0.158427
vt 0.121885 0.158326
vt 0.128390 0.165930
vt 0.119705 0.148761
vt 0.123591 0.151702
vt 0.127309 0.155487
vt 0.130806 0.159982
vt 0.130198 0.161198
vt 0.122104 0.159373
vt 0.125230 0.161807
vt 0.111949 0.201416
vt 0.114247 0.201585
vt 0.111679 0.198949
vt 0.125636 0.173500
vt 0.124994 0.162550
vt 0.122594 0.169377
vt 0.123186 0.180293
vt 0.117559 0.195772
vt 0.118979 0.178434
vt 0.120127 0.187762
vt 0.122527 0.181104
vt 0.122730 0.179955
vt 0.118607 0.168329
vt 0.119080 0.177252
vt 0.117998 0.160151
vt 0.122138 0.169343
vt 0.121581 0.159475
vt 0.111797 0.197867
vt 0.115346 0.192832
vt 0.112355 0.194657
vt 0.121141 0.158562
vt 0.118252 0.156332
vt 0.117762 0.159373
vt 0.116140 0.182355
vt 0.115599 0.191615
vt 0.117171 0.185092
vt 0.117052 0.178198
vt 0.118708 0.178265
vt 0.116968 0.171608
vt 0.118826 0.176981
vt 0.118370 0.168262
vt 0.114839 0.187458
vt 0.112423 0.194048
vt 0.115143 0.192460
vt 0.116714 0.166166
vt 0.117779 0.160252
vt 0.310937 0.970181
vt 0.313047 0.970825
vt 0.310937 0.970825
vt 0.313047 0.970181
vt 0.315156 0.970825
vt 0.104022 0.207189
vt 0.098495 0.201384
vt 0.101494 0.209732
vt 0.102424 0.197406
vt 0.101821 0.195743
vt 0.097891 0.199754
vt 0.313047 0.972580
vt 0.310937 0.972580
vt 0.315156 0.972580
vt 0.313047 0.987506
vt 0.310937 0.987506
vt 0.315156 0.987506
vt 0.091337 0.163606
vt 0.096538 0.161210
vt 0.097973 0.158503
vt 0.096343 0.162057
vt 0.091900 0.165807
vt 0.085370 0.171335
vt 0.086153 0.173259
vt 0.096033 0.170210
vt 0.092250 0.173895
vt 0.089707 0.177221
vt 0.117407 0.185363
vt 0.117711 0.194386
vt 0.098707 0.192808
vt 0.094142 0.189417
vt 0.096408 0.195645
vt 0.096603 0.162351
vt 0.099131 0.193558
vt 0.101804 0.195254
vt 0.096685 0.196395
vt 0.133375 0.166302
vt 0.132631 0.167755
vt 0.136247 0.172047
vt 0.135453 0.173365
vt 0.131330 0.170661
vt 0.134017 0.175933
vt 0.134050 0.165220
vt 0.137007 0.171067
vt 0.115802 0.203849
vt 0.117846 0.207938
vt 0.131043 0.171337
vt 0.128542 0.178029
vt 0.133324 0.175933
vt 0.125349 0.187695
vt 0.120567 0.188404
vt 0.122561 0.192832
vt 0.130282 0.185295
vt 0.123473 0.181037
vt 0.125889 0.187154
vt 0.128694 0.178874
vt 0.119621 0.199084
vt 0.118032 0.196549
vt 0.134152 0.177454
vt 0.124098 0.194217
vt 0.120127 0.198205
vt 0.122290 0.197597
vt 0.125720 0.191243
vt 0.122763 0.193203
vt 0.128796 0.189722
vt 0.126092 0.187559
vt 0.126058 0.190871
vt 0.122138 0.198273
vt 0.130384 0.185734
vt 0.315156 0.970181
vt 0.082387 0.180286
vt 0.087343 0.181036
vt 0.084425 0.187069
vt 0.118167 0.195062
vt 0.094337 0.199134
vt 0.091582 0.193949
vt 0.094566 0.200210
vt 0.117323 0.159711
vt 0.117492 0.160083
vt 0.111274 0.197529
vt 0.115836 0.191953
vt 0.117931 0.194724
vt 0.122763 0.181442
vt 0.111899 0.193710
vt 0.111764 0.194285
vt 0.102293 0.194928
vt 0.102130 0.195645
vt 0.102424 0.195351
vt 0.096832 0.162188
vt 0.096962 0.161666
vt 0.091843 0.183090
vt 0.095674 0.179829
vt 0.095593 0.178721
vt 0.125518 0.188134
vt 0.119891 0.199354
vt 0.133577 0.176880
vt 0.089120 0.189417
vt 0.088615 0.188862
vt 0.116596 0.166065
vt 0.117035 0.195096
vt 0.120347 0.188100
vt 0.118370 0.155622
vt 0.115092 0.186951
vt 0.117120 0.177454
vt 0.112929 0.188269
vt 0.113217 0.188506
vt 0.123000 0.181780
vt 0.119908 0.197867
vt 0.128137 0.166640
vt 0.113352 0.204221
vt 0.111434 0.204086
vt 0.112921 0.205623
vt 0.114332 0.207685
vt 0.029655 0.157208
vt 0.031375 0.158811
vt 0.030056 0.156139
vt 0.026550 0.153467
vt 0.028453 0.153868
vt 0.026767 0.152165
vt 0.111865 0.201923
vt 0.113504 0.203612
vt 0.115075 0.205877
vt 0.028052 0.155271
vt 0.028136 0.155037
vt 0.092218 0.184101
vt 0.097093 0.185993
vt 0.029572 0.157475
vt 0.113673 0.203173
vt 0.115227 0.205437
vt 0.022148 0.214686
vt 0.022391 0.213940
vt 0.020489 0.212621
vt 0.021532 0.212707
vt 0.020624 0.211799
vt 0.025397 0.164087
vt 0.024713 0.162150
vt 0.024512 0.163186
vt 0.026900 0.166626
vt 0.026550 0.164421
vt 0.026199 0.165256
vt 0.020932 0.216307
vt 0.019586 0.214913
vt 0.020413 0.217766
vt 0.019538 0.215172
vt 0.019295 0.216729
vt 0.020851 0.216502
vt 0.019197 0.217312
vt 0.020348 0.217928
vt 0.020219 0.218318
vt 0.058542 0.155634
vt 0.055780 0.155714
vt 0.057911 0.157792
vt 0.111054 0.198543
vt 0.110108 0.200233
vt 0.026516 0.153701
vt 0.023703 0.161466
vt 0.111730 0.202565
vt 0.109770 0.203021
vt 0.024780 0.152265
vt 0.110023 0.200740
vt 0.109956 0.201416
vt 0.024746 0.152532
vt 0.114856 0.206418
vt 0.025673 0.163202
vt 0.019532 0.212016
vt 0.021343 0.213497
vt 0.019603 0.211151
vt 0.023561 0.162551
vt 0.101772 0.210424
vt 0.104187 0.208009
vt 0.095492 0.151972
vt 0.099243 0.148052
vt 0.095306 0.150147
vt 0.099328 0.149910
vt 0.103264 0.146801
vt 0.103264 0.148660
vt 0.107337 0.146362
vt 0.096083 0.155622
vt 0.099733 0.153662
vt 0.107235 0.152175
vt 0.107235 0.148254
vt 0.095069 0.148761
vt 0.099091 0.146598
vt 0.103214 0.145314
vt 0.107387 0.144875
vt 0.100206 0.154270
vt 0.103467 0.152580
vt 0.104346 0.200233
vt 0.106272 0.197664
vt 0.103417 0.198543
vt 0.107235 0.161536
vt 0.103484 0.153425
vt 0.103569 0.161773
vt 0.107235 0.169918
vt 0.107235 0.189046
vt 0.103298 0.173365
vt 0.106965 0.179550
vt 0.106931 0.171337
vt 0.106762 0.170188
vt 0.100020 0.165626
vt 0.103011 0.172284
vt 0.097131 0.159711
vt 0.103180 0.162314
vt 0.099817 0.154946
vt 0.103197 0.197529
vt 0.104582 0.189283
vt 0.102690 0.194285
vt 0.099192 0.154743
vt 0.096202 0.156332
vt 0.096708 0.159373
vt 0.102352 0.180834
vt 0.104430 0.187999
vt 0.103771 0.180868
vt 0.101930 0.176609
vt 0.103028 0.173534
vt 0.099953 0.171946
vt 0.102741 0.172385
vt 0.099801 0.165828
vt 0.102741 0.186241
vt 0.102572 0.193710
vt 0.104295 0.189215
vt 0.098195 0.168329
vt 0.096962 0.160083
vt 0.306719 0.970181
vt 0.304610 0.970825
vt 0.304610 0.970181
vt 0.308828 0.970181
vt 0.306719 0.970825
vt 0.109597 0.207189
vt 0.106777 0.196004
vt 0.106809 0.206341
vt 0.111130 0.197406
vt 0.111130 0.195351
vt 0.106777 0.193982
vt 0.306719 0.972580
vt 0.304610 0.972580
vt 0.308828 0.972580
vt 0.304610 0.987506
vt 0.306719 0.987506
vt 0.308828 0.987506
vt 0.112092 0.157019
vt 0.116999 0.161210
vt 0.118956 0.160704
vt 0.116592 0.161666
vt 0.111896 0.159465
vt 0.105000 0.156269
vt 0.105057 0.158748
vt 0.113934 0.167894
vt 0.109809 0.166427
vt 0.106777 0.166101
vt 0.104042 0.180800
vt 0.106948 0.187762
vt 0.109467 0.189286
vt 0.106777 0.181199
vt 0.106777 0.188895
vt 0.116722 0.162188
vt 0.109597 0.190428
vt 0.111260 0.194928
vt 0.106777 0.189841
vt 0.111206 0.148660
vt 0.115430 0.148052
vt 0.111392 0.146801
vt 0.115126 0.149910
vt 0.114721 0.153662
vt 0.111544 0.145314
vt 0.115667 0.146598
vt 0.108198 0.197664
vt 0.110969 0.153425
vt 0.110902 0.161773
vt 0.114163 0.154473
vt 0.111172 0.173365
vt 0.107506 0.179550
vt 0.110412 0.180800
vt 0.114433 0.165626
vt 0.107691 0.170188
vt 0.111443 0.172284
vt 0.111290 0.162314
vt 0.109888 0.189283
vt 0.107843 0.189114
vt 0.115261 0.154743
vt 0.112456 0.179279
vt 0.110023 0.187999
vt 0.111949 0.184349
vt 0.112929 0.174818
vt 0.110682 0.180868
vt 0.114856 0.169850
vt 0.111730 0.172385
vt 0.113081 0.174108
vt 0.112000 0.185126
vt 0.114653 0.165828
vt 0.308828 0.970825
vt 0.099946 0.160003
vt 0.103744 0.166427
vt 0.099603 0.167894
vt 0.107522 0.187762
vt 0.104070 0.189286
vt 0.103369 0.181884
vt 0.103956 0.190428
vt 0.096455 0.160151
vt 0.096692 0.160252
vt 0.102656 0.197867
vt 0.104718 0.187999
vt 0.107235 0.187762
vt 0.107235 0.171337
vt 0.102115 0.194657
vt 0.111749 0.195254
vt 0.111407 0.195645
vt 0.111733 0.195743
vt 0.116950 0.162351
vt 0.117211 0.162057
vt 0.106777 0.173373
vt 0.110836 0.175264
vt 0.111081 0.174253
vt 0.111443 0.173534
vt 0.110158 0.189215
vt 0.114636 0.154946
vt 0.102717 0.175297
vt 0.102473 0.174253
vt 0.098060 0.168431
vt 0.106610 0.189114
vt 0.107235 0.179550
vt 0.102825 0.185532
vt 0.101761 0.175967
vt 0.101423 0.189351
vt 0.101727 0.189148
vt 0.107522 0.171337
vt 0.109753 0.187999
vt 0.107235 0.153054
vt 0.110986 0.152580
vt 0.106365 0.202497
vt 0.104515 0.201416
vt 0.104718 0.203021
vt 0.108114 0.202497
vt 0.023043 0.151697
vt 0.024897 0.150962
vt 0.023043 0.150361
vt 0.019219 0.150996
vt 0.021173 0.151731
vt 0.021073 0.150395
vt 0.106272 0.200165
vt 0.106289 0.200841
vt 0.108198 0.200165
vt 0.019470 0.152532
vt 0.019420 0.152298
vt 0.106777 0.174645
vt 0.110184 0.181884
vt 0.023043 0.151998
vt 0.106272 0.199625
vt 0.018592 0.211713
vt 0.018581 0.210827
vt 0.016646 0.211994
vt 0.017527 0.210827
vt 0.016506 0.211183
vt 0.021574 0.161215
vt 0.020622 0.162585
vt 0.021607 0.162251
vt 0.022634 0.161182
vt 0.022592 0.162251
vt 0.018079 0.214459
vt 0.016587 0.214913
vt 0.018095 0.216242
vt 0.016636 0.215172
vt 0.016887 0.216729
vt 0.016976 0.217312
vt 0.018095 0.216469
vt 0.018095 0.216956
vt 0.053372 0.152279
vt 0.051044 0.155794
vt 0.053412 0.154995
vt 0.018079 0.214718
vt 0.102521 0.201416
vt 0.017683 0.153668
vt 0.020497 0.161499
vt 0.103062 0.204086
vt 0.017650 0.153434
vt 0.102605 0.201923
vt 0.102724 0.202565
vt 0.108198 0.199625
vt 0.021173 0.151998
vt 0.015695 0.212632
vt 0.017592 0.211713
vt 0.015484 0.211864
vt 0.019687 0.163186
vt 0.019470 0.162134
vt 0.106852 0.207176
vt 0.109518 0.208009
vt 0.076517 0.179550
vt 0.078409 0.172047
vt 0.075858 0.178367
vt 0.079017 0.173365
vt 0.081299 0.166302
vt 0.084914 0.162753
vt 0.081822 0.167755
vt 0.078071 0.181814
vt 0.080437 0.175933
vt 0.083140 0.170661
vt 0.075131 0.177522
vt 0.077767 0.171067
vt 0.080707 0.165220
vt 0.083951 0.159982
vt 0.084458 0.161198
vt 0.080994 0.175866
vt 0.097857 0.208175
vt 0.098652 0.203849
vt 0.096607 0.207938
vt 0.088818 0.173500
vt 0.083411 0.171337
vt 0.085928 0.178029
vt 0.091285 0.180293
vt 0.096911 0.195772
vt 0.089105 0.187695
vt 0.093904 0.188404
vt 0.091454 0.181780
vt 0.090980 0.181037
vt 0.084188 0.185295
vt 0.088564 0.187154
vt 0.080116 0.183909
vt 0.085759 0.178874
vt 0.080876 0.176880
vt 0.096117 0.207364
vt 0.094833 0.199084
vt 0.094765 0.205336
vt 0.080319 0.177454
vt 0.078375 0.182253
vt 0.079660 0.184146
vt 0.090592 0.194589
vt 0.094326 0.198205
vt 0.091707 0.193203
vt 0.088953 0.191716
vt 0.088936 0.188134
vt 0.085878 0.190263
vt 0.088361 0.187559
vt 0.084070 0.185734
vt 0.092552 0.198509
vt 0.094495 0.205032
vt 0.094579 0.199354
vt 0.083292 0.189452
vt 0.080082 0.184382
vt 0.298282 0.970181
vt 0.300392 0.970825
vt 0.298282 0.970825
vt 0.302501 0.970181
vt 0.300392 0.970181
vt 0.114097 0.213678
vt 0.115059 0.201384
vt 0.112108 0.209732
vt 0.118173 0.207645
vt 0.118776 0.205982
vt 0.115662 0.199754
vt 0.300392 0.972580
vt 0.298282 0.972580
vt 0.302501 0.972580
vt 0.300392 0.987506
vt 0.298282 0.987506
vt 0.302501 0.987506
vt 0.130816 0.176096
vt 0.133563 0.185275
vt 0.135300 0.187150
vt 0.133091 0.185145
vt 0.129944 0.177857
vt 0.125289 0.167161
vt 0.124621 0.169231
vt 0.129113 0.187069
vt 0.126211 0.181036
vt 0.123847 0.177221
vt 0.091910 0.192832
vt 0.096303 0.195062
vt 0.119216 0.199134
vt 0.119412 0.189417
vt 0.117146 0.195645
vt 0.133042 0.185732
vt 0.118988 0.200210
vt 0.119004 0.205786
vt 0.116869 0.196395
vt 0.088243 0.158427
vt 0.091504 0.153087
vt 0.087871 0.156771
vt 0.091792 0.154811
vt 0.089223 0.161807
vt 0.092569 0.158326
vt 0.087449 0.155487
vt 0.091166 0.151702
vt 0.100206 0.201585
vt 0.102774 0.198949
vt 0.089460 0.162550
vt 0.091859 0.169377
vt 0.092349 0.159644
vt 0.095475 0.178434
vt 0.094326 0.187762
vt 0.097063 0.185363
vt 0.095847 0.168329
vt 0.091741 0.179955
vt 0.095390 0.177252
vt 0.092315 0.169343
vt 0.099125 0.192832
vt 0.097418 0.195096
vt 0.093312 0.158562
vt 0.098432 0.183504
vt 0.098854 0.191615
vt 0.099463 0.187830
vt 0.097536 0.179617
vt 0.097300 0.185092
vt 0.097722 0.173466
vt 0.095644 0.176981
vt 0.097469 0.178908
vt 0.099733 0.188303
vt 0.102048 0.194048
vt 0.096100 0.168262
vt 0.302501 0.970825
vt 0.120113 0.164242
vt 0.121287 0.173895
vt 0.117521 0.170210
vt 0.096759 0.194386
vt 0.114847 0.192808
vt 0.116461 0.185960
vt 0.114407 0.193558
vt 0.079693 0.185058
vt 0.079913 0.184856
vt 0.095796 0.208276
vt 0.094563 0.197867
vt 0.096523 0.194724
vt 0.091690 0.181442
vt 0.094174 0.205911
vt 0.094411 0.206316
vt 0.119298 0.206634
vt 0.118923 0.206537
vt 0.119151 0.206993
vt 0.133172 0.186123
vt 0.133482 0.186188
vt 0.121711 0.183090
vt 0.124434 0.189384
vt 0.124939 0.188862
vt 0.095745 0.178265
vt 0.099328 0.192460
vt 0.092873 0.159475
vt 0.117863 0.179862
vt 0.117961 0.178721
vt 0.083191 0.189688
vt 0.096421 0.196549
vt 0.094123 0.188100
vt 0.091927 0.181104
vt 0.092400 0.197833
vt 0.088632 0.191378
vt 0.092552 0.201990
vt 0.092349 0.202531
vt 0.098635 0.191953
vt 0.086317 0.166640
vt 0.086063 0.165930
vt 0.100155 0.207685
vt 0.098314 0.208952
vt 0.098973 0.210068
vt 0.101566 0.205623
vt 0.016064 0.155003
vt 0.017349 0.152231
vt 0.015680 0.153935
vt 0.013308 0.159746
vt 0.014093 0.156273
vt 0.012774 0.158944
vt 0.098077 0.208513
vt 0.099598 0.206418
vt 0.099395 0.205877
vt 0.100950 0.203612
vt 0.013425 0.159913
vt 0.014561 0.157241
vt 0.121336 0.184101
vt 0.121955 0.193982
vt 0.018518 0.163152
vt 0.016147 0.155237
vt 0.099226 0.205437
vt 0.014847 0.213486
vt 0.014576 0.212805
vt 0.013004 0.215496
vt 0.014031 0.214664
vt 0.013717 0.214037
vt 0.017316 0.166626
vt 0.017675 0.164438
vt 0.016882 0.165941
vt 0.018802 0.164087
vt 0.014171 0.218447
vt 0.013355 0.215994
vt 0.015241 0.216307
vt 0.014901 0.219517
vt 0.015322 0.216502
vt 0.014268 0.218609
vt 0.015801 0.217847
vt 0.015971 0.218318
vt 0.014982 0.219615
vt 0.015176 0.219907
vt 0.048203 0.155634
vt 0.047177 0.161227
vt 0.048913 0.157951
vt 0.050650 0.153158
vt 0.096218 0.209020
vt 0.096725 0.211318
vt 0.012323 0.162919
vt 0.016247 0.167644
vt 0.097942 0.212906
vt 0.012206 0.162752
vt 0.096945 0.211622
vt 0.097215 0.211994
vt 0.100781 0.203173
vt 0.101119 0.204221
vt 0.014644 0.157475
vt 0.012761 0.217626
vt 0.012371 0.217247
vt 0.016715 0.168262
vt 0.111891 0.210424
vt 0.113807 0.214256
vt 0.069471 0.216252
vt 0.068423 0.223992
vt 0.069251 0.224194
vt 0.070079 0.208412
vt 0.068626 0.215880
vt 0.071110 0.200706
vt 0.069268 0.207837
vt 0.071177 0.224194
vt 0.071380 0.216658
vt 0.072985 0.201923
vt 0.067747 0.215745
vt 0.068389 0.207567
vt 0.069471 0.199557
vt 0.070316 0.199996
vt 0.071803 0.215948
vt 0.072005 0.209223
vt 0.094934 0.222268
vt 0.094309 0.217807
vt 0.093853 0.223518
vt 0.077446 0.204829
vt 0.072428 0.209425
vt 0.076415 0.211893
vt 0.081434 0.207431
vt 0.090524 0.213346
vt 0.081839 0.215982
vt 0.085928 0.210912
vt 0.082008 0.208412
vt 0.081400 0.208378
vt 0.077142 0.219801
vt 0.081248 0.216151
vt 0.073458 0.223485
vt 0.076551 0.212771
vt 0.072022 0.216894
vt 0.093295 0.223620
vt 0.089815 0.218449
vt 0.091606 0.223586
vt 0.071718 0.218010
vt 0.071549 0.224194
vt 0.073154 0.224194
vt 0.085404 0.220375
vt 0.089156 0.218348
vt 0.085573 0.217367
vt 0.083157 0.219970
vt 0.081839 0.216523
vt 0.080166 0.221862
vt 0.081197 0.216725
vt 0.077193 0.220308
vt 0.088243 0.221186
vt 0.091302 0.223654
vt 0.089696 0.218956
vt 0.077767 0.223721
vt 0.073577 0.223890
vt 0.294064 0.970181
vt 0.291951 0.970825
vt 0.291951 0.970181
vt 0.296173 0.970181
vt 0.294064 0.970825
vt 0.120863 0.224211
vt 0.115385 0.218635
vt 0.115825 0.224146
vt 0.121841 0.223559
vt 0.121140 0.214852
vt 0.120178 0.215471
vt 0.294064 0.972580
vt 0.291951 0.972580
vt 0.296173 0.972580
vt 0.294064 0.987506
vt 0.291951 0.987506
vt 0.296173 0.987506
vt 0.140362 0.213548
vt 0.139889 0.224211
vt 0.140729 0.227765
vt 0.139547 0.223559
vt 0.139131 0.213939
vt 0.138520 0.199819
vt 0.137362 0.200716
vt 0.135764 0.220428
vt 0.135178 0.212113
vt 0.134395 0.206243
vt 0.085624 0.216827
vt 0.089815 0.213481
vt 0.124205 0.218537
vt 0.127221 0.210906
vt 0.123553 0.213287
vt 0.139319 0.223950
vt 0.123700 0.219124
vt 0.122069 0.223689
vt 0.123113 0.213580
vt 0.071786 0.192426
vt 0.072546 0.193305
vt 0.073627 0.185160
vt 0.074337 0.186207
vt 0.076010 0.188134
vt 0.070975 0.191851
vt 0.072867 0.184450
vt 0.094901 0.214157
vt 0.074743 0.195231
vt 0.078696 0.197935
vt 0.076213 0.189486
vt 0.084272 0.201010
vt 0.086097 0.209899
vt 0.087584 0.204728
vt 0.081603 0.192358
vt 0.081687 0.206620
vt 0.083850 0.200131
vt 0.079051 0.197360
vt 0.091454 0.208378
vt 0.090744 0.212197
vt 0.076686 0.187424
vt 0.088040 0.201281
vt 0.090896 0.207702
vt 0.090220 0.203545
vt 0.086097 0.199219
vt 0.087702 0.204221
vt 0.084424 0.194082
vt 0.083985 0.199625
vt 0.085827 0.198712
vt 0.090592 0.203612
vt 0.081789 0.192020
vt 0.296173 0.970825
vt 0.135194 0.191373
vt 0.133303 0.200569
vt 0.131330 0.193167
vt 0.090000 0.212399
vt 0.122526 0.208297
vt 0.125836 0.204645
vt 0.121955 0.208395
vt 0.073458 0.224904
vt 0.073577 0.224498
vt 0.093295 0.224735
vt 0.089240 0.217807
vt 0.089916 0.212940
vt 0.082093 0.207871
vt 0.091606 0.224803
vt 0.122069 0.224700
vt 0.121792 0.224211
vt 0.121841 0.224830
vt 0.139319 0.224439
vt 0.139547 0.224830
vt 0.130939 0.208493
vt 0.131297 0.216808
vt 0.131852 0.216972
vt 0.084441 0.200537
vt 0.091504 0.207803
vt 0.076601 0.188708
vt 0.128770 0.201384
vt 0.129194 0.200569
vt 0.077767 0.223958
vt 0.090372 0.214529
vt 0.086013 0.210405
vt 0.087905 0.220882
vt 0.082785 0.220037
vt 0.091302 0.224735
vt 0.089341 0.223552
vt 0.089341 0.224093
vt 0.082194 0.207296
vt 0.090795 0.208209
vt 0.073408 0.202193
vt 0.074337 0.194893
vt 0.096649 0.219243
vt 0.095543 0.222369
vt 0.096387 0.222572
vt 0.097190 0.215897
vt 0.011388 0.165891
vt 0.011622 0.162117
vt 0.010770 0.165490
vt 0.009886 0.172938
vt 0.010821 0.169464
vt 0.010169 0.169231
vt 0.095509 0.218584
vt 0.095813 0.218787
vt 0.096404 0.215238
vt 0.010704 0.172938
vt 0.010553 0.172971
vt 0.011539 0.165991
vt 0.130335 0.208884
vt 0.127939 0.217591
vt 0.015780 0.169581
vt 0.095238 0.218415
vt 0.095847 0.214765
vt 0.012334 0.219334
vt 0.011917 0.219096
vt 0.011431 0.223149
vt 0.012026 0.221247
vt 0.011593 0.221106
vt 0.015980 0.171902
vt 0.015262 0.173756
vt 0.015813 0.173839
vt 0.016281 0.169999
vt 0.013474 0.221139
vt 0.011874 0.223117
vt 0.013247 0.224155
vt 0.014139 0.224155
vt 0.013604 0.221236
vt 0.013377 0.224155
vt 0.014382 0.221723
vt 0.014641 0.221917
vt 0.014236 0.224122
vt 0.014463 0.224122
vt 0.044967 0.164503
vt 0.045638 0.170016
vt 0.046032 0.165382
vt 0.094934 0.226121
vt 0.010687 0.176678
vt 0.015245 0.175910
vt 0.096387 0.226070
vt 0.009886 0.176879
vt 0.010553 0.176678
vt 0.095222 0.222268
vt 0.095543 0.226121
vt 0.096100 0.214934
vt 0.010971 0.169531
vt 0.015471 0.171635
vt 0.011869 0.225128
vt 0.011447 0.225290
vt 0.115056 0.219087
vt 0.115473 0.224418
vt 0.076517 0.268839
vt 0.073627 0.262789
vt 0.075858 0.269616
vt 0.072546 0.255084
vt 0.074337 0.262181
vt 0.071110 0.247649
vt 0.071786 0.255557
vt 0.078071 0.266575
vt 0.076010 0.260255
vt 0.072985 0.246432
vt 0.075131 0.270562
vt 0.072867 0.263601
vt 0.070975 0.256233
vt 0.069471 0.248494
vt 0.070316 0.247987
vt 0.076145 0.259173
vt 0.074337 0.253496
vt 0.096725 0.237071
vt 0.094901 0.234232
vt 0.096218 0.239369
vt 0.077446 0.243559
vt 0.074743 0.253158
vt 0.078696 0.250454
vt 0.081434 0.240957
vt 0.090524 0.235043
vt 0.084272 0.247378
vt 0.086097 0.238490
vt 0.082194 0.241092
vt 0.081687 0.241768
vt 0.081603 0.255996
vt 0.083850 0.248257
vt 0.079693 0.263330
vt 0.079051 0.251028
vt 0.076601 0.259680
vt 0.095796 0.240112
vt 0.091454 0.240011
vt 0.094411 0.242072
vt 0.076686 0.260931
vt 0.078375 0.266135
vt 0.079660 0.264243
vt 0.088040 0.246770
vt 0.090896 0.240687
vt 0.087702 0.244168
vt 0.086165 0.248899
vt 0.084441 0.247852
vt 0.084543 0.254138
vt 0.083985 0.248764
vt 0.081789 0.256368
vt 0.090490 0.244371
vt 0.094174 0.242478
vt 0.091504 0.240585
vt 0.083377 0.258666
vt 0.079913 0.263533
vt 0.285603 0.970181
vt 0.287712 0.970825
vt 0.285603 0.970825
vt 0.287712 0.970181
vt 0.289822 0.970825
vt 0.118173 0.240776
vt 0.115385 0.229624
vt 0.114097 0.234613
vt 0.119151 0.241396
vt 0.121140 0.233537
vt 0.120178 0.232918
vt 0.287712 0.972580
vt 0.285603 0.972580
vt 0.289822 0.972580
vt 0.287712 0.987506
vt 0.285603 0.987506
vt 0.289822 0.987506
vt 0.137077 0.255076
vt 0.133563 0.263114
vt 0.133205 0.266994
vt 0.133482 0.262201
vt 0.135968 0.253950
vt 0.138422 0.241151
vt 0.131330 0.255222
vt 0.133303 0.247820
vt 0.134395 0.242146
vt 0.087584 0.243661
vt 0.090000 0.235989
vt 0.122526 0.240124
vt 0.127221 0.237483
vt 0.123553 0.235102
vt 0.133172 0.262266
vt 0.121955 0.239994
vt 0.119298 0.241755
vt 0.123113 0.234809
vt 0.069268 0.240112
vt 0.069471 0.232136
vt 0.070079 0.239977
vt 0.068626 0.232103
vt 0.071380 0.231731
vt 0.068389 0.240484
vt 0.067747 0.232305
vt 0.067528 0.224025
vt 0.094309 0.230548
vt 0.093853 0.224870
vt 0.072428 0.238963
vt 0.076415 0.236496
vt 0.071938 0.232576
vt 0.081839 0.232407
vt 0.085928 0.237476
vt 0.085624 0.231562
vt 0.077142 0.228588
vt 0.081400 0.239977
vt 0.081248 0.232204
vt 0.076551 0.235617
vt 0.089815 0.229940
vt 0.090372 0.233860
vt 0.071718 0.230379
vt 0.085404 0.227270
vt 0.089156 0.230041
vt 0.087905 0.226797
vt 0.083174 0.227675
vt 0.085557 0.230987
vt 0.080166 0.225783
vt 0.081197 0.231663
vt 0.082785 0.227608
vt 0.088243 0.226492
vt 0.077193 0.228081
vt 0.289822 0.970181
vt 0.139620 0.241803
vt 0.139400 0.231059
vt 0.135178 0.236276
vt 0.135764 0.227961
vt 0.089815 0.234908
vt 0.124205 0.229852
vt 0.127939 0.230798
vt 0.123700 0.229265
vt 0.080116 0.264479
vt 0.080082 0.264006
vt 0.096607 0.240450
vt 0.090795 0.240146
vt 0.089916 0.235448
vt 0.082093 0.240518
vt 0.094765 0.243052
vt 0.119004 0.242602
vt 0.118923 0.241852
vt 0.118776 0.242407
vt 0.133042 0.262657
vt 0.133091 0.263244
vt 0.130939 0.239896
vt 0.128787 0.247037
vt 0.129194 0.247820
vt 0.081839 0.231866
vt 0.089696 0.229433
vt 0.072022 0.231494
vt 0.131281 0.231580
vt 0.131852 0.231417
vt 0.083461 0.258903
vt 0.090744 0.236192
vt 0.086013 0.237983
vt 0.096117 0.241025
vt 0.090136 0.244438
vt 0.085911 0.249406
vt 0.092366 0.246027
vt 0.092180 0.245520
vt 0.082008 0.239977
vt 0.089240 0.230582
vt 0.073408 0.246162
vt 0.072005 0.239166
vt 0.097190 0.232728
vt 0.097215 0.236462
vt 0.097942 0.235719
vt 0.096649 0.229382
vt 0.010821 0.180185
vt 0.010186 0.180586
vt 0.011672 0.187666
vt 0.011405 0.183725
vt 0.010804 0.184326
vt 0.096100 0.233454
vt 0.096404 0.233252
vt 0.095509 0.229771
vt 0.095222 0.226121
vt 0.012323 0.186731
vt 0.012223 0.186898
vt 0.130335 0.239505
vt 0.125836 0.243744
vt 0.010954 0.180085
vt 0.095847 0.233623
vt 0.096945 0.236766
vt 0.011609 0.227333
vt 0.012420 0.231159
vt 0.012339 0.228911
vt 0.011934 0.229311
vt 0.016731 0.181421
vt 0.015788 0.180035
vt 0.016264 0.182005
vt 0.015963 0.177780
vt 0.015813 0.175843
vt 0.014171 0.229830
vt 0.012771 0.230619
vt 0.012020 0.227030
vt 0.013474 0.227138
vt 0.014901 0.228792
vt 0.013604 0.227041
vt 0.014268 0.229668
vt 0.014382 0.226555
vt 0.014641 0.226360
vt 0.014982 0.228662
vt 0.015160 0.228371
vt 0.045993 0.174729
vt 0.046230 0.180402
vt 0.047098 0.178884
vt 0.044967 0.175448
vt 0.097857 0.240214
vt 0.016882 0.183758
vt 0.098314 0.239504
vt 0.098973 0.238575
vt 0.012824 0.190839
vt 0.013308 0.189904
vt 0.013409 0.189770
vt 0.095238 0.229940
vt 0.095813 0.229669
vt 0.011539 0.183658
vt 0.015454 0.178014
vt 0.098077 0.239876
vt 0.013344 0.232251
vt 0.013036 0.232878
vt 0.017316 0.183024
vt 0.016281 0.179651
vt 0.115056 0.229749
vt 0.113807 0.234497
vt 0.091792 0.293578
vt 0.088243 0.289961
vt 0.091504 0.294896
vt 0.084458 0.286785
vt 0.087871 0.291212
vt 0.092569 0.290063
vt 0.089223 0.286548
vt 0.084914 0.285636
vt 0.091166 0.296349
vt 0.087449 0.292598
vt 0.083951 0.288069
vt 0.092366 0.289015
vt 0.102521 0.246973
vt 0.100206 0.246804
vt 0.102774 0.249406
vt 0.088818 0.274855
vt 0.089460 0.285838
vt 0.091859 0.278978
vt 0.091285 0.268095
vt 0.096911 0.252617
vt 0.095475 0.269920
vt 0.094326 0.260626
vt 0.091927 0.267284
vt 0.091741 0.268433
vt 0.095847 0.280059
vt 0.095390 0.271137
vt 0.096455 0.288238
vt 0.092315 0.279045
vt 0.092873 0.288914
vt 0.102656 0.250521
vt 0.099125 0.255523
vt 0.102115 0.253732
vt 0.093312 0.289826
vt 0.098415 0.264952
vt 0.098854 0.256740
vt 0.097300 0.263296
vt 0.097418 0.269211
vt 0.095745 0.270123
vt 0.097536 0.275970
vt 0.095644 0.271407
vt 0.096100 0.280127
vt 0.099851 0.259714
vt 0.102048 0.254340
vt 0.099328 0.255929
vt 0.097621 0.281546
vt 0.096692 0.288136
vt 0.279276 0.970181
vt 0.281385 0.970825
vt 0.281385 0.970181
vt 0.283494 0.970825
vt 0.115059 0.247005
vt 0.112108 0.238559
vt 0.111733 0.252646
vt 0.115662 0.248635
vt 0.281385 0.972580
vt 0.283494 0.972580
vt 0.281385 0.987506
vt 0.283494 0.987506
vt 0.122208 0.284799
vt 0.116999 0.287179
vt 0.117211 0.286332
vt 0.121646 0.282582
vt 0.127401 0.275130
vt 0.117521 0.278179
vt 0.121287 0.274494
vt 0.123847 0.271168
vt 0.097063 0.263026
vt 0.096759 0.254002
vt 0.114847 0.255581
vt 0.119412 0.258972
vt 0.117146 0.252744
vt 0.116950 0.286038
vt 0.114407 0.254831
vt 0.111749 0.253135
vt 0.116869 0.251994
vt 0.081299 0.281681
vt 0.081822 0.280634
vt 0.078409 0.275936
vt 0.079017 0.275024
vt 0.083140 0.277727
vt 0.080437 0.272455
vt 0.080707 0.282864
vt 0.077767 0.277018
vt 0.098652 0.244540
vt 0.083411 0.277051
vt 0.085928 0.270360
vt 0.081146 0.272455
vt 0.089105 0.260694
vt 0.093904 0.259984
vt 0.091910 0.255557
vt 0.084188 0.263094
vt 0.090980 0.267352
vt 0.088564 0.261235
vt 0.085759 0.269481
vt 0.094833 0.249305
vt 0.096421 0.251840
vt 0.080319 0.270934
vt 0.090490 0.253631
vt 0.094326 0.250183
vt 0.092231 0.250319
vt 0.088919 0.256537
vt 0.091707 0.255185
vt 0.085945 0.258024
vt 0.088361 0.260829
vt 0.088598 0.256909
vt 0.092383 0.249643
vt 0.094495 0.243357
vt 0.084070 0.262654
vt 0.283494 0.970181
vt 0.128167 0.277054
vt 0.131151 0.268103
vt 0.126211 0.267353
vt 0.129113 0.261320
vt 0.096303 0.253326
vt 0.119216 0.249255
vt 0.121972 0.254440
vt 0.118988 0.248179
vt 0.098635 0.256436
vt 0.096523 0.253664
vt 0.091690 0.266946
vt 0.121711 0.265331
vt 0.117863 0.268559
vt 0.117961 0.269668
vt 0.088936 0.260221
vt 0.094579 0.249034
vt 0.080876 0.271509
vt 0.124417 0.258972
vt 0.124939 0.259527
vt 0.097418 0.253293
vt 0.094123 0.260288
vt 0.099547 0.260221
vt 0.097334 0.269988
vt 0.101406 0.258632
vt 0.091454 0.266608
vt 0.094563 0.250521
vt 0.086317 0.281749
vt 0.086063 0.282459
vt 0.101566 0.243002
vt 0.102724 0.245891
vt 0.103062 0.244540
vt 0.099598 0.242072
vt 0.100155 0.240957
vt 0.014143 0.193510
vt 0.017433 0.197518
vt 0.016064 0.194613
vt 0.015746 0.195815
vt 0.100950 0.244776
vt 0.101119 0.244269
vt 0.017683 0.195948
vt 0.017650 0.196249
vt 0.014544 0.192442
vt 0.121336 0.264288
vt 0.116445 0.262429
vt 0.014628 0.192208
vt 0.100781 0.245215
vt 0.099395 0.242512
vt 0.013766 0.234337
vt 0.015549 0.236510
vt 0.014830 0.234802
vt 0.014641 0.235570
vt 0.019687 0.186464
vt 0.018526 0.186480
vt 0.019487 0.187482
vt 0.017650 0.185261
vt 0.018000 0.184426
vt 0.015690 0.235656
vt 0.014014 0.233635
vt 0.015241 0.231970
vt 0.015322 0.231776
vt 0.015801 0.230430
vt 0.015971 0.229960
vt 0.048834 0.182160
vt 0.050650 0.186794
vt 0.102605 0.246432
vt 0.099226 0.242951
vt 0.016147 0.194379
vt 0.018802 0.185562
vt 0.111891 0.238329
vt 0.462023 0.262640
vt 0.436790 0.755426
vt 0.445167 0.262640
vt 0.478878 0.262640
vt 0.470451 0.755426
vt 0.495631 0.262640
vt 0.512487 0.262640
vt 0.504059 0.755426
vt 0.470451 0.938359
vt 0.436790 0.858677
vt 0.470451 0.858677
vt 0.504059 0.858676
vt 0.504059 0.938359
vt 0.462023 0.101116
vt 0.445167 0.149051
vt 0.445167 0.101116
vt 0.478878 0.101116
vt 0.462023 0.149051
vt 0.495631 0.101116
vt 0.478878 0.149051
vt 0.445167 0.050319
vt 0.478878 0.050319
vt 0.445167 0.196986
vt 0.462023 0.196986
vt 0.478878 0.196985
vt 0.495631 0.196985
vt 0.495631 0.149051
vt 0.336247 0.940095
vt 0.338356 0.940469
vt 0.336247 0.940469
vt 0.338356 0.940095
vt 0.339938 0.940469
vt 0.537720 0.755426
vt 0.529343 0.262640
vt 0.546096 0.262640
vt 0.537720 0.858676
vt 0.537720 0.938359
vt 0.512487 0.149051
vt 0.512487 0.101116
vt 0.529343 0.149051
vt 0.546096 0.101116
vt 0.529343 0.101116
vt 0.512487 0.050319
vt 0.546096 0.050319
vt 0.512487 0.196985
vt 0.529343 0.196985
vt 0.546096 0.196985
vt 0.546096 0.149051
vt 0.277167 0.940095
vt 0.279276 0.940469
vt 0.277167 0.940469
vt 0.369521 0.755427
vt 0.344340 0.262640
vt 0.361093 0.262640
vt 0.377949 0.262640
vt 0.394805 0.262640
vt 0.411558 0.262640
vt 0.403181 0.755426
vt 0.335912 0.938359
vt 0.369521 0.858677
vt 0.369521 0.938359
vt 0.403181 0.858677
vt 0.403181 0.938359
vt 0.361093 0.101116
vt 0.344340 0.149051
vt 0.344340 0.101116
vt 0.377949 0.101116
vt 0.361093 0.149051
vt 0.394805 0.149051
vt 0.377949 0.149051
vt 0.344340 0.050319
vt 0.361093 0.050319
vt 0.394805 0.050319
vt 0.394805 0.101116
vt 0.335912 0.755427
vt 0.335912 0.858677
vt 0.361093 0.196986
vt 0.377949 0.196986
vt 0.394805 0.196986
vt 0.344340 0.196986
vt 0.329920 0.940095
vt 0.332029 0.940469
vt 0.329920 0.940469
vt 0.332029 0.940095
vt 0.334138 0.940469
vt 0.428414 0.262640
vt 0.436790 0.938359
vt 0.411558 0.149051
vt 0.428414 0.101116
vt 0.411558 0.101116
vt 0.428414 0.149051
vt 0.411558 0.050319
vt 0.428414 0.050319
vt 0.411558 0.196986
vt 0.428414 0.196986
vt 0.268643 0.755427
vt 0.243410 0.262641
vt 0.260266 0.262641
vt 0.277019 0.262640
vt 0.293875 0.262640
vt 0.310628 0.262640
vt 0.302252 0.755427
vt 0.234982 0.938359
vt 0.268643 0.858677
vt 0.268643 0.938359
vt 0.302252 0.858677
vt 0.302252 0.938359
vt 0.260266 0.101117
vt 0.243410 0.149052
vt 0.243410 0.101117
vt 0.277019 0.101117
vt 0.260266 0.149052
vt 0.293875 0.149051
vt 0.277019 0.149051
vt 0.243410 0.050320
vt 0.277019 0.050320
vt 0.293875 0.050319
vt 0.293875 0.101116
vt 0.234982 0.755427
vt 0.234982 0.858677
vt 0.260266 0.196986
vt 0.277019 0.196986
vt 0.293875 0.196986
vt 0.323592 0.940095
vt 0.325701 0.940469
vt 0.323592 0.940469
vt 0.327811 0.940095
vt 0.327811 0.940469
vt 0.327484 0.262640
vt 0.310628 0.149051
vt 0.327484 0.101116
vt 0.310628 0.101116
vt 0.327484 0.149051
vt 0.310628 0.050319
vt 0.327484 0.050319
vt 0.310628 0.196986
vt 0.327484 0.196986
vt 0.159337 0.262641
vt 0.134105 0.755427
vt 0.142481 0.262641
vt 0.176090 0.262641
vt 0.167713 0.755427
vt 0.201373 0.755427
vt 0.192946 0.262641
vt 0.209801 0.262641
vt 0.167713 0.938359
vt 0.134105 0.858677
vt 0.167713 0.858677
vt 0.201373 0.938359
vt 0.201373 0.858677
vt 0.142481 0.101117
vt 0.159337 0.149052
vt 0.142481 0.149052
vt 0.159337 0.101117
vt 0.176090 0.149052
vt 0.192946 0.101117
vt 0.176090 0.101117
vt 0.159337 0.050320
vt 0.176090 0.050320
vt 0.192946 0.050320
vt 0.142481 0.196986
vt 0.159337 0.196986
vt 0.176090 0.196986
vt 0.192946 0.196986
vt 0.192946 0.149052
vt 0.317265 0.940095
vt 0.319374 0.940469
vt 0.317265 0.940469
vt 0.319374 0.940095
vt 0.321483 0.940469
vt 0.226555 0.262641
vt 0.209801 0.149052
vt 0.209801 0.101117
vt 0.226555 0.149052
vt 0.226554 0.101117
vt 0.209801 0.050320
vt 0.226554 0.050320
vt 0.209801 0.196986
vt 0.226555 0.196986
vt 0.243410 0.196986
vt 0.321483 0.940095
vt 0.066835 0.755427
vt 0.041551 0.262641
vt 0.058407 0.262641
vt 0.075263 0.262641
vt 0.092016 0.262641
vt 0.108872 0.262641
vt 0.100444 0.755427
vt 0.066835 0.938359
vt 0.033175 0.858677
vt 0.066835 0.858677
vt 0.100444 0.938359
vt 0.100444 0.858677
vt 0.058407 0.101117
vt 0.041551 0.149052
vt 0.041551 0.101117
vt 0.075263 0.149052
vt 0.058407 0.149052
vt 0.075263 0.101117
vt 0.092016 0.149052
vt 0.058407 0.050320
vt 0.075263 0.050320
vt 0.092016 0.050320
vt 0.092016 0.101117
vt 0.033175 0.755427
vt 0.058407 0.196987
vt 0.075263 0.196986
vt 0.092016 0.196986
vt 0.310937 0.940469
vt 0.313047 0.940095
vt 0.313047 0.940469
vt 0.315156 0.940095
vt 0.315156 0.940469
vt 0.125728 0.262641
vt 0.134105 0.938359
vt 0.108872 0.101117
vt 0.125728 0.101117
vt 0.108872 0.149052
vt 0.125728 0.149052
vt 0.125728 0.050320
vt 0.142481 0.050320
vt 0.108872 0.196986
vt 0.125728 0.196986
vt 0.972888 0.755426
vt 0.949403 0.262640
vt 0.965334 0.262640
vt 0.980443 0.262640
vt 1.000038 0.755425
vt 0.995140 0.262640
vt 0.008148 0.262641
vt 0.000080 0.755427
vt -0.007988 0.262641
vt 0.972888 0.938359
vt 0.941130 0.858676
vt 0.972888 0.858676
vt 1.000038 0.858676
vt 1.000038 0.938359
vt 0.949403 0.101116
vt 0.965334 0.149051
vt 0.949403 0.149051
vt 0.980443 0.101116
vt 0.965334 0.101116
vt 0.995140 0.101116
vt 0.980443 0.149051
vt 0.965334 0.050319
vt 0.980443 0.050319
vt 0.941130 0.755426
vt 0.965334 0.196985
vt 0.980443 0.196985
vt 0.995140 0.196985
vt 0.949403 0.196985
vt 0.995140 0.149051
vt 0.304610 0.940095
vt 0.306719 0.940469
vt 0.304610 0.940469
vt 0.308828 0.940095
vt 0.308828 0.940469
vt 0.024798 0.262641
vt 0.033175 0.938359
vt 0.000080 0.858677
vt -0.007988 0.101117
vt 0.008148 0.149052
vt -0.007988 0.149052
vt 0.008148 0.101117
vt 0.024798 0.149052
vt 0.024798 0.101117
vt 0.008148 0.050320
vt 0.024798 0.050320
vt -0.007988 0.196987
vt 0.008148 0.196987
vt 0.024798 0.196987
vt 0.041551 0.196987
vt 0.310937 0.940095
vt 0.865638 0.262640
vt 0.840406 0.755426
vt 0.848782 0.262640
vt 0.882494 0.262640
vt 0.874066 0.755426
vt 0.907675 0.755426
vt 0.899247 0.262640
vt 0.916103 0.262640
vt 0.840406 0.938359
vt 0.874066 0.858676
vt 0.874066 0.938359
vt 0.907675 0.858676
vt 0.907675 0.938359
vt 0.848782 0.101116
vt 0.865638 0.149051
vt 0.848782 0.149051
vt 0.865638 0.101116
vt 0.882494 0.149051
vt 0.899247 0.101116
vt 0.882494 0.101116
vt 0.848782 0.050319
vt 0.882494 0.050319
vt 0.899247 0.050319
vt 0.840406 0.858676
vt 0.848782 0.196985
vt 0.865638 0.196985
vt 0.882494 0.196985
vt 0.899247 0.196985
vt 0.899247 0.149051
vt 0.298282 0.940469
vt 0.300392 0.940095
vt 0.300392 0.940469
vt 0.302501 0.940469
vt 0.932856 0.262640
vt 0.941130 0.938359
vt 0.916103 0.149051
vt 0.916103 0.101116
vt 0.932856 0.149051
vt 0.932856 0.101116
vt 0.916103 0.050319
vt 0.932856 0.050319
vt 0.916103 0.196985
vt 0.932856 0.196985
vt 0.302501 0.940095
vt 0.764708 0.262640
vt 0.739527 0.755426
vt 0.747955 0.262640
vt 0.781564 0.262640
vt 0.773136 0.755426
vt 0.798420 0.262640
vt 0.815173 0.262640
vt 0.806797 0.755426
vt 0.773136 0.938359
vt 0.739527 0.858676
vt 0.773136 0.858676
vt 0.806797 0.938359
vt 0.806797 0.858676
vt 0.764708 0.101116
vt 0.747955 0.149051
vt 0.747955 0.101116
vt 0.781564 0.101116
vt 0.764708 0.149051
vt 0.798420 0.149051
vt 0.781564 0.149051
vt 0.747955 0.050319
vt 0.781564 0.050319
vt 0.798420 0.050319
vt 0.798420 0.101116
vt 0.764708 0.196985
vt 0.781564 0.196985
vt 0.798420 0.196985
vt 0.291951 0.940095
vt 0.294064 0.940469
vt 0.291951 0.940469
vt 0.294064 0.940095
vt 0.296173 0.940469
vt 0.832029 0.262640
vt 0.815173 0.149051
vt 0.832029 0.101116
vt 0.815173 0.101116
vt 0.832029 0.149051
vt 0.815173 0.050319
vt 0.832029 0.050319
vt 0.815173 0.196985
vt 0.832029 0.196985
vt 0.298282 0.940095
vt 0.663882 0.262640
vt 0.638598 0.755426
vt 0.647026 0.262640
vt 0.680635 0.262640
vt 0.672258 0.755426
vt 0.705867 0.755426
vt 0.697491 0.262640
vt 0.714244 0.262640
vt 0.638598 0.938359
vt 0.672258 0.858676
vt 0.672258 0.938359
vt 0.705867 0.858676
vt 0.705867 0.938359
vt 0.647026 0.101117
vt 0.663882 0.149051
vt 0.647026 0.149051
vt 0.663882 0.101117
vt 0.680635 0.149051
vt 0.697491 0.101116
vt 0.680635 0.101117
vt 0.663882 0.050320
vt 0.680635 0.050320
vt 0.697491 0.050319
vt 0.638598 0.858676
vt 0.647026 0.196986
vt 0.663882 0.196986
vt 0.680635 0.196986
vt 0.697491 0.196985
vt 0.697491 0.149051
vt 0.285603 0.940469
vt 0.287712 0.940095
vt 0.287712 0.940469
vt 0.289822 0.940469
vt 0.731099 0.262640
vt 0.739527 0.938359
vt 0.714244 0.101116
vt 0.731099 0.101116
vt 0.714244 0.149051
vt 0.731099 0.149051
vt 0.714244 0.050319
vt 0.714244 0.196985
vt 0.731099 0.196985
vt 0.747955 0.196985
vt 0.562952 0.262640
vt 0.579705 0.262640
vt 0.571329 0.755426
vt 0.604989 0.755426
vt 0.596561 0.262640
vt 0.613417 0.262640
vt 0.571329 0.938359
vt 0.571329 0.858676
vt 0.604989 0.938359
vt 0.604989 0.858676
vt 0.562952 0.101116
vt 0.579705 0.101116
vt 0.562952 0.149051
vt 0.596561 0.101116
vt 0.579705 0.149051
vt 0.562952 0.050319
vt 0.579705 0.050319
vt 0.562952 0.196985
vt 0.579705 0.196985
vt 0.596561 0.196985
vt 0.596561 0.149051
vt 0.281385 0.940095
vt 0.281385 0.940469
vt 0.283494 0.940095
vt 0.283494 0.940469
vt 0.630170 0.262640
vt 0.613417 0.149051
vt 0.613417 0.101116
vt 0.630170 0.149051
vt 0.630170 0.101117
vt 0.596561 0.050319
vt 0.630170 0.050320
vt 0.647026 0.050320
vt 0.613417 0.196985
vt 0.630170 0.196986
vt 0.285603 0.940095
vt 0.882118 0.600728
vt 0.887414 0.595795
vt 0.881683 0.596955
vt 0.876242 0.600438
vt 0.871309 0.606242
vt 0.877112 0.603920
vt 0.867029 0.613932
vt 0.872470 0.609289
vt 0.863619 0.623218
vt 0.868552 0.616399
vt 0.863257 0.634681
vt 0.861298 0.633665
vt 0.862168 0.645128
vt 0.860137 0.644838
vt 0.860137 0.656301
vt 0.861298 0.667473
vt 0.862168 0.655720
vt 0.865433 0.675889
vt 0.863619 0.677920
vt 0.868552 0.684450
vt 0.867029 0.687207
vt 0.872470 0.691560
vt 0.871309 0.694897
vt 0.876242 0.700556
vt 0.882118 0.700120
vt 0.881683 0.704183
vt 0.887414 0.701281
vt 0.887414 0.705344
vt 0.892709 0.700120
vt 0.893145 0.704183
vt 0.897788 0.696783
vt 0.898585 0.700556
vt 0.902358 0.691560
vt 0.903591 0.694897
vt 0.907871 0.687207
vt 0.911208 0.677920
vt 0.906275 0.684450
vt 0.911571 0.666167
vt 0.913530 0.667473
vt 0.912732 0.655720
vt 0.914763 0.656301
vt 0.914763 0.644838
vt 0.913530 0.633665
vt 0.912732 0.645128
vt 0.911208 0.623218
vt 0.911571 0.634681
vt 0.906275 0.616399
vt 0.907871 0.613932
vt 0.903591 0.606242
vt 0.897788 0.603920
vt 0.898585 0.600438
vt 0.892709 0.600728
vt 0.893145 0.596955
vt 0.887414 0.599567
vt 0.884077 0.618865
vt 0.887414 0.600583
vt 0.882263 0.601599
vt 0.877258 0.604791
vt 0.880812 0.620897
vt 0.877910 0.624234
vt 0.872760 0.610014
vt 0.875371 0.628877
vt 0.868842 0.616979
vt 0.865796 0.625540
vt 0.873413 0.634246
vt 0.872034 0.640485
vt 0.863692 0.634971
vt 0.862604 0.645273
vt 0.871309 0.647160
vt 0.871309 0.653834
vt 0.862604 0.655720
vt 0.872034 0.660509
vt 0.863692 0.665877
vt 0.865796 0.675454
vt 0.873413 0.666603
vt 0.875371 0.672116
vt 0.868842 0.683869
vt 0.872760 0.690834
vt 0.877910 0.676614
vt 0.877258 0.696058
vt 0.880812 0.680097
vt 0.884077 0.682128
vt 0.882263 0.699395
vt 0.887414 0.700411
vt 0.887414 0.682854
vt 0.890823 0.682128
vt 0.892637 0.699395
vt 0.897570 0.696058
vt 0.894015 0.680097
vt 0.896917 0.676614
vt 0.902140 0.690834
vt 0.905985 0.683869
vt 0.899456 0.672116
vt 0.909032 0.675454
vt 0.901415 0.666603
vt 0.911208 0.665877
vt 0.902793 0.660509
vt 0.903518 0.653834
vt 0.912296 0.655720
vt 0.912296 0.645273
vt 0.903518 0.647160
vt 0.911208 0.634971
vt 0.902793 0.640485
vt 0.901415 0.634246
vt 0.909032 0.625540
vt 0.899456 0.628877
vt 0.905985 0.616979
vt 0.896917 0.624234
vt 0.902140 0.610014
vt 0.897570 0.604791
vt 0.894015 0.620897
vt 0.890823 0.618865
vt 0.892637 0.601599
vt 0.887414 0.618140
vt 0.844500 0.665575
vt 0.842698 0.669891
vt 0.844500 0.669594
vt 0.840145 0.667361
vt 0.840971 0.671082
vt 0.839395 0.672868
vt 0.838193 0.669594
vt 0.838043 0.675250
vt 0.836542 0.672571
vt 0.836992 0.678078
vt 0.834365 0.680311
vt 0.836241 0.681502
vt 0.833839 0.684627
vt 0.835866 0.684925
vt 0.835866 0.688498
vt 0.833839 0.688944
vt 0.836241 0.692070
vt 0.834289 0.693410
vt 0.836917 0.695345
vt 0.836542 0.701001
vt 0.838043 0.698321
vt 0.838193 0.703978
vt 0.839395 0.700703
vt 0.840145 0.706210
vt 0.840971 0.702489
vt 0.842698 0.703680
vt 0.844500 0.707997
vt 0.844500 0.704127
vt 0.846302 0.703680
vt 0.846677 0.707550
vt 0.848028 0.702638
vt 0.848854 0.706210
vt 0.849605 0.700852
vt 0.850806 0.703978
vt 0.850956 0.698470
vt 0.853734 0.697428
vt 0.852008 0.695493
vt 0.854635 0.693410
vt 0.852758 0.692219
vt 0.853134 0.688646
vt 0.855161 0.689093
vt 0.853134 0.685074
vt 0.854635 0.680311
vt 0.852758 0.681502
vt 0.852082 0.678227
vt 0.853734 0.676292
vt 0.850956 0.675250
vt 0.850806 0.669743
vt 0.849605 0.672868
vt 0.848854 0.667510
vt 0.848028 0.671082
vt 0.846752 0.666170
vt 0.846302 0.669891
vt 0.844500 0.686860
vt 0.841872 0.663044
vt 0.844500 0.663193
vt 0.844425 0.662598
vt 0.839470 0.664682
vt 0.842022 0.663640
vt 0.837217 0.667212
vt 0.839620 0.664980
vt 0.835566 0.670933
vt 0.837443 0.667510
vt 0.833839 0.674655
vt 0.835340 0.670636
vt 0.833088 0.679418
vt 0.834064 0.674952
vt 0.832788 0.679418
vt 0.832563 0.684330
vt 0.832262 0.684330
vt 0.832563 0.689391
vt 0.832863 0.694452
vt 0.832262 0.689391
vt 0.833914 0.699066
vt 0.833088 0.694154
vt 0.835566 0.702787
vt 0.834064 0.698768
vt 0.837292 0.706508
vt 0.835416 0.703233
vt 0.839620 0.708592
vt 0.837443 0.706062
vt 0.839545 0.709039
vt 0.842022 0.710081
vt 0.842022 0.710676
vt 0.844500 0.710676
vt 0.844575 0.711122
vt 0.846977 0.710081
vt 0.847128 0.710676
vt 0.849380 0.708592
vt 0.851782 0.706508
vt 0.849530 0.709039
vt 0.853659 0.703085
vt 0.851557 0.706062
vt 0.855161 0.698917
vt 0.853434 0.702787
vt 0.856212 0.694303
vt 0.854935 0.698768
vt 0.856437 0.689242
vt 0.855911 0.694154
vt 0.856737 0.689242
vt 0.856437 0.684330
vt 0.856137 0.679120
vt 0.856737 0.684181
vt 0.855086 0.674506
vt 0.855986 0.679418
vt 0.853434 0.670785
vt 0.854935 0.674803
vt 0.853584 0.670487
vt 0.851557 0.667510
vt 0.851707 0.667063
vt 0.849380 0.664980
vt 0.846977 0.663044
vt 0.849455 0.664533
vt 0.846977 0.663491
vt 0.841947 0.663640
vt 0.844500 0.663044
vt 0.839545 0.665128
vt 0.842248 0.666021
vt 0.837443 0.667659
vt 0.835566 0.671082
vt 0.834064 0.675101
vt 0.833088 0.679567
vt 0.835265 0.676143
vt 0.832563 0.684479
vt 0.833163 0.694303
vt 0.835265 0.697428
vt 0.834139 0.698768
vt 0.835641 0.702787
vt 0.837518 0.706062
vt 0.839695 0.708592
vt 0.842248 0.707550
vt 0.842097 0.710081
vt 0.844575 0.710527
vt 0.847052 0.710081
vt 0.849455 0.708443
vt 0.851557 0.705913
vt 0.853434 0.702638
vt 0.854935 0.698619
vt 0.855911 0.694005
vt 0.856437 0.684181
vt 0.855911 0.679418
vt 0.855161 0.684627
vt 0.854860 0.674803
vt 0.853359 0.670785
vt 0.851482 0.667510
vt 0.849305 0.665128
vt 0.865433 0.624959
vt 0.863257 0.666167
vt 0.877112 0.696783
vt 0.909467 0.675889
vt 0.909467 0.624959
vt 0.902358 0.609289
vt 0.887361 0.601126
vt 0.887361 0.650734
vt 0.892652 0.602118
vt 0.897447 0.605425
vt 0.902077 0.610386
vt 0.905880 0.617331
vt 0.908856 0.625930
vt 0.911005 0.635190
vt 0.912163 0.645442
vt 0.912163 0.655695
vt 0.911005 0.665947
vt 0.908856 0.675538
vt 0.905880 0.683806
vt 0.902077 0.690751
vt 0.897447 0.696043
vt 0.892652 0.699350
vt 0.887361 0.700342
vt 0.882235 0.699350
vt 0.877274 0.696043
vt 0.872810 0.690751
vt 0.869007 0.683806
vt 0.865865 0.675538
vt 0.863881 0.665947
vt 0.862724 0.655695
vt 0.862724 0.645442
vt 0.863881 0.635190
vt 0.865865 0.625930
vt 0.869007 0.617331
vt 0.872810 0.610386
vt 0.877274 0.605425
vt 0.882235 0.602118
vt 0.056056 0.186794
vt 0.118066 0.233252
vt 0.060476 0.159549
vt 0.056056 0.153158
vt 0.108165 0.200841
vt 0.104430 0.200740
vt 0.018000 0.165256
vt 0.046269 0.159549
vt 0.044533 0.169936
vt 0.048203 0.184317
vt 0.462023 0.050319
vt 0.495631 0.050319
vt 0.339938 0.940095
vt 0.529343 0.050319
vt 0.279276 0.940095
vt 0.377949 0.050319
vt 0.334138 0.940095
vt 0.260266 0.050320
vt 0.325701 0.940095
vt 0.041551 0.050320
vt 0.108872 0.050320
vt 0.949403 0.050319
vt 0.995140 0.050319
vt 0.306719 0.940095
vt 0.000080 0.938359
vt -0.007988 0.050320
vt 0.865638 0.050319
vt 0.764708 0.050319
vt 0.296173 0.940095
vt 0.289822 0.940095
vt 0.731099 0.050319
vt 0.613417 0.050319
vt 0.852458 0.701001
vt 0.852458 0.672720
s 1
g off
usemtl car_body
f 7/1/1 5/2/2 4/3/3
f 7/1/1 8/4/4 6/5/5
f 9/6/6 10/7/7 8/4/4
f 4/3/8 12/8/9 7/1/10
f 12/8/9 9/6/11 7/1/10
f 9/6/11 15/9/12 11/10/13
f 1/11/14 5/2/15 6/5/16
f 2198/12/17 6/5/16 8/4/18
f 2198/12/17 10/7/19 3/13/19
f 16/14/20 14/15/21 12/8/9
f 21/16/22 19/17/23 18/18/24
f 22/19/25 17/20/26 23/21/27
f 23/21/27 25/22/28 22/19/25
f 26/23/29 18/18/24 19/17/23
f 27/24/30 29/25/31 28/26/32
f 34/27/33 32/28/34 31/29/35
f 35/30/36 33/31/37 36/32/38
f 37/33/39 39/34/40 38/35/41
f 41/36/42 43/37/43 42/38/44
f 44/39/45 46/40/46 45/41/47
f 48/42/48 45/41/47 49/43/49
f 50/44/50 52/45/51 51/46/52
f 54/47/53 56/48/54 55/49/55
f 58/50/56 51/46/52 59/51/57
f 2199/52/58 65/53/59 64/54/60
f 63/55/61 65/53/59 62/56/62
f 67/57/63 69/58/64 68/59/65
f 70/60/66 72/61/67 71/62/68
f 71/62/68 69/58/64 70/60/66
f 64/54/69 75/63/70 74/64/71
f 75/63/70 66/65/72 76/66/73
f 77/67/74 75/63/75 78/68/75
f 78/68/75 76/66/76 79/69/76
f 78/70/77 80/71/78 77/72/79
f 81/73/80 78/70/77 82/74/81
f 82/74/81 79/75/82 83/76/83
f 50/77/84 82/74/81 84/78/85
f 82/74/81 85/79/86 84/78/85
f 30/80/87 86/81/88 29/25/31
f 47/82/89 89/83/90 88/84/91
f 58/85/92 82/74/81 50/77/84
f 54/86/93 72/61/67 57/87/94
f 54/86/93 90/88/95 71/62/68
f 93/89/96 10/7/7 11/10/97
f 95/90/98 92/91/99 93/89/96
f 97/92/100 94/93/101 95/90/98
f 15/9/12 93/89/102 11/10/13
f 93/89/102 99/94/103 95/90/104
f 95/90/104 100/95/105 97/92/106
f 2200/96/107 10/7/19 92/91/108
f 91/97/109 92/91/108 94/93/110
f 2201/98/111 94/93/110 96/99/112
f 101/100/113 103/101/114 102/102/115
f 102/102/115 26/23/29 101/100/113
f 105/103/116 22/19/25 106/104/117
f 22/19/25 25/22/28 106/104/117
f 106/104/117 107/105/118 105/103/116
f 108/106/119 110/107/120 109/108/121
f 115/109/122 113/110/123 112/111/124
f 116/112/125 114/113/126 115/109/122
f 118/114/127 120/115/128 119/116/129
f 122/117/130 124/118/131 123/119/132
f 125/120/133 127/121/134 126/122/135
f 129/123/136 128/124/137 125/120/133
f 131/125/138 133/126/139 132/127/140
f 135/128/141 137/129/142 136/130/143
f 139/131/144 134/132/145 131/125/138
f 63/133/61 143/134/146 66/135/147
f 69/58/64 144/136/148 68/59/65
f 145/137/149 147/138/150 146/139/151
f 147/138/150 69/58/64 71/62/68
f 76/140/73 143/134/152 148/141/153
f 76/140/76 149/142/154 79/143/76
f 79/75/82 150/144/155 83/76/83
f 149/145/156 151/146/157 150/144/155
f 85/79/86 83/76/83 153/147/158
f 153/147/158 150/144/155 131/148/159
f 154/149/160 109/108/121 110/107/120
f 126/150/161 89/83/90 125/151/162
f 139/152/163 150/144/155 151/146/157
f 71/62/68 136/153/164 147/138/150
f 136/153/164 90/88/95 135/154/165
f 156/155/166 35/30/36 42/38/44
f 156/155/166 157/156/167 59/51/57
f 37/33/39 158/157/168 18/18/24
f 46/40/46 39/34/40 87/158/169
f 26/23/29 154/149/160 160/159/170
f 161/160/171 113/110/123 25/22/28
f 52/45/51 27/24/30 31/29/35
f 12/8/9 36/32/38 16/14/20
f 56/48/54 162/161/172 38/35/41
f 164/162/173 73/163/174 165/164/175
f 164/162/173 57/87/94 72/61/67
f 58/85/92 80/71/78 81/73/80
f 58/85/92 167/165/176 166/166/177
f 168/167/178 48/168/179 53/169/180
f 90/88/95 47/82/89 88/84/91
f 133/126/139 108/106/119 130/170/181
f 127/121/134 120/115/128 138/171/182
f 117/172/183 99/94/103 107/105/118
f 129/173/184 168/167/178 132/174/185
f 126/150/161 90/88/95 88/84/91
f 59/51/57 167/175/186 58/50/56
f 45/41/47 87/158/169 30/80/87
f 40/176/187 87/158/169 39/34/40
f 110/107/120 161/160/171 170/177/188
f 28/26/32 31/29/35 27/24/30
f 49/43/49 30/80/87 27/24/30
f 23/21/27 34/27/33 25/22/28
f 51/46/52 31/29/35 32/28/34
f 41/36/42 35/30/36 36/32/38
f 59/51/57 32/28/34 35/30/36
f 55/49/55 38/35/41 39/34/40
f 162/161/172 37/33/39 38/35/41
f 18/18/24 40/176/187 37/33/39
f 13/178/189 41/36/42 12/8/9
f 47/179/190 55/49/55 46/40/46
f 53/180/191 49/43/49 52/45/51
f 163/181/192 57/182/193 164/183/194
f 160/159/170 110/107/120 170/177/188
f 122/117/130 100/95/105 99/94/103
f 130/170/181 109/108/121 128/124/137
f 134/132/145 112/111/124 133/126/139
f 111/184/195 112/111/124 113/110/123
f 119/116/129 155/185/196 154/149/160
f 122/117/130 116/112/125 124/118/131
f 138/171/182 121/186/197 137/129/142
f 140/187/198 115/109/122 134/132/145
f 132/127/140 130/170/181 129/123/136
f 126/122/135 138/171/182 135/128/141
f 117/172/183 106/104/117 114/113/126
f 106/104/117 113/110/123 114/113/126
f 102/102/115 119/116/129 26/23/29
f 128/124/137 155/185/196 127/121/134
f 14/15/21 24/188/199 15/9/12
f 24/188/199 98/189/200 15/9/12
f 98/189/200 107/105/118 99/94/103
f 61/190/201 171/191/202 60/192/203
f 174/193/204 141/194/205 142/195/206
f 176/196/207 142/197/208 141/198/209
f 60/199/210 177/200/211 61/201/212
f 179/202/213 171/191/202 172/203/214
f 182/204/215 174/193/204 181/205/216
f 184/206/217 177/200/218 178/207/219
f 176/196/220 185/208/221 175/209/222
f 86/81/88 26/23/29 160/159/170
f 29/25/31 160/159/170 170/177/188
f 161/160/171 29/25/31 170/177/188
f 34/27/33 161/160/171 25/22/28
f 17/20/26 16/14/20 23/21/27
f 36/32/38 23/21/27 16/14/20
f 169/210/223 44/211/224 48/168/179
f 125/151/162 169/210/223 129/173/184
f 132/174/185 153/147/158 131/148/159
f 84/78/85 168/167/178 53/169/180
f 168/167/178 153/147/158 132/174/185
f 84/78/85 53/169/180 50/77/84
f 195/212/225 186/213/226 187/214/227
f 21/16/22 179/202/228 20/215/229
f 103/101/114 182/204/230 181/205/231
f 190/216/232 199/217/233 191/218/234
f 188/219/235 197/220/236 189/221/237
f 188/222/238 194/223/239 215/224/240
f 191/225/241 187/214/242 190/226/243
f 198/227/244 193/228/245 196/229/246
f 200/230/247 192/231/248 198/227/244
f 204/232/249 202/233/250 201/234/251
f 205/235/252 203/236/253 211/237/254
f 209/238/255 207/239/256 206/240/257
f 210/241/258 208/242/259 209/238/255
f 209/243/255 213/244/260 212/245/261
f 214/246/262 209/243/255 212/245/261
f 196/229/246 202/233/250 198/227/244
f 198/227/244 205/235/252 200/230/247
f 207/239/256 203/236/253 204/232/249
f 208/242/259 211/237/263 203/236/264
f 19/17/23 101/100/113 26/23/29
f 18/18/24 216/247/265 21/16/22
f 215/224/266 219/248/267 218/249/268
f 60/192/203 220/250/269 217/251/270
f 178/207/271 217/252/272 221/253/273
f 180/254/274 220/250/269 171/191/202
f 178/207/219 219/248/275 184/206/217
f 104/255/276 19/17/23 20/215/229
f 173/256/277 61/190/201 141/194/205
f 61/201/212 176/196/207 141/198/209
f 172/203/214 182/204/215 179/202/213
f 176/196/220 183/257/278 186/213/279
f 187/214/227 183/257/280 194/223/281
f 216/247/265 180/254/282 21/16/22
f 20/215/229 182/204/230 104/255/276
f 224/258/283 196/229/246 193/228/245
f 197/220/284 198/227/244 192/231/248
f 189/221/237 192/231/285 190/216/232
f 224/258/286 188/219/235 223/259/287
f 218/249/288 188/222/238 215/224/240
f 189/260/289 187/214/242 194/223/239
f 183/257/280 215/224/266 194/223/281
f 68/261/82 225/262/82 67/263/82
f 144/264/82 225/262/82 68/261/82
f 230/265/290 232/266/291 231/267/292
f 235/268/293 232/266/291 233/269/294
f 237/270/295 234/271/296 235/268/293
f 239/272/297 233/269/298 230/265/299
f 238/273/300 235/268/301 233/269/298
f 240/274/302 237/270/303 235/268/301
f 226/275/304 231/267/305 232/266/306
f 226/275/304 234/271/307 228/276/308
f 228/276/308 236/277/309 229/278/310
f 242/279/311 240/274/302 238/273/300
f 247/280/312 245/281/313 244/282/314
f 248/283/315 243/284/316 249/285/317
f 249/285/317 251/286/318 248/283/315
f 252/287/319 244/282/314 245/281/313
f 253/288/320 255/289/321 254/290/322
f 260/291/323 258/292/324 257/293/325
f 261/294/326 259/295/327 262/296/328
f 263/297/329 265/298/330 264/299/331
f 267/300/332 269/301/333 268/302/334
f 270/303/335 272/304/336 271/305/337
f 274/306/338 271/305/337 275/307/339
f 276/308/340 278/309/341 277/310/342
f 280/311/343 282/312/344 281/313/345
f 284/314/346 277/310/342 285/315/347
f 2203/316/348 290/317/349 288/318/350
f 289/319/351 291/320/352 2203/316/348
f 293/321/353 295/322/354 294/323/355
f 296/324/356 298/325/357 297/326/358
f 297/326/358 295/322/354 296/324/356
f 290/317/359 301/327/360 300/328/361
f 291/320/362 302/329/363 301/327/360
f 303/330/364 301/327/365 304/331/365
f 304/331/365 302/329/366 305/332/366
f 304/333/367 306/334/368 303/335/369
f 307/336/370 304/333/367 308/337/371
f 304/333/367 309/338/372 308/337/371
f 276/339/373 308/337/371 310/340/374
f 308/337/371 311/341/375 310/340/374
f 256/342/376 312/343/377 255/289/321
f 273/344/378 315/345/379 314/346/380
f 284/347/381 308/337/371 276/339/373
f 280/348/382 298/325/357 283/349/383
f 280/348/382 316/350/384 297/326/358
f 237/270/295 319/351/385 236/277/386
f 322/352/387 319/351/385 320/353/388
f 4/3/3 321/354/389 322/352/387
f 241/355/390 320/353/391 237/270/303
f 320/353/391 324/356/392 322/352/393
f 324/356/392 4/3/8 322/352/393
f 229/278/310 319/351/394 317/357/395
f 317/357/395 321/354/396 318/358/397
f 2/359/15 321/354/396 5/2/15
f 325/360/398 216/247/265 158/157/168
f 158/157/168 252/287/319 325/360/398
f 327/361/399 248/283/315 328/362/400
f 248/283/315 251/286/318 328/362/400
f 328/362/400 329/363/401 327/361/399
f 330/364/402 332/365/403 331/366/404
f 337/367/405 335/368/406 334/369/407
f 156/155/166 336/370/408 337/367/405
f 159/371/409 340/372/410 339/373/411
f 341/374/412 42/38/44 43/37/43
f 342/375/413 344/376/414 343/377/415
f 346/378/416 345/379/417 342/375/413
f 348/380/418 350/381/419 349/382/420
f 352/383/421 163/181/192 164/183/194
f 167/175/186 351/384/422 348/380/418
f 2199/52/58 292/385/423 289/319/351
f 295/322/354 67/57/63 294/323/355
f 70/60/66 165/164/175 73/163/174
f 165/164/175 295/322/354 297/326/358
f 302/329/363 64/54/69 74/64/71
f 302/329/366 77/67/74 305/332/366
f 305/386/82 355/387/424 309/338/372
f 77/72/79 166/166/177 355/387/424
f 311/341/375 309/338/372 356/388/425
f 356/388/425 355/387/424 348/389/426
f 357/390/427 331/366/404 332/365/403
f 343/391/428 315/345/379 342/392/429
f 167/165/176 355/387/424 166/166/177
f 297/326/358 164/162/173 165/164/175
f 164/162/173 316/350/384 352/393/430
f 359/394/431 261/294/326 268/302/334
f 359/394/431 360/395/432 285/315/347
f 263/297/329 361/396/433 244/282/314
f 272/304/336 265/298/330 313/397/434
f 252/287/319 357/390/427 363/398/435
f 364/399/436 335/368/406 251/286/318
f 278/309/341 253/288/320 257/293/325
f 238/273/300 262/296/328 242/279/311
f 282/312/344 365/400/437 264/299/331
f 367/401/438 299/402/439 368/403/440
f 367/401/438 283/349/383 298/325/357
f 284/347/381 306/334/368 307/336/370
f 284/347/381 370/404/441 369/405/442
f 371/406/443 274/407/444 279/408/445
f 316/350/384 273/344/378 314/346/380
f 350/381/419 330/364/402 347/409/446
f 344/376/414 340/372/410 353/410/447
f 338/411/448 324/356/392 329/363/401
f 346/412/449 371/406/443 349/413/450
f 343/391/428 316/350/384 314/346/380
f 285/315/347 370/414/451 284/314/346
f 271/305/337 313/397/434 256/342/376
f 266/415/452 313/397/434 265/298/330
f 332/365/403 364/399/436 373/416/453
f 254/290/322 257/293/325 253/288/320
f 275/307/339 256/342/376 253/288/320
f 249/285/317 260/291/323 251/286/318
f 277/310/342 257/293/325 258/292/324
f 267/300/332 261/294/326 262/296/328
f 285/315/347 258/292/324 261/294/326
f 281/313/345 264/299/331 265/298/330
f 362/417/454 264/299/331 365/400/437
f 244/282/314 266/415/452 263/297/329
f 239/272/297 267/300/332 238/273/300
f 273/418/455 281/313/345 272/304/336
f 279/419/456 275/307/339 278/309/341
f 366/420/457 283/421/458 367/422/459
f 363/398/435 332/365/403 373/416/453
f 341/374/412 13/178/189 324/356/392
f 347/409/446 331/366/404 345/379/417
f 351/384/422 334/369/407 350/381/419
f 333/423/460 334/369/407 335/368/406
f 339/373/411 358/424/461 357/390/427
f 341/374/412 156/155/166 42/38/44
f 353/410/447 162/161/172 163/181/192
f 157/156/167 337/367/405 351/384/422
f 349/382/420 347/409/446 346/378/416
f 343/377/415 353/410/447 352/383/421
f 338/411/448 328/362/400 336/370/408
f 328/362/400 335/368/406 336/370/408
f 158/157/168 339/373/411 252/287/319
f 345/379/417 358/424/461 344/376/414
f 240/274/302 250/425/462 241/355/390
f 250/425/462 323/426/463 241/355/390
f 323/426/463 329/363/401 324/356/392
f 375/427/464 286/428/465 287/429/466
f 220/250/269 354/430/467 217/251/270
f 377/431/468 217/252/272 354/432/469
f 379/433/470 287/434/471 286/435/470
f 380/436/472 374/437/473 375/427/464
f 222/438/474 376/439/475 220/250/269
f 379/433/476 383/440/477 378/441/478
f 385/442/479 221/253/480 377/431/481
f 312/343/377 252/287/319 363/398/435
f 373/416/453 312/343/377 363/398/435
f 364/399/436 255/289/321 373/416/453
f 260/291/323 364/399/436 251/286/318
f 243/284/316 242/279/311 249/285/317
f 262/296/328 249/285/317 242/279/311
f 372/443/482 270/444/483 274/407/444
f 342/392/429 372/443/482 346/412/449
f 349/413/450 356/388/425 348/389/426
f 310/340/374 371/406/443 279/408/445
f 371/406/443 356/388/425 349/413/450
f 310/340/374 279/408/445 276/339/373
f 386/445/484 219/248/267 385/442/485
f 247/280/312 380/436/486 246/446/487
f 326/447/488 222/438/489 216/247/265
f 390/448/490 223/259/287 389/449/491
f 387/450/492 394/451/493 388/452/494
f 392/453/495 387/454/496 388/455/497
f 218/249/288 389/456/498 223/457/499
f 395/458/500 391/459/501 393/460/502
f 196/229/246 390/448/503 395/458/500
f 399/461/504 397/462/505 396/463/506
f 201/234/251 398/464/507 204/232/249
f 403/465/508 401/466/509 400/467/510
f 206/240/257 402/468/511 403/465/508
f 403/469/508 405/470/512 404/471/513
f 213/244/260 403/469/508 404/471/513
f 393/460/502 397/462/505 395/458/500
f 395/458/500 201/234/251 196/229/246
f 401/466/509 398/464/507 399/461/504
f 402/468/511 204/232/249 398/464/507
f 245/281/313 325/360/398 252/287/319
f 247/280/312 361/396/433 407/472/514
f 384/473/515 409/474/516 406/475/517
f 374/437/473 408/476/518 286/428/465
f 286/435/470 412/477/519 379/433/470
f 381/478/520 411/479/521 374/437/473
f 384/473/522 412/477/523 410/480/524
f 326/447/488 245/281/313 246/446/487
f 376/439/475 287/429/466 354/430/467
f 378/441/525 354/432/469 287/434/471
f 375/427/464 382/481/526 380/436/472
f 377/431/481 383/440/477 385/442/479
f 386/445/484 383/440/527 392/453/528
f 407/472/514 381/478/529 247/280/312
f 246/446/487 382/481/530 326/447/488
f 415/482/531 393/460/502 391/459/501
f 394/451/532 395/458/500 390/448/503
f 388/452/494 390/448/490 389/449/491
f 415/482/533 387/450/492 414/483/534
f 414/484/535 406/475/496 409/474/536
f 388/455/497 386/445/537 392/453/495
f 384/473/515 392/453/528 383/440/527
f 294/485/82 225/262/82 293/486/82
f 67/263/82 225/262/82 294/485/82
f 417/487/538 419/488/539 418/489/540
f 420/490/541 421/491/542 419/488/539
f 424/492/543 421/491/542 422/493/544
f 426/494/545 420/490/546 417/487/547
f 425/495/548 422/493/549 420/490/546
f 427/496/550 424/492/551 422/493/549
f 2205/497/552 419/488/553 2204/498/554
f 2204/498/554 421/491/555 416/499/556
f 2206/500/557 421/491/555 423/501/558
f 429/502/559 427/496/550 425/495/548
f 434/503/560 432/504/561 431/505/562
f 435/506/563 430/507/564 436/508/565
f 436/508/565 438/509/566 435/506/563
f 439/510/567 431/505/562 432/504/561
f 440/511/568 442/512/569 441/513/570
f 447/514/571 445/515/572 444/516/573
f 448/517/574 446/518/575 449/519/576
f 450/520/577 452/521/578 451/522/579
f 454/523/580 456/524/581 455/525/582
f 457/526/583 459/527/584 458/528/585
f 461/529/586 458/528/585 462/530/587
f 463/531/588 465/532/589 464/533/590
f 467/534/591 469/535/592 468/536/593
f 471/537/594 464/533/590 472/538/595
f 2207/539/596 477/540/597 476/541/598
f 475/542/599 477/540/597 2208/543/600
f 479/544/601 481/545/602 480/546/603
f 482/547/604 484/548/605 483/549/606
f 483/549/606 481/545/602 482/547/604
f 476/541/607 487/550/608 486/551/609
f 477/540/610 488/552/611 487/550/608
f 489/553/612 487/550/613 490/554/613
f 490/554/613 488/552/614 491/555/614
f 490/556/615 492/557/616 489/558/617
f 493/559/618 490/556/615 494/560/619
f 494/560/619 491/561/82 495/562/620
f 463/563/621 494/560/619 496/564/622
f 496/564/622 495/562/620 497/565/623
f 443/566/624 498/567/625 442/512/569
f 460/568/626 501/569/627 500/570/628
f 471/571/629 494/560/619 463/563/621
f 467/572/630 484/548/605 470/573/631
f 467/572/630 502/574/632 483/549/606
f 424/492/543 504/575/633 423/501/634
f 505/576/635 506/577/636 504/575/633
f 230/265/290 506/577/636 507/578/637
f 424/492/551 508/579/638 505/576/639
f 505/576/639 509/580/640 507/578/641
f 507/578/641 239/272/297 230/265/299
f 2206/500/557 504/575/642 503/581/643
f 2209/582/644 504/575/642 506/577/645
f 227/583/646 506/577/645 231/267/305
f 510/584/647 407/472/514 361/396/433
f 361/396/433 439/510/567 510/584/647
f 512/585/648 435/506/563 513/586/649
f 435/506/563 438/509/566 513/586/649
f 513/586/649 514/587/650 512/585/648
f 515/588/651 517/589/652 516/590/653
f 522/591/654 520/592/655 519/593/656
f 359/394/431 521/594/657 522/591/654
f 362/417/454 525/595/658 524/596/659
f 526/597/660 268/302/334 269/301/333
f 527/598/661 529/599/662 528/600/663
f 531/601/664 530/602/665 527/598/661
f 533/603/666 535/604/667 534/605/668
f 537/606/669 366/420/457 367/422/459
f 370/414/451 536/607/670 533/603/666
f 288/318/350 478/608/671 475/542/599
f 480/546/603 296/324/356 293/321/353
f 296/324/356 368/403/440 299/402/439
f 368/403/440 481/545/602 483/549/606
f 488/552/611 290/317/359 300/328/361
f 488/552/614 303/330/364 491/555/614
f 491/561/82 540/609/672 495/562/620
f 303/335/369 369/405/442 540/609/672
f 497/565/623 495/562/620 541/610/673
f 541/610/673 540/609/672 533/611/674
f 542/612/675 516/590/653 517/589/652
f 528/613/676 501/569/627 527/614/677
f 370/404/441 540/609/672 369/405/442
f 483/549/606 367/401/438 368/403/440
f 367/401/438 502/574/632 537/615/678
f 544/616/679 448/517/574 455/525/582
f 544/616/679 545/617/680 472/538/595
f 450/520/577 546/618/681 431/505/562
f 459/527/584 452/521/578 499/619/682
f 439/510/567 542/612/675 548/620/683
f 549/621/684 520/592/655 438/509/566
f 465/532/589 440/511/568 444/516/573
f 425/495/548 449/519/576 429/502/559
f 469/535/592 550/622/685 451/522/579
f 552/623/686 485/624/687 553/625/688
f 552/623/686 470/573/631 484/548/605
f 471/571/629 492/557/616 493/559/618
f 471/571/629 555/626/689 554/627/690
f 556/628/691 461/629/692 466/630/693
f 502/574/632 460/568/626 500/570/628
f 535/604/667 515/588/651 532/631/694
f 529/599/662 525/595/658 538/632/695
f 523/633/696 509/580/640 514/587/650
f 531/634/697 556/628/691 534/635/698
f 528/613/676 502/574/632 500/570/628
f 471/537/594 545/617/680 555/636/699
f 458/528/585 499/619/682 443/566/624
f 453/637/700 499/619/682 452/521/578
f 558/638/701 518/639/702 549/621/684
f 441/513/570 444/516/573 440/511/568
f 462/530/587 443/566/624 440/511/568
f 436/508/565 447/514/571 438/509/566
f 464/533/590 444/516/573 445/515/572
f 454/523/580 448/517/574 449/519/576
f 472/538/595 445/515/572 448/517/574
f 468/536/593 451/522/579 452/521/578
f 550/622/685 450/520/577 451/522/579
f 431/505/562 453/637/700 450/520/577
f 426/494/545 454/523/580 425/495/548
f 460/640/703 468/536/593 459/527/584
f 466/641/704 462/530/587 465/532/589
f 552/642/705 469/535/592 470/643/706
f 542/612/675 558/638/701 548/620/683
f 526/597/660 239/272/297 509/580/640
f 532/631/694 516/590/653 530/602/665
f 536/607/670 519/593/656 535/604/667
f 518/639/702 519/593/656 520/592/655
f 524/596/659 543/644/707 542/612/675
f 526/597/660 359/394/431 268/302/334
f 538/632/695 365/400/437 366/420/457
f 360/395/432 522/591/654 536/607/670
f 534/605/668 532/631/694 531/601/664
f 528/600/663 538/632/695 537/606/669
f 523/633/696 513/586/649 521/594/657
f 513/586/649 520/592/655 521/594/657
f 361/396/433 524/596/659 439/510/567
f 530/602/665 543/644/707 529/599/662
f 427/496/550 437/645/708 428/646/709
f 437/645/708 508/579/638 428/646/709
f 508/579/638 514/587/650 509/580/640
f 474/647/710 559/648/711 473/649/712
f 411/479/521 539/650/713 408/476/518
f 562/651/714 408/652/519 539/653/715
f 473/654/716 563/655/717 474/656/718
f 565/657/719 559/648/711 560/658/720
f 567/659/721 411/479/521 413/660/722
f 569/661/723 563/655/724 564/662/725
f 562/651/726 410/480/524 412/477/523
f 498/567/625 439/510/567 548/620/683
f 558/638/701 498/567/625 548/620/683
f 549/621/684 442/512/569 558/638/701
f 447/514/571 549/621/684 438/509/566
f 430/507/564 429/502/559 436/508/565
f 449/519/576 436/508/565 429/502/559
f 557/663/727 457/664/728 461/629/692
f 527/614/677 557/663/727 531/634/697
f 534/635/698 541/610/673 533/611/674
f 496/564/622 556/628/691 466/630/693
f 556/628/691 541/610/673 534/635/698
f 496/564/622 466/630/693 463/563/621
f 570/665/729 409/474/516 410/480/730
f 434/503/560 565/657/731 433/666/732
f 511/667/733 413/660/734 407/472/514
f 575/668/735 414/483/534 574/669/736
f 576/670/737 573/671/738 572/672/739
f 573/673/740 590/674/741 572/675/742
f 414/484/535 571/676/743 574/677/744
f 578/678/745 579/679/746 576/670/747
f 393/460/502 575/668/748 580/680/749
f 583/681/750 582/682/751 581/683/752
f 399/461/504 582/682/751 586/684/753
f 587/685/754 585/686/755 584/687/756
f 401/466/509 587/685/754 400/467/510
f 587/688/754 589/689/757 588/690/758
f 400/691/510 588/690/758 405/470/512
f 580/680/749 581/683/752 582/682/751
f 393/460/502 582/682/751 396/463/506
f 585/686/755 586/684/759 583/681/760
f 586/684/759 401/466/509 399/461/504
f 432/504/561 510/584/647 439/510/567
f 431/505/562 591/692/761 434/503/560
f 569/661/762 593/693/763 590/674/764
f 473/649/712 595/694/765 592/695/766
f 473/654/716 596/696/767 564/662/768
f 566/697/769 595/694/765 559/648/711
f 569/661/723 596/696/770 594/698/771
f 510/584/647 433/666/732 511/667/733
f 539/650/713 560/658/720 474/647/710
f 474/656/718 562/651/714 539/653/715
f 560/658/720 567/659/721 565/657/719
f 562/651/726 568/699/772 570/665/773
f 571/676/774 568/699/775 577/700/776
f 591/692/761 566/697/777 434/503/560
f 433/666/732 567/659/778 511/667/733
f 599/701/779 578/678/745 576/670/747
f 579/679/746 580/680/749 575/668/748
f 579/679/780 574/669/736 573/671/738
f 598/702/781 576/670/737 572/672/739
f 598/703/782 590/674/741 593/693/783
f 577/700/784 574/677/744 571/676/743
f 569/661/762 577/700/776 568/699/775
f 480/704/82 225/262/82 479/705/82
f 293/486/82 225/262/82 480/704/82
f 604/706/785 606/707/786 605/708/787
f 609/709/788 606/707/786 607/710/789
f 611/711/790 608/712/791 609/709/788
f 613/713/792 607/710/793 604/706/794
f 612/714/795 609/709/796 607/710/793
f 614/715/797 611/711/798 609/709/796
f 601/716/799 606/707/800 600/717/800
f 600/717/800 608/712/801 602/718/802
f 602/718/802 610/719/803 603/720/804
f 616/721/805 614/715/797 612/714/795
f 621/722/806 619/723/807 618/724/808
f 622/725/809 617/726/810 623/727/811
f 623/727/811 625/728/812 622/725/809
f 626/729/813 618/724/808 619/723/807
f 627/730/814 629/731/815 628/732/816
f 634/733/817 632/734/818 631/735/819
f 635/736/820 633/737/821 636/738/822
f 637/739/823 639/740/824 638/741/825
f 641/742/826 643/743/827 642/744/828
f 644/745/829 646/746/830 645/747/831
f 648/748/832 645/747/831 649/749/833
f 650/750/834 652/751/835 651/752/836
f 654/753/837 656/754/838 655/755/839
f 658/756/840 651/752/836 659/757/841
f 663/758/842 664/759/843 662/760/844
f 663/758/842 666/761/845 665/762/846
f 670/763/847 668/764/848 667/765/849
f 670/763/847 672/766/850 671/767/851
f 671/767/851 669/768/852 670/763/847
f 664/759/853 675/769/854 674/770/855
f 675/769/854 666/761/856 676/771/857
f 674/770/858 678/772/859 677/773/858
f 678/772/859 676/771/860 679/774/860
f 678/775/861 680/776/862 677/777/863
f 681/778/864 678/775/861 682/779/865
f 678/775/861 683/780/866 682/779/865
f 650/781/867 682/779/865 684/782/868
f 682/779/865 685/783/869 684/782/868
f 630/784/870 686/785/871 629/731/815
f 647/786/872 689/787/873 688/788/874
f 658/789/875 682/779/865 650/781/867
f 654/790/876 672/766/850 657/791/877
f 654/790/876 690/792/878 671/767/851
f 611/711/790 691/793/879 610/719/880
f 692/794/881 693/795/882 691/793/879
f 694/796/883 418/489/540 693/795/882
f 611/711/798 695/797/884 692/794/885
f 692/794/885 696/798/886 694/796/887
f 694/796/887 426/494/545 417/487/547
f 603/720/804 691/793/888 2211/799/889
f 2211/799/889 693/795/890 2212/800/891
f 2212/800/891 418/489/892 2205/497/552
f 697/801/893 591/692/761 546/618/681
f 546/618/681 626/729/813 697/801/893
f 699/802/894 622/725/809 700/803/895
f 622/725/809 625/728/812 700/803/895
f 700/803/895 701/804/896 699/802/894
f 702/805/897 704/806/898 703/807/899
f 709/808/900 707/809/901 706/810/902
f 544/616/679 708/811/903 709/808/900
f 547/812/904 712/813/905 711/814/906
f 713/815/907 455/525/582 456/524/581
f 714/816/908 716/817/909 715/818/910
f 718/819/911 717/820/912 714/816/908
f 720/821/913 722/822/914 721/823/915
f 724/824/916 551/825/917 552/642/705
f 555/636/699 723/826/918 720/821/913
f 2210/827/919 476/541/598 666/761/845
f 668/764/848 482/547/604 479/544/601
f 482/547/604 553/625/688 485/624/687
f 553/625/688 669/768/852 671/767/851
f 676/771/857 476/541/607 486/551/609
f 676/771/860 489/553/612 679/774/860
f 679/828/82 727/829/920 683/780/866
f 489/558/617 554/627/690 727/829/920
f 685/783/869 683/780/866 728/830/921
f 728/830/921 727/829/920 720/831/922
f 729/832/923 703/807/899 704/806/898
f 715/833/924 689/787/873 714/834/925
f 555/626/689 727/829/920 554/627/690
f 671/767/851 552/623/686 553/625/688
f 552/623/686 690/792/878 724/835/926
f 731/836/927 635/736/820 642/744/828
f 731/836/927 732/837/928 659/757/841
f 734/838/929 618/724/808 637/739/823
f 646/746/830 639/740/824 687/839/930
f 626/729/813 729/832/923 735/840/931
f 736/841/932 707/809/901 625/728/812
f 652/751/835 627/730/814 631/735/819
f 612/714/795 636/738/822 616/721/805
f 638/741/825 738/842/933 737/843/934
f 739/844/935 673/845/936 740/846/937
f 739/844/935 657/791/877 672/766/850
f 658/789/875 680/776/862 681/778/864
f 658/789/875 742/847/938 741/848/939
f 743/849/940 648/850/941 653/851/942
f 690/792/878 647/786/872 688/788/874
f 722/822/914 702/805/897 719/852/943
f 716/817/909 712/813/905 725/853/944
f 710/854/945 696/798/886 701/804/896
f 718/855/946 743/849/940 721/856/947
f 715/833/924 690/792/878 688/788/874
f 658/756/840 732/837/928 742/857/948
f 645/747/831 687/839/930 630/784/870
f 640/858/949 687/839/930 639/740/824
f 704/806/898 736/841/932 745/859/950
f 628/732/816 631/735/819 627/730/814
f 649/749/833 630/784/870 627/730/814
f 623/727/811 634/733/817 625/728/812
f 651/752/836 631/735/819 632/734/818
f 641/742/826 635/736/820 636/738/822
f 659/757/841 632/734/818 635/736/820
f 655/755/839 638/741/825 639/740/824
f 737/843/934 637/739/823 638/741/825
f 618/724/808 640/858/949 637/739/823
f 613/713/792 641/742/826 612/714/795
f 647/860/951 655/755/839 646/746/830
f 653/861/952 649/749/833 652/751/835
f 739/862/953 656/754/838 657/863/954
f 729/832/923 745/859/950 735/840/931
f 713/815/907 426/494/545 696/798/886
f 719/852/943 703/807/899 717/820/912
f 723/826/918 706/810/902 722/822/914
f 705/864/955 706/810/902 707/809/901
f 711/814/906 730/865/956 729/832/923
f 713/815/907 544/616/679 455/525/582
f 725/853/944 550/622/685 551/825/917
f 545/617/680 709/808/900 723/826/918
f 721/823/915 719/852/943 718/819/911
f 715/818/910 725/853/944 724/824/916
f 710/854/945 700/803/895 708/811/903
f 700/803/895 707/809/901 708/811/903
f 546/618/681 711/814/906 626/729/813
f 717/820/912 730/865/956 716/817/909
f 614/715/797 624/866/957 615/867/958
f 624/866/957 695/797/884 615/867/958
f 695/797/884 701/804/896 696/798/886
f 747/868/959 660/869/960 661/870/961
f 595/694/765 726/871/962 592/695/766
f 749/872/963 592/873/964 726/874/965
f 751/875/966 661/876/967 660/877/968
f 753/878/969 747/868/959 752/879/970
f 754/880/971 595/694/765 597/881/972
f 751/875/973 755/882/974 750/883/975
f 749/872/976 594/698/771 596/696/770
f 686/785/871 626/729/813 735/840/931
f 745/859/950 686/785/871 735/840/931
f 736/841/932 629/731/815 745/859/950
f 634/733/817 736/841/932 625/728/812
f 617/726/810 616/721/805 623/727/811
f 636/738/822 623/727/811 616/721/805
f 744/884/977 644/885/978 648/850/941
f 714/834/925 744/884/977 718/855/946
f 721/856/947 728/830/921 720/831/922
f 684/782/868 743/849/940 653/851/942
f 743/849/940 728/830/921 721/856/947
f 684/782/868 653/851/942 650/781/867
f 758/886/979 594/698/980 757/887/981
f 620/888/982 753/878/983 752/879/984
f 591/692/761 754/880/985 597/881/986
f 762/889/987 598/702/781 761/890/988
f 763/891/989 760/892/990 759/893/991
f 764/894/992 759/895/993 760/896/994
f 761/897/995 593/693/783 758/886/996
f 765/898/997 766/899/998 763/891/999
f 767/900/1000 599/701/779 762/889/1001
f 770/901/1002 769/902/1003 768/903/1004
f 583/681/750 769/902/1003 773/904/1005
f 774/905/1006 772/906/1007 771/907/1008
f 585/686/755 774/905/1006 584/687/756
f 774/908/1006 776/909/1009 775/910/1010
f 584/911/756 775/910/1010 589/689/757
f 767/900/1000 768/903/1004 769/902/1003
f 578/678/745 769/902/1003 581/683/752
f 772/906/1007 773/904/1011 770/901/1012
f 773/904/1011 585/686/755 583/681/1013
f 619/723/807 697/801/893 626/729/813
f 618/724/808 778/912/1014 621/722/806
f 781/913/1015 777/914/1016 756/915/1017
f 746/916/1018 779/917/1019 660/869/960
f 660/877/968 783/918/1020 751/875/966
f 746/916/1018 784/919/1021 782/920/1022
f 756/915/1023 783/918/1024 781/913/1025
f 698/921/1026 619/723/807 620/888/982
f 748/922/1027 661/870/961 726/871/962
f 750/883/1028 726/874/965 661/876/967
f 752/879/970 748/922/1027 754/880/971
f 757/887/1029 750/883/975 755/882/974
f 757/887/981 764/894/1030 758/886/979
f 778/912/1014 753/878/983 621/722/806
f 752/879/984 698/921/1026 620/888/982
f 786/923/1031 765/898/997 763/891/999
f 766/899/998 767/900/1000 762/889/1001
f 766/899/1032 761/890/988 760/892/990
f 786/923/1033 759/893/991 785/924/1034
f 780/925/1035 759/895/993 777/914/1036
f 760/896/994 758/886/996 764/894/992
f 755/882/1037 777/914/1016 764/894/1030
f 668/926/82 225/262/82 667/927/82
f 479/705/82 225/262/82 668/926/82
f 789/928/1038 791/929/1039 790/930/1040
f 792/931/1041 793/932/1042 791/929/1039
f 796/933/1043 793/932/1042 794/934/1044
f 789/928/1045 797/935/1046 792/931/1047
f 797/935/1046 794/934/1048 792/931/1047
f 794/934/1048 800/936/1049 796/933/1050
f 2213/937/1051 791/929/1052 787/938/1053
f 788/939/1054 791/929/1052 793/932/1055
f 2214/940/1056 793/932/1055 795/941/1057
f 801/942/1058 799/943/1059 797/935/1046
f 806/944/1060 804/945/1061 803/946/1062
f 807/947/1063 802/948/1064 808/949/1065
f 808/949/1065 810/950/1066 807/947/1063
f 811/951/1067 803/946/1062 804/945/1061
f 812/952/1068 814/953/1069 813/954/1070
f 819/955/1071 817/956/1072 816/957/1073
f 820/958/1074 818/959/1075 821/960/1076
f 822/961/1077 824/962/1078 823/963/1079
f 826/964/1080 828/965/1081 827/966/1082
f 829/967/1083 831/968/1084 830/969/1085
f 833/970/1086 830/969/1085 834/971/1087
f 835/972/1088 837/973/1089 836/974/1090
f 839/975/1091 841/976/1092 840/977/1093
f 843/978/1094 836/974/1090 844/979/1095
f 2215/980/1096 849/981/1097 848/982/1098
f 2216/983/1099 850/984/1100 849/981/1097
f 851/985/1101 853/986/1102 852/987/1103
f 854/988/1104 856/989/1105 855/990/1106
f 855/990/1106 853/986/1102 854/988/1104
f 848/982/1107 859/991/1108 858/992/1109
f 859/991/1108 850/984/1110 860/993/1111
f 858/992/1112 862/994/1113 861/995/1112
f 859/991/1113 863/996/1114 862/994/1113
f 862/997/1115 864/998/1116 861/999/1117
f 865/1000/1118 862/997/1115 866/1001/1119
f 866/1001/1119 863/1002/82 867/1003/1120
f 835/1004/1121 866/1001/1119 868/1005/1122
f 868/1005/1122 867/1003/1120 869/1006/1123
f 815/1007/1124 870/1008/1125 814/953/1069
f 832/1009/1126 873/1010/1127 872/1011/1128
f 843/1012/1129 866/1001/1119 835/1004/1121
f 839/1013/1130 856/989/1105 842/1014/1131
f 839/1013/1130 874/1015/1132 855/990/1106
f 796/933/1043 877/1016/1133 795/941/1134
f 878/1017/1135 879/1018/1136 877/1016/1133
f 604/706/785 879/1018/1136 880/1019/1137
f 796/933/1050 881/1020/1138 878/1017/1139
f 878/1017/1139 882/1021/1140 880/1019/1141
f 880/1019/1141 613/713/792 604/706/794
f 875/1022/1142 795/941/1057 877/1016/1143
f 875/1022/1142 879/1018/1144 876/1023/1145
f 876/1023/1145 605/708/1146 601/716/799
f 883/1024/1147 778/912/1014 733/1025/1148
f 733/1025/1148 811/951/1067 883/1024/1147
f 885/1026/1149 807/947/1063 886/1027/1150
f 807/947/1063 810/950/1066 886/1027/1150
f 886/1027/1150 887/1028/1151 885/1026/1149
f 888/1029/1152 890/1030/1153 889/1031/1154
f 895/1032/1155 893/1033/1156 892/1034/1157
f 731/836/927 894/1035/1158 895/1032/1155
f 734/838/929 898/1036/1159 897/1037/1160
f 899/1038/1161 642/744/828 643/743/827
f 900/1039/1162 902/1040/1163 901/1041/1164
f 904/1042/1165 903/1043/1166 900/1039/1162
f 906/1044/1167 908/1045/1168 907/1046/1169
f 910/1047/1170 738/842/933 739/862/953
f 742/857/948 909/1048/1171 906/1044/1167
f 847/1049/1172 664/759/843 850/984/1100
f 852/987/1103 670/763/847 667/765/849
f 670/763/847 740/846/937 673/845/936
f 740/846/937 853/986/1102 855/990/1106
f 860/993/1111 664/759/853 674/770/855
f 863/996/1114 674/770/858 677/773/858
f 863/1002/82 913/1050/1173 867/1003/1120
f 677/777/863 741/848/939 913/1050/1173
f 869/1006/1123 867/1003/1120 914/1051/1174
f 914/1051/1174 913/1050/1173 906/1052/1175
f 915/1053/1176 889/1031/1154 890/1030/1153
f 901/1054/1177 873/1010/1127 900/1055/1178
f 742/847/938 913/1050/1173 741/848/939
f 855/990/1106 739/844/935 740/846/937
f 739/844/935 874/1015/1132 910/1056/1179
f 917/1057/1180 820/958/1074 827/966/1082
f 917/1057/1180 918/1058/1181 844/979/1095
f 920/1059/1182 803/946/1062 822/961/1077
f 831/968/1084 824/962/1078 871/1060/1183
f 811/951/1067 915/1053/1176 921/1061/1184
f 922/1062/1185 893/1033/1156 810/950/1066
f 837/973/1089 812/952/1068 816/957/1073
f 797/935/1046 821/960/1076 801/942/1058
f 823/963/1079 924/1063/1186 923/1064/1187
f 925/1065/1188 857/1066/1189 926/1067/1190
f 925/1065/1188 842/1014/1131 856/989/1105
f 843/1012/1129 864/998/1116 865/1000/1118
f 843/1012/1129 928/1068/1191 927/1069/1192
f 929/1070/1193 833/1071/1194 838/1072/1195
f 874/1015/1132 832/1009/1126 872/1011/1128
f 908/1045/1168 888/1029/1152 905/1073/1196
f 902/1040/1163 898/1036/1159 911/1074/1197
f 896/1075/1198 882/1021/1140 887/1028/1151
f 904/1076/1199 929/1070/1193 907/1077/1200
f 901/1054/1177 874/1015/1132 872/1011/1128
f 843/978/1094 918/1058/1181 928/1078/1201
f 830/969/1085 871/1060/1183 815/1007/1124
f 825/1079/1202 871/1060/1183 824/962/1078
f 890/1030/1153 922/1062/1185 931/1080/1203
f 813/954/1070 816/957/1073 812/952/1068
f 834/971/1087 815/1007/1124 812/952/1068
f 808/949/1065 819/955/1071 810/950/1066
f 836/974/1090 816/957/1073 817/956/1072
f 826/964/1080 820/958/1074 821/960/1076
f 844/979/1095 817/956/1072 820/958/1074
f 840/977/1093 823/963/1079 824/962/1078
f 920/1059/1182 823/963/1079 923/1064/1187
f 803/946/1062 825/1079/1202 822/961/1077
f 798/1081/1204 826/964/1080 797/935/1046
f 832/1082/1205 840/977/1093 831/968/1084
f 838/1083/1206 834/971/1087 837/973/1089
f 925/1084/1207 841/976/1092 842/1085/1208
f 915/1053/1176 931/1080/1203 921/1061/1184
f 899/1038/1161 613/713/792 882/1021/1140
f 905/1073/1196 889/1031/1154 903/1043/1166
f 909/1048/1171 892/1034/1157 908/1045/1168
f 891/1086/1209 892/1034/1157 893/1033/1156
f 897/1037/1160 916/1087/1210 915/1053/1176
f 899/1038/1161 731/836/927 642/744/828
f 911/1074/1197 737/843/934 738/842/933
f 732/837/928 895/1032/1155 909/1048/1171
f 907/1046/1169 905/1073/1196 904/1042/1165
f 901/1041/1164 911/1074/1197 910/1047/1170
f 896/1075/1198 886/1027/1150 894/1035/1158
f 886/1027/1150 893/1033/1156 894/1035/1158
f 733/1025/1148 897/1037/1160 811/951/1067
f 903/1043/1166 916/1087/1210 902/1040/1163
f 799/943/1059 809/1088/1211 800/936/1049
f 809/1088/1211 881/1020/1138 800/936/1049
f 881/1020/1138 887/1028/1151 882/1021/1140
f 933/1089/1212 845/1090/1213 846/1091/1214
f 782/920/1022 912/1092/1215 779/917/1019
f 935/1093/1216 779/1094/1217 912/1095/1218
f 937/1096/1219 846/1097/1220 845/1098/1221
f 939/1099/1222 933/1089/1212 938/1100/1223
f 940/1101/1224 782/920/1022 784/919/1021
f 937/1096/1225 941/1102/1226 936/1103/1227
f 935/1093/1228 781/913/1025 783/918/1024
f 870/1008/1125 811/951/1067 921/1061/1184
f 814/953/1069 921/1061/1184 931/1080/1203
f 922/1062/1185 814/953/1069 931/1080/1203
f 819/955/1071 922/1062/1185 810/950/1066
f 802/948/1064 801/942/1058 808/949/1065
f 821/960/1076 808/949/1065 801/942/1058
f 930/1104/1229 829/1105/1230 833/1071/1194
f 900/1055/1178 930/1104/1229 904/1076/1199
f 907/1077/1200 914/1051/1174 906/1052/1175
f 868/1005/1122 929/1070/1193 838/1072/1195
f 929/1070/1193 914/1051/1174 907/1077/1200
f 868/1005/1122 838/1072/1195 835/1004/1121
f 943/1106/1231 780/925/1232 781/913/1015
f 805/1107/1233 939/1099/1234 938/1100/1235
f 884/1108/1236 784/919/1237 778/912/1014
f 948/1109/1238 785/924/1034 947/1110/1239
f 949/1111/1240 946/1112/1241 945/1113/1242
f 946/1114/1243 963/1115/1244 945/1116/1245
f 785/1117/1035 944/1118/1246 947/1119/1247
f 953/1120/1248 949/1111/1249 951/1121/1250
f 953/1120/1248 786/923/1031 948/1109/1251
f 956/1122/1252 954/1123/1253 957/1124/1254
f 770/901/1002 955/1125/1255 956/1122/1252
f 958/1126/1256 959/1127/1257 957/1124/1258
f 772/906/1007 960/1128/1259 771/907/1008
f 960/1129/1259 962/1130/1260 961/1131/1261
f 776/909/1009 960/1129/1259 961/1131/1261
f 953/1120/1248 954/1123/1253 955/1125/1255
f 765/898/997 955/1125/1255 768/903/1004
f 959/1127/1262 956/1122/1263 957/1124/1264
f 772/906/1007 956/1122/1252 959/1127/1257
f 804/945/1061 883/1024/1147 811/951/1067
f 806/944/1060 919/1132/1265 964/1133/1266
f 942/1134/1267 966/1135/1268 963/1115/1269
f 932/1136/1270 965/1137/1271 845/1090/1213
f 845/1098/1221 969/1138/1272 937/1096/1219
f 932/1136/1270 970/1139/1273 968/1140/1274
f 942/1134/1275 969/1138/1276 967/1141/1277
f 883/1024/1147 805/1107/1233 884/1108/1236
f 934/1142/1278 846/1091/1214 912/1092/1215
f 936/1103/1279 912/1095/1218 846/1097/1220
f 938/1100/1223 934/1142/1278 940/1101/1224
f 943/1106/1280 936/1103/1227 941/1102/1226
f 943/1106/1231 950/1143/1281 944/1118/1282
f 970/1139/1283 806/944/1060 964/1133/1266
f 938/1100/1235 884/1108/1236 805/1107/1233
f 972/1144/1284 951/1121/1250 949/1111/1249
f 952/1145/1285 953/1120/1248 948/1109/1251
f 952/1145/1286 947/1110/1239 946/1112/1241
f 972/1144/1287 945/1113/1242 971/1146/1288
f 971/1147/1289 963/1115/1244 966/1135/1290
f 950/1143/1291 947/1119/1247 944/1118/1246
f 942/1134/1267 950/1143/1281 941/1102/1292
f 852/1148/82 225/262/82 851/1149/82
f 667/927/82 225/262/82 852/1148/82
f 974/1150/1293 976/1151/1294 975/1152/1295
f 977/1153/1296 978/1154/1297 976/1151/1294
f 979/1155/1298 980/1156/1299 978/1154/1297
f 983/1157/1300 977/1153/1301 974/1150/1302
f 982/1158/1303 979/1155/1304 977/1153/1301
f 979/1155/1304 985/1159/1305 981/1160/1306
f 2218/1161/1307 976/1151/1308 2217/1162/1309
f 2217/1162/1309 978/1154/1310 973/1163/1311
f 973/1163/1311 980/1156/1312 2219/1164/1313
f 986/1165/1314 984/1166/1315 982/1158/1303
f 991/1167/1316 989/1168/1317 988/1169/1318
f 992/1170/1319 987/1171/1320 993/1172/1321
f 993/1172/1321 995/1173/1322 992/1170/1319
f 996/1174/1323 988/1169/1318 989/1168/1317
f 997/1175/1324 999/1176/1325 998/1177/1326
f 1004/1178/1327 1002/1179/1328 1001/1180/1329
f 1005/1181/1330 1003/1182/1331 1006/1183/1332
f 1007/1184/1333 1009/1185/1334 1008/1186/1335
f 1011/1187/1336 1013/1188/1337 1012/1189/1338
f 1014/1190/1339 1016/1191/1340 1015/1192/1341
f 1018/1193/1342 1015/1192/1341 1019/1194/1343
f 1020/1195/1344 1022/1196/1345 1021/1197/1346
f 1024/1198/1347 1026/1199/1348 1025/1200/1349
f 1028/1201/1350 1021/1197/1346 1029/1202/1351
f 1033/1203/1352 1034/1204/1353 1032/1205/1354
f 2220/1206/1355 1035/1207/1356 1033/1203/1352
f 1037/1208/1357 1039/1209/1358 1038/1210/1359
f 1040/1211/1360 1042/1212/1361 1041/1213/1362
f 1041/1213/1362 1039/1209/1358 1040/1211/1360
f 1034/1204/1363 1045/1214/1364 1044/1215/1365
f 1035/1207/1366 1046/1216/1367 1045/1214/1364
f 1047/1217/1368 1045/1214/1369 1048/1218/1369
f 1048/1218/1369 1046/1216/1370 1049/1219/1370
f 1048/1220/1371 1050/1221/1372 1047/1222/1373
f 1051/1223/1374 1048/1220/1371 1052/1224/1375
f 1052/1224/1375 1049/1225/82 1053/1226/1376
f 1020/1227/1377 1052/1224/1375 1054/1228/1378
f 1054/1228/1378 1053/1226/1376 1055/1229/1379
f 1000/1230/1380 1056/1231/1381 999/1176/1325
f 1017/1232/1382 1059/1233/1383 1058/1234/1384
f 1028/1235/1385 1052/1224/1375 1020/1227/1377
f 1024/1236/1386 1042/1212/1361 1027/1237/1387
f 1024/1236/1386 1060/1238/1388 1041/1213/1362
f 1063/1239/1389 980/1156/1299 981/1160/1390
f 1063/1239/1389 1064/1240/1391 1062/1241/1392
f 1065/1242/1393 790/930/1040 1064/1240/1391
f 985/1159/1305 1063/1239/1394 981/1160/1306
f 1063/1239/1394 1067/1243/1395 1065/1242/1396
f 1065/1242/1396 798/1081/1204 789/928/1045
f 1061/1244/1397 980/1156/1312 1062/1241/1398
f 1061/1244/1397 1064/1240/1399 2221/1245/1400
f 2221/1245/1400 790/930/1401 2213/937/1051
f 1068/1246/1402 964/1133/1266 919/1132/1265
f 919/1132/1265 996/1174/1323 1068/1246/1402
f 1070/1247/1403 992/1170/1319 1071/1248/1404
f 992/1170/1319 995/1173/1322 1071/1248/1404
f 1071/1248/1404 1072/1249/1405 1070/1247/1403
f 1073/1250/1406 1075/1251/1407 1074/1252/1408
f 1080/1253/1409 1078/1254/1410 1077/1255/1411
f 917/1057/1180 1079/1256/1412 1080/1253/1409
f 920/1059/1182 1083/1257/1413 1082/1258/1414
f 1084/1259/1415 827/966/1082 828/965/1081
f 1085/1260/1416 1087/1261/1417 1086/1262/1418
f 1089/1263/1419 1088/1264/1420 1085/1260/1416
f 1091/1265/1421 1093/1266/1422 1092/1267/1423
f 1095/1268/1424 924/1063/1186 925/1084/1207
f 928/1078/1201 1094/1269/1425 1091/1265/1421
f 2215/980/1096 1036/1270/1426 2220/1206/1355
f 1039/1209/1358 851/985/1101 1038/1210/1359
f 854/988/1104 926/1067/1190 857/1066/1189
f 926/1067/1190 1039/1209/1358 1041/1213/1362
f 1046/1216/1367 848/982/1107 858/992/1109
f 1046/1216/1370 861/995/1112 1049/1219/1370
f 1049/1225/82 1098/1271/1427 1053/1226/1376
f 861/999/1117 927/1069/1192 1098/1271/1427
f 1055/1229/1379 1053/1226/1376 1099/1272/1428
f 1099/1272/1428 1098/1271/1427 1091/1273/1429
f 1100/1274/1430 1074/1252/1408 1075/1251/1407
f 1086/1275/1431 1059/1233/1383 1085/1276/1432
f 928/1068/1191 1098/1271/1427 927/1069/1192
f 1041/1213/1362 925/1065/1188 926/1067/1190
f 925/1065/1188 1060/1238/1388 1095/1277/1433
f 1102/1278/1434 1005/1181/1330 1012/1189/1338
f 1102/1278/1434 1103/1279/1435 1029/1202/1351
f 1105/1280/1436 988/1169/1318 1007/1184/1333
f 1016/1191/1340 1009/1185/1334 1057/1281/1437
f 996/1174/1323 1100/1274/1430 1106/1282/1438
f 1107/1283/1439 1078/1254/1410 995/1173/1322
f 1022/1196/1345 997/1175/1324 1001/1180/1329
f 982/1158/1303 1006/1183/1332 986/1165/1314
f 1026/1199/1348 1108/1284/1440 1008/1186/1335
f 1110/1285/1441 1043/1286/1442 1111/1287/1443
f 1110/1285/1441 1027/1237/1387 1042/1212/1361
f 1028/1235/1385 1050/1221/1372 1051/1223/1374
f 1028/1235/1385 1113/1288/1444 1112/1289/1445
f 1114/1290/1446 1018/1291/1447 1023/1292/1448
f 1060/1238/1388 1017/1232/1382 1058/1234/1384
f 1093/1266/1422 1073/1250/1406 1090/1293/1449
f 1087/1261/1417 1083/1257/1413 1096/1294/1450
f 1081/1295/1451 1067/1243/1395 1072/1249/1405
f 1089/1296/1452 1114/1290/1446 1092/1297/1453
f 1086/1275/1431 1060/1238/1388 1058/1234/1384
f 1028/1201/1350 1103/1279/1435 1113/1298/1454
f 1015/1192/1341 1057/1281/1437 1000/1230/1380
f 1010/1299/1455 1057/1281/1437 1009/1185/1334
f 1075/1251/1407 1107/1283/1439 1116/1300/1456
f 998/1177/1326 1001/1180/1329 997/1175/1324
f 1019/1194/1343 1000/1230/1380 997/1175/1324
f 993/1172/1321 1004/1178/1327 995/1173/1322
f 1021/1197/1346 1001/1180/1329 1002/1179/1328
f 1011/1187/1336 1005/1181/1330 1006/1183/1332
f 1029/1202/1351 1002/1179/1328 1005/1181/1330
f 1025/1200/1349 1008/1186/1335 1009/1185/1334
f 1105/1280/1436 1008/1186/1335 1108/1284/1440
f 988/1169/1318 1010/1299/1455 1007/1184/1333
f 983/1157/1300 1011/1187/1336 982/1158/1303
f 1017/1301/1457 1025/1200/1349 1016/1191/1340
f 1023/1302/1458 1019/1194/1343 1022/1196/1345
f 1110/1303/1459 1026/1199/1348 1027/1304/1460
f 1106/1282/1438 1075/1251/1407 1116/1300/1456
f 1084/1259/1415 798/1081/1204 1067/1243/1395
f 1090/1293/1449 1074/1252/1408 1088/1264/1420
f 1094/1269/1425 1077/1255/1411 1093/1266/1422
f 1076/1305/1461 1077/1255/1411 1078/1254/1410
f 1082/1258/1414 1101/1306/1462 1100/1274/1430
f 1084/1259/1415 917/1057/1180 827/966/1082
f 1096/1294/1450 923/1064/1187 924/1063/1186
f 918/1058/1181 1080/1253/1409 1094/1269/1425
f 1092/1267/1423 1090/1293/1449 1089/1263/1419
f 1086/1262/1418 1096/1294/1450 1095/1268/1424
f 1081/1295/1451 1071/1248/1404 1079/1256/1412
f 1071/1248/1404 1078/1254/1410 1079/1256/1412
f 919/1132/1265 1082/1258/1414 996/1174/1323
f 1088/1264/1420 1101/1306/1462 1087/1261/1417
f 984/1166/1315 994/1307/1463 985/1159/1305
f 994/1307/1463 1066/1308/1464 985/1159/1305
f 1066/1308/1464 1072/1249/1405 1067/1243/1395
f 1031/1309/1465 1117/1310/1466 1030/1311/1467
f 968/1140/1274 1097/1312/1468 965/1137/1271
f 1120/1313/1469 965/1314/1470 1097/1315/1471
f 1030/1316/1472 1121/1317/1473 1031/1318/1474
f 1123/1319/1475 1117/1310/1466 1118/1320/1476
f 1125/1321/1477 968/1140/1274 970/1139/1273
f 1127/1322/1478 1121/1317/1479 1122/1323/1480
f 1120/1313/1481 967/1141/1277 969/1138/1276
f 1056/1231/1381 996/1174/1323 1106/1282/1438
f 999/1176/1325 1106/1282/1438 1116/1300/1456
f 1107/1283/1439 999/1176/1325 1116/1300/1456
f 1004/1178/1327 1107/1283/1439 995/1173/1322
f 987/1171/1320 986/1165/1314 993/1172/1321
f 1006/1183/1332 993/1172/1321 986/1165/1314
f 1115/1324/1482 1014/1325/1483 1018/1291/1447
f 1089/1296/1452 1059/1233/1383 1115/1324/1482
f 1092/1297/1453 1099/1272/1428 1091/1273/1429
f 1054/1228/1378 1114/1290/1446 1023/1292/1448
f 1114/1290/1446 1099/1272/1428 1092/1297/1453
f 1054/1228/1378 1023/1292/1448 1020/1227/1377
f 1128/1326/1484 966/1135/1268 967/1141/1485
f 991/1167/1316 1123/1319/1486 990/1327/1487
f 964/1133/1266 1125/1321/1488 970/1139/1283
f 1133/1328/1489 971/1146/1288 1132/1329/1490
f 1134/1330/1491 1131/1331/1492 1130/1332/1493
f 1135/1333/1494 1130/1334/1495 1131/1335/1496
f 971/1147/1289 1129/1336/1497 1132/1337/1498
f 1138/1338/1499 1134/1330/1500 1136/1339/1501
f 1138/1338/1499 972/1144/1284 1133/1328/1502
f 1141/1340/1503 1139/1341/1504 1142/1342/1505
f 954/1123/1253 1141/1340/1503 957/1124/1254
f 1143/1343/1506 1144/1344/1507 1142/1342/1508
f 958/1126/1256 1144/1344/1507 1145/1345/1509
f 1145/1346/1509 1147/1347/1510 1146/1348/1511
f 962/1130/1260 1145/1346/1509 1146/1348/1511
f 1138/1338/1499 1139/1341/1504 1140/1349/1512
f 951/1121/1250 1140/1349/1512 954/1123/1253
f 1144/1344/1513 1141/1340/1514 1142/1342/1515
f 1144/1344/1507 957/1124/1258 1141/1340/1516
f 989/1168/1317 1068/1246/1402 996/1174/1323
f 988/1169/1318 1149/1350/1517 991/1167/1316
f 1152/1351/1518 1148/1352/1519 1127/1322/1520
f 1117/1310/1466 1150/1353/1521 1030/1311/1467
f 1030/1316/1472 1154/1354/1522 1122/1323/1523
f 1117/1310/1466 1155/1355/1524 1153/1356/1525
f 1127/1322/1478 1154/1354/1526 1152/1351/1527
f 1068/1246/1402 990/1327/1487 1069/1357/1528
f 1097/1312/1468 1118/1320/1476 1031/1309/1465
f 1031/1318/1474 1120/1313/1469 1097/1315/1471
f 1118/1320/1476 1125/1321/1477 1123/1319/1475
f 1128/1326/1529 1121/1317/1479 1126/1358/1530
f 1128/1326/1484 1135/1333/1531 1129/1336/1532
f 1155/1355/1533 991/1167/1316 1149/1350/1517
f 990/1327/1487 1125/1321/1488 1069/1357/1528
f 1157/1359/1534 1136/1339/1501 1134/1330/1500
f 1137/1360/1535 1138/1338/1499 1133/1328/1502
f 1137/1360/1536 1132/1329/1490 1131/1331/1492
f 1157/1359/1537 1130/1332/1493 1156/1361/1538
f 1156/1362/1539 1148/1352/1540 1151/1363/1541
f 1135/1333/1494 1132/1337/1498 1129/1336/1497
f 1126/1358/1542 1148/1352/1519 1135/1333/1531
f 1038/1364/82 225/262/82 1037/1365/82
f 851/1149/82 225/262/82 1038/1364/82
f 1160/1366/1543 1162/1367/1544 1161/1368/1545
f 1163/1369/1546 1164/1370/1547 1162/1367/1544
f 1167/1371/1548 1164/1370/1547 1165/1372/1549
f 1169/1373/1550 1163/1369/1551 1160/1366/1552
f 1168/1374/1553 1165/1372/1554 1163/1369/1551
f 1170/1375/1555 1167/1371/1556 1165/1372/1554
f 1158/1376/1557 1162/1367/1558 2222/1377/1559
f 1159/1378/1560 1162/1367/1558 1164/1370/1561
f 2223/1379/1562 1164/1370/1561 1166/1380/1563
f 1172/1381/1564 1170/1375/1555 1168/1374/1553
f 1177/1382/1565 1175/1383/1566 1174/1384/1567
f 1178/1385/1568 1173/1386/1569 1179/1387/1570
f 1179/1387/1570 1181/1388/1571 1178/1385/1568
f 1182/1389/1572 1174/1384/1567 1175/1383/1566
f 1183/1390/1573 1185/1391/1574 1184/1392/1575
f 1190/1393/1576 1188/1394/1577 1187/1395/1578
f 1191/1396/1579 1189/1397/1580 1192/1398/1581
f 1193/1399/1582 1195/1400/1583 1194/1401/1584
f 1197/1402/1585 1199/1403/1586 1198/1404/1587
f 1200/1405/1588 1202/1406/1589 1201/1407/1590
f 1204/1408/1591 1201/1407/1590 1205/1409/1592
f 1206/1410/1593 1208/1411/1594 1207/1412/1595
f 1210/1413/1596 1212/1414/1597 1211/1415/1598
f 1214/1416/1599 1207/1412/1595 1215/1417/1600
f 1218/1418/1601 1221/1419/1602 1220/1420/1603
f 2224/1421/1604 1221/1419/1602 1219/1422/1605
f 1223/1423/1606 1225/1424/1607 1224/1425/1608
f 1226/1426/1609 1228/1427/1610 1227/1428/1611
f 1227/1428/1611 1225/1424/1607 1226/1426/1609
f 1220/1420/1612 1231/1429/1613 1230/1430/1614
f 1221/1419/1615 1232/1431/1616 1231/1429/1613
f 1230/1430/1617 1234/1432/1618 1233/1433/1617
f 1234/1432/1618 1232/1431/1619 1235/1434/1619
f 1234/1435/1620 1236/1436/1621 1233/1437/1622
f 1237/1438/1623 1234/1435/1620 1238/1439/1624
f 1238/1439/1624 1235/1440/82 1239/1441/1625
f 1206/1442/1626 1238/1439/1624 1240/1443/1627
f 1240/1443/1627 1239/1441/1625 1241/1444/1628
f 1186/1445/1629 1242/1446/1630 1185/1391/1574
f 1203/1447/1631 1245/1448/1632 1244/1449/1633
f 1214/1450/1634 1238/1439/1624 1206/1442/1626
f 1210/1451/1635 1228/1427/1610 1213/1452/1636
f 1210/1451/1635 1246/1453/1637 1227/1428/1611
f 1250/1454/1638 1166/1380/1639 1167/1371/1548
f 1250/1454/1638 1251/1455/1640 1249/1456/1641
f 1252/1457/1642 975/1152/1295 1251/1455/1640
f 1167/1371/1556 1253/1458/1643 1250/1454/1644
f 1250/1454/1644 1254/1459/1645 1252/1457/1646
f 1254/1459/1645 974/1150/1302 1252/1457/1646
f 1247/1460/1647 1166/1380/1563 1249/1456/1648
f 1247/1460/1647 1251/1455/1649 1248/1461/1650
f 1248/1461/1650 975/1152/1651 2218/1161/1307
f 1255/1462/1652 1149/1350/1517 1104/1463/1653
f 1104/1463/1653 1182/1389/1572 1255/1462/1652
f 1257/1464/1654 1178/1385/1568 1258/1465/1655
f 1178/1385/1568 1181/1388/1571 1258/1465/1655
f 1258/1465/1655 1259/1466/1656 1257/1464/1654
f 1260/1467/1657 1262/1468/1658 1261/1469/1659
f 1267/1470/1660 1265/1471/1661 1264/1472/1662
f 1102/1278/1434 1266/1473/1663 1267/1470/1660
f 1105/1280/1436 1270/1474/1664 1269/1475/1665
f 1271/1476/1666 1012/1189/1338 1013/1188/1337
f 1272/1477/1667 1274/1478/1668 1273/1479/1669
f 1276/1480/1670 1275/1481/1671 1272/1477/1667
f 1278/1482/1672 1280/1483/1673 1279/1484/1674
f 1282/1485/1675 1109/1486/1676 1110/1303/1459
f 1113/1298/1454 1281/1487/1677 1278/1482/1672
f 1032/1205/1354 1222/1488/1678 2224/1421/1604
f 1225/1424/1607 1037/1208/1357 1224/1425/1608
f 1040/1211/1360 1111/1287/1443 1043/1286/1442
f 1111/1287/1443 1225/1424/1607 1227/1428/1611
f 1232/1431/1616 1034/1204/1363 1044/1215/1365
f 1232/1431/1619 1047/1217/1368 1235/1434/1619
f 1235/1440/82 1285/1489/1679 1239/1441/1625
f 1047/1222/1373 1112/1289/1445 1285/1489/1679
f 1241/1444/1628 1239/1441/1625 1286/1490/1680
f 1286/1490/1680 1285/1489/1679 1278/1491/1681
f 1287/1492/1682 1261/1469/1659 1262/1468/1658
f 1273/1493/1683 1245/1448/1632 1272/1494/1684
f 1113/1288/1444 1285/1489/1679 1112/1289/1445
f 1227/1428/1611 1110/1285/1441 1111/1287/1443
f 1110/1285/1441 1246/1453/1637 1282/1495/1685
f 1289/1496/1686 1191/1396/1579 1198/1404/1587
f 1289/1496/1686 1290/1497/1687 1215/1417/1600
f 1292/1498/1688 1174/1384/1567 1193/1399/1582
f 1202/1406/1589 1195/1400/1583 1243/1499/1689
f 1182/1389/1572 1287/1492/1682 1293/1500/1690
f 1294/1501/1691 1265/1471/1661 1181/1388/1571
f 1208/1411/1594 1183/1390/1573 1187/1395/1578
f 1168/1374/1553 1192/1398/1581 1172/1381/1564
f 1194/1401/1584 1296/1502/1692 1295/1503/1693
f 1297/1504/1694 1229/1505/1695 1298/1506/1696
f 1297/1504/1694 1213/1452/1636 1228/1427/1610
f 1214/1450/1634 1236/1436/1621 1237/1438/1623
f 1214/1450/1634 1300/1507/1697 1299/1508/1698
f 1301/1509/1699 1204/1510/1700 1209/1511/1701
f 1246/1453/1637 1203/1447/1631 1244/1449/1633
f 1280/1483/1673 1260/1467/1657 1277/1512/1702
f 1274/1478/1668 1270/1474/1664 1283/1513/1703
f 1268/1514/1704 1254/1459/1645 1259/1466/1656
f 1276/1515/1705 1301/1509/1699 1279/1516/1706
f 1273/1493/1683 1246/1453/1637 1244/1449/1633
f 1215/1417/1600 1300/1517/1707 1214/1416/1599
f 1201/1407/1590 1243/1499/1689 1186/1445/1629
f 1196/1518/1708 1243/1499/1689 1195/1400/1583
f 1303/1519/1709 1263/1520/1710 1294/1501/1691
f 1184/1392/1575 1187/1395/1578 1183/1390/1573
f 1205/1409/1592 1186/1445/1629 1183/1390/1573
f 1179/1387/1570 1190/1393/1576 1181/1388/1571
f 1207/1412/1595 1187/1395/1578 1188/1394/1577
f 1197/1402/1585 1191/1396/1579 1192/1398/1581
f 1215/1417/1600 1188/1394/1577 1191/1396/1579
f 1211/1415/1598 1194/1401/1584 1195/1400/1583
f 1295/1503/1693 1193/1399/1582 1194/1401/1584
f 1174/1384/1567 1196/1518/1708 1193/1399/1582
f 1169/1373/1550 1197/1402/1585 1168/1374/1553
f 1203/1521/1711 1211/1415/1598 1202/1406/1589
f 1209/1522/1712 1205/1409/1592 1208/1411/1594
f 1296/1502/1692 1213/1523/1713 1297/1524/1714
f 1293/1500/1690 1262/1468/1658 1303/1519/1709
f 1271/1476/1666 983/1157/1300 1254/1459/1645
f 1277/1512/1702 1261/1469/1659 1275/1481/1671
f 1281/1487/1677 1264/1472/1662 1280/1483/1673
f 1263/1520/1710 1264/1472/1662 1265/1471/1661
f 1269/1475/1665 1288/1525/1715 1287/1492/1682
f 1271/1476/1666 1102/1278/1434 1012/1189/1338
f 1283/1513/1703 1108/1284/1440 1109/1486/1676
f 1103/1279/1435 1267/1470/1660 1281/1487/1677
f 1279/1484/1674 1277/1512/1702 1276/1480/1670
f 1273/1479/1669 1283/1513/1703 1282/1485/1675
f 1268/1514/1704 1258/1465/1655 1266/1473/1663
f 1258/1465/1655 1265/1471/1661 1266/1473/1663
f 1104/1463/1653 1269/1475/1665 1182/1389/1572
f 1275/1481/1671 1288/1525/1715 1274/1478/1668
f 1170/1375/1555 1180/1526/1716 1171/1527/1717
f 1180/1526/1716 1253/1458/1643 1171/1527/1717
f 1253/1458/1643 1259/1466/1656 1254/1459/1645
f 1217/1528/1718 1304/1529/1719 1216/1530/1720
f 1153/1356/1525 1284/1531/1721 1150/1353/1521
f 1307/1532/1722 1150/1533/1723 1284/1534/1724
f 1309/1535/1725 1217/1536/1726 1216/1537/1727
f 1311/1538/1728 1305/1539/1729 1310/1540/1730
f 1312/1541/1731 1153/1356/1525 1155/1355/1524
f 1314/1542/1732 1308/1543/1733 1309/1535/1734
f 1307/1532/1735 1152/1351/1527 1154/1354/1526
f 1242/1446/1630 1182/1389/1572 1293/1500/1690
f 1185/1391/1574 1293/1500/1690 1303/1519/1709
f 1294/1501/1691 1185/1391/1574 1303/1519/1709
f 1190/1393/1576 1294/1501/1691 1181/1388/1571
f 1173/1386/1569 1172/1381/1564 1179/1387/1570
f 1192/1398/1581 1179/1387/1570 1172/1381/1564
f 1302/1544/1736 1200/1545/1737 1204/1510/1700
f 1272/1494/1684 1302/1544/1736 1276/1515/1705
f 1279/1516/1706 1286/1490/1680 1278/1491/1681
f 1240/1443/1627 1301/1509/1699 1209/1511/1701
f 1301/1509/1699 1286/1490/1680 1279/1516/1706
f 1240/1443/1627 1209/1511/1701 1206/1442/1626
f 1316/1546/1738 1152/1351/1518 1315/1547/1739
f 1176/1548/1740 1311/1538/1741 1310/1540/1742
f 1149/1350/1517 1312/1541/1743 1155/1355/1533
f 1320/1549/1744 1156/1361/1538 1319/1550/1745
f 1317/1551/1746 1324/1552/1747 1318/1553/1748
f 1317/1554/1749 1322/1555/1750 1335/1556/1751
f 1156/1362/1539 1316/1546/1752 1319/1557/1753
f 1323/1558/1754 1324/1552/1755 1321/1559/1756
f 1136/1339/1501 1320/1549/1757 1325/1560/1758
f 1328/1561/1759 1327/1562/1760 1326/1563/1761
f 1142/1342/1505 1327/1562/1760 1331/1564/1762
f 1332/1565/1763 1330/1566/1764 1329/1567/1765
f 1143/1343/1506 1331/1564/1766 1332/1565/1763
f 1332/1568/1763 1334/1569/1767 1333/1570/1768
f 1143/1571/1506 1333/1570/1768 1147/1347/1510
f 1323/1558/1754 1327/1562/1760 1325/1560/1758
f 1136/1339/1501 1327/1562/1760 1139/1341/1504
f 1330/1566/1764 1331/1564/1766 1328/1561/1769
f 1175/1383/1566 1255/1462/1652 1182/1389/1572
f 1177/1382/1565 1291/1572/1770 1336/1573/1771
f 1335/1556/1772 1339/1574/1773 1338/1575/1774
f 1304/1529/1719 1337/1576/1775 1216/1530/1720
f 1216/1537/1727 1341/1577/1776 1309/1535/1725
f 1304/1529/1719 1342/1578/1777 1340/1579/1778
f 1309/1535/1734 1339/1574/1779 1314/1542/1732
f 1256/1580/1780 1175/1383/1566 1176/1548/1740
f 1306/1581/1781 1217/1528/1718 1284/1531/1721
f 1308/1543/1782 1284/1534/1724 1217/1536/1726
f 1310/1540/1730 1306/1581/1781 1312/1541/1731
f 1315/1547/1783 1308/1543/1733 1313/1582/1784
f 1316/1546/1738 1313/1582/1785 1322/1555/1786
f 1342/1578/1787 1177/1382/1565 1336/1573/1771
f 1176/1548/1740 1312/1541/1743 1256/1580/1780
f 1344/1583/1788 1323/1558/1754 1321/1559/1756
f 1324/1552/1755 1325/1560/1758 1320/1549/1757
f 1324/1552/1747 1319/1550/1745 1318/1553/1748
f 1343/1584/1789 1321/1559/1790 1317/1551/1746
f 1343/1585/1791 1335/1556/1751 1338/1575/1792
f 1322/1555/1750 1319/1557/1753 1316/1546/1752
f 1313/1582/1785 1335/1556/1772 1322/1555/1786
f 1224/1586/82 225/262/82 1223/1587/82
f 1037/1365/82 225/262/82 1224/1586/82
f 1350/1588/1793 1348/1589/1794 1347/1590/1795
f 1352/1591/1796 1349/1592/1797 1350/1588/1793
f 1354/1593/1798 1351/1594/1799 1352/1591/1796
f 1356/1595/1800 1350/1588/1801 1347/1590/1802
f 1355/1596/1803 1352/1591/1804 1350/1588/1801
f 1352/1591/1804 1358/1597/1805 1354/1593/1806
f 1345/1598/1807 1348/1589/1808 1349/1592/1809
f 2226/1599/1810 1349/1592/1809 1351/1594/1811
f 1346/1600/1812 1351/1594/1811 1353/1601/1813
f 1359/1602/1814 1357/1603/1815 1355/1596/1803
f 1364/1604/1816 1362/1605/1817 1361/1606/1818
f 1365/1607/1819 1360/1608/1820 1366/1609/1821
f 1366/1609/1821 1368/1610/1822 1365/1607/1819
f 1369/1611/1823 1361/1606/1818 1362/1605/1817
f 1370/1612/1824 1372/1613/1825 1371/1614/1826
f 1377/1615/1827 1375/1616/1828 1374/1617/1829
f 1378/1618/1830 1376/1619/1831 1379/1620/1832
f 1380/1621/1833 1382/1622/1834 1381/1623/1835
f 1384/1624/1836 1386/1625/1837 1385/1626/1838
f 1387/1627/1839 1389/1628/1840 1388/1629/1841
f 1391/1630/1842 1388/1629/1841 1392/1631/1843
f 1393/1632/1844 1395/1633/1845 1394/1634/1846
f 1397/1635/1847 1399/1636/1848 1398/1637/1849
f 1401/1638/1850 1394/1634/1846 1402/1639/1851
f 1406/1640/1852 1408/1641/1853 1405/1642/1854
f 1407/1643/1855 1409/1644/1856 1406/1640/1852
f 1414/1645/1857 1412/1646/1858 1411/1647/1859
f 1414/1645/1857 1416/1648/1860 1415/1649/1861
f 1415/1649/1861 1413/1650/1862 1414/1645/1857
f 1408/1641/1863 1419/1651/1864 1418/1652/1865
f 1409/1644/1866 1420/1653/1867 1419/1651/1864
f 1418/1652/1868 1422/1654/1869 1421/1655/1868
f 1419/1651/1870 1423/1656/1871 1422/1654/1869
f 1422/1657/1872 1424/1658/1873 1421/1659/1874
f 1425/1660/1875 1422/1657/1872 1426/1661/1876
f 1426/1661/1876 1423/1662/82 1427/1663/1877
f 1393/1664/1878 1426/1661/1876 1428/1665/1879
f 1426/1661/1876 1429/1666/1880 1428/1665/1879
f 1373/1667/1881 1430/1668/1882 1372/1613/1825
f 1390/1669/1883 1433/1670/1884 1432/1671/1885
f 1401/1672/1886 1426/1661/1876 1393/1664/1878
f 1397/1673/1887 1416/1648/1860 1400/1674/1888
f 1397/1673/1887 1434/1675/1889 1415/1649/1861
f 1354/1593/1798 1437/1676/1890 1353/1601/1891
f 1438/1677/1892 1439/1678/1893 1437/1676/1890
f 1160/1366/1543 1439/1678/1893 1440/1679/1894
f 1358/1597/1805 1438/1677/1895 1354/1593/1806
f 1438/1677/1895 1442/1680/1896 1440/1679/1897
f 1440/1679/1897 1169/1373/1550 1160/1366/1552
f 1435/1681/1898 1353/1601/1813 1437/1676/1899
f 1436/1682/1900 1437/1676/1899 1439/1678/1901
f 1158/1376/1557 1439/1678/1901 1161/1368/1902
f 1443/1683/1903 1336/1573/1771 1291/1572/1770
f 1291/1572/1770 1369/1611/1823 1443/1683/1903
f 1445/1684/1904 1365/1607/1819 1446/1685/1905
f 1365/1607/1819 1368/1610/1822 1446/1685/1905
f 1446/1685/1905 1447/1686/1906 1445/1684/1904
f 1448/1687/1907 1450/1688/1908 1449/1689/1909
f 1455/1690/1910 1453/1691/1911 1452/1692/1912
f 1289/1496/1686 1454/1693/1913 1455/1690/1910
f 1292/1498/1688 1458/1694/1914 1457/1695/1915
f 1459/1696/1916 1198/1404/1587 1199/1403/1586
f 1460/1697/1917 1462/1698/1918 1461/1699/1919
f 1464/1700/1920 1463/1701/1921 1460/1697/1917
f 1466/1702/1922 1468/1703/1923 1467/1704/1924
f 1470/1705/1925 1296/1502/1692 1297/1524/1714
f 1300/1517/1707 1469/1706/1926 1466/1702/1922
f 1407/1643/1855 1220/1420/1603 1410/1707/1927
f 1412/1646/1858 1226/1426/1609 1223/1423/1606
f 1226/1426/1609 1298/1506/1696 1229/1505/1695
f 1298/1506/1696 1413/1650/1862 1415/1649/1861
f 1410/1707/1928 1230/1430/1614 1420/1653/1867
f 1420/1653/1871 1233/1433/1617 1423/1656/1871
f 1423/1662/82 1473/1708/1929 1427/1663/1877
f 1233/1437/1622 1299/1508/1698 1473/1708/1929
f 1429/1666/1880 1427/1663/1877 1474/1709/1930
f 1474/1709/1930 1473/1708/1929 1466/1710/1931
f 1475/1711/1932 1449/1689/1909 1450/1688/1908
f 1461/1712/1933 1433/1670/1884 1460/1713/1934
f 1300/1507/1697 1473/1708/1929 1299/1508/1698
f 1415/1649/1861 1297/1504/1694 1298/1506/1696
f 1297/1504/1694 1434/1675/1889 1470/1714/1935
f 1477/1715/1936 1378/1618/1830 1385/1626/1838
f 1477/1715/1936 1478/1716/1937 1402/1639/1851
f 1480/1717/1938 1361/1606/1818 1380/1621/1833
f 1389/1628/1840 1382/1622/1834 1431/1718/1939
f 1369/1611/1823 1475/1711/1932 1481/1719/1940
f 1482/1720/1941 1453/1691/1911 1368/1610/1822
f 1395/1633/1845 1370/1612/1824 1374/1617/1829
f 1355/1596/1803 1379/1620/1832 1359/1602/1814
f 1399/1636/1848 1483/1721/1942 1381/1623/1835
f 1485/1722/1943 1417/1723/1944 1486/1724/1945
f 1485/1722/1943 1400/1674/1888 1416/1648/1860
f 1401/1672/1886 1424/1658/1873 1425/1660/1875
f 1401/1672/1886 1488/1725/1946 1487/1726/1947
f 1489/1727/1948 1391/1728/1949 1396/1729/1950
f 1434/1675/1889 1390/1669/1883 1432/1671/1885
f 1468/1703/1923 1448/1687/1907 1465/1730/1951
f 1462/1698/1918 1458/1694/1914 1471/1731/1952
f 1456/1732/1953 1442/1680/1896 1447/1686/1906
f 1464/1733/1954 1489/1727/1948 1467/1734/1955
f 1461/1712/1933 1434/1675/1889 1432/1671/1885
f 1402/1639/1851 1488/1735/1956 1401/1638/1850
f 1388/1629/1841 1431/1718/1939 1373/1667/1881
f 1383/1736/1957 1431/1718/1939 1382/1622/1834
f 1450/1688/1908 1482/1720/1941 1491/1737/1958
f 1371/1614/1826 1374/1617/1829 1370/1612/1824
f 1392/1631/1843 1373/1667/1881 1370/1612/1824
f 1366/1609/1821 1377/1615/1827 1368/1610/1822
f 1394/1634/1846 1374/1617/1829 1375/1616/1828
f 1384/1624/1836 1378/1618/1830 1379/1620/1832
f 1402/1639/1851 1375/1616/1828 1378/1618/1830
f 1398/1637/1849 1381/1623/1835 1382/1622/1834
f 1483/1721/1942 1380/1621/1833 1381/1623/1835
f 1361/1606/1818 1383/1736/1957 1380/1621/1833
f 1356/1595/1800 1384/1624/1836 1355/1596/1803
f 1390/1738/1959 1398/1637/1849 1389/1628/1840
f 1396/1739/1960 1392/1631/1843 1395/1633/1845
f 1484/1740/1961 1400/1741/1962 1485/1742/1963
f 1481/1719/1940 1450/1688/1908 1491/1737/1958
f 1459/1696/1916 1169/1373/1550 1442/1680/1896
f 1465/1730/1951 1449/1689/1909 1463/1701/1921
f 1469/1706/1926 1452/1692/1912 1468/1703/1923
f 1451/1743/1964 1452/1692/1912 1453/1691/1911
f 1457/1695/1915 1476/1744/1965 1475/1711/1932
f 1459/1696/1916 1289/1496/1686 1198/1404/1587
f 1471/1731/1952 1295/1503/1693 1296/1502/1692
f 1290/1497/1687 1455/1690/1910 1469/1706/1926
f 1467/1704/1924 1465/1730/1951 1464/1700/1920
f 1461/1699/1919 1471/1731/1952 1470/1705/1925
f 1456/1732/1953 1446/1685/1905 1454/1693/1913
f 1446/1685/1905 1453/1691/1911 1454/1693/1913
f 1291/1572/1770 1457/1695/1915 1369/1611/1823
f 1463/1701/1921 1476/1744/1965 1462/1698/1918
f 1357/1603/1815 1367/1745/1966 1358/1597/1805
f 1367/1745/1966 1441/1746/1967 1358/1597/1805
f 1441/1746/1967 1447/1686/1906 1442/1680/1896
f 1404/1747/1968 1492/1748/1969 1403/1749/1970
f 1340/1579/1778 1472/1750/1971 1337/1576/1775
f 1495/1751/1972 1337/1752/1973 1472/1753/1974
f 1403/1754/1975 1496/1755/1976 1404/1756/1977
f 1498/1757/1978 1492/1748/1969 1493/1758/1979
f 1342/1578/1777 1494/1759/1980 1340/1579/1778
f 1502/1760/1981 1496/1755/1982 1497/1761/1983
f 1503/1762/1984 1341/1577/1985 1495/1751/1986
f 1430/1668/1882 1369/1611/1823 1481/1719/1940
f 1372/1613/1825 1481/1719/1940 1491/1737/1958
f 1482/1720/1941 1372/1613/1825 1491/1737/1958
f 1377/1615/1827 1482/1720/1941 1368/1610/1822
f 1360/1608/1820 1359/1602/1814 1366/1609/1821
f 1379/1620/1832 1366/1609/1821 1359/1602/1814
f 1490/1763/1987 1387/1764/1988 1391/1728/1949
f 1460/1713/1934 1490/1763/1987 1464/1733/1954
f 1467/1734/1955 1474/1709/1930 1466/1710/1931
f 1428/1665/1879 1489/1727/1948 1396/1729/1950
f 1489/1727/1948 1474/1709/1930 1467/1734/1955
f 1428/1665/1879 1396/1729/1950 1393/1664/1878
f 1504/1765/1989 1339/1574/1773 1503/1762/1990
f 1364/1604/1816 1498/1757/1991 1363/1766/1992
f 1444/1767/1993 1342/1578/1787 1336/1573/1771
f 1508/1768/1994 1343/1584/1789 1507/1769/1995
f 1505/1770/1996 1512/1771/1997 1506/1772/1998
f 1506/1773/1999 1523/1774/2000 1505/1775/2001
f 1343/1585/1791 1504/1765/2002 1507/1776/2003
f 1513/1777/2004 1509/1778/2005 1511/1779/2006
f 1323/1558/1754 1508/1768/2007 1513/1777/2004
f 1516/1780/2008 1515/1781/2009 1514/1782/2010
f 1328/1561/1759 1515/1781/2009 1519/1783/2011
f 1520/1784/2012 1518/1785/2013 1517/1786/2014
f 1330/1566/1764 1520/1784/2012 1329/1567/1765
f 1520/1787/2012 1522/1788/2015 1521/1789/2016
f 1334/1569/1767 1520/1787/2012 1521/1789/2016
f 1511/1779/2006 1515/1781/2009 1513/1777/2004
f 1513/1777/2004 1326/1563/1761 1323/1558/1754
f 1518/1785/2013 1519/1783/2017 1516/1780/2018
f 1519/1783/2017 1330/1566/1764 1328/1561/2019
f 1362/1605/1817 1443/1683/1903 1369/1611/1823
f 1361/1606/1818 1524/1790/2020 1364/1604/1816
f 1523/1774/2021 1527/1791/2022 1526/1792/2023
f 1492/1748/1969 1525/1793/2024 1403/1749/1970
f 1497/1761/2025 1525/1794/2026 1529/1795/2027
f 1499/1796/2028 1528/1797/2029 1492/1748/1969
f 1502/1760/1981 1529/1795/2030 1527/1791/2031
f 1443/1683/1903 1363/1766/1992 1444/1767/1993
f 1472/1750/1971 1493/1758/1979 1404/1747/1968
f 1404/1756/1977 1495/1751/1972 1472/1753/1974
f 1493/1758/1979 1500/1798/2032 1498/1757/1978
f 1495/1751/1986 1501/1799/2033 1503/1762/1984
f 1504/1765/1989 1501/1799/2034 1510/1800/2035
f 1524/1790/2020 1499/1796/2036 1364/1604/1816
f 1363/1766/1992 1500/1798/2037 1444/1767/1993
f 1532/1801/2038 1511/1779/2006 1509/1778/2005
f 1512/1771/2039 1513/1777/2004 1508/1768/2007
f 1506/1772/1998 1508/1768/1994 1507/1769/1995
f 1532/1801/2040 1505/1770/1996 1531/1802/2041
f 1526/1792/2042 1505/1775/2001 1523/1774/2000
f 1510/1800/2043 1507/1776/2003 1504/1765/2002
f 1501/1799/2034 1523/1774/2021 1510/1800/2035
f 1412/1803/82 225/262/82 1411/1804/82
f 1223/1587/82 225/262/82 1412/1803/82
f 1535/1805/2044 1537/1806/2045 1536/1807/2046
f 1540/1808/2047 1537/1806/2045 1538/1809/2048
f 1542/1810/2049 1539/1811/2050 1540/1808/2047
f 1544/1812/2051 1538/1809/2052 1535/1805/2053
f 1543/1813/2054 1540/1808/2055 1538/1809/2052
f 1540/1808/2055 1546/1814/2056 1542/1810/2057
f 2227/1815/2058 1537/1806/2059 1533/1816/2060
f 1533/1816/2060 1539/1811/2061 1534/1817/2062
f 2228/1818/2063 1539/1811/2061 1541/1819/2064
f 1547/1820/2065 1545/1821/2066 1543/1813/2054
f 1552/1822/2067 1550/1823/2068 1549/1824/2069
f 1553/1825/2070 1548/1826/2071 1554/1827/2072
f 1554/1827/2072 1556/1828/2073 1553/1825/2070
f 1557/1829/2074 1549/1824/2069 1550/1823/2068
f 1558/1830/2075 1560/1831/2076 1559/1832/2077
f 1565/1833/2078 1563/1834/2079 1562/1835/2080
f 1566/1836/2081 1564/1837/2082 1567/1838/2083
f 1568/1839/2084 1570/1840/2085 1569/1841/2086
f 1572/1842/2087 1574/1843/2088 1573/1844/2089
f 1575/1845/2090 1577/1846/2091 1576/1847/2092
f 1579/1848/2093 1576/1847/2092 1580/1849/2094
f 1581/1850/2095 1583/1851/2096 1582/1852/2097
f 1585/1853/2098 1587/1854/2099 1586/1855/2100
f 1589/1856/2101 1582/1852/2097 1590/1857/2102
f 2229/1858/2103 1596/1859/2104 1595/1860/2105
f 1593/1861/2106 1597/1862/2107 1596/1859/2104
f 1601/1863/2108 1599/1864/2109 1598/1865/2110
f 1601/1863/2108 1603/1866/2111 1602/1867/2112
f 1602/1867/2112 1600/1868/2113 1601/1863/2108
f 1595/1860/2114 1606/1869/2115 1605/1870/2116
f 1606/1869/2115 1597/1862/2117 1607/1871/2118
f 1605/1870/2119 1609/1872/2120 1608/1873/2119
f 1609/1872/2120 1607/1871/2121 1610/1874/2121
f 1609/1875/2122 1611/1876/2123 1608/1877/2124
f 1612/1878/2125 1609/1875/2122 1613/1879/2126
f 1609/1875/2122 1614/1880/2127 1613/1879/2126
f 1581/1881/2128 1613/1879/2126 1615/1882/2129
f 1615/1882/2129 1614/1880/2127 1616/1883/2130
f 1561/1884/2131 1617/1885/2132 1560/1831/2076
f 1578/1886/2133 1620/1887/2134 1619/1888/2135
f 1589/1889/2136 1613/1879/2126 1581/1881/2128
f 1585/1890/2137 1603/1866/2111 1588/1891/2138
f 1585/1890/2137 1621/1892/2139 1602/1867/2112
f 1542/1810/2049 1623/1893/2140 1541/1819/2141
f 1626/1894/2142 1623/1893/2140 1624/1895/2143
f 1347/1590/1795 1625/1896/2144 1626/1894/2142
f 1546/1814/2056 1624/1895/2145 1542/1810/2057
f 1624/1895/2145 1628/1897/2146 1626/1894/2147
f 1628/1897/2146 1347/1590/1802 1626/1894/2147
f 2228/1818/2063 1623/1893/2148 2230/1898/2149
f 1622/1899/2150 1623/1893/2148 1625/1896/2151
f 2225/1900/2152 1625/1896/2151 1348/1589/1808
f 1629/1901/2153 1524/1790/2020 1479/1902/2154
f 1479/1902/2154 1557/1829/2074 1629/1901/2153
f 1631/1903/2155 1553/1825/2070 1632/1904/2156
f 1553/1825/2070 1556/1828/2073 1632/1904/2156
f 1632/1904/2156 1633/1905/2157 1631/1903/2155
f 1634/1906/2158 1636/1907/2159 1635/1908/2160
f 1641/1909/2161 1639/1910/2162 1638/1911/2163
f 1477/1715/1936 1640/1912/2164 1641/1909/2161
f 1480/1717/1938 1644/1913/2165 1643/1914/2166
f 1645/1915/2167 1385/1626/1838 1386/1625/1837
f 1646/1916/2168 1648/1917/2169 1647/1918/2170
f 1650/1919/2171 1649/1920/2172 1646/1916/2168
f 1652/1921/2173 1654/1922/2174 1653/1923/2175
f 1656/1924/2176 1484/1740/1961 1485/1742/1963
f 1488/1735/1956 1655/1925/2177 1652/1921/2173
f 1594/1926/2178 1408/1641/1853 1597/1862/2107
f 1600/1868/2113 1411/1647/1859 1599/1864/2109
f 1414/1645/1857 1486/1724/1945 1417/1723/1944
f 1486/1724/1945 1600/1868/2113 1602/1867/2112
f 1607/1871/2118 1408/1641/1863 1418/1652/1865
f 1610/1874/2121 1418/1652/1868 1421/1655/1868
f 1610/1927/82 1659/1928/2179 1614/1880/2127
f 1421/1659/1874 1487/1726/1947 1659/1928/2179
f 1616/1883/2130 1614/1880/2127 1660/1929/2180
f 1660/1929/2180 1659/1928/2179 1652/1930/2181
f 1661/1931/2182 1635/1908/2160 1636/1907/2159
f 1647/1932/2183 1620/1887/2134 1646/1933/2184
f 1488/1725/1946 1659/1928/2179 1487/1726/1947
f 1602/1867/2112 1485/1722/1943 1486/1724/1945
f 1485/1722/1943 1621/1892/2139 1656/1934/2185
f 1663/1935/2186 1566/1836/2081 1573/1844/2089
f 1663/1935/2186 1664/1936/2187 1590/1857/2102
f 1568/1839/2084 1665/1937/2188 1549/1824/2069
f 1577/1846/2091 1570/1840/2085 1618/1938/2189
f 1557/1829/2074 1661/1931/2182 1667/1939/2190
f 1668/1940/2191 1639/1910/2162 1556/1828/2073
f 1583/1851/2096 1558/1830/2075 1562/1835/2080
f 1543/1813/2054 1567/1838/2083 1547/1820/2065
f 1587/1854/2099 1669/1941/2192 1569/1841/2086
f 1671/1942/2193 1604/1943/2194 1672/1944/2195
f 1671/1942/2193 1588/1891/2138 1603/1866/2111
f 1589/1889/2136 1611/1876/2123 1612/1878/2125
f 1589/1889/2136 1674/1945/2196 1673/1946/2197
f 1675/1947/2198 1579/1948/2199 1584/1949/2200
f 1621/1892/2139 1578/1886/2133 1619/1888/2135
f 1654/1922/2174 1634/1906/2158 1651/1950/2201
f 1648/1917/2169 1644/1913/2165 1657/1951/2202
f 1642/1952/2203 1628/1897/2146 1633/1905/2157
f 1650/1953/2204 1675/1947/2198 1653/1954/2205
f 1647/1932/2183 1621/1892/2139 1619/1888/2135
f 1589/1856/2101 1664/1936/2187 1674/1955/2206
f 1576/1847/2092 1618/1938/2189 1561/1884/2131
f 1571/1956/2207 1618/1938/2189 1570/1840/2085
f 1636/1907/2159 1668/1940/2191 1677/1957/2208
f 1559/1832/2077 1562/1835/2080 1558/1830/2075
f 1580/1849/2094 1561/1884/2131 1558/1830/2075
f 1554/1827/2072 1565/1833/2078 1556/1828/2073
f 1582/1852/2097 1562/1835/2080 1563/1834/2079
f 1572/1842/2087 1566/1836/2081 1567/1838/2083
f 1590/1857/2102 1563/1834/2079 1566/1836/2081
f 1586/1855/2100 1569/1841/2086 1570/1840/2085
f 1666/1958/2209 1569/1841/2086 1669/1941/2192
f 1549/1824/2069 1571/1956/2207 1568/1839/2084
f 1544/1812/2051 1572/1842/2087 1543/1813/2054
f 1578/1959/2210 1586/1855/2100 1577/1846/2091
f 1584/1960/2211 1580/1849/2094 1583/1851/2096
f 1671/1961/2212 1587/1854/2099 1588/1962/2213
f 1667/1939/2190 1636/1907/2159 1677/1957/2208
f 1645/1915/2167 1356/1595/1800 1628/1897/2146
f 1651/1950/2201 1635/1908/2160 1649/1920/2172
f 1655/1925/2177 1638/1911/2163 1654/1922/2174
f 1637/1963/2214 1638/1911/2163 1639/1910/2162
f 1643/1914/2166 1662/1964/2215 1661/1931/2182
f 1645/1915/2167 1477/1715/1936 1385/1626/1838
f 1657/1951/2202 1483/1721/1942 1484/1740/1961
f 1478/1716/1937 1641/1909/2161 1655/1925/2177
f 1653/1923/2175 1651/1950/2201 1650/1919/2171
f 1647/1918/2170 1657/1951/2202 1656/1924/2176
f 1642/1952/2203 1632/1904/2156 1640/1912/2164
f 1632/1904/2156 1639/1910/2162 1640/1912/2164
f 1479/1902/2154 1643/1914/2166 1557/1829/2074
f 1649/1920/2172 1662/1964/2215 1648/1917/2169
f 1545/1821/2066 1555/1965/2216 1546/1814/2056
f 1555/1965/2216 1627/1966/2217 1546/1814/2056
f 1627/1966/2217 1633/1905/2157 1628/1897/2146
f 1592/1967/2218 1678/1968/2219 1591/1969/2220
f 1528/1797/2029 1658/1970/2221 1525/1793/2024
f 1681/1971/2222 1525/1794/2026 1658/1972/2223
f 1591/1973/2224 1682/1974/2225 1592/1975/2226
f 1684/1976/2227 1678/1968/2219 1679/1977/2228
f 1686/1978/2229 1528/1797/2029 1530/1979/2230
f 1688/1980/2231 1682/1974/2232 1683/1981/2233
f 1681/1971/2234 1527/1791/2031 1529/1795/2030
f 1617/1885/2132 1557/1829/2074 1667/1939/2190
f 1560/1831/2076 1667/1939/2190 1677/1957/2208
f 1668/1940/2191 1560/1831/2076 1677/1957/2208
f 1565/1833/2078 1668/1940/2191 1556/1828/2073
f 1548/1826/2071 1547/1820/2065 1554/1827/2072
f 1567/1838/2083 1554/1827/2072 1547/1820/2065
f 1676/1982/2235 1575/1983/2236 1579/1948/2199
f 1646/1933/2184 1676/1982/2235 1650/1953/2204
f 1653/1954/2205 1660/1929/2180 1652/1930/2181
f 1615/1882/2129 1675/1947/2198 1584/1949/2200
f 1675/1947/2198 1660/1929/2180 1653/1954/2205
f 1615/1882/2129 1584/1949/2200 1581/1881/2128
f 1689/1984/2237 1526/1792/2023 1527/1791/2022
f 1551/1985/2238 1685/1986/2239 1684/1976/2240
f 1524/1790/2020 1686/1978/2241 1530/1979/2242
f 1693/1987/2243 1532/1801/2040 1531/1802/2041
f 1691/1988/2244 1698/1989/2245 1692/1990/2246
f 1691/1991/2247 1696/1992/2248 1709/1993/2249
f 1526/1792/2042 1693/1994/2250 1531/1995/2251
f 1697/1996/2252 1698/1989/2253 1695/1997/2254
f 1511/1779/2006 1694/1998/2255 1699/1999/2256
f 1702/2000/2257 1701/2001/2258 1700/2002/2259
f 1516/1780/2008 1701/2001/2258 1705/2003/2260
f 1706/2004/2261 1704/2005/2262 1703/2006/2263
f 1518/1785/2013 1706/2004/2261 1517/1786/2014
f 1707/2007/2264 1703/2008/2263 1708/2009/2265
f 1522/1788/2015 1706/2010/2261 1707/2007/2264
f 1697/1996/2252 1701/2001/2258 1699/1999/2256
f 1699/1999/2256 1514/1782/2010 1511/1779/2006
f 1704/2005/2262 1705/2003/2266 1702/2000/2267
f 1705/2003/2266 1518/1785/2013 1516/1780/2268
f 1550/1823/2068 1629/1901/2153 1557/1829/2074
f 1552/1822/2067 1665/1937/2188 1710/2011/2269
f 1688/1980/2270 1712/2012/2271 1709/1993/2272
f 1591/1969/2220 1714/2013/2273 1711/2014/2274
f 1683/1981/2224 1711/2015/2275 1715/2016/2275
f 1685/1986/2276 1714/2013/2273 1678/1968/2219
f 1683/1981/2233 1713/2017/2277 1688/1980/2231
f 1629/1901/2153 1551/1985/2238 1630/2018/2278
f 1658/1970/2221 1679/1977/2228 1592/1967/2218
f 1592/1975/2226 1681/1971/2222 1658/1972/2223
f 1684/1976/2227 1680/2019/2279 1686/1978/2229
f 1689/1984/2280 1682/1974/2232 1687/2020/2281
f 1689/1984/2237 1696/1992/2282 1690/2021/2283
f 1716/2022/2284 1552/1822/2067 1710/2011/2269
f 1684/1976/2240 1630/2018/2278 1551/1985/2238
f 1718/2023/2285 1697/1996/2252 1695/1997/2254
f 1698/1989/2253 1699/1999/2256 1694/1998/2255
f 1692/1990/2246 1694/1998/2286 1693/1987/2243
f 1717/2024/2287 1695/1997/2288 1691/1988/2244
f 1717/2025/2289 1709/1993/2249 1712/2012/2290
f 1692/2026/2291 1690/2021/2292 1696/1992/2248
f 1688/1980/2270 1696/1992/2282 1687/2020/2293
f 1599/2027/82 225/262/82 1598/2028/82
f 1411/1804/82 225/262/82 1599/2027/82
f 1722/2029/2294 96/99/2295 97/92/100
f 1724/2030/2296 1721/2031/2297 1722/2029/2294
f 1724/2030/2296 1725/2032/2298 1723/2033/2299
f 97/92/106 1727/2034/2300 1722/2029/2301
f 1727/2034/2300 1724/2030/2302 1722/2029/2301
f 1728/2035/2303 1726/2036/2304 1724/2030/2302
f 1719/2037/2305 96/99/112 1721/2031/2306
f 1720/2038/2307 1721/2031/2306 1723/2033/2308
f 1720/2038/2307 1725/2032/2309 2231/2039/2310
f 1730/2040/2311 1728/2035/2303 1727/2034/2300
f 1735/2041/2312 1733/2042/2313 1732/2043/2314
f 1736/2044/2315 1731/2045/2316 1737/2046/2317
f 1737/2046/2317 1739/2047/2318 1736/2044/2315
f 1740/2048/2319 1732/2043/2314 1733/2042/2313
f 1741/2049/2320 1743/2050/2321 1742/2051/2322
f 1748/2052/2323 1746/2053/2324 1745/2054/2325
f 1749/2055/2326 1747/2056/2327 1750/2057/2328
f 1751/2058/2329 1753/2059/2330 1752/2060/2331
f 1755/2061/2332 123/119/132 124/118/131
f 1756/2062/2333 1758/2063/2334 1757/2064/2335
f 1760/2065/2336 1757/2064/2335 1761/2066/2337
f 1762/2067/2338 1764/2068/2339 1763/2069/2340
f 1766/2070/2341 1768/2071/2342 1767/2072/2343
f 1770/2073/2344 1763/2069/2340 1771/2074/2345
f 2202/2075/2346 1775/2076/2347 143/134/146
f 2232/2077/2348 1776/2078/2349 1775/2076/2347
f 144/136/148 1778/2079/2350 1777/2080/2351
f 145/137/149 1780/2081/2352 1779/2082/2353
f 1779/2082/2353 1778/2079/2350 145/137/149
f 148/141/153 1775/2076/2354 1781/2083/2355
f 1781/2083/2355 1776/2078/2356 1782/2084/2357
f 149/142/154 1781/2083/2358 1783/2085/2358
f 1781/2083/2358 1784/2086/2359 1783/2085/2358
f 1783/2087/2360 152/2088/2361 149/145/156
f 1785/2089/2362 1783/2087/2360 1786/2090/2363
f 1783/2087/2360 1787/2091/2364 1786/2090/2363
f 1762/2092/2365 1786/2090/2363 1788/2093/2366
f 1788/2093/2366 1787/2091/2364 1789/2094/2367
f 1744/2095/2368 1790/2096/2369 1743/2050/2321
f 1759/2097/2370 1793/2098/2371 1792/2099/2372
f 1770/2100/2373 1786/2090/2363 1762/2092/2365
f 1766/2101/2374 1780/2081/2352 1769/2102/2375
f 1766/2101/2374 1794/2103/2376 1779/2082/2353
f 1726/2036/2377 1797/2104/2378 1725/2032/2298
f 1798/2105/2379 1799/2106/2380 1797/2104/2378
f 1535/1805/2044 1799/2106/2380 1800/2107/2381
f 1726/2036/2304 1801/2108/2382 1798/2105/2383
f 1798/2105/2383 1802/2109/2384 1800/2107/2385
f 1800/2107/2385 1544/1812/2051 1535/1805/2053
f 2231/2039/2310 1797/2104/2386 1795/2110/2387
f 1796/2111/2388 1797/2104/2386 1799/2106/2389
f 2227/1815/2058 1799/2106/2389 1536/1807/2390
f 1803/2112/2391 1710/2011/2269 1665/1937/2188
f 1665/1937/2188 1740/2048/2319 1803/2112/2391
f 1805/2113/2392 1736/2044/2315 1806/2114/2393
f 1736/2044/2315 1739/2047/2318 1806/2114/2393
f 1806/2114/2393 1807/2115/2394 1805/2113/2392
f 1808/2116/2395 1810/2117/2396 1809/2118/2397
f 1815/2119/2398 1813/2120/2399 1812/2121/2400
f 1663/1935/2186 1814/2122/2401 1815/2119/2398
f 1666/1958/2209 1818/2123/2402 1817/2124/2403
f 1819/2125/2404 1573/1844/2089 1574/1843/2088
f 1820/2126/2405 1822/2127/2406 1821/2128/2407
f 1824/2129/2408 1823/2130/2409 1820/2126/2405
f 1826/2131/2410 1828/2132/2411 1827/2133/2412
f 1830/2134/2413 1670/2135/2414 1671/1961/2212
f 1674/1955/2206 1829/2136/2415 1826/2131/2410
f 2229/1858/2103 1776/2078/2349 1774/2137/2416
f 1777/2080/2351 1601/1863/2108 1598/1865/2110
f 1601/1863/2108 1672/1944/2195 1604/1943/2194
f 1672/1944/2195 1778/2079/2350 1779/2082/2353
f 1782/2084/2357 1595/1860/2114 1605/1870/2116
f 1784/2086/2359 1605/1870/2119 1608/1873/2119
f 1784/2138/82 1833/2139/2417 1787/2091/2364
f 1608/1877/2124 1673/1946/2197 1833/2139/2417
f 1789/2094/2367 1787/2091/2364 1834/2140/2418
f 1834/2140/2418 1833/2139/2417 1826/2141/2419
f 1835/2142/2420 1809/2118/2397 1810/2117/2396
f 1821/2143/2421 1793/2098/2371 1820/2144/2422
f 1674/1945/2196 1833/2139/2417 1673/1946/2197
f 1779/2082/2353 1671/1942/2193 1672/1944/2195
f 1671/1942/2193 1794/2103/2376 1830/2145/2423
f 116/112/125 1749/2055/2326 124/118/131
f 116/112/125 140/187/198 1771/2074/2345
f 1751/2058/2329 102/102/115 1732/2043/2314
f 1758/2063/2334 1753/2059/2330 1791/2146/2424
f 1740/2048/2319 1835/2142/2420 1837/2147/2425
f 1838/2148/2426 1813/2120/2399 1739/2047/2318
f 1764/2068/2339 1741/2049/2320 1745/2054/2325
f 1727/2034/2300 1750/2057/2328 1730/2040/2311
f 1752/2060/2331 137/129/142 121/186/197
f 136/153/164 146/139/151 147/138/150
f 136/153/164 1769/2102/2375 1780/2081/2352
f 1770/2100/2373 152/2088/2361 1785/2089/2362
f 1770/2100/2373 139/152/163 151/146/157
f 1839/2149/2427 1760/2150/2428 1765/2151/2429
f 1794/2103/2376 1759/2097/2370 1792/2099/2372
f 1828/2132/2411 1808/2116/2395 1825/2152/2430
f 1822/2127/2406 1818/2123/2402 1831/2153/2431
f 1816/2154/2432 1802/2109/2384 1807/2115/2394
f 1824/2155/2433 1839/2149/2427 1827/2156/2434
f 1821/2143/2421 1794/2103/2376 1792/2099/2372
f 1771/2074/2345 139/131/144 1770/2073/2344
f 1757/2064/2335 1791/2146/2424 1744/2095/2368
f 1754/2157/2435 1791/2146/2424 1753/2059/2330
f 1810/2117/2396 1838/2148/2426 1841/2158/2436
f 1742/2051/2322 1745/2054/2325 1741/2049/2320
f 1761/2066/2337 1744/2095/2368 1741/2049/2320
f 1737/2046/2317 1748/2052/2323 1739/2047/2318
f 1763/2069/2340 1745/2054/2325 1746/2053/2324
f 1755/2061/2332 1749/2055/2326 1750/2057/2328
f 1771/2074/2345 1746/2053/2324 1749/2055/2326
f 1767/2072/2343 1752/2060/2331 1753/2059/2330
f 121/186/197 1751/2058/2329 1752/2060/2331
f 1732/2043/2314 1754/2157/2435 1751/2058/2329
f 100/95/105 1755/2061/2332 1727/2034/2300
f 1759/2159/2437 1767/2072/2343 1758/2063/2334
f 1765/2160/2438 1761/2066/2337 1764/2068/2339
f 137/129/142 1769/2161/2439 136/130/143
f 1837/2147/2425 1810/2117/2396 1841/2158/2436
f 1819/2125/2404 1544/1812/2051 1802/2109/2384
f 1825/2152/2430 1809/2118/2397 1823/2130/2409
f 1829/2136/2415 1812/2121/2400 1828/2132/2411
f 1811/2162/2440 1812/2121/2400 1813/2120/2399
f 1817/2124/2403 1836/2163/2441 1835/2142/2420
f 1819/2125/2404 1663/1935/2186 1573/1844/2089
f 1831/2153/2431 1669/1941/2192 1670/2135/2414
f 1664/1936/2187 1815/2119/2398 1829/2136/2415
f 1827/2133/2412 1825/2152/2430 1824/2129/2408
f 1821/2128/2407 1831/2153/2431 1830/2134/2413
f 1816/2154/2432 1806/2114/2393 1814/2122/2401
f 1806/2114/2393 1813/2120/2399 1814/2122/2401
f 1665/1937/2188 1817/2124/2403 1740/2048/2319
f 1823/2130/2409 1836/2163/2441 1822/2127/2406
f 1728/2035/2303 1738/2164/2442 1729/2165/2443
f 1738/2164/2442 1801/2108/2382 1729/2165/2443
f 1801/2108/2382 1807/2115/2394 1802/2109/2384
f 1773/2166/2444 1842/2167/2445 1772/2168/2446
f 1711/2014/2274 1844/2169/2447 1832/2170/2448
f 1832/2171/2449 1715/2016/2275 1711/2015/2275
f 1772/2172/2450 1846/2173/2451 1773/2174/2452
f 1848/2175/2453 1842/2167/2445 1843/2176/2454
f 1716/2022/2455 1844/2169/2447 1714/2013/2273
f 1852/2177/2456 1846/2173/2457 1847/2178/2458
f 1845/2179/2459 1713/2017/2277 1715/2016/2277
f 1790/2096/2369 1740/2048/2319 1837/2147/2425
f 1743/2050/2321 1837/2147/2425 1841/2158/2436
f 1742/2051/2322 1841/2158/2436 1838/2148/2426
f 1748/2052/2323 1838/2148/2426 1739/2047/2318
f 1731/2045/2316 1730/2040/2311 1737/2046/2317
f 1750/2057/2328 1737/2046/2317 1730/2040/2311
f 1840/2180/2460 1756/2181/2461 1760/2150/2428
f 1820/2144/2422 1840/2180/2460 1824/2155/2433
f 1827/2156/2434 1834/2140/2418 1826/2141/2419
f 1788/2093/2366 1839/2149/2427 1765/2151/2429
f 1839/2149/2427 1834/2140/2418 1827/2156/2434
f 1788/2093/2366 1765/2151/2429 1762/2092/2365
f 1853/2182/2462 1712/2012/2271 1713/2017/2463
f 1735/2041/2312 1848/2175/2464 1734/2183/2465
f 1710/2011/2269 1850/2184/2466 1716/2022/2284
f 1857/2185/2467 1718/2023/2468 1717/2024/2287
f 1855/2186/2469 1861/2187/2470 1856/2188/2471
f 1855/2189/2472 1860/2190/2473 1867/2191/2474
f 1717/2025/2289 1854/2192/2475 1857/2193/2476
f 200/230/247 1861/2187/2477 1859/2194/2478
f 1697/1996/2252 1858/2195/2479 1862/2196/2480
f 211/237/254 1863/2197/2481 205/235/252
f 1702/2000/2257 1863/2197/2481 1864/2198/2482
f 210/241/258 1864/2198/2483 211/237/263
f 1704/2005/2262 1865/2199/2484 1703/2006/2263
f 1866/2200/2485 210/2201/258 214/246/262
f 1703/2008/2263 1866/2200/2485 1708/2009/2265
f 1862/2196/2480 205/235/252 1863/2197/2481
f 1697/1996/2252 1863/2197/2481 1700/2002/2259
f 1864/2198/2483 1704/2005/2262 1702/2000/2486
f 1733/2042/2313 1803/2112/2391 1740/2048/2319
f 1735/2041/2312 102/102/115 103/101/114
f 1852/2177/2487 195/212/225 1867/2191/2488
f 1772/2168/2446 174/193/204 142/195/206
f 1847/2178/2489 142/197/208 175/209/2490
f 1849/2202/2491 174/193/204 1842/2167/2445
f 1847/2178/2458 185/208/221 1852/2177/2456
f 1804/2203/2492 1733/2042/2313 1734/2183/2465
f 1832/2170/2448 1843/2176/2454 1773/2166/2444
f 1773/2174/2452 1845/2179/2449 1832/2171/2449
f 1843/2176/2454 1850/2184/2493 1848/2175/2453
f 1845/2179/2459 1851/2204/2494 1853/2182/2495
f 1853/2182/2462 1860/2190/2496 1854/2192/2497
f 103/101/114 1849/2202/2498 1735/2041/2312
f 1848/2175/2464 1804/2203/2492 1734/2183/2465
f 199/217/2499 200/230/247 1859/2194/2478
f 1861/2187/2477 1862/2196/2480 1858/2195/2479
f 1856/2188/2471 1858/2195/2500 1857/2185/2467
f 191/218/234 1859/2194/2501 1855/2186/2469
f 195/212/2502 1855/2189/2472 1867/2191/2474
f 1856/2205/2503 1854/2192/2475 1860/2190/2473
f 1852/2177/2487 1860/2190/2496 1851/2204/2504
f 1777/2206/82 225/262/82 144/264/82
f 1598/2028/82 225/262/82 1777/2206/82
f 589/689/2505 776/909/2506 588/690/2506
f 405/470/2506 776/909/2506 961/1131/2506
f 404/471/2506 961/1131/2506 962/1130/2506
f 404/471/2506 1146/1348/2506 213/244/2506
f 212/245/2506 1146/1348/2506 1147/1347/2506
f 212/245/2506 1333/1570/2506 214/246/2506
f 1866/2200/2506 1333/1570/2506 1334/1569/2506
f 1866/2200/2506 1521/1789/2506 1708/2009/2506
f 1707/2007/2506 1521/1789/2506 1522/1788/2506
f 2236/2645/2914 2234/2646/2915 2233/2647/2914
f 2237/2648/2916 2236/2645/2914 2233/2647/2914
f 2239/2649/2917 2238/2650/2916 2237/2648/2916
f 2241/2651/2918 2240/2652/2917 2239/2649/2917
f 2243/2653/2919 2242/2654/2918 2241/2651/2918
f 2246/2655/2920 2243/2653/2919 2245/2656/2920
f 2248/2657/2921 2245/2656/2920 2247/2658/2921
f 2249/2659/2922 2248/2657/2921 2247/2658/2921
f 2251/2660/2923 2250/2661/2924 2249/2659/2922
f 2254/2662/2925 2251/2660/2923 2253/2663/2926
f 2256/2664/2927 2253/2663/2926 2255/2665/2927
f 2258/2666/2928 2255/2665/2927 2257/2667/2928
f 2259/2668/2929 2258/2666/2928 2257/2667/2928
f 2262/2669/2930 2259/2668/2929 2261/2670/2930
f 2264/2671/2931 2261/2670/2930 2263/2672/2931
f 2266/2673/2932 2263/2672/2931 2265/2674/2932
f 2268/2675/2933 2265/2674/2932 2267/2676/2933
f 2270/2677/2934 2267/2676/2933 2269/2678/2934
f 2271/2679/2935 2270/2677/2934 2269/2678/2934
f 2273/2680/2936 2272/2681/2935 2271/2679/2935
f 2276/2682/2937 2273/2680/2936 2275/2683/2937
f 2278/2684/2938 2275/2683/2937 2277/2685/2938
f 2279/2686/2939 2278/2684/2938 2277/2685/2938
f 2281/2687/2940 2280/2688/2939 2279/2686/2939
f 2283/2689/2941 2282/2690/2940 2281/2687/2940
f 2286/2691/2942 2283/2689/2941 2285/2692/2943
f 2287/2693/2944 2286/2691/2942 2285/2692/2943
f 2290/2694/2945 2287/2693/2944 2289/2695/2945
f 2292/2696/2946 2289/2695/2945 2291/2697/2946
f 2235/2698/2915 2291/2697/2946 2234/2646/2915
f 2296/2699/2506 2294/2700/2506 2293/2701/2506
f 2296/2699/2506 2297/2702/2506 2298/2703/2506
f 2300/2704/2506 2297/2702/2506 2299/2705/2506
f 2302/2706/2506 2299/2705/2506 2301/2707/2506
f 2302/2706/2506 2303/2708/2506 2304/2709/2506
f 2306/2710/2506 2303/2708/2506 2305/2711/2506
f 2306/2710/2506 2307/2712/2506 2308/2713/2506
f 2310/2714/2506 2307/2712/2506 2309/2715/2506
f 2312/2716/2506 2309/2715/2506 2311/2717/2506
f 2312/2716/2506 2313/2718/2506 2314/2719/2506
f 2316/2720/2506 2313/2718/2506 2315/2721/2506
f 2316/2720/2506 2317/2722/2506 2318/2723/2506
f 2318/2723/2506 2319/2724/2506 2320/2725/2506
f 2322/2726/2506 2319/2724/2506 2321/2727/2506
f 2322/2726/2506 2323/2728/2506 2324/2729/2506
f 2326/2730/2506 2323/2728/2506 2325/2731/2506
f 2326/2730/2506 2327/2732/2506 2328/2733/2506
f 2330/2734/2506 2327/2732/2506 2329/2735/2506
f 2330/2734/2506 2331/2736/2506 2332/2737/2506
f 2332/2737/2506 2333/2738/2506 2334/2739/2506
f 2334/2739/2506 2335/2740/2506 2336/2741/2506
f 2338/2742/2506 2335/2740/2506 2337/2743/2506
f 2338/2742/2506 2339/2744/2506 2340/2745/2506
f 2340/2745/2506 2341/2746/2506 2342/2747/2506
f 2344/2748/2506 2341/2746/2506 2343/2749/2506
f 2346/2750/2506 2343/2749/2506 2345/2751/2506
f 2348/2752/2506 2345/2751/2506 2347/2753/2506
f 2348/2752/2506 2349/2754/2506 2350/2755/2506
f 2352/2756/2506 2349/2754/2506 2351/2757/2506
f 2352/2756/2506 2294/2700/2506 2295/2758/2506
s 0
f 2356/2759/2947 2354/2760/2948 2353/2761/2949
f 2354/2760/2950 2358/2762/2951 2357/2763/2952
f 2358/2762/2953 2359/2764/2954 2357/2763/2955
f 2360/2765/2956 2361/2766/2957 2359/2764/2958
f 2362/2767/2959 2363/2768/2960 2361/2766/2961
f 2363/2768/2962 2366/2769/2963 2365/2770/2964
f 2365/2770/2965 2368/2771/2966 2367/2772/2967
f 2368/2771/2968 2369/2773/2969 2367/2772/2970
f 2370/2774/2971 2371/2775/2972 2369/2773/2973
f 2372/2776/2974 2373/2777/2975 2371/2775/2976
f 2373/2777/2977 2376/2778/2978 2375/2779/2979
f 2375/2779/2980 2378/2780/2981 2377/2781/2982
f 2377/2781/2983 2380/2782/2984 2379/2783/2985
f 2380/2782/2986 2381/2784/2987 2379/2783/2988
f 2381/2784/2989 2384/2785/2990 2383/2786/2991
f 2384/2785/2992 2385/2787/2993 2383/2786/2994
f 2386/2788/2995 2387/2789/2996 2385/2787/2997
f 2388/2790/2998 2389/2791/2999 2387/2789/3000
f 2390/2792/3001 2391/2793/3002 2389/2791/3003
f 2391/2793/3004 2394/2794/3005 2393/2795/3006
f 2393/2795/3007 2396/2796/3008 2395/2797/3009
f 2396/2796/3010 2397/2798/3011 2395/2797/3012
f 2398/2799/3013 2399/2800/3014 2397/2798/3015
f 2399/2800/3016 2402/2801/3017 2401/2802/3018
f 2402/2801/3019 2403/2803/3020 2401/2802/3021
f 2404/2804/3022 2405/2805/3023 2403/2803/3024
f 2405/2805/3025 2408/2806/3026 2407/2807/3027
f 2407/2807/3028 2410/2808/3029 2409/2809/3030
f 2409/2809/3031 2412/2810/3032 2411/2811/3033
f 2411/2811/3034 2356/2759/3035 2353/2761/3036
s 1
f 2354/2760/2506 2413/2812/2506 2353/2761/2506
f 2357/2763/2506 2413/2812/2506 2354/2760/2506
f 2359/2764/2506 2413/2812/2506 2357/2763/2506
f 2361/2766/2506 2413/2812/2506 2359/2764/2506
f 2363/2768/2506 2413/2812/2506 2361/2766/2506
f 2365/2770/2506 2413/2812/2506 2363/2768/2506
f 2367/2772/2506 2413/2812/2506 2365/2770/2506
f 2369/2773/2506 2413/2812/2506 2367/2772/2506
f 2371/2775/2506 2413/2812/2506 2369/2773/2506
f 2373/2777/2506 2413/2812/2506 2371/2775/2506
f 2375/2779/2506 2413/2812/2506 2373/2777/2506
f 2377/2781/2506 2413/2812/2506 2375/2779/2506
f 2379/2783/2506 2413/2812/2506 2377/2781/2506
f 2381/2784/2506 2413/2812/2506 2379/2783/2506
f 2383/2786/2506 2413/2812/2506 2381/2784/2506
f 2385/2787/2506 2413/2812/2506 2383/2786/2506
f 2387/2789/2506 2413/2812/2506 2385/2787/2506
f 2389/2791/2506 2413/2812/2506 2387/2789/2506
f 2391/2793/2506 2413/2812/2506 2389/2791/2506
f 2393/2795/2506 2413/2812/2506 2391/2793/2506
f 2395/2797/2506 2413/2812/2506 2393/2795/2506
f 2397/2798/2506 2413/2812/2506 2395/2797/2506
f 2399/2800/2506 2413/2812/2506 2397/2798/2506
f 2401/2802/2506 2413/2812/2506 2399/2800/2506
f 2403/2803/2506 2413/2812/2506 2401/2802/2506
f 2405/2805/2506 2413/2812/2506 2403/2803/2506
f 2407/2807/2506 2413/2812/2506 2405/2805/2506
f 2409/2809/2506 2413/2812/2506 2407/2807/2506
f 2411/2811/2506 2413/2812/2506 2409/2809/2506
f 2353/2761/2506 2413/2812/2506 2411/2811/2506
f 2296/2813/3037 2414/2814/3038 2295/2815/3039
f 2298/2816/3040 2415/2817/3041 2296/2813/3037
f 2300/2818/3042 2416/2819/3043 2298/2816/3040
f 2300/2818/3042 2418/2820/3044 2417/2821/3045
f 2304/2822/3046 2418/2820/3044 2302/2823/3047
f 2304/2822/3046 2420/2824/3048 2419/2825/3049
f 2306/2826/3050 2421/2827/3051 2420/2824/3048
f 2308/2828/3052 2422/2829/3053 2421/2827/3051
f 2312/2830/3054 2422/2829/3053 2310/2831/3055
f 2314/2832/3056 2423/2833/3057 2312/2830/3054
f 2314/2832/3056 2425/2834/3058 2424/2835/3059
f 2318/2836/3060 2425/2834/3058 2316/2837/3061
f 2318/2836/3060 2427/2838/3062 2426/2839/3063
f 2320/2840/3064 2428/2841/3065 2427/2838/3062
f 2322/2842/3066 2429/2843/3067 2428/2841/3065
f 2324/2844/3068 2430/2845/3069 2429/2843/3067
f 2326/2846/3070 2431/2847/3071 2430/2845/3069
f 2330/2848/3072 2431/2847/3071 2328/2849/3073
f 2332/2850/3074 2432/2851/3075 2330/2848/3072
f 2334/2852/3076 2433/2853/3077 2332/2850/3074
f 2336/2854/3078 2434/2855/3079 2334/2852/3076
f 2336/2854/3078 2436/2856/3080 2435/2857/3081
f 2338/2858/3082 2437/2859/3083 2436/2856/3080
f 2342/2860/3084 2437/2859/3083 2340/2861/3085
f 2344/2862/3086 2438/2863/3087 2342/2860/3084
f 2344/2862/3086 2440/2864/3088 2439/2865/3089
f 2346/2866/3090 2441/2867/3091 2440/2864/3088
f 2348/2868/3092 2442/2869/3093 2441/2867/3091
f 2352/2870/3094 2442/2869/3093 2350/2871/3095
f 2295/2815/3039 2443/2872/3096 2352/2870/3094
f 2444/2873/3097 2356/2759/2506 2445/2874/3098
f 2446/2875/3099 2355/2876/2506 2444/2873/3097
f 2447/2877/3100 2358/2762/2506 2446/2875/3099
f 2448/2878/3101 2360/2765/2506 2447/2877/3100
f 2449/2879/3102 2362/2767/2506 2448/2878/3101
f 2450/2880/3103 2364/2881/2506 2449/2879/3102
f 2368/2771/2506 2450/2880/3103 2451/2882/3104
f 2452/2829/3105 2368/2771/2506 2451/2882/3104
f 2453/2883/3106 2370/2774/2506 2452/2829/3105
f 2374/2884/2506 2453/2883/3106 2454/2885/3107
f 2376/2778/2506 2454/2885/3107 2455/2886/3108
f 2378/2780/2506 2455/2886/3108 2456/2887/3109
f 2380/2782/2506 2456/2887/3109 2457/2888/3110
f 2382/2889/2506 2457/2888/3110 2458/2890/3111
f 2384/2785/2506 2458/2890/3111 2459/2891/3112
f 2386/2788/2506 2459/2891/3112 2460/2892/3113
f 2388/2790/2506 2460/2892/3113 2461/2893/3114
f 2462/2894/3115 2388/2790/2506 2461/2893/3114
f 2463/2895/3116 2390/2792/2506 2462/2894/3115
f 2394/2794/2506 2463/2895/3116 2464/2896/3117
f 2396/2796/2506 2464/2896/3117 2465/2897/3118
f 2398/2799/2506 2465/2897/3118 2466/2856/3119
f 2467/2898/3120 2398/2799/2506 2466/2856/3119
f 2468/2899/3121 2400/2900/2506 2467/2898/3120
f 2469/2901/3122 2402/2801/2506 2468/2899/3121
f 2470/2902/3123 2404/2804/2506 2469/2901/3122
f 2408/2806/2506 2470/2902/3123 2471/2903/3124
f 2410/2808/2506 2471/2903/3124 2472/2904/3125
f 2473/2872/3126 2410/2808/2506 2472/2904/3125
f 2445/2874/3098 2412/2810/2506 2473/2872/3126
s 0
f 2236/2645/3127 2294/2700/3128 2235/2698/3129
f 2238/2650/3130 2293/2701/3131 2236/2645/3132
f 2240/2652/3133 2297/2702/3134 2238/2650/3135
f 2240/2652/3136 2301/2707/3137 2299/2705/3138
f 2242/2654/3139 2303/2708/3140 2301/2707/3141
f 2244/2905/3142 2305/2711/3143 2303/2708/3144
f 2246/2655/3145 2307/2712/3146 2305/2711/3147
f 2248/2657/3148 2309/2715/3149 2307/2712/3150
f 2252/2906/3151 2309/2715/3152 2250/2661/3153
f 2254/2662/3154 2311/2717/3155 2252/2906/3156
f 2256/2664/3157 2313/2718/3158 2254/2662/3159
f 2258/2666/3160 2315/2721/3161 2256/2664/3162
f 2258/2666/3163 2319/2724/3164 2317/2722/3165
f 2260/2907/3166 2321/2727/3167 2319/2724/3168
f 2262/2669/3169 2323/2728/3170 2321/2727/3171
f 2266/2673/3172 2323/2728/3173 2264/2671/3174
f 2268/2675/3175 2325/2731/3176 2266/2673/3177
f 2270/2677/3178 2327/2732/3179 2268/2675/3180
f 2270/2677/3181 2331/2736/3182 2329/2735/3183
f 2272/2681/3184 2333/2738/3185 2331/2736/3186
f 2276/2682/3187 2333/2738/3188 2274/2908/3189
f 2276/2682/3190 2337/2743/3191 2335/2740/3192
f 2278/2684/3193 2339/2744/3194 2337/2743/3195
f 2282/2690/3196 2339/2744/3197 2280/2688/3198
f 2282/2690/3199 2343/2749/3200 2341/2746/3201
f 2286/2691/3202 2343/2749/3203 2284/2909/3204
f 2288/2910/3205 2345/2751/3206 2286/2691/3207
f 2288/2910/3208 2349/2754/3209 2347/2753/3210
f 2290/2694/3211 2351/2757/3212 2349/2754/3213
f 2292/2696/3214 2294/2700/3215 2351/2757/3216
s 1
f 2234/2911/82 2474/2912/82 2233/2913/82
f 2233/2913/82 2474/2912/82 2237/2914/82
f 2237/2914/82 2474/2912/82 2239/2915/82
f 2239/2915/82 2474/2912/82 2241/2916/82
f 2241/2916/82 2474/2912/82 2243/2917/82
f 2243/2917/82 2474/2912/82 2245/2918/82
f 2245/2918/82 2474/2912/82 2247/2919/82
f 2247/2919/82 2474/2912/82 2249/2920/82
f 2249/2920/82 2474/2912/82 2251/2921/82
f 2251/2921/82 2474/2912/82 2253/2922/82
f 2253/2922/82 2474/2912/82 2255/2923/82
f 2255/2923/82 2474/2912/82 2257/2924/82
f 2257/2924/82 2474/2912/82 2259/2925/82
f 2259/2925/82 2474/2912/82 2261/2926/82
f 2261/2926/82 2474/2912/82 2263/2927/82
f 2263/2927/82 2474/2912/82 2265/2928/82
f 2265/2928/82 2474/2912/82 2267/2929/82
f 2267/2929/82 2474/2912/82 2269/2930/82
f 2269/2930/82 2474/2912/82 2271/2931/82
f 2271/2931/82 2474/2912/82 2273/2932/82
f 2273/2932/82 2474/2912/82 2275/2933/82
f 2275/2933/82 2474/2912/82 2277/2934/82
f 2277/2934/82 2474/2912/82 2279/2935/82
f 2279/2935/82 2474/2912/82 2281/2936/82
f 2281/2936/82 2474/2912/82 2283/2937/82
f 2283/2937/82 2474/2912/82 2285/2938/82
f 2285/2938/82 2474/2912/82 2287/2939/82
f 2287/2939/82 2474/2912/82 2289/2940/82
f 2289/2940/82 2474/2912/82 2291/2941/82
f 2291/2941/82 2474/2912/82 2234/2911/82
f 2444/2873/3097 2414/2814/3038 2415/2817/3041
f 2446/2875/3099 2415/2817/3041 2416/2819/3043
f 2447/2877/3100 2416/2819/3043 2417/2821/3045
f 2448/2878/3101 2417/2821/3045 2418/2820/3044
f 2449/2879/3102 2418/2820/3044 2419/2825/3049
f 2450/2880/3103 2419/2825/3049 2420/2824/3048
f 2451/2882/3104 2420/2824/3048 2421/2827/3051
f 2451/2882/3104 2422/2829/3053 2452/2829/3105
f 2452/2829/3105 2423/2833/3057 2453/2883/3106
f 2453/2883/3106 2424/2835/3059 2454/2885/3107
f 2454/2885/3107 2425/2834/3058 2455/2886/3108
f 2455/2886/3108 2426/2839/3063 2456/2887/3109
f 2456/2887/3109 2427/2838/3062 2457/2888/3110
f 2457/2888/3110 2428/2841/3065 2458/2890/3111
f 2458/2890/3111 2429/2843/3067 2459/2891/3112
f 2459/2891/3112 2430/2845/3069 2460/2892/3113
f 2460/2892/3113 2431/2847/3071 2461/2893/3114
f 2462/2894/3115 2431/2847/3071 2432/2851/3075
f 2463/2895/3116 2432/2851/3075 2433/2853/3077
f 2464/2896/3117 2433/2853/3077 2434/2855/3079
f 2465/2897/3118 2434/2855/3079 2435/2857/3081
f 2466/2856/3119 2435/2857/3081 2436/2856/3080
f 2467/2898/3120 2436/2856/3080 2437/2859/3083
f 2467/2898/3120 2438/2863/3087 2468/2899/3121
f 2468/2899/3121 2439/2865/3089 2469/2901/3122
f 2469/2901/3122 2440/2864/3088 2470/2902/3123
f 2470/2902/3123 2441/2867/3091 2471/2903/3124
f 2471/2903/3124 2442/2869/3093 2472/2904/3125
f 2473/2872/3126 2442/2869/3093 2443/2872/3096
f 2445/2874/3098 2443/2872/3096 2414/2814/3038
f 7/1/1 6/5/5 5/2/2
f 7/1/1 9/6/6 8/4/4
f 9/6/6 11/10/97 10/7/7
f 4/3/8 13/178/189 12/8/9
f 12/8/9 14/15/21 9/6/11
f 9/6/11 14/15/21 15/9/12
f 1/11/14 2/359/15 5/2/15
f 2198/12/17 1/11/14 6/5/16
f 2198/12/17 8/4/18 10/7/19
f 16/14/20 17/20/26 14/15/21
f 21/16/22 20/215/229 19/17/23
f 22/19/25 24/188/199 17/20/26
f 27/24/30 30/80/87 29/25/31
f 34/27/33 33/31/37 32/28/34
f 35/30/36 32/28/34 33/31/37
f 37/33/39 40/176/187 39/34/40
f 44/39/45 47/179/190 46/40/46
f 48/42/48 44/39/45 45/41/47
f 50/44/50 53/180/191 52/45/51
f 54/47/53 57/182/193 56/48/54
f 58/50/56 50/44/50 51/46/52
f 2199/52/58 62/56/62 65/53/59
f 63/55/61 66/65/147 65/53/59
f 67/57/63 70/60/66 69/58/64
f 70/60/66 73/163/174 72/61/67
f 64/54/69 65/53/3217 75/63/70
f 75/63/70 65/53/3217 66/65/72
f 77/67/74 74/64/74 75/63/75
f 78/68/75 75/63/75 76/66/76
f 78/70/77 81/73/80 80/71/78
f 82/74/81 78/70/77 79/75/82
f 82/74/81 83/76/83 85/79/86
f 30/80/87 87/158/169 86/81/88
f 47/82/89 44/211/224 89/83/90
f 58/85/92 81/73/80 82/74/81
f 54/86/93 71/62/68 72/61/67
f 93/89/96 92/91/99 10/7/7
f 95/90/98 94/93/101 92/91/99
f 97/92/100 96/99/2295 94/93/101
f 15/9/12 98/189/200 93/89/102
f 93/89/102 98/189/200 99/94/103
f 95/90/104 99/94/103 100/95/105
f 2200/96/107 3/13/19 10/7/19
f 91/97/109 2200/96/107 92/91/108
f 2201/98/111 91/97/109 94/93/110
f 101/100/113 104/255/276 103/101/114
f 105/103/116 24/188/199 22/19/25
f 108/106/119 111/184/195 110/107/120
f 115/109/122 114/113/126 113/110/123
f 116/112/125 117/172/183 114/113/126
f 118/114/127 121/186/197 120/115/128
f 125/120/133 128/124/137 127/121/134
f 129/123/136 130/170/181 128/124/137
f 131/125/138 134/132/145 133/126/139
f 135/128/141 138/171/182 137/129/142
f 139/131/144 140/187/198 134/132/145
f 63/133/61 2202/2075/2346 143/134/146
f 69/58/64 145/137/149 144/136/148
f 145/137/149 69/58/64 147/138/150
f 76/140/73 66/135/72 143/134/152
f 76/140/76 148/141/154 149/142/154
f 79/75/82 149/145/156 150/144/155
f 149/145/156 152/2088/2361 151/146/157
f 153/147/158 83/76/83 150/144/155
f 154/149/160 155/185/196 109/108/121
f 126/150/161 88/84/91 89/83/90
f 139/152/163 131/148/159 150/144/155
f 71/62/68 90/88/95 136/153/164
f 156/155/166 59/51/57 35/30/36
f 37/33/39 159/371/409 158/157/168
f 46/40/46 55/49/55 39/34/40
f 26/23/29 119/116/129 154/149/160
f 161/160/171 111/184/195 113/110/123
f 52/45/51 49/43/49 27/24/30
f 12/8/9 41/36/42 36/32/38
f 56/48/54 163/181/192 162/161/172
f 164/162/173 72/61/67 73/163/174
f 58/85/92 166/166/177 80/71/78
f 168/167/178 169/210/223 48/168/179
f 90/88/95 54/86/93 47/82/89
f 133/126/139 112/111/124 108/106/119
f 127/121/134 155/185/196 120/115/128
f 117/172/183 122/117/130 99/94/103
f 129/173/184 169/210/223 168/167/178
f 126/150/161 135/154/165 90/88/95
f 59/51/57 157/156/167 167/175/186
f 45/41/47 46/40/46 87/158/169
f 40/176/187 86/81/88 87/158/169
f 110/107/120 111/184/195 161/160/171
f 28/26/32 34/27/33 31/29/35
f 49/43/49 45/41/47 30/80/87
f 23/21/27 33/31/37 34/27/33
f 51/46/52 52/45/51 31/29/35
f 41/36/42 42/38/44 35/30/36
f 59/51/57 51/46/52 32/28/34
f 55/49/55 56/48/54 38/35/41
f 162/161/172 159/371/409 37/33/39
f 18/18/24 26/23/29 40/176/187
f 13/178/189 43/37/43 41/36/42
f 47/179/190 54/47/53 55/49/55
f 53/180/191 48/42/48 49/43/49
f 163/181/192 56/48/54 57/182/193
f 160/159/170 154/149/160 110/107/120
f 122/117/130 123/119/132 100/95/105
f 130/170/181 108/106/119 109/108/121
f 134/132/145 115/109/122 112/111/124
f 111/184/195 108/106/119 112/111/124
f 119/116/129 120/115/128 155/185/196
f 122/117/130 117/172/183 116/112/125
f 138/171/182 120/115/128 121/186/197
f 140/187/198 116/112/125 115/109/122
f 132/127/140 133/126/139 130/170/181
f 126/122/135 127/121/134 138/171/182
f 117/172/183 107/105/118 106/104/117
f 106/104/117 25/22/28 113/110/123
f 102/102/115 118/114/127 119/116/129
f 128/124/137 109/108/121 155/185/196
f 14/15/21 17/20/26 24/188/199
f 24/188/199 105/103/116 98/189/200
f 98/189/200 105/103/116 107/105/118
f 61/190/201 172/203/214 171/191/202
f 174/193/204 173/256/277 141/194/205
f 176/196/207 175/209/2490 142/197/208
f 60/199/210 178/207/271 177/200/211
f 179/202/213 180/254/274 171/191/202
f 182/204/215 173/256/277 174/193/204
f 184/206/217 183/257/278 177/200/218
f 176/196/220 186/213/279 185/208/221
f 86/81/88 40/176/187 26/23/29
f 29/25/31 86/81/88 160/159/170
f 161/160/171 28/26/32 29/25/31
f 34/27/33 28/26/32 161/160/171
f 36/32/38 33/31/37 23/21/27
f 169/210/223 89/83/90 44/211/224
f 125/151/162 89/83/90 169/210/223
f 84/78/85 85/79/86 168/167/178
f 168/167/178 85/79/86 153/147/158
f 195/212/225 185/208/3218 186/213/226
f 21/16/22 180/254/282 179/202/228
f 103/101/114 104/255/276 182/204/230
f 190/216/232 192/231/285 199/217/233
f 188/219/235 193/228/3219 197/220/236
f 188/222/238 189/260/289 194/223/239
f 191/225/241 195/212/2502 187/214/242
f 198/227/244 197/220/284 193/228/245
f 200/230/247 199/217/2499 192/231/248
f 204/232/249 203/236/253 202/233/250
f 205/235/252 202/233/250 203/236/253
f 209/238/255 208/242/259 207/239/256
f 210/241/258 211/237/263 208/242/259
f 209/243/255 206/2942/257 213/244/260
f 214/246/262 210/2201/258 209/243/255
f 196/229/246 201/234/251 202/233/250
f 198/227/244 202/233/250 205/235/252
f 207/239/256 208/242/259 203/236/253
f 18/18/24 158/157/168 216/247/265
f 215/224/266 184/206/3220 219/248/267
f 60/192/203 171/191/202 220/250/269
f 178/207/271 60/199/210 217/252/272
f 180/254/274 222/438/474 220/250/269
f 178/207/219 221/253/480 219/248/275
f 104/255/276 101/100/113 19/17/23
f 173/256/277 172/203/214 61/190/201
f 61/201/212 177/200/211 176/196/207
f 172/203/214 173/256/277 182/204/215
f 176/196/220 177/200/218 183/257/278
f 187/214/227 186/213/226 183/257/280
f 216/247/265 222/438/489 180/254/282
f 20/215/229 179/202/228 182/204/230
f 189/221/237 197/220/236 192/231/285
f 224/258/286 193/228/3219 188/219/235
f 218/249/288 223/457/499 188/222/238
f 189/260/289 190/226/243 187/214/242
f 183/257/280 184/206/3220 215/224/266
f 230/265/290 233/269/294 232/266/291
f 235/268/293 234/271/296 232/266/291
f 237/270/295 236/277/386 234/271/296
f 239/272/297 238/273/300 233/269/298
f 238/273/300 240/274/302 235/268/301
f 240/274/302 241/355/390 237/270/303
f 226/275/304 227/583/646 231/267/305
f 226/275/304 232/266/306 234/271/307
f 228/276/308 234/271/307 236/277/309
f 242/279/311 243/284/316 240/274/302
f 247/280/312 246/446/487 245/281/313
f 248/283/315 250/425/462 243/284/316
f 253/288/320 256/342/376 255/289/321
f 260/291/323 259/295/327 258/292/324
f 261/294/326 258/292/324 259/295/327
f 263/297/329 266/415/452 265/298/330
f 270/303/335 273/418/455 272/304/336
f 274/306/338 270/303/335 271/305/337
f 276/308/340 279/419/456 278/309/341
f 280/311/343 283/421/458 282/312/344
f 284/314/346 276/308/340 277/310/342
f 2203/316/348 291/320/352 290/317/349
f 289/319/351 292/385/423 291/320/352
f 293/321/353 296/324/356 295/322/354
f 296/324/356 299/402/439 298/325/357
f 290/317/359 291/320/362 301/327/360
f 291/320/362 292/385/3221 302/329/363
f 303/330/364 300/328/364 301/327/365
f 304/331/365 301/327/365 302/329/366
f 304/333/367 307/336/370 306/334/368
f 304/333/367 305/386/82 309/338/372
f 308/337/371 309/338/372 311/341/375
f 256/342/376 313/397/434 312/343/377
f 273/344/378 270/444/483 315/345/379
f 284/347/381 307/336/370 308/337/371
f 280/348/382 297/326/358 298/325/357
f 237/270/295 320/353/388 319/351/385
f 322/352/387 321/354/389 319/351/385
f 4/3/3 5/2/2 321/354/389
f 241/355/390 323/426/463 320/353/391
f 320/353/391 323/426/463 324/356/392
f 324/356/392 13/178/189 4/3/8
f 229/278/310 236/277/309 319/351/394
f 317/357/395 319/351/394 321/354/396
f 2/359/15 318/358/397 321/354/396
f 325/360/398 326/447/488 216/247/265
f 327/361/399 250/425/462 248/283/315
f 330/364/402 333/423/460 332/365/403
f 337/367/405 336/370/408 335/368/406
f 156/155/166 338/411/448 336/370/408
f 159/371/409 162/161/172 340/372/410
f 342/375/413 345/379/417 344/376/414
f 346/378/416 347/409/446 345/379/417
f 348/380/418 351/384/422 350/381/419
f 352/383/421 353/410/447 163/181/192
f 167/175/186 157/156/167 351/384/422
f 2199/52/58 64/54/60 292/385/423
f 295/322/354 70/60/66 67/57/63
f 70/60/66 295/322/354 165/164/175
f 302/329/363 292/385/3221 64/54/69
f 302/329/366 74/64/74 77/67/74
f 305/386/82 77/72/79 355/387/424
f 77/72/79 80/71/78 166/166/177
f 356/388/425 309/338/372 355/387/424
f 357/390/427 358/424/461 331/366/404
f 343/391/428 314/346/380 315/345/379
f 167/165/176 348/389/426 355/387/424
f 297/326/358 316/350/384 164/162/173
f 359/394/431 285/315/347 261/294/326
f 263/297/329 362/417/454 361/396/433
f 272/304/336 281/313/345 265/298/330
f 252/287/319 339/373/411 357/390/427
f 364/399/436 333/423/460 335/368/406
f 278/309/341 275/307/339 253/288/320
f 238/273/300 267/300/332 262/296/328
f 282/312/344 366/420/457 365/400/437
f 367/401/438 298/325/357 299/402/439
f 284/347/381 369/405/442 306/334/368
f 371/406/443 372/443/482 274/407/444
f 316/350/384 280/348/382 273/344/378
f 350/381/419 334/369/407 330/364/402
f 344/376/414 358/424/461 340/372/410
f 338/411/448 341/374/412 324/356/392
f 346/412/449 372/443/482 371/406/443
f 343/391/428 352/393/430 316/350/384
f 285/315/347 360/395/432 370/414/451
f 271/305/337 272/304/336 313/397/434
f 266/415/452 312/343/377 313/397/434
f 332/365/403 333/423/460 364/399/436
f 254/290/322 260/291/323 257/293/325
f 275/307/339 271/305/337 256/342/376
f 249/285/317 259/295/327 260/291/323
f 277/310/342 278/309/341 257/293/325
f 267/300/332 268/302/334 261/294/326
f 285/315/347 277/310/342 258/292/324
f 281/313/345 282/312/344 264/299/331
f 362/417/454 263/297/329 264/299/331
f 244/282/314 252/287/319 266/415/452
f 239/272/297 269/301/333 267/300/332
f 273/418/455 280/311/343 281/313/345
f 279/419/456 274/306/338 275/307/339
f 366/420/457 282/312/344 283/421/458
f 363/398/435 357/390/427 332/365/403
f 341/374/412 43/37/43 13/178/189
f 347/409/446 330/364/402 331/366/404
f 351/384/422 337/367/405 334/369/407
f 333/423/460 330/364/402 334/369/407
f 339/373/411 340/372/410 358/424/461
f 341/374/412 338/411/448 156/155/166
f 353/410/447 340/372/410 162/161/172
f 157/156/167 156/155/166 337/367/405
f 349/382/420 350/381/419 347/409/446
f 343/377/415 344/376/414 353/410/447
f 338/411/448 329/363/401 328/362/400
f 328/362/400 251/286/318 335/368/406
f 158/157/168 159/371/409 339/373/411
f 345/379/417 331/366/404 358/424/461
f 240/274/302 243/284/316 250/425/462
f 250/425/462 327/361/399 323/426/463
f 323/426/463 327/361/399 329/363/401
f 375/427/464 374/437/473 286/428/465
f 220/250/269 376/439/475 354/430/467
f 377/431/468 221/253/273 217/252/272
f 379/433/470 378/441/525 287/434/471
f 380/436/472 381/478/520 374/437/473
f 222/438/474 382/481/526 376/439/475
f 379/433/476 384/473/522 383/440/477
f 385/442/479 219/248/275 221/253/480
f 312/343/377 266/415/452 252/287/319
f 373/416/453 255/289/321 312/343/377
f 364/399/436 254/290/322 255/289/321
f 260/291/323 254/290/322 364/399/436
f 262/296/328 259/295/327 249/285/317
f 372/443/482 315/345/379 270/444/483
f 342/392/429 315/345/379 372/443/482
f 310/340/374 311/341/375 371/406/443
f 371/406/443 311/341/375 356/388/425
f 386/445/484 218/249/268 219/248/267
f 247/280/312 381/478/529 380/436/486
f 326/447/488 382/481/530 222/438/489
f 390/448/490 224/258/286 223/259/287
f 387/450/492 391/459/3222 394/451/493
f 392/453/495 406/475/496 387/454/496
f 218/249/288 386/445/537 389/456/498
f 395/458/500 394/451/532 391/459/501
f 196/229/246 224/258/283 390/448/503
f 399/461/504 398/464/507 397/462/505
f 201/234/251 397/462/505 398/464/507
f 403/465/508 402/468/511 401/466/509
f 206/240/257 207/239/256 402/468/511
f 403/469/508 400/691/510 405/470/512
f 213/244/260 206/2942/257 403/469/508
f 393/460/502 396/463/506 397/462/505
f 395/458/500 397/462/505 201/234/251
f 401/466/509 402/468/511 398/464/507
f 402/468/511 207/239/256 204/232/249
f 247/280/312 244/282/314 361/396/433
f 384/473/515 410/480/730 409/474/516
f 374/437/473 411/479/521 408/476/518
f 286/435/470 408/652/519 412/477/519
f 381/478/520 413/660/722 411/479/521
f 384/473/522 379/433/476 412/477/523
f 326/447/488 325/360/398 245/281/313
f 376/439/475 375/427/464 287/429/466
f 378/441/525 377/431/468 354/432/469
f 375/427/464 376/439/475 382/481/526
f 377/431/481 378/441/478 383/440/477
f 386/445/484 385/442/485 383/440/527
f 407/472/514 413/660/734 381/478/529
f 246/446/487 380/436/486 382/481/530
f 388/452/494 394/451/493 390/448/490
f 415/482/533 391/459/3222 387/450/492
f 414/484/535 387/454/496 406/475/496
f 388/455/497 389/456/498 386/445/537
f 384/473/515 406/475/517 392/453/528
f 417/487/538 420/490/541 419/488/539
f 420/490/541 422/493/544 421/491/542
f 424/492/543 423/501/634 421/491/542
f 426/494/545 425/495/548 420/490/546
f 425/495/548 427/496/550 422/493/549
f 427/496/550 428/646/709 424/492/551
f 2205/497/552 418/489/892 419/488/553
f 2204/498/554 419/488/553 421/491/555
f 2206/500/557 416/499/556 421/491/555
f 429/502/559 430/507/564 427/496/550
f 434/503/560 433/666/732 432/504/561
f 435/506/563 437/645/708 430/507/564
f 440/511/568 443/566/624 442/512/569
f 447/514/571 446/518/575 445/515/572
f 448/517/574 445/515/572 446/518/575
f 450/520/577 453/637/700 452/521/578
f 457/526/583 460/640/703 459/527/584
f 461/529/586 457/526/583 458/528/585
f 463/531/588 466/641/704 465/532/589
f 467/534/591 470/643/706 469/535/592
f 471/537/594 463/531/588 464/533/590
f 2207/539/596 2208/543/600 477/540/597
f 475/542/599 478/608/671 477/540/597
f 479/544/601 482/547/604 481/545/602
f 482/547/604 485/624/687 484/548/605
f 476/541/607 477/540/610 487/550/608
f 477/540/610 478/608/611 488/552/611
f 489/553/612 486/551/612 487/550/613
f 490/554/613 487/550/613 488/552/614
f 490/556/615 493/559/618 492/557/616
f 494/560/619 490/556/615 491/561/82
f 496/564/622 494/560/619 495/562/620
f 443/566/624 499/619/682 498/567/625
f 460/568/626 457/664/728 501/569/627
f 471/571/629 493/559/618 494/560/619
f 467/572/630 483/549/606 484/548/605
f 424/492/543 505/576/635 504/575/633
f 505/576/635 507/578/637 506/577/636
f 230/265/290 231/267/292 506/577/636
f 424/492/551 428/646/709 508/579/638
f 505/576/639 508/579/638 509/580/640
f 507/578/641 509/580/640 239/272/297
f 2206/500/557 423/501/558 504/575/642
f 2209/582/644 503/581/643 504/575/642
f 227/583/646 2209/582/644 506/577/645
f 510/584/647 511/667/733 407/472/514
f 512/585/648 437/645/708 435/506/563
f 515/588/651 518/639/702 517/589/652
f 522/591/654 521/594/657 520/592/655
f 359/394/431 523/633/696 521/594/657
f 362/417/454 365/400/437 525/595/658
f 527/598/661 530/602/665 529/599/662
f 531/601/664 532/631/694 530/602/665
f 533/603/666 536/607/670 535/604/667
f 537/606/669 538/632/695 366/420/457
f 370/414/451 360/395/432 536/607/670
f 288/318/350 290/317/349 478/608/671
f 480/546/603 481/545/602 296/324/356
f 296/324/356 481/545/602 368/403/440
f 488/552/611 478/608/611 290/317/359
f 488/552/614 300/328/364 303/330/364
f 491/561/82 303/335/369 540/609/672
f 303/335/369 306/334/368 369/405/442
f 541/610/673 495/562/620 540/609/672
f 542/612/675 543/644/707 516/590/653
f 528/613/676 500/570/628 501/569/627
f 370/404/441 533/611/674 540/609/672
f 483/549/606 502/574/632 367/401/438
f 544/616/679 472/538/595 448/517/574
f 450/520/577 547/812/904 546/618/681
f 459/527/584 468/536/593 452/521/578
f 439/510/567 524/596/659 542/612/675
f 549/621/684 518/639/702 520/592/655
f 465/532/589 462/530/587 440/511/568
f 425/495/548 454/523/580 449/519/576
f 469/535/592 551/825/917 550/622/685
f 552/623/686 484/548/605 485/624/687
f 471/571/629 554/627/690 492/557/616
f 556/628/691 557/663/727 461/629/692
f 502/574/632 467/572/630 460/568/626
f 535/604/667 519/593/656 515/588/651
f 529/599/662 543/644/707 525/595/658
f 523/633/696 526/597/660 509/580/640
f 531/634/697 557/663/727 556/628/691
f 528/613/676 537/615/678 502/574/632
f 471/537/594 472/538/595 545/617/680
f 458/528/585 459/527/584 499/619/682
f 453/637/700 498/567/625 499/619/682
f 558/638/701 517/589/652 518/639/702
f 441/513/570 447/514/571 444/516/573
f 462/530/587 458/528/585 443/566/624
f 436/508/565 446/518/575 447/514/571
f 464/533/590 465/532/589 444/516/573
f 454/523/580 455/525/582 448/517/574
f 472/538/595 464/533/590 445/515/572
f 468/536/593 469/535/592 451/522/579
f 550/622/685 547/812/904 450/520/577
f 431/505/562 439/510/567 453/637/700
f 426/494/545 456/524/581 454/523/580
f 460/640/703 467/534/591 468/536/593
f 466/641/704 461/529/586 462/530/587
f 552/642/705 551/825/917 469/535/592
f 542/612/675 517/589/652 558/638/701
f 526/597/660 269/301/333 239/272/297
f 532/631/694 515/588/651 516/590/653
f 536/607/670 522/591/654 519/593/656
f 518/639/702 515/588/651 519/593/656
f 524/596/659 525/595/658 543/644/707
f 526/597/660 523/633/696 359/394/431
f 538/632/695 525/595/658 365/400/437
f 360/395/432 359/394/431 522/591/654
f 534/605/668 535/604/667 532/631/694
f 528/600/663 529/599/662 538/632/695
f 523/633/696 514/587/650 513/586/649
f 513/586/649 438/509/566 520/592/655
f 361/396/433 362/417/454 524/596/659
f 530/602/665 516/590/653 543/644/707
f 427/496/550 430/507/564 437/645/708
f 437/645/708 512/585/648 508/579/638
f 508/579/638 512/585/648 514/587/650
f 474/647/710 560/658/720 559/648/711
f 411/479/521 561/2943/3223 539/650/713
f 562/651/714 412/477/519 408/652/519
f 473/654/716 564/662/768 563/655/717
f 565/657/719 566/697/769 559/648/711
f 567/659/721 561/2943/3223 411/479/521
f 569/661/723 568/699/772 563/655/724
f 562/651/726 570/665/773 410/480/524
f 498/567/625 453/637/700 439/510/567
f 558/638/701 442/512/569 498/567/625
f 549/621/684 441/513/570 442/512/569
f 447/514/571 441/513/570 549/621/684
f 449/519/576 446/518/575 436/508/565
f 557/663/727 501/569/627 457/664/728
f 527/614/677 501/569/627 557/663/727
f 496/564/622 497/565/623 556/628/691
f 556/628/691 497/565/623 541/610/673
f 570/665/729 571/676/774 409/474/516
f 434/503/560 566/697/777 565/657/731
f 511/667/733 567/659/778 413/660/734
f 575/668/735 415/482/533 414/483/534
f 576/670/737 579/679/780 573/671/738
f 573/673/740 577/700/784 590/674/741
f 414/484/535 409/474/536 571/676/743
f 578/678/745 580/680/749 579/679/746
f 393/460/502 415/482/531 575/668/748
f 583/681/750 586/684/753 582/682/751
f 399/461/504 396/463/506 582/682/751
f 587/685/754 586/684/759 585/686/755
f 401/466/509 586/684/759 587/685/754
f 587/688/754 584/911/756 589/689/757
f 400/691/510 587/688/754 588/690/758
f 580/680/749 578/678/745 581/683/752
f 393/460/502 580/680/749 582/682/751
f 431/505/562 546/618/681 591/692/761
f 569/661/762 594/698/980 593/693/763
f 473/649/712 559/648/711 595/694/765
f 473/654/716 592/873/964 596/696/767
f 566/697/769 597/881/972 595/694/765
f 569/661/723 564/662/725 596/696/770
f 510/584/647 432/504/561 433/666/732
f 539/650/713 561/2943/3223 560/658/720
f 474/656/718 563/655/717 562/651/714
f 560/658/720 561/2943/3223 567/659/721
f 562/651/726 563/655/724 568/699/772
f 571/676/774 570/665/729 568/699/775
f 591/692/761 597/881/986 566/697/777
f 433/666/732 565/657/731 567/659/778
f 579/679/780 575/668/735 574/669/736
f 598/702/781 599/701/3224 576/670/737
f 598/703/782 572/675/742 590/674/741
f 577/700/784 573/673/740 574/677/744
f 569/661/762 590/674/764 577/700/776
f 604/706/785 607/710/789 606/707/786
f 609/709/788 608/712/791 606/707/786
f 611/711/790 610/719/880 608/712/791
f 613/713/792 612/714/795 607/710/793
f 612/714/795 614/715/797 609/709/796
f 614/715/797 615/867/958 611/711/798
f 601/716/799 605/708/1146 606/707/800
f 600/717/800 606/707/800 608/712/801
f 602/718/802 608/712/801 610/719/803
f 616/721/805 617/726/810 614/715/797
f 621/722/806 620/888/982 619/723/807
f 622/725/809 624/866/957 617/726/810
f 627/730/814 630/784/870 629/731/815
f 634/733/817 633/737/821 632/734/818
f 635/736/820 632/734/818 633/737/821
f 637/739/823 640/858/949 639/740/824
f 644/745/829 647/860/951 646/746/830
f 648/748/832 644/745/829 645/747/831
f 650/750/834 653/861/952 652/751/835
f 654/753/837 657/863/954 656/754/838
f 658/756/840 650/750/834 651/752/836
f 663/758/842 665/762/846 664/759/843
f 663/758/842 2210/827/919 666/761/845
f 670/763/847 669/768/852 668/764/848
f 670/763/847 673/845/936 672/766/850
f 664/759/853 665/762/3225 675/769/854
f 675/769/854 665/762/3225 666/761/856
f 674/770/858 675/769/859 678/772/859
f 678/772/859 675/769/859 676/771/860
f 678/775/861 681/778/864 680/776/862
f 678/775/861 679/828/82 683/780/866
f 682/779/865 683/780/866 685/783/869
f 630/784/870 687/839/930 686/785/871
f 647/786/872 644/885/978 689/787/873
f 658/789/875 681/778/864 682/779/865
f 654/790/876 671/767/851 672/766/850
f 611/711/790 692/794/881 691/793/879
f 692/794/881 694/796/883 693/795/882
f 694/796/883 417/487/538 418/489/540
f 611/711/798 615/867/958 695/797/884
f 692/794/885 695/797/884 696/798/886
f 694/796/887 696/798/886 426/494/545
f 603/720/804 610/719/803 691/793/888
f 2211/799/889 691/793/888 693/795/890
f 2212/800/891 693/795/890 418/489/892
f 697/801/893 698/921/1026 591/692/761
f 699/802/894 624/866/957 622/725/809
f 702/805/897 705/864/955 704/806/898
f 709/808/900 708/811/903 707/809/901
f 544/616/679 710/854/945 708/811/903
f 547/812/904 550/622/685 712/813/905
f 714/816/908 717/820/912 716/817/909
f 718/819/911 719/852/943 717/820/912
f 720/821/913 723/826/918 722/822/914
f 724/824/916 725/853/944 551/825/917
f 555/636/699 545/617/680 723/826/918
f 2210/827/919 2207/539/596 476/541/598
f 668/764/848 669/768/852 482/547/604
f 482/547/604 669/768/852 553/625/688
f 676/771/857 666/761/856 476/541/607
f 676/771/860 486/551/612 489/553/612
f 679/828/82 489/558/617 727/829/920
f 489/558/617 492/557/616 554/627/690
f 728/830/921 683/780/866 727/829/920
f 729/832/923 730/865/956 703/807/899
f 715/833/924 688/788/874 689/787/873
f 555/626/689 720/831/922 727/829/920
f 671/767/851 690/792/878 552/623/686
f 731/836/927 659/757/841 635/736/820
f 734/838/929 733/1025/1148 618/724/808
f 646/746/830 655/755/839 639/740/824
f 626/729/813 711/814/906 729/832/923
f 736/841/932 705/864/955 707/809/901
f 652/751/835 649/749/833 627/730/814
f 612/714/795 641/742/826 636/738/822
f 638/741/825 656/754/838 738/842/933
f 739/844/935 672/766/850 673/845/936
f 658/789/875 741/848/939 680/776/862
f 743/849/940 744/884/977 648/850/941
f 690/792/878 654/790/876 647/786/872
f 722/822/914 706/810/902 702/805/897
f 716/817/909 730/865/956 712/813/905
f 710/854/945 713/815/907 696/798/886
f 718/855/946 744/884/977 743/849/940
f 715/833/924 724/835/926 690/792/878
f 658/756/840 659/757/841 732/837/928
f 645/747/831 646/746/830 687/839/930
f 640/858/949 686/785/871 687/839/930
f 704/806/898 705/864/955 736/841/932
f 628/732/816 634/733/817 631/735/819
f 649/749/833 645/747/831 630/784/870
f 623/727/811 633/737/821 634/733/817
f 651/752/836 652/751/835 631/735/819
f 641/742/826 642/744/828 635/736/820
f 659/757/841 651/752/836 632/734/818
f 655/755/839 656/754/838 638/741/825
f 737/843/934 734/838/929 637/739/823
f 618/724/808 626/729/813 640/858/949
f 613/713/792 643/743/827 641/742/826
f 647/860/951 654/753/837 655/755/839
f 653/861/952 648/748/832 649/749/833
f 739/862/953 738/842/933 656/754/838
f 729/832/923 704/806/898 745/859/950
f 713/815/907 456/524/581 426/494/545
f 719/852/943 702/805/897 703/807/899
f 723/826/918 709/808/900 706/810/902
f 705/864/955 702/805/897 706/810/902
f 711/814/906 712/813/905 730/865/956
f 713/815/907 710/854/945 544/616/679
f 725/853/944 712/813/905 550/622/685
f 545/617/680 544/616/679 709/808/900
f 721/823/915 722/822/914 719/852/943
f 715/818/910 716/817/909 725/853/944
f 710/854/945 701/804/896 700/803/895
f 700/803/895 625/728/812 707/809/901
f 546/618/681 547/812/904 711/814/906
f 717/820/912 703/807/899 730/865/956
f 614/715/797 617/726/810 624/866/957
f 624/866/957 699/802/894 695/797/884
f 695/797/884 699/802/894 701/804/896
f 747/868/959 746/916/1018 660/869/960
f 595/694/765 748/922/1027 726/871/962
f 749/872/963 596/696/767 592/873/964
f 751/875/966 750/883/1028 661/876/967
f 753/878/969 746/916/1018 747/868/959
f 754/880/971 748/922/1027 595/694/765
f 751/875/973 756/915/1023 755/882/974
f 749/872/976 757/887/1029 594/698/771
f 686/785/871 640/858/949 626/729/813
f 745/859/950 629/731/815 686/785/871
f 736/841/932 628/732/816 629/731/815
f 634/733/817 628/732/816 736/841/932
f 636/738/822 633/737/821 623/727/811
f 744/884/977 689/787/873 644/885/978
f 714/834/925 689/787/873 744/884/977
f 684/782/868 685/783/869 743/849/940
f 743/849/940 685/783/869 728/830/921
f 758/886/979 593/693/763 594/698/980
f 620/888/982 621/722/806 753/878/983
f 591/692/761 698/921/1026 754/880/985
f 762/889/987 599/701/3224 598/702/781
f 763/891/989 766/899/1032 760/892/990
f 764/894/992 777/914/1036 759/895/993
f 761/897/995 598/703/782 593/693/783
f 765/898/997 767/900/1000 766/899/998
f 767/900/1000 578/678/745 599/701/779
f 770/901/1002 773/904/1005 769/902/1003
f 583/681/750 581/683/752 769/902/1003
f 774/905/1006 773/904/1011 772/906/1007
f 585/686/755 773/904/1011 774/905/1006
f 774/908/1006 771/2944/1008 776/909/1009
f 584/911/756 774/908/1006 775/910/1010
f 767/900/1000 765/898/997 768/903/1004
f 578/678/745 767/900/1000 769/902/1003
f 618/724/808 733/1025/1148 778/912/1014
f 781/913/1015 780/925/1232 777/914/1016
f 746/916/1018 782/920/1022 779/917/1019
f 660/877/968 779/1094/1217 783/918/1020
f 746/916/1018 753/878/969 784/919/1021
f 756/915/1023 751/875/973 783/918/1024
f 698/921/1026 697/801/893 619/723/807
f 748/922/1027 747/868/959 661/870/961
f 750/883/1028 749/872/963 726/874/965
f 752/879/970 747/868/959 748/922/1027
f 757/887/1029 749/872/976 750/883/975
f 757/887/981 755/882/1037 764/894/1030
f 778/912/1014 784/919/1237 753/878/983
f 752/879/984 754/880/985 698/921/1026
f 766/899/1032 762/889/987 761/890/988
f 786/923/1033 763/891/989 759/893/991
f 780/925/1035 785/1117/1035 759/895/993
f 760/896/994 761/897/995 758/886/996
f 755/882/1037 756/915/1017 777/914/1016
f 789/928/1038 792/931/1041 791/929/1039
f 792/931/1041 794/934/1044 793/932/1042
f 796/933/1043 795/941/1134 793/932/1042
f 789/928/1045 798/1081/1204 797/935/1046
f 797/935/1046 799/943/1059 794/934/1048
f 794/934/1048 799/943/1059 800/936/1049
f 2213/937/1051 790/930/1401 791/929/1052
f 788/939/1054 787/938/1053 791/929/1052
f 2214/940/1056 788/939/1054 793/932/1055
f 801/942/1058 802/948/1064 799/943/1059
f 806/944/1060 805/1107/1233 804/945/1061
f 807/947/1063 809/1088/1211 802/948/1064
f 812/952/1068 815/1007/1124 814/953/1069
f 819/955/1071 818/959/1075 817/956/1072
f 820/958/1074 817/956/1072 818/959/1075
f 822/961/1077 825/1079/1202 824/962/1078
f 829/967/1083 832/1082/1205 831/968/1084
f 833/970/1086 829/967/1083 830/969/1085
f 835/972/1088 838/1083/1206 837/973/1089
f 839/975/1091 842/1085/1208 841/976/1092
f 843/978/1094 835/972/1088 836/974/1090
f 2215/980/1096 2216/983/1099 849/981/1097
f 2216/983/1099 847/1049/1172 850/984/1100
f 851/985/1101 854/988/1104 853/986/1102
f 854/988/1104 857/1066/1189 856/989/1105
f 848/982/1107 849/981/3226 859/991/1108
f 859/991/1108 849/981/3226 850/984/1110
f 858/992/1112 859/991/1113 862/994/1113
f 859/991/1113 860/993/3227 863/996/1114
f 862/997/1115 865/1000/1118 864/998/1116
f 866/1001/1119 862/997/1115 863/1002/82
f 868/1005/1122 866/1001/1119 867/1003/1120
f 815/1007/1124 871/1060/1183 870/1008/1125
f 832/1009/1126 829/1105/1230 873/1010/1127
f 843/1012/1129 865/1000/1118 866/1001/1119
f 839/1013/1130 855/990/1106 856/989/1105
f 796/933/1043 878/1017/1135 877/1016/1133
f 878/1017/1135 880/1019/1137 879/1018/1136
f 604/706/785 605/708/787 879/1018/1136
f 796/933/1050 800/936/1049 881/1020/1138
f 878/1017/1139 881/1020/1138 882/1021/1140
f 880/1019/1141 882/1021/1140 613/713/792
f 875/1022/1142 2214/940/1056 795/941/1057
f 875/1022/1142 877/1016/1143 879/1018/1144
f 876/1023/1145 879/1018/1144 605/708/1146
f 883/1024/1147 884/1108/1236 778/912/1014
f 885/1026/1149 809/1088/1211 807/947/1063
f 888/1029/1152 891/1086/1209 890/1030/1153
f 895/1032/1155 894/1035/1158 893/1033/1156
f 731/836/927 896/1075/1198 894/1035/1158
f 734/838/929 737/843/934 898/1036/1159
f 900/1039/1162 903/1043/1166 902/1040/1163
f 904/1042/1165 905/1073/1196 903/1043/1166
f 906/1044/1167 909/1048/1171 908/1045/1168
f 910/1047/1170 911/1074/1197 738/842/933
f 742/857/948 732/837/928 909/1048/1171
f 847/1049/1172 662/760/844 664/759/843
f 852/987/1103 853/986/1102 670/763/847
f 670/763/847 853/986/1102 740/846/937
f 860/993/1111 850/984/1110 664/759/853
f 863/996/1114 860/993/3227 674/770/858
f 863/1002/82 677/777/863 913/1050/1173
f 677/777/863 680/776/862 741/848/939
f 914/1051/1174 867/1003/1120 913/1050/1173
f 915/1053/1176 916/1087/1210 889/1031/1154
f 901/1054/1177 872/1011/1128 873/1010/1127
f 742/847/938 906/1052/1175 913/1050/1173
f 855/990/1106 874/1015/1132 739/844/935
f 917/1057/1180 844/979/1095 820/958/1074
f 920/1059/1182 919/1132/1265 803/946/1062
f 831/968/1084 840/977/1093 824/962/1078
f 811/951/1067 897/1037/1160 915/1053/1176
f 922/1062/1185 891/1086/1209 893/1033/1156
f 837/973/1089 834/971/1087 812/952/1068
f 797/935/1046 826/964/1080 821/960/1076
f 823/963/1079 841/976/1092 924/1063/1186
f 925/1065/1188 856/989/1105 857/1066/1189
f 843/1012/1129 927/1069/1192 864/998/1116
f 929/1070/1193 930/1104/1229 833/1071/1194
f 874/1015/1132 839/1013/1130 832/1009/1126
f 908/1045/1168 892/1034/1157 888/1029/1152
f 902/1040/1163 916/1087/1210 898/1036/1159
f 896/1075/1198 899/1038/1161 882/1021/1140
f 904/1076/1199 930/1104/1229 929/1070/1193
f 901/1054/1177 910/1056/1179 874/1015/1132
f 843/978/1094 844/979/1095 918/1058/1181
f 830/969/1085 831/968/1084 871/1060/1183
f 825/1079/1202 870/1008/1125 871/1060/1183
f 890/1030/1153 891/1086/1209 922/1062/1185
f 813/954/1070 819/955/1071 816/957/1073
f 834/971/1087 830/969/1085 815/1007/1124
f 808/949/1065 818/959/1075 819/955/1071
f 836/974/1090 837/973/1089 816/957/1073
f 826/964/1080 827/966/1082 820/958/1074
f 844/979/1095 836/974/1090 817/956/1072
f 840/977/1093 841/976/1092 823/963/1079
f 920/1059/1182 822/961/1077 823/963/1079
f 803/946/1062 811/951/1067 825/1079/1202
f 798/1081/1204 828/965/1081 826/964/1080
f 832/1082/1205 839/975/1091 840/977/1093
f 838/1083/1206 833/970/1086 834/971/1087
f 925/1084/1207 924/1063/1186 841/976/1092
f 915/1053/1176 890/1030/1153 931/1080/1203
f 899/1038/1161 643/743/827 613/713/792
f 905/1073/1196 888/1029/1152 889/1031/1154
f 909/1048/1171 895/1032/1155 892/1034/1157
f 891/1086/1209 888/1029/1152 892/1034/1157
f 897/1037/1160 898/1036/1159 916/1087/1210
f 899/1038/1161 896/1075/1198 731/836/927
f 911/1074/1197 898/1036/1159 737/843/934
f 732/837/928 731/836/927 895/1032/1155
f 907/1046/1169 908/1045/1168 905/1073/1196
f 901/1041/1164 902/1040/1163 911/1074/1197
f 896/1075/1198 887/1028/1151 886/1027/1150
f 886/1027/1150 810/950/1066 893/1033/1156
f 733/1025/1148 734/838/929 897/1037/1160
f 903/1043/1166 889/1031/1154 916/1087/1210
f 799/943/1059 802/948/1064 809/1088/1211
f 809/1088/1211 885/1026/1149 881/1020/1138
f 881/1020/1138 885/1026/1149 887/1028/1151
f 933/1089/1212 932/1136/1270 845/1090/1213
f 782/920/1022 934/1142/1278 912/1092/1215
f 935/1093/1216 783/918/1020 779/1094/1217
f 937/1096/1219 936/1103/1279 846/1097/1220
f 939/1099/1222 932/1136/1270 933/1089/1212
f 940/1101/1224 934/1142/1278 782/920/1022
f 937/1096/1225 942/1134/1275 941/1102/1226
f 935/1093/1228 943/1106/1280 781/913/1025
f 870/1008/1125 825/1079/1202 811/951/1067
f 814/953/1069 870/1008/1125 921/1061/1184
f 922/1062/1185 813/954/1070 814/953/1069
f 819/955/1071 813/954/1070 922/1062/1185
f 821/960/1076 818/959/1075 808/949/1065
f 930/1104/1229 873/1010/1127 829/1105/1230
f 900/1055/1178 873/1010/1127 930/1104/1229
f 868/1005/1122 869/1006/1123 929/1070/1193
f 929/1070/1193 869/1006/1123 914/1051/1174
f 943/1106/1231 944/1118/1282 780/925/1232
f 805/1107/1233 806/944/1060 939/1099/1234
f 884/1108/1236 940/1101/3228 784/919/1237
f 948/1109/1238 786/923/1033 785/924/1034
f 949/1111/1240 952/1145/1286 946/1112/1241
f 946/1114/1243 950/1143/1291 963/1115/1244
f 785/1117/1035 780/925/1035 944/1118/1246
f 953/1120/1248 952/1145/1285 949/1111/1249
f 953/1120/1248 765/898/997 786/923/1031
f 956/1122/1252 955/1125/1255 954/1123/1253
f 770/901/1002 768/903/1004 955/1125/1255
f 958/1126/1256 960/1128/1259 959/1127/1257
f 772/906/1007 959/1127/1257 960/1128/1259
f 960/1129/1259 958/2945/1256 962/1130/1260
f 776/909/1009 771/2944/1008 960/1129/1259
f 953/1120/1248 951/1121/1250 954/1123/1253
f 765/898/997 953/1120/1248 955/1125/1255
f 772/906/1007 770/901/1002 956/1122/1252
f 806/944/1060 803/946/1062 919/1132/1265
f 942/1134/1267 967/1141/1485 966/1135/1268
f 932/1136/1270 968/1140/1274 965/1137/1271
f 845/1098/1221 965/1314/1470 969/1138/1272
f 932/1136/1270 939/1099/1222 970/1139/1273
f 942/1134/1275 937/1096/1225 969/1138/1276
f 883/1024/1147 804/945/1061 805/1107/1233
f 934/1142/1278 933/1089/1212 846/1091/1214
f 936/1103/1279 935/1093/1216 912/1095/1218
f 938/1100/1223 933/1089/1212 934/1142/1278
f 943/1106/1280 935/1093/1228 936/1103/1227
f 943/1106/1231 941/1102/1292 950/1143/1281
f 970/1139/1283 939/1099/1234 806/944/1060
f 938/1100/1235 940/1101/3228 884/1108/1236
f 952/1145/1286 948/1109/1238 947/1110/1239
f 972/1144/1287 949/1111/1240 945/1113/1242
f 971/1147/1289 945/1116/1245 963/1115/1244
f 950/1143/1291 946/1114/1243 947/1119/1247
f 942/1134/1267 963/1115/1269 950/1143/1281
f 974/1150/1293 977/1153/1296 976/1151/1294
f 977/1153/1296 979/1155/1298 978/1154/1297
f 979/1155/1298 981/1160/1390 980/1156/1299
f 983/1157/1300 982/1158/1303 977/1153/1301
f 982/1158/1303 984/1166/1315 979/1155/1304
f 979/1155/1304 984/1166/1315 985/1159/1305
f 2218/1161/1307 975/1152/1651 976/1151/1308
f 2217/1162/1309 976/1151/1308 978/1154/1310
f 973/1163/1311 978/1154/1310 980/1156/1312
f 986/1165/1314 987/1171/1320 984/1166/1315
f 991/1167/1316 990/1327/1487 989/1168/1317
f 992/1170/1319 994/1307/1463 987/1171/1320
f 997/1175/1324 1000/1230/1380 999/1176/1325
f 1004/1178/1327 1003/1182/1331 1002/1179/1328
f 1005/1181/1330 1002/1179/1328 1003/1182/1331
f 1007/1184/1333 1010/1299/1455 1009/1185/1334
f 1014/1190/1339 1017/1301/1457 1016/1191/1340
f 1018/1193/1342 1014/1190/1339 1015/1192/1341
f 1020/1195/1344 1023/1302/1458 1022/1196/1345
f 1024/1198/1347 1027/1304/1460 1026/1199/1348
f 1028/1201/1350 1020/1195/1344 1021/1197/1346
f 1033/1203/1352 1035/1207/1356 1034/1204/1353
f 2220/1206/1355 1036/1270/1426 1035/1207/1356
f 1037/1208/1357 1040/1211/1360 1039/1209/1358
f 1040/1211/1360 1043/1286/1442 1042/1212/1361
f 1034/1204/1363 1035/1207/1366 1045/1214/1364
f 1035/1207/1366 1036/1270/3229 1046/1216/1367
f 1047/1217/1368 1044/1215/1368 1045/1214/1369
f 1048/1218/1369 1045/1214/1369 1046/1216/1370
f 1048/1220/1371 1051/1223/1374 1050/1221/1372
f 1052/1224/1375 1048/1220/1371 1049/1225/82
f 1054/1228/1378 1052/1224/1375 1053/1226/1376
f 1000/1230/1380 1057/1281/1437 1056/1231/1381
f 1017/1232/1382 1014/1325/1483 1059/1233/1383
f 1028/1235/1385 1051/1223/1374 1052/1224/1375
f 1024/1236/1386 1041/1213/1362 1042/1212/1361
f 1063/1239/1389 1062/1241/1392 980/1156/1299
f 1063/1239/1389 1065/1242/1393 1064/1240/1391
f 1065/1242/1393 789/928/1038 790/930/1040
f 985/1159/1305 1066/1308/1464 1063/1239/1394
f 1063/1239/1394 1066/1308/1464 1067/1243/1395
f 1065/1242/1396 1067/1243/1395 798/1081/1204
f 1061/1244/1397 2219/1164/1313 980/1156/1312
f 1061/1244/1397 1062/1241/1398 1064/1240/1399
f 2221/1245/1400 1064/1240/1399 790/930/1401
f 1068/1246/1402 1069/1357/1528 964/1133/1266
f 1070/1247/1403 994/1307/1463 992/1170/1319
f 1073/1250/1406 1076/1305/1461 1075/1251/1407
f 1080/1253/1409 1079/1256/1412 1078/1254/1410
f 917/1057/1180 1081/1295/1451 1079/1256/1412
f 920/1059/1182 923/1064/1187 1083/1257/1413
f 1085/1260/1416 1088/1264/1420 1087/1261/1417
f 1089/1263/1419 1090/1293/1449 1088/1264/1420
f 1091/1265/1421 1094/1269/1425 1093/1266/1422
f 1095/1268/1424 1096/1294/1450 924/1063/1186
f 928/1078/1201 918/1058/1181 1094/1269/1425
f 2215/980/1096 848/982/1098 1036/1270/1426
f 1039/1209/1358 854/988/1104 851/985/1101
f 854/988/1104 1039/1209/1358 926/1067/1190
f 1046/1216/1367 1036/1270/3229 848/982/1107
f 1046/1216/1370 858/992/1112 861/995/1112
f 1049/1225/82 861/999/1117 1098/1271/1427
f 861/999/1117 864/998/1116 927/1069/1192
f 1099/1272/1428 1053/1226/1376 1098/1271/1427
f 1100/1274/1430 1101/1306/1462 1074/1252/1408
f 1086/1275/1431 1058/1234/1384 1059/1233/1383
f 928/1068/1191 1091/1273/1429 1098/1271/1427
f 1041/1213/1362 1060/1238/1388 925/1065/1188
f 1102/1278/1434 1029/1202/1351 1005/1181/1330
f 1105/1280/1436 1104/1463/1653 988/1169/1318
f 1016/1191/1340 1025/1200/1349 1009/1185/1334
f 996/1174/1323 1082/1258/1414 1100/1274/1430
f 1107/1283/1439 1076/1305/1461 1078/1254/1410
f 1022/1196/1345 1019/1194/1343 997/1175/1324
f 982/1158/1303 1011/1187/1336 1006/1183/1332
f 1026/1199/1348 1109/1486/1676 1108/1284/1440
f 1110/1285/1441 1042/1212/1361 1043/1286/1442
f 1028/1235/1385 1112/1289/1445 1050/1221/1372
f 1114/1290/1446 1115/1324/1482 1018/1291/1447
f 1060/1238/1388 1024/1236/1386 1017/1232/1382
f 1093/1266/1422 1077/1255/1411 1073/1250/1406
f 1087/1261/1417 1101/1306/1462 1083/1257/1413
f 1081/1295/1451 1084/1259/1415 1067/1243/1395
f 1089/1296/1452 1115/1324/1482 1114/1290/1446
f 1086/1275/1431 1095/1277/1433 1060/1238/1388
f 1028/1201/1350 1029/1202/1351 1103/1279/1435
f 1015/1192/1341 1016/1191/1340 1057/1281/1437
f 1010/1299/1455 1056/1231/1381 1057/1281/1437
f 1075/1251/1407 1076/1305/1461 1107/1283/1439
f 998/1177/1326 1004/1178/1327 1001/1180/1329
f 1019/1194/1343 1015/1192/1341 1000/1230/1380
f 993/1172/1321 1003/1182/1331 1004/1178/1327
f 1021/1197/1346 1022/1196/1345 1001/1180/1329
f 1011/1187/1336 1012/1189/1338 1005/1181/1330
f 1029/1202/1351 1021/1197/1346 1002/1179/1328
f 1025/1200/1349 1026/1199/1348 1008/1186/1335
f 1105/1280/1436 1007/1184/1333 1008/1186/1335
f 988/1169/1318 996/1174/1323 1010/1299/1455
f 983/1157/1300 1013/1188/1337 1011/1187/1336
f 1017/1301/1457 1024/1198/1347 1025/1200/1349
f 1023/1302/1458 1018/1193/1342 1019/1194/1343
f 1110/1303/1459 1109/1486/1676 1026/1199/1348
f 1106/1282/1438 1100/1274/1430 1075/1251/1407
f 1084/1259/1415 828/965/1081 798/1081/1204
f 1090/1293/1449 1073/1250/1406 1074/1252/1408
f 1094/1269/1425 1080/1253/1409 1077/1255/1411
f 1076/1305/1461 1073/1250/1406 1077/1255/1411
f 1082/1258/1414 1083/1257/1413 1101/1306/1462
f 1084/1259/1415 1081/1295/1451 917/1057/1180
f 1096/1294/1450 1083/1257/1413 923/1064/1187
f 918/1058/1181 917/1057/1180 1080/1253/1409
f 1092/1267/1423 1093/1266/1422 1090/1293/1449
f 1086/1262/1418 1087/1261/1417 1096/1294/1450
f 1081/1295/1451 1072/1249/1405 1071/1248/1404
f 1071/1248/1404 995/1173/1322 1078/1254/1410
f 919/1132/1265 920/1059/1182 1082/1258/1414
f 1088/1264/1420 1074/1252/1408 1101/1306/1462
f 984/1166/1315 987/1171/1320 994/1307/1463
f 994/1307/1463 1070/1247/1403 1066/1308/1464
f 1066/1308/1464 1070/1247/1403 1072/1249/1405
f 1031/1309/1465 1118/1320/1476 1117/1310/1466
f 968/1140/1274 1119/2946/3230 1097/1312/1468
f 1120/1313/1469 969/1138/1272 965/1314/1470
f 1030/1316/1472 1122/1323/1523 1121/1317/1473
f 1123/1319/1475 1124/2947/3231 1117/1310/1466
f 1125/1321/1477 1119/2946/3230 968/1140/1274
f 1127/1322/1478 1126/1358/1530 1121/1317/1479
f 1120/1313/1481 1128/1326/1529 967/1141/1277
f 1056/1231/1381 1010/1299/1455 996/1174/1323
f 999/1176/1325 1056/1231/1381 1106/1282/1438
f 1107/1283/1439 998/1177/1326 999/1176/1325
f 1004/1178/1327 998/1177/1326 1107/1283/1439
f 1006/1183/1332 1003/1182/1331 993/1172/1321
f 1115/1324/1482 1059/1233/1383 1014/1325/1483
f 1089/1296/1452 1085/1276/1432 1059/1233/1383
f 1054/1228/1378 1055/1229/1379 1114/1290/1446
f 1114/1290/1446 1055/1229/1379 1099/1272/1428
f 1128/1326/1484 1129/1336/1532 966/1135/1268
f 991/1167/1316 1124/2947/3232 1123/1319/1486
f 964/1133/1266 1069/1357/1528 1125/1321/1488
f 1133/1328/1489 972/1144/1287 971/1146/1288
f 1134/1330/1491 1137/1360/1536 1131/1331/1492
f 1135/1333/1494 1148/1352/1540 1130/1334/1495
f 971/1147/1289 966/1135/1290 1129/1336/1497
f 1138/1338/1499 1137/1360/1535 1134/1330/1500
f 1138/1338/1499 951/1121/1250 972/1144/1284
f 1141/1340/1503 1140/1349/1512 1139/1341/1504
f 954/1123/1253 1140/1349/1512 1141/1340/1503
f 1143/1343/1506 1145/1345/1509 1144/1344/1507
f 958/1126/1256 957/1124/1258 1144/1344/1507
f 1145/1346/1509 1143/1571/1506 1147/1347/1510
f 962/1130/1260 958/2945/1256 1145/1346/1509
f 1138/1338/1499 1136/1339/1501 1139/1341/1504
f 951/1121/1250 1138/1338/1499 1140/1349/1512
f 988/1169/1318 1104/1463/1653 1149/1350/1517
f 1152/1351/1518 1151/1363/3233 1148/1352/1519
f 1117/1310/1466 1153/1356/1525 1150/1353/1521
f 1030/1316/1472 1150/1533/1723 1154/1354/1522
f 1117/1310/1466 1124/2947/3231 1155/1355/1524
f 1127/1322/1478 1122/1323/1480 1154/1354/1526
f 1068/1246/1402 989/1168/1317 990/1327/1487
f 1097/1312/1468 1119/2946/3230 1118/1320/1476
f 1031/1318/1474 1121/1317/1473 1120/1313/1469
f 1118/1320/1476 1119/2946/3230 1125/1321/1477
f 1128/1326/1529 1120/1313/1481 1121/1317/1479
f 1128/1326/1484 1126/1358/1542 1135/1333/1531
f 1155/1355/1533 1124/2947/3232 991/1167/1316
f 990/1327/1487 1123/1319/1486 1125/1321/1488
f 1137/1360/1536 1133/1328/1489 1132/1329/1490
f 1157/1359/1537 1134/1330/1491 1130/1332/1493
f 1156/1362/1539 1130/1334/1495 1148/1352/1540
f 1135/1333/1494 1131/1335/1496 1132/1337/1498
f 1126/1358/1542 1127/1322/1520 1148/1352/1519
f 1160/1366/1543 1163/1369/1546 1162/1367/1544
f 1163/1369/1546 1165/1372/1549 1164/1370/1547
f 1167/1371/1548 1166/1380/1639 1164/1370/1547
f 1169/1373/1550 1168/1374/1553 1163/1369/1551
f 1168/1374/1553 1170/1375/1555 1165/1372/1554
f 1170/1375/1555 1171/1527/1717 1167/1371/1556
f 1158/1376/1557 1161/1368/1902 1162/1367/1558
f 1159/1378/1560 2222/1377/1559 1162/1367/1558
f 2223/1379/1562 1159/1378/1560 1164/1370/1561
f 1172/1381/1564 1173/1386/1569 1170/1375/1555
f 1177/1382/1565 1176/1548/1740 1175/1383/1566
f 1178/1385/1568 1180/1526/1716 1173/1386/1569
f 1183/1390/1573 1186/1445/1629 1185/1391/1574
f 1190/1393/1576 1189/1397/1580 1188/1394/1577
f 1191/1396/1579 1188/1394/1577 1189/1397/1580
f 1193/1399/1582 1196/1518/1708 1195/1400/1583
f 1200/1405/1588 1203/1521/1711 1202/1406/1589
f 1204/1408/1591 1200/1405/1588 1201/1407/1590
f 1206/1410/1593 1209/1522/1712 1208/1411/1594
f 1210/1413/1596 1213/1523/1713 1212/1414/1597
f 1214/1416/1599 1206/1410/1593 1207/1412/1595
f 1218/1418/1601 1219/1422/1605 1221/1419/1602
f 2224/1421/1604 1222/1488/1678 1221/1419/1602
f 1223/1423/1606 1226/1426/1609 1225/1424/1607
f 1226/1426/1609 1229/1505/1695 1228/1427/1610
f 1220/1420/1612 1221/1419/1615 1231/1429/1613
f 1221/1419/1615 1222/1488/3234 1232/1431/1616
f 1230/1430/1617 1231/1429/1618 1234/1432/1618
f 1234/1432/1618 1231/1429/1618 1232/1431/1619
f 1234/1435/1620 1237/1438/1623 1236/1436/1621
f 1238/1439/1624 1234/1435/1620 1235/1440/82
f 1240/1443/1627 1238/1439/1624 1239/1441/1625
f 1186/1445/1629 1243/1499/1689 1242/1446/1630
f 1203/1447/1631 1200/1545/1737 1245/1448/1632
f 1214/1450/1634 1237/1438/1623 1238/1439/1624
f 1210/1451/1635 1227/1428/1611 1228/1427/1610
f 1250/1454/1638 1249/1456/1641 1166/1380/1639
f 1250/1454/1638 1252/1457/1642 1251/1455/1640
f 1252/1457/1642 974/1150/1293 975/1152/1295
f 1167/1371/1556 1171/1527/1717 1253/1458/1643
f 1250/1454/1644 1253/1458/1643 1254/1459/1645
f 1254/1459/1645 983/1157/1300 974/1150/1302
f 1247/1460/1647 2223/1379/1562 1166/1380/1563
f 1247/1460/1647 1249/1456/1648 1251/1455/1649
f 1248/1461/1650 1251/1455/1649 975/1152/1651
f 1255/1462/1652 1256/1580/1780 1149/1350/1517
f 1257/1464/1654 1180/1526/1716 1178/1385/1568
f 1260/1467/1657 1263/1520/1710 1262/1468/1658
f 1267/1470/1660 1266/1473/1663 1265/1471/1661
f 1102/1278/1434 1268/1514/1704 1266/1473/1663
f 1105/1280/1436 1108/1284/1440 1270/1474/1664
f 1272/1477/1667 1275/1481/1671 1274/1478/1668
f 1276/1480/1670 1277/1512/1702 1275/1481/1671
f 1278/1482/1672 1281/1487/1677 1280/1483/1673
f 1282/1485/1675 1283/1513/1703 1109/1486/1676
f 1113/1298/1454 1103/1279/1435 1281/1487/1677
f 1032/1205/1354 1034/1204/1353 1222/1488/1678
f 1225/1424/1607 1040/1211/1360 1037/1208/1357
f 1040/1211/1360 1225/1424/1607 1111/1287/1443
f 1232/1431/1616 1222/1488/3234 1034/1204/1363
f 1232/1431/1619 1044/1215/1368 1047/1217/1368
f 1235/1440/82 1047/1222/1373 1285/1489/1679
f 1047/1222/1373 1050/1221/1372 1112/1289/1445
f 1286/1490/1680 1239/1441/1625 1285/1489/1679
f 1287/1492/1682 1288/1525/1715 1261/1469/1659
f 1273/1493/1683 1244/1449/1633 1245/1448/1632
f 1113/1288/1444 1278/1491/1681 1285/1489/1679
f 1227/1428/1611 1246/1453/1637 1110/1285/1441
f 1289/1496/1686 1215/1417/1600 1191/1396/1579
f 1292/1498/1688 1291/1572/1770 1174/1384/1567
f 1202/1406/1589 1211/1415/1598 1195/1400/1583
f 1182/1389/1572 1269/1475/1665 1287/1492/1682
f 1294/1501/1691 1263/1520/1710 1265/1471/1661
f 1208/1411/1594 1205/1409/1592 1183/1390/1573
f 1168/1374/1553 1197/1402/1585 1192/1398/1581
f 1194/1401/1584 1212/1414/1597 1296/1502/1692
f 1297/1504/1694 1228/1427/1610 1229/1505/1695
f 1214/1450/1634 1299/1508/1698 1236/1436/1621
f 1301/1509/1699 1302/1544/1736 1204/1510/1700
f 1246/1453/1637 1210/1451/1635 1203/1447/1631
f 1280/1483/1673 1264/1472/1662 1260/1467/1657
f 1274/1478/1668 1288/1525/1715 1270/1474/1664
f 1268/1514/1704 1271/1476/1666 1254/1459/1645
f 1276/1515/1705 1302/1544/1736 1301/1509/1699
f 1273/1493/1683 1282/1495/1685 1246/1453/1637
f 1215/1417/1600 1290/1497/1687 1300/1517/1707
f 1201/1407/1590 1202/1406/1589 1243/1499/1689
f 1196/1518/1708 1242/1446/1630 1243/1499/1689
f 1303/1519/1709 1262/1468/1658 1263/1520/1710
f 1184/1392/1575 1190/1393/1576 1187/1395/1578
f 1205/1409/1592 1201/1407/1590 1186/1445/1629
f 1179/1387/1570 1189/1397/1580 1190/1393/1576
f 1207/1412/1595 1208/1411/1594 1187/1395/1578
f 1197/1402/1585 1198/1404/1587 1191/1396/1579
f 1215/1417/1600 1207/1412/1595 1188/1394/1577
f 1211/1415/1598 1212/1414/1597 1194/1401/1584
f 1295/1503/1693 1292/1498/1688 1193/1399/1582
f 1174/1384/1567 1182/1389/1572 1196/1518/1708
f 1169/1373/1550 1199/1403/1586 1197/1402/1585
f 1203/1521/1711 1210/1413/1596 1211/1415/1598
f 1209/1522/1712 1204/1408/1591 1205/1409/1592
f 1296/1502/1692 1212/1414/1597 1213/1523/1713
f 1293/1500/1690 1287/1492/1682 1262/1468/1658
f 1271/1476/1666 1013/1188/1337 983/1157/1300
f 1277/1512/1702 1260/1467/1657 1261/1469/1659
f 1281/1487/1677 1267/1470/1660 1264/1472/1662
f 1263/1520/1710 1260/1467/1657 1264/1472/1662
f 1269/1475/1665 1270/1474/1664 1288/1525/1715
f 1271/1476/1666 1268/1514/1704 1102/1278/1434
f 1283/1513/1703 1270/1474/1664 1108/1284/1440
f 1103/1279/1435 1102/1278/1434 1267/1470/1660
f 1279/1484/1674 1280/1483/1673 1277/1512/1702
f 1273/1479/1669 1274/1478/1668 1283/1513/1703
f 1268/1514/1704 1259/1466/1656 1258/1465/1655
f 1258/1465/1655 1181/1388/1571 1265/1471/1661
f 1104/1463/1653 1105/1280/1436 1269/1475/1665
f 1275/1481/1671 1261/1469/1659 1288/1525/1715
f 1170/1375/1555 1173/1386/1569 1180/1526/1716
f 1180/1526/1716 1257/1464/1654 1253/1458/1643
f 1253/1458/1643 1257/1464/1654 1259/1466/1656
f 1217/1528/1718 1305/1539/1729 1304/1529/1719
f 1153/1356/1525 1306/1581/1781 1284/1531/1721
f 1307/1532/1722 1154/1354/1522 1150/1533/1723
f 1309/1535/1725 1308/1543/1782 1217/1536/1726
f 1311/1538/1728 1304/1529/1719 1305/1539/1729
f 1312/1541/1731 1306/1581/1781 1153/1356/1525
f 1314/1542/1732 1313/1582/1784 1308/1543/1733
f 1307/1532/1735 1315/1547/1783 1152/1351/1527
f 1242/1446/1630 1196/1518/1708 1182/1389/1572
f 1185/1391/1574 1242/1446/1630 1293/1500/1690
f 1294/1501/1691 1184/1392/1575 1185/1391/1574
f 1190/1393/1576 1184/1392/1575 1294/1501/1691
f 1192/1398/1581 1189/1397/1580 1179/1387/1570
f 1302/1544/1736 1245/1448/1632 1200/1545/1737
f 1272/1494/1684 1245/1448/1632 1302/1544/1736
f 1240/1443/1627 1241/1444/1628 1301/1509/1699
f 1301/1509/1699 1241/1444/1628 1286/1490/1680
f 1316/1546/1738 1151/1363/3233 1152/1351/1518
f 1176/1548/1740 1177/1382/1565 1311/1538/1741
f 1149/1350/1517 1256/1580/1780 1312/1541/1743
f 1320/1549/1744 1157/1359/1537 1156/1361/1538
f 1317/1551/1746 1321/1559/1790 1324/1552/1747
f 1317/1554/1749 1318/2948/3235 1322/1555/1750
f 1156/1362/1539 1151/1363/1541 1316/1546/1752
f 1323/1558/1754 1325/1560/1758 1324/1552/1755
f 1136/1339/1501 1157/1359/1534 1320/1549/1757
f 1328/1561/1759 1331/1564/1762 1327/1562/1760
f 1142/1342/1505 1139/1341/1504 1327/1562/1760
f 1332/1565/1763 1331/1564/1766 1330/1566/1764
f 1143/1343/1506 1142/1342/1508 1331/1564/1766
f 1332/1568/1763 1329/2949/1765 1334/1569/1767
f 1143/1571/1506 1332/1568/1763 1333/1570/1768
f 1323/1558/1754 1326/1563/1761 1327/1562/1760
f 1136/1339/1501 1325/1560/1758 1327/1562/1760
f 1177/1382/1565 1174/1384/1567 1291/1572/1770
f 1335/1556/1772 1314/1542/3236 1339/1574/1773
f 1304/1529/1719 1340/1579/1778 1337/1576/1775
f 1216/1537/1727 1337/1752/1973 1341/1577/1776
f 1304/1529/1719 1311/1538/1728 1342/1578/1777
f 1309/1535/1734 1341/1577/1985 1339/1574/1779
f 1256/1580/1780 1255/1462/1652 1175/1383/1566
f 1306/1581/1781 1305/1539/1729 1217/1528/1718
f 1308/1543/1782 1307/1532/1722 1284/1534/1724
f 1310/1540/1730 1305/1539/1729 1306/1581/1781
f 1315/1547/1783 1307/1532/1735 1308/1543/1733
f 1316/1546/1738 1315/1547/1739 1313/1582/1785
f 1342/1578/1787 1311/1538/1741 1177/1382/1565
f 1176/1548/1740 1310/1540/1742 1312/1541/1743
f 1324/1552/1747 1320/1549/1744 1319/1550/1745
f 1343/1584/1789 1344/1583/3237 1321/1559/1790
f 1343/1585/1791 1317/1554/1749 1335/1556/1751
f 1322/1555/1750 1318/2948/3235 1319/1557/1753
f 1313/1582/1785 1314/1542/3236 1335/1556/1772
f 1350/1588/1793 1349/1592/1797 1348/1589/1794
f 1352/1591/1796 1351/1594/1799 1349/1592/1797
f 1354/1593/1798 1353/1601/1891 1351/1594/1799
f 1356/1595/1800 1355/1596/1803 1350/1588/1801
f 1355/1596/1803 1357/1603/1815 1352/1591/1804
f 1352/1591/1804 1357/1603/1815 1358/1597/1805
f 1345/1598/1807 2225/1900/2152 1348/1589/1808
f 2226/1599/1810 1345/1598/1807 1349/1592/1809
f 1346/1600/1812 2226/1599/1810 1351/1594/1811
f 1359/1602/1814 1360/1608/1820 1357/1603/1815
f 1364/1604/1816 1363/1766/1992 1362/1605/1817
f 1365/1607/1819 1367/1745/1966 1360/1608/1820
f 1370/1612/1824 1373/1667/1881 1372/1613/1825
f 1377/1615/1827 1376/1619/1831 1375/1616/1828
f 1378/1618/1830 1375/1616/1828 1376/1619/1831
f 1380/1621/1833 1383/1736/1957 1382/1622/1834
f 1387/1627/1839 1390/1738/1959 1389/1628/1840
f 1391/1630/1842 1387/1627/1839 1388/1629/1841
f 1393/1632/1844 1396/1739/1960 1395/1633/1845
f 1397/1635/1847 1400/1741/1962 1399/1636/1848
f 1401/1638/1850 1393/1632/1844 1394/1634/1846
f 1406/1640/1852 1409/1644/1856 1408/1641/1853
f 1407/1643/1855 1410/1707/1927 1409/1644/1856
f 1414/1645/1857 1413/1650/1862 1412/1646/1858
f 1414/1645/1857 1417/1723/1944 1416/1648/1860
f 1408/1641/1863 1409/1644/1866 1419/1651/1864
f 1409/1644/1866 1410/1707/1928 1420/1653/1867
f 1418/1652/1868 1419/1651/1870 1422/1654/1869
f 1419/1651/1870 1420/1653/1871 1423/1656/1871
f 1422/1657/1872 1425/1660/1875 1424/1658/1873
f 1426/1661/1876 1422/1657/1872 1423/1662/82
f 1426/1661/1876 1427/1663/1877 1429/1666/1880
f 1373/1667/1881 1431/1718/1939 1430/1668/1882
f 1390/1669/1883 1387/1764/1988 1433/1670/1884
f 1401/1672/1886 1425/1660/1875 1426/1661/1876
f 1397/1673/1887 1415/1649/1861 1416/1648/1860
f 1354/1593/1798 1438/1677/1892 1437/1676/1890
f 1438/1677/1892 1440/1679/1894 1439/1678/1893
f 1160/1366/1543 1161/1368/1545 1439/1678/1893
f 1358/1597/1805 1441/1746/1967 1438/1677/1895
f 1438/1677/1895 1441/1746/1967 1442/1680/1896
f 1440/1679/1897 1442/1680/1896 1169/1373/1550
f 1435/1681/1898 1346/1600/1812 1353/1601/1813
f 1436/1682/1900 1435/1681/1898 1437/1676/1899
f 1158/1376/1557 1436/1682/1900 1439/1678/1901
f 1443/1683/1903 1444/1767/1993 1336/1573/1771
f 1445/1684/1904 1367/1745/1966 1365/1607/1819
f 1448/1687/1907 1451/1743/1964 1450/1688/1908
f 1455/1690/1910 1454/1693/1913 1453/1691/1911
f 1289/1496/1686 1456/1732/1953 1454/1693/1913
f 1292/1498/1688 1295/1503/1693 1458/1694/1914
f 1460/1697/1917 1463/1701/1921 1462/1698/1918
f 1464/1700/1920 1465/1730/1951 1463/1701/1921
f 1466/1702/1922 1469/1706/1926 1468/1703/1923
f 1470/1705/1925 1471/1731/1952 1296/1502/1692
f 1300/1517/1707 1290/1497/1687 1469/1706/1926
f 1407/1643/1855 1218/1418/1601 1220/1420/1603
f 1412/1646/1858 1413/1650/1862 1226/1426/1609
f 1226/1426/1609 1413/1650/1862 1298/1506/1696
f 1410/1707/1928 1220/1420/1612 1230/1430/1614
f 1420/1653/1871 1230/1430/1617 1233/1433/1617
f 1423/1662/82 1233/1437/1622 1473/1708/1929
f 1233/1437/1622 1236/1436/1621 1299/1508/1698
f 1474/1709/1930 1427/1663/1877 1473/1708/1929
f 1475/1711/1932 1476/1744/1965 1449/1689/1909
f 1461/1712/1933 1432/1671/1885 1433/1670/1884
f 1300/1507/1697 1466/1710/1931 1473/1708/1929
f 1415/1649/1861 1434/1675/1889 1297/1504/1694
f 1477/1715/1936 1402/1639/1851 1378/1618/1830
f 1480/1717/1938 1479/1902/2154 1361/1606/1818
f 1389/1628/1840 1398/1637/1849 1382/1622/1834
f 1369/1611/1823 1457/1695/1915 1475/1711/1932
f 1482/1720/1941 1451/1743/1964 1453/1691/1911
f 1395/1633/1845 1392/1631/1843 1370/1612/1824
f 1355/1596/1803 1384/1624/1836 1379/1620/1832
f 1399/1636/1848 1484/1740/1961 1483/1721/1942
f 1485/1722/1943 1416/1648/1860 1417/1723/1944
f 1401/1672/1886 1487/1726/1947 1424/1658/1873
f 1489/1727/1948 1490/1763/1987 1391/1728/1949
f 1434/1675/1889 1397/1673/1887 1390/1669/1883
f 1468/1703/1923 1452/1692/1912 1448/1687/1907
f 1462/1698/1918 1476/1744/1965 1458/1694/1914
f 1456/1732/1953 1459/1696/1916 1442/1680/1896
f 1464/1733/1954 1490/1763/1987 1489/1727/1948
f 1461/1712/1933 1470/1714/1935 1434/1675/1889
f 1402/1639/1851 1478/1716/1937 1488/1735/1956
f 1388/1629/1841 1389/1628/1840 1431/1718/1939
f 1383/1736/1957 1430/1668/1882 1431/1718/1939
f 1450/1688/1908 1451/1743/1964 1482/1720/1941
f 1371/1614/1826 1377/1615/1827 1374/1617/1829
f 1392/1631/1843 1388/1629/1841 1373/1667/1881
f 1366/1609/1821 1376/1619/1831 1377/1615/1827
f 1394/1634/1846 1395/1633/1845 1374/1617/1829
f 1384/1624/1836 1385/1626/1838 1378/1618/1830
f 1402/1639/1851 1394/1634/1846 1375/1616/1828
f 1398/1637/1849 1399/1636/1848 1381/1623/1835
f 1483/1721/1942 1480/1717/1938 1380/1621/1833
f 1361/1606/1818 1369/1611/1823 1383/1736/1957
f 1356/1595/1800 1386/1625/1837 1384/1624/1836
f 1390/1738/1959 1397/1635/1847 1398/1637/1849
f 1396/1739/1960 1391/1630/1842 1392/1631/1843
f 1484/1740/1961 1399/1636/1848 1400/1741/1962
f 1481/1719/1940 1475/1711/1932 1450/1688/1908
f 1459/1696/1916 1199/1403/1586 1169/1373/1550
f 1465/1730/1951 1448/1687/1907 1449/1689/1909
f 1469/1706/1926 1455/1690/1910 1452/1692/1912
f 1451/1743/1964 1448/1687/1907 1452/1692/1912
f 1457/1695/1915 1458/1694/1914 1476/1744/1965
f 1459/1696/1916 1456/1732/1953 1289/1496/1686
f 1471/1731/1952 1458/1694/1914 1295/1503/1693
f 1290/1497/1687 1289/1496/1686 1455/1690/1910
f 1467/1704/1924 1468/1703/1923 1465/1730/1951
f 1461/1699/1919 1462/1698/1918 1471/1731/1952
f 1456/1732/1953 1447/1686/1906 1446/1685/1905
f 1446/1685/1905 1368/1610/1822 1453/1691/1911
f 1291/1572/1770 1292/1498/1688 1457/1695/1915
f 1463/1701/1921 1449/1689/1909 1476/1744/1965
f 1357/1603/1815 1360/1608/1820 1367/1745/1966
f 1367/1745/1966 1445/1684/1904 1441/1746/1967
f 1441/1746/1967 1445/1684/1904 1447/1686/1906
f 1404/1747/1968 1493/1758/1979 1492/1748/1969
f 1340/1579/1778 1494/1759/1980 1472/1750/1971
f 1495/1751/1972 1341/1577/1776 1337/1752/1973
f 1403/1754/1975 1497/1761/2025 1496/1755/1976
f 1498/1757/1978 1499/1796/2028 1492/1748/1969
f 1342/1578/1777 1500/1798/2032 1494/1759/1980
f 1502/1760/1981 1501/1799/2033 1496/1755/1982
f 1503/1762/1984 1339/1574/1779 1341/1577/1985
f 1430/1668/1882 1383/1736/1957 1369/1611/1823
f 1372/1613/1825 1430/1668/1882 1481/1719/1940
f 1482/1720/1941 1371/1614/1826 1372/1613/1825
f 1377/1615/1827 1371/1614/1826 1482/1720/1941
f 1379/1620/1832 1376/1619/1831 1366/1609/1821
f 1490/1763/1987 1433/1670/1884 1387/1764/1988
f 1460/1713/1934 1433/1670/1884 1490/1763/1987
f 1428/1665/1879 1429/1666/1880 1489/1727/1948
f 1489/1727/1948 1429/1666/1880 1474/1709/1930
f 1504/1765/1989 1338/1575/1774 1339/1574/1773
f 1364/1604/1816 1499/1796/2036 1498/1757/1991
f 1444/1767/1993 1500/1798/2037 1342/1578/1787
f 1508/1768/1994 1344/1583/3237 1343/1584/1789
f 1505/1770/1996 1509/1778/3238 1512/1771/1997
f 1506/1773/1999 1510/1800/2043 1523/1774/2000
f 1343/1585/1791 1338/1575/1792 1504/1765/2002
f 1513/1777/2004 1512/1771/2039 1509/1778/2005
f 1323/1558/1754 1344/1583/1788 1508/1768/2007
f 1516/1780/2008 1519/1783/2011 1515/1781/2009
f 1328/1561/1759 1326/1563/1761 1515/1781/2009
f 1520/1784/2012 1519/1783/2017 1518/1785/2013
f 1330/1566/1764 1519/1783/2017 1520/1784/2012
f 1520/1787/2012 1517/2950/2014 1522/1788/2015
f 1334/1569/1767 1329/2949/1765 1520/1787/2012
f 1511/1779/2006 1514/1782/2010 1515/1781/2009
f 1513/1777/2004 1515/1781/2009 1326/1563/1761
f 1361/1606/1818 1479/1902/2154 1524/1790/2020
f 1523/1774/2021 1502/1760/3239 1527/1791/2022
f 1492/1748/1969 1528/1797/2029 1525/1793/2024
f 1497/1761/2025 1403/1754/1975 1525/1794/2026
f 1499/1796/2028 1530/1979/2230 1528/1797/2029
f 1502/1760/1981 1497/1761/1983 1529/1795/2030
f 1443/1683/1903 1362/1605/1817 1363/1766/1992
f 1472/1750/1971 1494/1759/1980 1493/1758/1979
f 1404/1756/1977 1496/1755/1976 1495/1751/1972
f 1493/1758/1979 1494/1759/1980 1500/1798/2032
f 1495/1751/1986 1496/1755/1982 1501/1799/2033
f 1504/1765/1989 1503/1762/1990 1501/1799/2034
f 1524/1790/2020 1530/1979/2242 1499/1796/2036
f 1363/1766/1992 1498/1757/1991 1500/1798/2037
f 1506/1772/1998 1512/1771/1997 1508/1768/1994
f 1532/1801/2040 1509/1778/3238 1505/1770/1996
f 1526/1792/2042 1531/1995/2251 1505/1775/2001
f 1510/1800/2043 1506/1773/1999 1507/1776/2003
f 1501/1799/2034 1502/1760/3239 1523/1774/2021
f 1535/1805/2044 1538/1809/2048 1537/1806/2045
f 1540/1808/2047 1539/1811/2050 1537/1806/2045
f 1542/1810/2049 1541/1819/2141 1539/1811/2050
f 1544/1812/2051 1543/1813/2054 1538/1809/2052
f 1543/1813/2054 1545/1821/2066 1540/1808/2055
f 1540/1808/2055 1545/1821/2066 1546/1814/2056
f 2227/1815/2058 1536/1807/2390 1537/1806/2059
f 1533/1816/2060 1537/1806/2059 1539/1811/2061
f 2228/1818/2063 1534/1817/2062 1539/1811/2061
f 1547/1820/2065 1548/1826/2071 1545/1821/2066
f 1552/1822/2067 1551/1985/2238 1550/1823/2068
f 1553/1825/2070 1555/1965/2216 1548/1826/2071
f 1558/1830/2075 1561/1884/2131 1560/1831/2076
f 1565/1833/2078 1564/1837/2082 1563/1834/2079
f 1566/1836/2081 1563/1834/2079 1564/1837/2082
f 1568/1839/2084 1571/1956/2207 1570/1840/2085
f 1575/1845/2090 1578/1959/2210 1577/1846/2091
f 1579/1848/2093 1575/1845/2090 1576/1847/2092
f 1581/1850/2095 1584/1960/2211 1583/1851/2096
f 1585/1853/2098 1588/1962/2213 1587/1854/2099
f 1589/1856/2101 1581/1850/2095 1582/1852/2097
f 2229/1858/2103 1593/1861/2106 1596/1859/2104
f 1593/1861/2106 1594/1926/2178 1597/1862/2107
f 1601/1863/2108 1600/1868/2113 1599/1864/2109
f 1601/1863/2108 1604/1943/2194 1603/1866/2111
f 1595/1860/2114 1596/1859/3240 1606/1869/2115
f 1606/1869/2115 1596/1859/3240 1597/1862/2117
f 1605/1870/2119 1606/1869/2120 1609/1872/2120
f 1609/1872/2120 1606/1869/2120 1607/1871/2121
f 1609/1875/2122 1612/1878/2125 1611/1876/2123
f 1609/1875/2122 1610/1927/82 1614/1880/2127
f 1615/1882/2129 1613/1879/2126 1614/1880/2127
f 1561/1884/2131 1618/1938/2189 1617/1885/2132
f 1578/1886/2133 1575/1983/2236 1620/1887/2134
f 1589/1889/2136 1612/1878/2125 1613/1879/2126
f 1585/1890/2137 1602/1867/2112 1603/1866/2111
f 1542/1810/2049 1624/1895/2143 1623/1893/2140
f 1626/1894/2142 1625/1896/2144 1623/1893/2140
f 1347/1590/1795 1348/1589/1794 1625/1896/2144
f 1546/1814/2056 1627/1966/2217 1624/1895/2145
f 1624/1895/2145 1627/1966/2217 1628/1897/2146
f 1628/1897/2146 1356/1595/1800 1347/1590/1802
f 2228/1818/2063 1541/1819/2064 1623/1893/2148
f 1622/1899/2150 2230/1898/2149 1623/1893/2148
f 2225/1900/2152 1622/1899/2150 1625/1896/2151
f 1629/1901/2153 1630/2018/2278 1524/1790/2020
f 1631/1903/2155 1555/1965/2216 1553/1825/2070
f 1634/1906/2158 1637/1963/2214 1636/1907/2159
f 1641/1909/2161 1640/1912/2164 1639/1910/2162
f 1477/1715/1936 1642/1952/2203 1640/1912/2164
f 1480/1717/1938 1483/1721/1942 1644/1913/2165
f 1646/1916/2168 1649/1920/2172 1648/1917/2169
f 1650/1919/2171 1651/1950/2201 1649/1920/2172
f 1652/1921/2173 1655/1925/2177 1654/1922/2174
f 1656/1924/2176 1657/1951/2202 1484/1740/1961
f 1488/1735/1956 1478/1716/1937 1655/1925/2177
f 1594/1926/2178 1405/1642/1854 1408/1641/1853
f 1600/1868/2113 1414/1645/1857 1411/1647/1859
f 1414/1645/1857 1600/1868/2113 1486/1724/1945
f 1607/1871/2118 1597/1862/2117 1408/1641/1863
f 1610/1874/2121 1607/1871/2121 1418/1652/1868
f 1610/1927/82 1421/1659/1874 1659/1928/2179
f 1421/1659/1874 1424/1658/1873 1487/1726/1947
f 1660/1929/2180 1614/1880/2127 1659/1928/2179
f 1661/1931/2182 1662/1964/2215 1635/1908/2160
f 1647/1932/2183 1619/1888/2135 1620/1887/2134
f 1488/1725/1946 1652/1930/2181 1659/1928/2179
f 1602/1867/2112 1621/1892/2139 1485/1722/1943
f 1663/1935/2186 1590/1857/2102 1566/1836/2081
f 1568/1839/2084 1666/1958/2209 1665/1937/2188
f 1577/1846/2091 1586/1855/2100 1570/1840/2085
f 1557/1829/2074 1643/1914/2166 1661/1931/2182
f 1668/1940/2191 1637/1963/2214 1639/1910/2162
f 1583/1851/2096 1580/1849/2094 1558/1830/2075
f 1543/1813/2054 1572/1842/2087 1567/1838/2083
f 1587/1854/2099 1670/2135/2414 1669/1941/2192
f 1671/1942/2193 1603/1866/2111 1604/1943/2194
f 1589/1889/2136 1673/1946/2197 1611/1876/2123
f 1675/1947/2198 1676/1982/2235 1579/1948/2199
f 1621/1892/2139 1585/1890/2137 1578/1886/2133
f 1654/1922/2174 1638/1911/2163 1634/1906/2158
f 1648/1917/2169 1662/1964/2215 1644/1913/2165
f 1642/1952/2203 1645/1915/2167 1628/1897/2146
f 1650/1953/2204 1676/1982/2235 1675/1947/2198
f 1647/1932/2183 1656/1934/2185 1621/1892/2139
f 1589/1856/2101 1590/1857/2102 1664/1936/2187
f 1576/1847/2092 1577/1846/2091 1618/1938/2189
f 1571/1956/2207 1617/1885/2132 1618/1938/2189
f 1636/1907/2159 1637/1963/2214 1668/1940/2191
f 1559/1832/2077 1565/1833/2078 1562/1835/2080
f 1580/1849/2094 1576/1847/2092 1561/1884/2131
f 1554/1827/2072 1564/1837/2082 1565/1833/2078
f 1582/1852/2097 1583/1851/2096 1562/1835/2080
f 1572/1842/2087 1573/1844/2089 1566/1836/2081
f 1590/1857/2102 1582/1852/2097 1563/1834/2079
f 1586/1855/2100 1587/1854/2099 1569/1841/2086
f 1666/1958/2209 1568/1839/2084 1569/1841/2086
f 1549/1824/2069 1557/1829/2074 1571/1956/2207
f 1544/1812/2051 1574/1843/2088 1572/1842/2087
f 1578/1959/2210 1585/1853/2098 1586/1855/2100
f 1584/1960/2211 1579/1848/2093 1580/1849/2094
f 1671/1961/2212 1670/2135/2414 1587/1854/2099
f 1667/1939/2190 1661/1931/2182 1636/1907/2159
f 1645/1915/2167 1386/1625/1837 1356/1595/1800
f 1651/1950/2201 1634/1906/2158 1635/1908/2160
f 1655/1925/2177 1641/1909/2161 1638/1911/2163
f 1637/1963/2214 1634/1906/2158 1638/1911/2163
f 1643/1914/2166 1644/1913/2165 1662/1964/2215
f 1645/1915/2167 1642/1952/2203 1477/1715/1936
f 1657/1951/2202 1644/1913/2165 1483/1721/1942
f 1478/1716/1937 1477/1715/1936 1641/1909/2161
f 1653/1923/2175 1654/1922/2174 1651/1950/2201
f 1647/1918/2170 1648/1917/2169 1657/1951/2202
f 1642/1952/2203 1633/1905/2157 1632/1904/2156
f 1632/1904/2156 1556/1828/2073 1639/1910/2162
f 1479/1902/2154 1480/1717/1938 1643/1914/2166
f 1649/1920/2172 1635/1908/2160 1662/1964/2215
f 1545/1821/2066 1548/1826/2071 1555/1965/2216
f 1555/1965/2216 1631/1903/2155 1627/1966/2217
f 1627/1966/2217 1631/1903/2155 1633/1905/2157
f 1592/1967/2218 1679/1977/2228 1678/1968/2219
f 1528/1797/2029 1680/2019/2279 1658/1970/2221
f 1681/1971/2222 1529/1795/2027 1525/1794/2026
f 1591/1973/2224 1683/1981/2224 1682/1974/2225
f 1684/1976/2227 1685/1986/2276 1678/1968/2219
f 1686/1978/2229 1680/2019/2279 1528/1797/2029
f 1688/1980/2231 1687/2020/2281 1682/1974/2232
f 1681/1971/2234 1689/1984/2280 1527/1791/2031
f 1617/1885/2132 1571/1956/2207 1557/1829/2074
f 1560/1831/2076 1617/1885/2132 1667/1939/2190
f 1668/1940/2191 1559/1832/2077 1560/1831/2076
f 1565/1833/2078 1559/1832/2077 1668/1940/2191
f 1567/1838/2083 1564/1837/2082 1554/1827/2072
f 1676/1982/2235 1620/1887/2134 1575/1983/2236
f 1646/1933/2184 1620/1887/2134 1676/1982/2235
f 1615/1882/2129 1616/1883/2130 1675/1947/2198
f 1675/1947/2198 1616/1883/2130 1660/1929/2180
f 1689/1984/2237 1690/2021/2283 1526/1792/2023
f 1551/1985/2238 1552/1822/2067 1685/1986/2239
f 1524/1790/2020 1630/2018/2278 1686/1978/2241
f 1693/1987/2243 1694/1998/2286 1532/1801/2040
f 1691/1988/2244 1695/1997/2288 1698/1989/2245
f 1691/1991/2247 1692/2026/2291 1696/1992/2248
f 1526/1792/2042 1690/2021/2292 1693/1994/2250
f 1697/1996/2252 1699/1999/2256 1698/1989/2253
f 1511/1779/2006 1532/1801/2038 1694/1998/2255
f 1702/2000/2257 1705/2003/2260 1701/2001/2258
f 1516/1780/2008 1514/1782/2010 1701/2001/2258
f 1706/2004/2261 1705/2003/2266 1704/2005/2262
f 1518/1785/2013 1705/2003/2266 1706/2004/2261
f 1707/2007/2264 1706/2010/2261 1703/2008/2263
f 1522/1788/2015 1517/2950/2014 1706/2010/2261
f 1697/1996/2252 1700/2002/2259 1701/2001/2258
f 1699/1999/2256 1701/2001/2258 1514/1782/2010
f 1552/1822/2067 1549/1824/2069 1665/1937/2188
f 1688/1980/2270 1713/2017/2463 1712/2012/2271
f 1591/1969/2220 1678/1968/2219 1714/2013/2273
f 1683/1981/2224 1591/1973/2224 1711/2015/2275
f 1685/1986/2276 1716/2022/2455 1714/2013/2273
f 1683/1981/2233 1715/2016/2277 1713/2017/2277
f 1629/1901/2153 1550/1823/2068 1551/1985/2238
f 1658/1970/2221 1680/2019/2279 1679/1977/2228
f 1592/1975/2226 1682/1974/2225 1681/1971/2222
f 1684/1976/2227 1679/1977/2228 1680/2019/2279
f 1689/1984/2280 1681/1971/2234 1682/1974/2232
f 1689/1984/2237 1687/2020/2293 1696/1992/2282
f 1716/2022/2284 1685/1986/2239 1552/1822/2067
f 1684/1976/2240 1686/1978/2241 1630/2018/2278
f 1692/1990/2246 1698/1989/2245 1694/1998/2286
f 1717/2024/2287 1718/2023/2468 1695/1997/2288
f 1717/2025/2289 1691/1991/2247 1709/1993/2249
f 1692/2026/2291 1693/1994/2250 1690/2021/2292
f 1688/1980/2270 1709/1993/2272 1696/1992/2282
f 1722/2029/2294 1721/2031/2297 96/99/2295
f 1724/2030/2296 1723/2033/2299 1721/2031/2297
f 1724/2030/2296 1726/2036/2377 1725/2032/2298
f 97/92/106 100/95/105 1727/2034/2300
f 1727/2034/2300 1728/2035/2303 1724/2030/2302
f 1728/2035/2303 1729/2165/2443 1726/2036/2304
f 1719/2037/2305 2201/98/111 96/99/112
f 1720/2038/2307 1719/2037/2305 1721/2031/2306
f 1720/2038/2307 1723/2033/2308 1725/2032/2309
f 1730/2040/2311 1731/2045/2316 1728/2035/2303
f 1735/2041/2312 1734/2183/2465 1733/2042/2313
f 1736/2044/2315 1738/2164/2442 1731/2045/2316
f 1741/2049/2320 1744/2095/2368 1743/2050/2321
f 1748/2052/2323 1747/2056/2327 1746/2053/2324
f 1749/2055/2326 1746/2053/2324 1747/2056/2327
f 1751/2058/2329 1754/2157/2435 1753/2059/2330
f 1756/2062/2333 1759/2159/2437 1758/2063/2334
f 1760/2065/2336 1756/2062/2333 1757/2064/2335
f 1762/2067/2338 1765/2160/2438 1764/2068/2339
f 1766/2070/2341 1769/2161/2439 1768/2071/2342
f 1770/2073/2344 1762/2067/2338 1763/2069/2340
f 2202/2075/2346 2232/2077/2348 1775/2076/2347
f 2232/2077/2348 1774/2137/2416 1776/2078/2349
f 144/136/148 145/137/149 1778/2079/2350
f 145/137/149 146/139/151 1780/2081/2352
f 148/141/153 143/134/152 1775/2076/2354
f 1781/2083/2355 1775/2076/2354 1776/2078/2356
f 149/142/154 148/141/154 1781/2083/2358
f 1781/2083/2358 1782/2084/2359 1784/2086/2359
f 1783/2087/2360 1785/2089/2362 152/2088/2361
f 1783/2087/2360 1784/2138/82 1787/2091/2364
f 1788/2093/2366 1786/2090/2363 1787/2091/2364
f 1744/2095/2368 1791/2146/2424 1790/2096/2369
f 1759/2097/2370 1756/2181/2461 1793/2098/2371
f 1770/2100/2373 1785/2089/2362 1786/2090/2363
f 1766/2101/2374 1779/2082/2353 1780/2081/2352
f 1726/2036/2377 1798/2105/2379 1797/2104/2378
f 1798/2105/2379 1800/2107/2381 1799/2106/2380
f 1535/1805/2044 1536/1807/2046 1799/2106/2380
f 1726/2036/2304 1729/2165/2443 1801/2108/2382
f 1798/2105/2383 1801/2108/2382 1802/2109/2384
f 1800/2107/2385 1802/2109/2384 1544/1812/2051
f 2231/2039/2310 1725/2032/2309 1797/2104/2386
f 1796/2111/2388 1795/2110/2387 1797/2104/2386
f 2227/1815/2058 1796/2111/2388 1799/2106/2389
f 1803/2112/2391 1804/2203/2492 1710/2011/2269
f 1805/2113/2392 1738/2164/2442 1736/2044/2315
f 1808/2116/2395 1811/2162/2440 1810/2117/2396
f 1815/2119/2398 1814/2122/2401 1813/2120/2399
f 1663/1935/2186 1816/2154/2432 1814/2122/2401
f 1666/1958/2209 1669/1941/2192 1818/2123/2402
f 1820/2126/2405 1823/2130/2409 1822/2127/2406
f 1824/2129/2408 1825/2152/2430 1823/2130/2409
f 1826/2131/2410 1829/2136/2415 1828/2132/2411
f 1830/2134/2413 1831/2153/2431 1670/2135/2414
f 1674/1955/2206 1664/1936/2187 1829/2136/2415
f 2229/1858/2103 1595/1860/2105 1776/2078/2349
f 1777/2080/2351 1778/2079/2350 1601/1863/2108
f 1601/1863/2108 1778/2079/2350 1672/1944/2195
f 1782/2084/2357 1776/2078/2356 1595/1860/2114
f 1784/2086/2359 1782/2084/2359 1605/1870/2119
f 1784/2138/82 1608/1877/2124 1833/2139/2417
f 1608/1877/2124 1611/1876/2123 1673/1946/2197
f 1834/2140/2418 1787/2091/2364 1833/2139/2417
f 1835/2142/2420 1836/2163/2441 1809/2118/2397
f 1821/2143/2421 1792/2099/2372 1793/2098/2371
f 1674/1945/2196 1826/2141/2419 1833/2139/2417
f 1779/2082/2353 1794/2103/2376 1671/1942/2193
f 116/112/125 1771/2074/2345 1749/2055/2326
f 1751/2058/2329 118/114/127 102/102/115
f 1758/2063/2334 1767/2072/2343 1753/2059/2330
f 1740/2048/2319 1817/2124/2403 1835/2142/2420
f 1838/2148/2426 1811/2162/2440 1813/2120/2399
f 1764/2068/2339 1761/2066/2337 1741/2049/2320
f 1727/2034/2300 1755/2061/2332 1750/2057/2328
f 1752/2060/2331 1768/2071/2342 137/129/142
f 136/153/164 1780/2081/2352 146/139/151
f 1770/2100/2373 151/146/157 152/2088/2361
f 1839/2149/2427 1840/2180/2460 1760/2150/2428
f 1794/2103/2376 1766/2101/2374 1759/2097/2370
f 1828/2132/2411 1812/2121/2400 1808/2116/2395
f 1822/2127/2406 1836/2163/2441 1818/2123/2402
f 1816/2154/2432 1819/2125/2404 1802/2109/2384
f 1824/2155/2433 1840/2180/2460 1839/2149/2427
f 1821/2143/2421 1830/2145/2423 1794/2103/2376
f 1771/2074/2345 140/187/198 139/131/144
f 1757/2064/2335 1758/2063/2334 1791/2146/2424
f 1754/2157/2435 1790/2096/2369 1791/2146/2424
f 1810/2117/2396 1811/2162/2440 1838/2148/2426
f 1742/2051/2322 1748/2052/2323 1745/2054/2325
f 1761/2066/2337 1757/2064/2335 1744/2095/2368
f 1737/2046/2317 1747/2056/2327 1748/2052/2323
f 1763/2069/2340 1764/2068/2339 1745/2054/2325
f 1755/2061/2332 124/118/131 1749/2055/2326
f 1771/2074/2345 1763/2069/2340 1746/2053/2324
f 1767/2072/2343 1768/2071/2342 1752/2060/2331
f 121/186/197 118/114/127 1751/2058/2329
f 1732/2043/2314 1740/2048/2319 1754/2157/2435
f 100/95/105 123/119/132 1755/2061/2332
f 1759/2159/2437 1766/2070/2341 1767/2072/2343
f 1765/2160/2438 1760/2065/2336 1761/2066/2337
f 137/129/142 1768/2071/2342 1769/2161/2439
f 1837/2147/2425 1835/2142/2420 1810/2117/2396
f 1819/2125/2404 1574/1843/2088 1544/1812/2051
f 1825/2152/2430 1808/2116/2395 1809/2118/2397
f 1829/2136/2415 1815/2119/2398 1812/2121/2400
f 1811/2162/2440 1808/2116/2395 1812/2121/2400
f 1817/2124/2403 1818/2123/2402 1836/2163/2441
f 1819/2125/2404 1816/2154/2432 1663/1935/2186
f 1831/2153/2431 1818/2123/2402 1669/1941/2192
f 1664/1936/2187 1663/1935/2186 1815/2119/2398
f 1827/2133/2412 1828/2132/2411 1825/2152/2430
f 1821/2128/2407 1822/2127/2406 1831/2153/2431
f 1816/2154/2432 1807/2115/2394 1806/2114/2393
f 1806/2114/2393 1739/2047/2318 1813/2120/2399
f 1665/1937/2188 1666/1958/2209 1817/2124/2403
f 1823/2130/2409 1809/2118/2397 1836/2163/2441
f 1728/2035/2303 1731/2045/2316 1738/2164/2442
f 1738/2164/2442 1805/2113/2392 1801/2108/2382
f 1801/2108/2382 1805/2113/2392 1807/2115/2394
f 1773/2166/2444 1843/2176/2454 1842/2167/2445
f 1711/2014/2274 1714/2013/2273 1844/2169/2447
f 1832/2171/2449 1845/2179/2449 1715/2016/2275
f 1772/2172/2450 1847/2178/2489 1846/2173/2451
f 1848/2175/2453 1849/2202/2491 1842/2167/2445
f 1716/2022/2455 1850/2184/2493 1844/2169/2447
f 1852/2177/2456 1851/2204/2494 1846/2173/2457
f 1845/2179/2459 1853/2182/2495 1713/2017/2277
f 1790/2096/2369 1754/2157/2435 1740/2048/2319
f 1743/2050/2321 1790/2096/2369 1837/2147/2425
f 1742/2051/2322 1743/2050/2321 1841/2158/2436
f 1748/2052/2323 1742/2051/2322 1838/2148/2426
f 1750/2057/2328 1747/2056/2327 1737/2046/2317
f 1840/2180/2460 1793/2098/2371 1756/2181/2461
f 1820/2144/2422 1793/2098/2371 1840/2180/2460
f 1788/2093/2366 1789/2094/2367 1839/2149/2427
f 1839/2149/2427 1789/2094/2367 1834/2140/2418
f 1853/2182/2462 1854/2192/2497 1712/2012/2271
f 1735/2041/2312 1849/2202/2498 1848/2175/2464
f 1710/2011/2269 1804/2203/2492 1850/2184/2466
f 1857/2185/2467 1858/2195/2500 1718/2023/2468
f 1855/2186/2469 1859/2194/2501 1861/2187/2470
f 1855/2189/2472 1856/2205/2503 1860/2190/2473
f 1717/2025/2289 1712/2012/2290 1854/2192/2475
f 200/230/247 1862/2196/2480 1861/2187/2477
f 1697/1996/2252 1718/2023/2285 1858/2195/2479
f 211/237/254 1864/2198/2482 1863/2197/2481
f 1702/2000/2257 1700/2002/2259 1863/2197/2481
f 210/241/258 1865/2199/2484 1864/2198/2483
f 1704/2005/2262 1864/2198/2483 1865/2199/2484
f 1866/2200/2485 1865/2951/2484 210/2201/258
f 1703/2008/2263 1865/2951/2484 1866/2200/2485
f 1862/2196/2480 200/230/247 205/235/252
f 1697/1996/2252 1862/2196/2480 1863/2197/2481
f 1735/2041/2312 1732/2043/2314 102/102/115
f 1852/2177/2487 185/208/3218 195/212/225
f 1772/2168/2446 1842/2167/2445 174/193/204
f 1847/2178/2489 1772/2172/2450 142/197/208
f 1849/2202/2491 181/205/216 174/193/204
f 1847/2178/2458 175/209/222 185/208/221
f 1804/2203/2492 1803/2112/2391 1733/2042/2313
f 1832/2170/2448 1844/2169/2447 1843/2176/2454
f 1773/2174/2452 1846/2173/2451 1845/2179/2449
f 1843/2176/2454 1844/2169/2447 1850/2184/2493
f 1845/2179/2459 1846/2173/2457 1851/2204/2494
f 1853/2182/2462 1851/2204/2504 1860/2190/2496
f 103/101/114 181/205/231 1849/2202/2498
f 1848/2175/2464 1850/2184/2466 1804/2203/2492
f 1856/2188/2471 1861/2187/2470 1858/2195/2500
f 191/218/234 199/217/233 1859/2194/2501
f 195/212/2502 191/225/241 1855/2189/2472
f 1856/2205/2503 1857/2193/2476 1854/2192/2475
f 1852/2177/2487 1867/2191/2488 1860/2190/2496
f 589/689/2505 775/910/3241 776/909/2506
f 405/470/2506 588/690/2506 776/909/2506
f 404/471/2506 405/470/2506 961/1131/2506
f 404/471/2506 962/1130/2506 1146/1348/2506
f 212/245/2506 213/244/2506 1146/1348/2506
f 212/245/2506 1147/1347/2506 1333/1570/2506
f 1866/2200/2506 214/246/2506 1333/1570/2506
f 1866/2200/2506 1334/1569/2506 1521/1789/2506
f 1707/2007/2506 1708/2009/2506 1521/1789/2506
f 2236/2645/2914 2235/2698/2915 2234/2646/2915
f 2237/2648/2916 2238/2650/2916 2236/2645/2914
f 2239/2649/2917 2240/2652/2917 2238/2650/2916
f 2241/2651/2918 2242/2654/2918 2240/2652/2917
f 2243/2653/2919 2244/2905/2919 2242/2654/2918
f 2246/2655/2920 2244/2905/2919 2243/2653/2919
f 2248/2657/2921 2246/2655/2920 2245/2656/2920
f 2249/2659/2922 2250/2661/2924 2248/2657/2921
f 2251/2660/2923 2252/2906/2923 2250/2661/2924
f 2254/2662/2925 2252/2906/2923 2251/2660/2923
f 2256/2664/2927 2254/2662/2925 2253/2663/2926
f 2258/2666/2928 2256/2664/2927 2255/2665/2927
f 2259/2668/2929 2260/2907/2929 2258/2666/2928
f 2262/2669/2930 2260/2907/2929 2259/2668/2929
f 2264/2671/2931 2262/2669/2930 2261/2670/2930
f 2266/2673/2932 2264/2671/2931 2263/2672/2931
f 2268/2675/2933 2266/2673/2932 2265/2674/2932
f 2270/2677/2934 2268/2675/2933 2267/2676/2933
f 2271/2679/2935 2272/2681/2935 2270/2677/2934
f 2273/2680/2936 2274/2908/2936 2272/2681/2935
f 2276/2682/2937 2274/2908/2936 2273/2680/2936
f 2278/2684/2938 2276/2682/2937 2275/2683/2937
f 2279/2686/2939 2280/2688/2939 2278/2684/2938
f 2281/2687/2940 2282/2690/2940 2280/2688/2939
f 2283/2689/2941 2284/2909/2941 2282/2690/2940
f 2286/2691/2942 2284/2909/2941 2283/2689/2941
f 2287/2693/2944 2288/2910/2944 2286/2691/2942
f 2290/2694/2945 2288/2910/2944 2287/2693/2944
f 2292/2696/2946 2290/2694/2945 2289/2695/2945
f 2235/2698/2915 2292/2696/2946 2291/2697/2946
f 2296/2699/2506 2295/2758/2506 2294/2700/2506
f 2296/2699/2506 2293/2701/2506 2297/2702/2506
f 2300/2704/2506 2298/2703/2506 2297/2702/2506
f 2302/2706/2506 2300/2704/2506 2299/2705/2506
f 2302/2706/2506 2301/2707/2506 2303/2708/2506
f 2306/2710/2506 2304/2709/2506 2303/2708/2506
f 2306/2710/2506 2305/2711/2506 2307/2712/2506
f 2310/2714/2506 2308/2713/2506 2307/2712/2506
f 2312/2716/2506 2310/2714/2506 2309/2715/2506
f 2312/2716/2506 2311/2717/2506 2313/2718/2506
f 2316/2720/2506 2314/2719/2506 2313/2718/2506
f 2316/2720/2506 2315/2721/2506 2317/2722/2506
f 2318/2723/2506 2317/2722/2506 2319/2724/2506
f 2322/2726/2506 2320/2725/2506 2319/2724/2506
f 2322/2726/2506 2321/2727/2506 2323/2728/2506
f 2326/2730/2506 2324/2729/2506 2323/2728/2506
f 2326/2730/2506 2325/2731/2506 2327/2732/2506
f 2330/2734/2506 2328/2733/2506 2327/2732/2506
f 2330/2734/2506 2329/2735/2506 2331/2736/2506
f 2332/2737/2506 2331/2736/2506 2333/2738/2506
f 2334/2739/2506 2333/2738/2506 2335/2740/2506
f 2338/2742/2506 2336/2741/2506 2335/2740/2506
f 2338/2742/2506 2337/2743/2506 2339/2744/2506
f 2340/2745/2506 2339/2744/2506 2341/2746/2506
f 2344/2748/2506 2342/2747/2506 2341/2746/2506
f 2346/2750/2506 2344/2748/2506 2343/2749/2506
f 2348/2752/2506 2346/2750/2506 2345/2751/2506
f 2348/2752/2506 2347/2753/2506 2349/2754/2506
f 2352/2756/2506 2350/2755/2506 2349/2754/2506
f 2352/2756/2506 2351/2757/2506 2294/2700/2506
s 0
f 2356/2759/3255 2355/2876/3256 2354/2760/3257
f 2354/2760/3258 2355/2876/3259 2358/2762/3260
f 2358/2762/3261 2360/2765/3262 2359/2764/3263
f 2360/2765/3264 2362/2767/3265 2361/2766/3266
f 2362/2767/3267 2364/2881/3268 2363/2768/3269
f 2363/2768/3270 2364/2881/3271 2366/2769/3272
f 2365/2770/3273 2366/2769/3274 2368/2771/3275
f 2368/2771/3276 2370/2774/3277 2369/2773/3278
f 2370/2774/3279 2372/2776/3280 2371/2775/3281
f 2372/2776/3282 2374/2884/3283 2373/2777/3284
f 2373/2777/3285 2374/2884/3286 2376/2778/3287
f 2375/2779/3288 2376/2778/3289 2378/2780/3290
f 2377/2781/3291 2378/2780/3292 2380/2782/3293
f 2380/2782/3294 2382/2889/3295 2381/2784/3296
f 2381/2784/3297 2382/2889/3298 2384/2785/3299
f 2384/2785/3300 2386/2788/3301 2385/2787/3302
f 2386/2788/3303 2388/2790/3304 2387/2789/3305
f 2388/2790/3306 2390/2792/3307 2389/2791/3308
f 2390/2792/3309 2392/2974/3310 2391/2793/3311
f 2391/2793/3312 2392/2974/3313 2394/2794/3314
f 2393/2795/3315 2394/2794/3316 2396/2796/3317
f 2396/2796/3318 2398/2799/3319 2397/2798/3320
f 2398/2799/3321 2400/2900/3322 2399/2800/3323
f 2399/2800/3324 2400/2900/3325 2402/2801/3326
f 2402/2801/3327 2404/2804/3328 2403/2803/3329
f 2404/2804/3330 2406/2975/3331 2405/2805/3332
f 2405/2805/3333 2406/2975/3334 2408/2806/3335
f 2407/2807/3336 2408/2806/3337 2410/2808/3338
f 2409/2809/3339 2410/2808/3340 2412/2810/3341
f 2411/2811/3342 2412/2810/3343 2356/2759/3344
s 1
f 2296/2813/3037 2415/2817/3041 2414/2814/3038
f 2298/2816/3040 2416/2819/3043 2415/2817/3041
f 2300/2818/3042 2417/2821/3045 2416/2819/3043
f 2300/2818/3042 2302/2823/3047 2418/2820/3044
f 2304/2822/3046 2419/2825/3049 2418/2820/3044
f 2304/2822/3046 2306/2826/3050 2420/2824/3048
f 2306/2826/3050 2308/2828/3052 2421/2827/3051
f 2308/2828/3052 2310/2831/3055 2422/2829/3053
f 2312/2830/3054 2423/2833/3057 2422/2829/3053
f 2314/2832/3056 2424/2835/3059 2423/2833/3057
f 2314/2832/3056 2316/2837/3061 2425/2834/3058
f 2318/2836/3060 2426/2839/3063 2425/2834/3058
f 2318/2836/3060 2320/2840/3064 2427/2838/3062
f 2320/2840/3064 2322/2842/3066 2428/2841/3065
f 2322/2842/3066 2324/2844/3068 2429/2843/3067
f 2324/2844/3068 2326/2846/3070 2430/2845/3069
f 2326/2846/3070 2328/2849/3073 2431/2847/3071
f 2330/2848/3072 2432/2851/3075 2431/2847/3071
f 2332/2850/3074 2433/2853/3077 2432/2851/3075
f 2334/2852/3076 2434/2855/3079 2433/2853/3077
f 2336/2854/3078 2435/2857/3081 2434/2855/3079
f 2336/2854/3078 2338/2858/3082 2436/2856/3080
f 2338/2858/3082 2340/2861/3085 2437/2859/3083
f 2342/2860/3084 2438/2863/3087 2437/2859/3083
f 2344/2862/3086 2439/2865/3089 2438/2863/3087
f 2344/2862/3086 2346/2866/3090 2440/2864/3088
f 2346/2866/3090 2348/2868/3092 2441/2867/3091
f 2348/2868/3092 2350/2871/3095 2442/2869/3093
f 2352/2870/3094 2443/2872/3096 2442/2869/3093
f 2295/2815/3039 2414/2814/3038 2443/2872/3096
f 2444/2873/3097 2355/2876/2506 2356/2759/2506
f 2446/2875/3099 2358/2762/2506 2355/2876/2506
f 2447/2877/3100 2360/2765/2506 2358/2762/2506
f 2448/2878/3101 2362/2767/2506 2360/2765/2506
f 2449/2879/3102 2364/2881/2506 2362/2767/2506
f 2450/2880/3103 2366/2769/2506 2364/2881/2506
f 2368/2771/2506 2366/2769/2506 2450/2880/3103
f 2452/2829/3105 2370/2774/2506 2368/2771/2506
f 2453/2883/3106 2372/2776/2506 2370/2774/2506
f 2374/2884/2506 2372/2776/2506 2453/2883/3106
f 2376/2778/2506 2374/2884/2506 2454/2885/3107
f 2378/2780/2506 2376/2778/2506 2455/2886/3108
f 2380/2782/2506 2378/2780/2506 2456/2887/3109
f 2382/2889/2506 2380/2782/2506 2457/2888/3110
f 2384/2785/2506 2382/2889/2506 2458/2890/3111
f 2386/2788/2506 2384/2785/2506 2459/2891/3112
f 2388/2790/2506 2386/2788/2506 2460/2892/3113
f 2462/2894/3115 2390/2792/2506 2388/2790/2506
f 2463/2895/3116 2392/2974/2506 2390/2792/2506
f 2394/2794/2506 2392/2974/2506 2463/2895/3116
f 2396/2796/2506 2394/2794/2506 2464/2896/3117
f 2398/2799/2506 2396/2796/2506 2465/2897/3118
f 2467/2898/3120 2400/2900/2506 2398/2799/2506
f 2468/2899/3121 2402/2801/2506 2400/2900/2506
f 2469/2901/3122 2404/2804/2506 2402/2801/2506
f 2470/2902/3123 2406/2975/2506 2404/2804/2506
f 2408/2806/2506 2406/2975/2506 2470/2902/3123
f 2410/2808/2506 2408/2806/2506 2471/2903/3124
f 2473/2872/3126 2412/2810/2506 2410/2808/2506
f 2445/2874/3098 2356/2759/2506 2412/2810/2506
s 0
f 2236/2645/3345 2293/2701/3346 2294/2700/3347
f 2238/2650/3348 2297/2702/3349 2293/2701/3350
f 2240/2652/3351 2299/2705/3352 2297/2702/3353
f 2240/2652/3354 2242/2654/3355 2301/2707/3356
f 2242/2654/3357 2244/2905/3358 2303/2708/3359
f 2244/2905/3360 2246/2655/3361 2305/2711/3362
f 2246/2655/3363 2248/2657/3364 2307/2712/3365
f 2248/2657/3366 2250/2661/3367 2309/2715/3368
f 2252/2906/3369 2311/2717/3370 2309/2715/3371
f 2254/2662/3372 2313/2718/3373 2311/2717/3374
f 2256/2664/3375 2315/2721/3376 2313/2718/3377
f 2258/2666/3378 2317/2722/3379 2315/2721/3380
f 2258/2666/3381 2260/2907/3382 2319/2724/3383
f 2260/2907/3384 2262/2669/3385 2321/2727/3386
f 2262/2669/3387 2264/2671/3388 2323/2728/3389
f 2266/2673/3390 2325/2731/3391 2323/2728/3392
f 2268/2675/3393 2327/2732/3394 2325/2731/3395
f 2270/2677/3396 2329/2735/3397 2327/2732/3398
f 2270/2677/3399 2272/2681/3400 2331/2736/3401
f 2272/2681/3402 2274/2908/3403 2333/2738/3404
f 2276/2682/3405 2335/2740/3406 2333/2738/3407
f 2276/2682/3408 2278/2684/3409 2337/2743/3410
f 2278/2684/3411 2280/2688/3412 2339/2744/3413
f 2282/2690/3414 2341/2746/3415 2339/2744/3416
f 2282/2690/3417 2284/2909/3418 2343/2749/3419
f 2286/2691/3420 2345/2751/3421 2343/2749/3422
f 2288/2910/3423 2347/2753/3424 2345/2751/3425
f 2288/2910/3426 2290/2694/3427 2349/2754/3428
f 2290/2694/3429 2292/2696/3430 2351/2757/3431
f 2292/2696/3432 2235/2698/3433 2294/2700/3434
s 1
f 2444/2873/3097 2445/2874/3098 2414/2814/3038
f 2446/2875/3099 2444/2873/3097 2415/2817/3041
f 2447/2877/3100 2446/2875/3099 2416/2819/3043
f 2448/2878/3101 2447/2877/3100 2417/2821/3045
f 2449/2879/3102 2448/2878/3101 2418/2820/3044
f 2450/2880/3103 2449/2879/3102 2419/2825/3049
f 2451/2882/3104 2450/2880/3103 2420/2824/3048
f 2451/2882/3104 2421/2827/3051 2422/2829/3053
f 2452/2829/3105 2422/2829/3053 2423/2833/3057
f 2453/2883/3106 2423/2833/3057 2424/2835/3059
f 2454/2885/3107 2424/2835/3059 2425/2834/3058
f 2455/2886/3108 2425/2834/3058 2426/2839/3063
f 2456/2887/3109 2426/2839/3063 2427/2838/3062
f 2457/2888/3110 2427/2838/3062 2428/2841/3065
f 2458/2890/3111 2428/2841/3065 2429/2843/3067
f 2459/2891/3112 2429/2843/3067 2430/2845/3069
f 2460/2892/3113 2430/2845/3069 2431/2847/3071
f 2462/2894/3115 2461/2893/3114 2431/2847/3071
f 2463/2895/3116 2462/2894/3115 2432/2851/3075
f 2464/2896/3117 2463/2895/3116 2433/2853/3077
f 2465/2897/3118 2464/2896/3117 2434/2855/3079
f 2466/2856/3119 2465/2897/3118 2435/2857/3081
f 2467/2898/3120 2466/2856/3119 2436/2856/3080
f 2467/2898/3120 2437/2859/3083 2438/2863/3087
f 2468/2899/3121 2438/2863/3087 2439/2865/3089
f 2469/2901/3122 2439/2865/3089 2440/2864/3088
f 2470/2902/3123 2440/2864/3088 2441/2867/3091
f 2471/2903/3124 2441/2867/3091 2442/2869/3093
f 2473/2872/3126 2472/2904/3125 2442/2869/3093
f 2445/2874/3098 2473/2872/3126 2443/2872/3096
usemtl car_tire
f 1868/2207/2507 1870/2208/2508 1869/2209/2509
f 1872/2210/2510 1871/2211/2511 1868/2207/2507
f 1873/2212/2512 1871/2211/2511 1872/2210/2510
f 1875/2213/2513 1874/2214/2514 1873/2212/2512
f 1879/2215/2515 1877/2216/2516 1876/2217/2517
f 1879/2215/2515 1880/2218/2518 1881/2219/2519
f 1885/2220/2520 1883/2221/2521 1882/2222/2522
f 1887/2223/2523 1884/2224/2524 1885/2220/2520
f 1889/2225/2525 1886/2226/2526 1887/2223/2523
f 2/2227/2527 1885/2220/2520 1882/2222/2522
f 1885/2220/2520 2198/2228/2528 1887/2223/2523
f 2198/2228/2528 1889/2225/2525 1887/2223/2523
f 1871/2211/2511 1877/2216/2516 1870/2208/2508
f 1868/2207/2507 1891/2229/2529 1890/2230/2530
f 1868/2207/2507 1892/2231/2531 1872/2210/2510
f 1871/2211/2511 1880/2218/2518 1876/2217/2517
f 1872/2210/2510 1893/2232/2532 1873/2212/2512
f 1891/2229/2529 1884/2224/2524 1890/2230/2530
f 1892/2231/2531 1884/2224/2524 1886/2226/2526
f 1893/2232/2532 1886/2226/2526 1888/2233/2533
f 1878/2234/2534 62/2235/2535 2199/2236/2536
f 1879/2237/2515 63/2238/2537 62/2235/2535
f 1895/2239/2538 1875/2213/2513 1894/2240/2539
f 1896/2241/2540 1895/2239/2538 1894/2240/2539
f 1881/2219/2519 1897/2242/2541 1898/2243/2542
f 1889/2225/2525 1899/2244/2543 1888/2233/2533
f 1900/2245/2544 1901/2246/2545 1899/2244/2543
f 1904/2247/2546 1901/2246/2545 1902/2248/2547
f 1889/2225/2525 2200/2249/2548 1900/2245/2544
f 2200/2249/2548 1902/2248/2547 1900/2245/2544
f 1902/2248/2547 2201/2250/2549 1904/2247/2546
f 1873/2212/2512 1905/2251/2550 1875/2213/2513
f 1874/2214/2514 1897/2242/2541 1880/2218/2518
f 1875/2213/2513 1906/2252/2551 1894/2240/2539
f 1896/2241/2540 1906/2252/2551 1907/2253/2552
f 1893/2232/2532 1899/2244/2543 1905/2251/2550
f 1905/2251/2550 1901/2246/2545 1906/2252/2551
f 1907/2253/2552 1901/2246/2545 1903/2254/2553
f 1881/2255/2519 2202/2256/2554 63/2257/2537
f 1911/2258/2555 1909/2259/2556 1908/2260/2557
f 1912/2261/2558 1911/2258/2555 1908/2260/2557
f 1913/2262/2559 1911/2258/2555 1912/2261/2558
f 1915/2263/2560 1914/2264/2561 1913/2262/2559
f 1918/2265/2562 1916/2266/2563 1919/2267/2564
f 1919/2267/2564 1920/2268/2565 1921/2269/2566
f 1925/2270/2567 1923/2271/2568 1922/2272/2569
f 1927/2273/2570 1924/2274/2571 1925/2270/2567
f 1927/2273/2570 1928/2275/2572 1926/2276/2573
f 227/2277/2574 1925/2270/2567 1922/2272/2569
f 226/2278/2575 1927/2273/2570 1925/2270/2567
f 1927/2273/2570 229/2279/2576 1929/2280/2577
f 1910/2281/2578 1916/2266/2563 1917/2282/2579
f 1909/2259/2556 1930/2283/2580 1908/2260/2557
f 1912/2261/2558 1930/2283/2580 1932/2284/2581
f 1914/2264/2561 1916/2266/2563 1911/2258/2555
f 1913/2262/2559 1932/2284/2581 1933/2285/2582
f 1931/2286/2583 1924/2274/2571 1930/2283/2580
f 1930/2283/2580 1926/2276/2573 1932/2284/2581
f 1932/2284/2581 1928/2275/2572 1933/2285/2582
f 1918/2287/2562 2203/2288/2584 288/2289/2585
f 1919/2290/2564 289/2291/2586 2203/2288/2584
f 1934/2292/2587 1914/2264/2561 1915/2263/2560
f 1869/2209/2509 1870/2208/2508 1934/2292/2587
f 1878/2293/2534 1920/2268/2565 1877/2216/2516
f 1929/2280/2577 1935/2294/2588 1928/2275/2572
f 1938/2295/2589 1935/2294/2588 1936/2296/2590
f 1938/2295/2589 1883/2221/2521 1937/2297/2591
f 229/2279/2576 1936/2296/2590 1929/2280/2577
f 317/2298/2592 1938/2295/2589 1936/2296/2590
f 318/2299/2593 1882/2222/2522 1938/2295/2589
f 1915/2263/2560 1933/2285/2582 1939/2300/2594
f 1914/2264/2561 1877/2216/2516 1920/2268/2565
f 1934/2292/2587 1939/2300/2594 1940/2301/2595
f 1869/2209/2509 1940/2301/2595 1891/2229/2529
f 1933/2285/2582 1935/2294/2588 1939/2300/2594
f 1939/2300/2594 1937/2297/2591 1940/2301/2595
f 1891/2229/2529 1937/2297/2591 1883/2221/2521
f 289/2291/2586 1878/2234/2534 2199/2236/2536
f 1944/2302/2596 1942/2303/2597 1941/2304/2598
f 1945/2305/2599 1944/2302/2596 1941/2304/2598
f 1946/2306/2600 1944/2302/2596 1945/2305/2599
f 1948/2307/2601 1947/2308/2602 1946/2306/2600
f 1951/2309/2603 1949/2310/2604 1952/2311/2605
f 1952/2311/2605 1953/2312/2606 1954/2313/2607
f 1958/2314/2608 1956/2315/2609 1955/2316/2610
f 1960/2317/2611 1957/2318/2612 1958/2314/2608
f 1960/2317/2611 1961/2319/2613 1959/2320/2614
f 2205/2321/2615 1958/2314/2608 1955/2316/2610
f 1958/2314/2608 416/2322/2616 1960/2317/2611
f 1960/2317/2611 2206/2323/2617 1962/2324/2618
f 1943/2325/2619 1949/2310/2604 1950/2326/2620
f 1942/2303/2597 1963/2327/2621 1941/2304/2598
f 1941/2304/2598 1965/2328/2622 1945/2305/2599
f 1947/2308/2602 1949/2310/2604 1944/2302/2596
f 1946/2306/2600 1965/2328/2622 1966/2329/2623
f 1963/2327/2621 1956/2315/2609 1957/2318/2612
f 1965/2328/2622 1957/2318/2612 1959/2320/2614
f 1966/2329/2623 1959/2320/2614 1961/2319/2613
f 1951/2330/2603 2208/2331/2624 2207/2332/2625
f 2208/2331/2624 1954/2333/2607 475/2334/2626
f 1910/2281/2578 1948/2307/2601 1967/2335/2627
f 1909/2259/2556 1910/2281/2578 1967/2335/2627
f 1954/2313/2607 1917/2282/2579 1918/2265/2562
f 1962/2324/2618 1968/2336/2628 1961/2319/2613
f 1971/2337/2629 1968/2336/2628 1969/2338/2630
f 1922/2272/2569 1970/2339/2631 1971/2337/2629
f 2206/2323/2617 1969/2338/2630 1962/2324/2618
f 503/2340/2632 1971/2337/2629 1969/2338/2630
f 2209/2341/2633 1922/2272/2569 1971/2337/2629
f 1948/2307/2601 1966/2329/2623 1972/2342/2634
f 1947/2308/2602 1917/2282/2579 1953/2312/2606
f 1948/2307/2601 1973/2343/2635 1967/2335/2627
f 1967/2335/2627 1931/2286/2583 1909/2259/2556
f 1966/2329/2623 1968/2336/2628 1972/2342/2634
f 1972/2342/2634 1970/2339/2631 1973/2343/2635
f 1931/2286/2583 1970/2339/2631 1923/2271/2568
f 475/2334/2626 1918/2287/2562 288/2289/2585
f 1974/2344/2636 1976/2345/2637 1975/2346/2638
f 1978/2347/2639 1977/2348/2640 1974/2344/2636
f 1980/2349/2641 1978/2347/2639 1979/2350/2642
f 1981/2351/2643 1980/2349/2641 1979/2350/2642
f 1985/2352/2644 1983/2353/2645 1982/2354/2646
f 1987/2355/2647 1982/2354/2646 1986/2356/2648
f 1988/2357/2649 1990/2358/2650 1989/2359/2651
f 1991/2360/2652 1992/2361/2653 1990/2358/2650
f 1995/2362/2654 1992/2361/2653 1993/2363/2655
f 1988/2357/2649 600/2364/2656 1991/2360/2652
f 1991/2360/2652 602/2365/2657 1993/2363/2655
f 1993/2363/2655 603/2366/2658 1995/2362/2654
f 1977/2348/2640 1983/2353/2645 1976/2345/2637
f 1974/2344/2636 1997/2367/2659 1996/2368/2660
f 1974/2344/2636 1998/2369/2661 1978/2347/2639
f 1977/2348/2640 1986/2356/2648 1982/2354/2646
f 1978/2347/2639 1999/2370/2662 1979/2350/2642
f 1997/2367/2659 1990/2358/2650 1996/2368/2660
f 1998/2369/2661 1990/2358/2650 1992/2361/2653
f 1999/2370/2662 1992/2361/2653 1994/2371/2663
f 1984/2372/2664 663/2373/2665 662/2374/2666
f 1985/2375/2644 2210/2376/2667 663/2373/2665
f 2000/2377/2668 1980/2349/2641 1981/2351/2643
f 1942/2303/2597 1943/2325/2619 2000/2377/2668
f 1987/2355/2647 1950/2326/2620 1951/2309/2603
f 1995/2362/2654 2001/2378/2669 1994/2371/2663
f 2002/2379/2670 2003/2380/2671 2001/2378/2669
f 2004/2381/2672 1956/2315/2609 2003/2380/2671
f 603/2366/2658 2002/2379/2670 1995/2362/2654
f 2211/2382/2673 2004/2381/2672 2002/2379/2670
f 2212/2383/2674 1955/2316/2610 2004/2381/2672
f 1979/2350/2642 2005/2384/2675 1981/2351/2643
f 1980/2349/2641 1950/2326/2620 1986/2356/2648
f 2000/2377/2668 2005/2384/2675 2006/2385/2676
f 1942/2303/2597 2006/2385/2676 1964/2386/2677
f 1999/2370/2662 2001/2378/2669 2005/2384/2675
f 2005/2384/2675 2003/2380/2671 2006/2385/2676
f 2006/2385/2676 1956/2315/2609 1964/2386/2677
f 1987/2387/2647 2207/2332/2625 2210/2376/2667
f 2010/2388/2678 2008/2389/2679 2007/2390/2680
f 2011/2391/2681 2010/2388/2678 2007/2390/2680
f 2012/2392/2682 2010/2388/2678 2011/2391/2681
f 2014/2393/2683 2013/2394/2684 2012/2392/2682
f 2018/2395/2685 2016/2396/2686 2015/2397/2687
f 2020/2398/2688 2015/2397/2687 2019/2399/2689
f 2024/2400/2690 2022/2401/2691 2021/2402/2692
f 2024/2400/2690 2025/2403/2693 2023/2404/2694
f 2026/2405/2695 2027/2406/2696 2025/2403/2693
f 2021/2402/2692 787/2407/2697 2024/2400/2690
f 2024/2400/2690 788/2408/2698 2026/2405/2695
f 2026/2405/2695 2214/2409/2699 2028/2410/2700
f 2009/2411/2701 2015/2397/2687 2016/2396/2686
f 2008/2389/2679 2029/2412/2702 2007/2390/2680
f 2007/2390/2680 2031/2413/2703 2011/2391/2681
f 2013/2394/2684 2015/2397/2687 2010/2388/2678
f 2011/2391/2681 2032/2414/2704 2012/2392/2682
f 2029/2412/2702 2022/2401/2691 2023/2404/2694
f 2031/2413/2703 2023/2404/2694 2025/2403/2693
f 2032/2414/2704 2025/2403/2693 2027/2406/2696
f 2215/2415/2705 2018/2416/2685 2216/2417/2706
f 2216/2417/2706 2020/2418/2688 847/2419/2707
f 1976/2345/2637 2014/2393/2683 2033/2420/2708
f 1975/2346/2638 1976/2345/2637 2033/2420/2708
f 1984/2421/2664 2019/2399/2689 1983/2353/2645
f 2035/2422/2709 2027/2406/2696 2028/2410/2700
f 2037/2423/2710 2034/2424/2711 2035/2422/2709
f 1988/2357/2649 2036/2425/2712 2037/2423/2710
f 2214/2409/2699 2035/2422/2709 2028/2410/2700
f 2035/2422/2709 876/2426/2713 2037/2423/2710
f 2037/2423/2710 601/2427/2714 1988/2357/2649
f 2012/2392/2682 2038/2428/2715 2014/2393/2683
f 1976/2345/2637 2019/2399/2689 2013/2394/2684
f 2014/2393/2683 2039/2429/2716 2033/2420/2708
f 1975/2346/2638 2039/2429/2716 1997/2367/2659
f 2038/2428/2715 2027/2406/2696 2034/2424/2711
f 2039/2429/2716 2034/2424/2711 2036/2425/2712
f 1997/2367/2659 2036/2425/2712 1989/2359/2651
f 847/2419/2707 1984/2372/2664 662/2374/2666
f 2043/2430/2717 2041/2431/2718 2040/2432/2719
f 2044/2433/2720 2043/2430/2717 2040/2432/2719
f 2046/2434/2721 2044/2433/2720 2045/2435/2722
f 2047/2436/2723 2046/2437/2721 2045/2438/2722
f 2051/2439/2724 2049/2440/2725 2048/2441/2726
f 2051/2439/2724 2052/2442/2727 2053/2443/2728
f 2054/2444/2729 2056/2445/2730 2055/2446/2731
f 2059/2447/2732 2056/2445/2730 2057/2448/2733
f 2061/2449/2734 2058/2450/2735 2059/2447/2732
f 2054/2444/2729 2217/2451/2736 2057/2448/2733
f 2057/2448/2733 973/2452/2737 2059/2447/2732
f 973/2452/2737 2061/2449/2734 2059/2447/2732
f 2043/2430/2717 2049/2440/2725 2042/2453/2738
f 2041/2431/2718 2062/2454/2739 2040/2432/2719
f 2044/2433/2720 2062/2454/2739 2064/2455/2740
f 2046/2434/2721 2048/2441/2726 2043/2430/2717
f 2045/2435/2722 2064/2455/2740 2065/2456/2741
f 2063/2457/2742 2056/2445/2730 2062/2454/2739
f 2064/2455/2740 2056/2445/2730 2058/2450/2735
f 2065/2456/2741 2058/2450/2735 2060/2458/2743
f 2050/2459/2744 1033/2460/2745 1032/2461/2746
f 1033/2460/2745 2053/2462/2728 2220/2463/2747
f 2066/2464/2748 2046/2437/2721 2047/2436/2723
f 2008/2389/2679 2009/2411/2701 2066/2464/2748
f 2017/2465/2749 2052/2466/2727 2016/2396/2686
f 2061/2467/2734 2067/2468/2750 2060/2469/2743
f 2068/2470/2751 2069/2471/2752 2067/2468/2750
f 2070/2472/2753 2022/2401/2691 2069/2471/2752
f 2061/2467/2734 1061/2473/2754 2068/2470/2751
f 1061/2473/2754 2070/2472/2753 2068/2470/2751
f 2221/2474/2755 2021/2402/2692 2070/2472/2753
f 2047/2436/2723 2065/2475/2741 2071/2476/2756
f 2046/2437/2721 2016/2396/2686 2052/2466/2727
f 2066/2464/2748 2071/2476/2756 2072/2477/2757
f 2066/2464/2748 2030/2478/2758 2008/2389/2679
f 2065/2475/2741 2067/2468/2750 2071/2476/2756
f 2071/2476/2756 2069/2471/2752 2072/2477/2757
f 2030/2478/2758 2069/2471/2752 2022/2401/2691
f 2220/2463/2747 2017/2479/2749 2215/2415/2705
f 2073/2480/2759 2075/2481/2760 2074/2482/2761
f 2077/2483/2762 2076/2484/2763 2073/2480/2759
f 2079/2485/2764 2077/2483/2762 2078/2486/2765
f 2080/2487/2766 2079/2485/2764 2078/2486/2765
f 2083/2488/2767 2081/2489/2768 2084/2490/2769
f 2084/2490/2769 2085/2491/2770 2086/2492/2771
f 2087/2493/2772 2089/2494/2773 2088/2495/2774
f 2090/2496/2775 2091/2497/2776 2089/2494/2773
f 2094/2498/2777 2091/2497/2776 2092/2499/2778
f 1158/2500/2779 2090/2496/2775 2087/2493/2772
f 2090/2496/2775 1159/2501/2780 2092/2499/2778
f 2092/2499/2778 2223/2502/2781 2094/2498/2777
f 2076/2484/2763 2082/2503/2782 2075/2481/2760
f 2073/2480/2759 2096/2504/2783 2095/2505/2784
f 2077/2483/2762 2095/2505/2784 2097/2506/2785
f 2076/2484/2763 2085/2491/2770 2081/2489/2768
f 2078/2486/2765 2097/2506/2785 2098/2507/2786
f 2096/2504/2783 2089/2494/2773 2095/2505/2784
f 2095/2505/2784 2091/2497/2776 2097/2506/2785
f 2097/2506/2785 2093/2508/2787 2098/2507/2786
f 1218/2509/2788 2084/2510/2769 1219/2511/2789
f 2084/2510/2769 2224/2512/2790 1219/2511/2789
f 2042/2453/2738 2080/2487/2766 2099/2513/2791
f 2041/2431/2718 2042/2453/2738 2099/2513/2791
f 2086/2492/2771 2049/2440/2725 2050/2514/2744
f 2094/2498/2777 2100/2515/2792 2093/2508/2787
f 2101/2516/2793 2102/2517/2794 2100/2515/2792
f 2103/2518/2795 2055/2446/2731 2102/2517/2794
f 2094/2498/2777 1247/2519/2796 2101/2516/2793
f 2101/2516/2793 1248/2520/2797 2103/2518/2795
f 1248/2520/2797 2054/2444/2729 2103/2518/2795
f 2080/2487/2766 2098/2507/2786 2104/2521/2798
f 2079/2485/2764 2049/2440/2725 2085/2491/2770
f 2080/2487/2766 2105/2522/2799 2099/2513/2791
f 2099/2513/2791 2063/2457/2742 2041/2431/2718
f 2098/2507/2786 2100/2515/2792 2104/2521/2798
f 2105/2522/2799 2100/2515/2792 2102/2517/2794
f 2063/2457/2742 2102/2517/2794 2055/2446/2731
f 2086/2523/2771 1032/2461/2746 2224/2512/2790
f 2106/2524/2800 2108/2525/2801 2107/2526/2802
f 2110/2527/2803 2109/2528/2804 2106/2524/2800
f 2111/2529/2805 2109/2528/2804 2110/2527/2803
f 2113/2530/2806 2112/2531/2807 2111/2529/2805
f 2117/2532/2808 2115/2533/2809 2114/2534/2810
f 2119/2535/2811 2114/2534/2810 2118/2536/2812
f 2123/2537/2813 2121/2538/2814 2120/2539/2815
f 2125/2540/2816 2122/2541/2817 2123/2537/2813
f 2125/2540/2816 2126/2542/2818 2124/2543/2819
f 2225/2544/2820 2123/2537/2813 2120/2539/2815
f 2123/2537/2813 2226/2545/2821 2125/2540/2816
f 2125/2540/2816 1346/2546/2822 2127/2547/2823
f 2108/2525/2801 2114/2534/2810 2115/2533/2809
f 2107/2526/2802 2128/2548/2824 2106/2524/2800
f 2106/2524/2800 2130/2549/2825 2110/2527/2803
f 2112/2531/2807 2114/2534/2810 2109/2528/2804
f 2111/2529/2805 2130/2549/2825 2131/2550/2826
f 2128/2548/2824 2121/2538/2814 2122/2541/2817
f 2130/2549/2825 2122/2541/2817 2124/2543/2819
f 2131/2550/2826 2124/2543/2819 2126/2542/2818
f 2116/2551/2827 1406/2552/2828 1405/2553/2829
f 2117/2554/2808 1407/2555/2830 1406/2552/2828
f 2132/2556/2831 2112/2531/2807 2113/2530/2806
f 2074/2482/2761 2075/2481/2760 2132/2556/2831
f 2083/2488/2767 2118/2536/2812 2082/2503/2782
f 2127/2547/2823 2133/2557/2832 2126/2542/2818
f 2136/2558/2833 2133/2557/2832 2134/2559/2834
f 2087/2493/2772 2135/2560/2835 2136/2558/2833
f 2127/2547/2823 1435/2561/2836 2134/2559/2834
f 1435/2561/2836 2136/2558/2833 2134/2559/2834
f 1436/2562/2837 2087/2493/2772 2136/2558/2833
f 2113/2530/2806 2131/2550/2826 2137/2563/2838
f 2075/2481/2760 2118/2536/2812 2112/2531/2807
f 2132/2556/2831 2137/2563/2838 2138/2564/2839
f 2074/2482/2761 2138/2564/2839 2096/2504/2783
f 2131/2550/2826 2133/2557/2832 2137/2563/2838
f 2137/2563/2838 2135/2560/2835 2138/2564/2839
f 2096/2504/2783 2135/2560/2835 2088/2495/2774
f 1407/2555/2830 2083/2565/2767 1218/2509/2788
f 2139/2566/2840 2141/2567/2841 2140/2568/2842
f 2143/2569/2843 2142/2570/2844 2139/2566/2840
f 2145/2571/2845 2143/2569/2843 2144/2572/2846
f 2146/2573/2847 2145/2571/2845 2144/2572/2846
f 2149/2574/2848 2147/2575/2849 2150/2576/2850
f 2150/2576/2850 2151/2577/2851 2152/2578/2852
f 2153/2579/2853 2155/2580/2854 2154/2581/2855
f 2156/2582/2856 2157/2583/2857 2155/2580/2854
f 2160/2584/2858 2157/2583/2857 2158/2585/2859
f 2153/2579/2853 1533/2586/2860 2156/2582/2856
f 2156/2582/2856 1534/2587/2861 2158/2585/2859
f 2158/2585/2859 2228/2588/2862 2160/2584/2858
f 2141/2567/2841 2147/2575/2849 2148/2589/2863
f 2139/2566/2840 2162/2590/2864 2161/2591/2865
f 2143/2569/2843 2161/2591/2865 2163/2592/2866
f 2145/2571/2845 2147/2575/2849 2142/2570/2844
f 2143/2569/2843 2164/2593/2867 2144/2572/2846
f 2162/2590/2864 2155/2580/2854 2161/2591/2865
f 2163/2592/2866 2155/2580/2854 2157/2583/2857
f 2164/2593/2867 2157/2583/2857 2159/2594/2868
f 2229/2595/2869 2150/2596/2850 1593/2597/2870
f 2150/2596/2850 1594/2598/2871 1593/2597/2870
f 2108/2525/2801 2146/2573/2847 2165/2599/2872
f 2107/2526/2802 2108/2525/2801 2165/2599/2872
f 2116/2600/2827 2151/2577/2851 2115/2533/2809
f 2167/2601/2873 2159/2594/2868 2160/2584/2858
f 2169/2602/2874 2166/2603/2875 2167/2601/2873
f 2169/2602/2874 2121/2538/2814 2168/2604/2876
f 2228/2588/2862 2167/2601/2873 2160/2584/2858
f 2230/2605/2877 2169/2602/2874 2167/2601/2873
f 2169/2602/2874 2225/2544/2820 2120/2539/2815
f 2144/2572/2846 2170/2606/2878 2146/2573/2847
f 2145/2571/2845 2115/2533/2809 2151/2577/2851
f 2165/2599/2872 2170/2606/2878 2171/2607/2879
f 2107/2526/2802 2171/2607/2879 2129/2608/2880
f 2164/2593/2867 2166/2603/2875 2170/2606/2878
f 2170/2606/2878 2168/2604/2876 2171/2607/2879
f 2171/2607/2879 2121/2538/2814 2129/2608/2880
f 1594/2598/2871 2116/2551/2827 1405/2553/2829
f 2172/2609/2881 1895/2239/2538 1896/2241/2540
f 2174/2610/2882 2173/2611/2883 2172/2609/2881
f 2176/2612/2884 2174/2610/2882 2175/2613/2885
f 2177/2614/2886 2176/2612/2884 2175/2613/2885
f 2179/2615/2887 1897/2242/2541 2178/2616/2888
f 2181/2617/2889 2178/2616/2888 2180/2618/2890
f 2183/2619/2891 1903/2254/2553 1904/2247/2546
f 2185/2620/2892 2182/2621/2893 2183/2619/2891
f 2187/2622/2894 2184/2623/2895 2185/2620/2892
f 2201/2250/2549 2183/2619/2891 1904/2247/2546
f 1719/2624/2896 2185/2620/2892 2183/2619/2891
f 1720/2625/2897 2187/2622/2894 2185/2620/2892
f 2173/2611/2883 1897/2242/2541 1895/2239/2538
f 2172/2609/2881 1907/2253/2552 2188/2626/2898
f 2174/2610/2882 2188/2626/2898 2189/2627/2899
f 2176/2612/2884 2178/2616/2888 2173/2611/2883
f 2174/2610/2882 2190/2628/2900 2175/2613/2885
f 1907/2253/2552 2182/2621/2893 2188/2626/2898
f 2189/2627/2899 2182/2621/2893 2184/2623/2895
f 2190/2628/2900 2184/2623/2895 2186/2629/2901
f 2202/2256/2554 2179/2630/2887 2232/2631/2902
f 2232/2631/2902 2181/2632/2889 1774/2633/2903
f 2191/2634/2904 2176/2612/2884 2177/2614/2886
f 2140/2568/2842 2141/2567/2841 2191/2634/2904
f 2181/2617/2889 2148/2589/2863 2149/2574/2848
f 2187/2622/2894 2192/2635/2905 2186/2629/2901
f 2193/2636/2906 2194/2637/2907 2192/2635/2905
f 2195/2638/2908 2154/2581/2855 2194/2637/2907
f 2231/2639/2909 2193/2636/2906 2187/2622/2894
f 2193/2636/2906 1796/2640/2910 2195/2638/2908
f 2195/2638/2908 2227/2641/2911 2153/2579/2853
f 2175/2613/2885 2196/2642/2912 2177/2614/2886
f 2176/2612/2884 2148/2589/2863 2180/2618/2890
f 2177/2614/2886 2197/2643/2913 2191/2634/2904
f 2191/2634/2904 2162/2590/2864 2140/2568/2842
f 2196/2642/2912 2186/2629/2901 2192/2635/2905
f 2197/2643/2913 2192/2635/2905 2194/2637/2907
f 2162/2590/2864 2194/2637/2907 2154/2581/2855
f 1774/2633/2903 2149/2644/2848 2229/2595/2869
f 1868/2207/2507 1871/2211/2511 1870/2208/2508
f 1873/2212/2512 1874/2214/2514 1871/2211/2511
f 1879/2215/2515 1878/2293/2534 1877/2216/2516
f 1879/2215/2515 1876/2217/2517 1880/2218/2518
f 1885/2220/2520 1884/2224/2524 1883/2221/2521
f 1887/2223/2523 1886/2226/2526 1884/2224/2524
f 1889/2225/2525 1888/2233/2533 1886/2226/2526
f 2/2227/2527 1/2952/3242 1885/2220/2520
f 1885/2220/2520 1/2952/3242 2198/2228/2528
f 2198/2228/2528 3/2953/3243 1889/2225/2525
f 1871/2211/2511 1876/2217/2517 1877/2216/2516
f 1868/2207/2507 1869/2209/2509 1891/2229/2529
f 1868/2207/2507 1890/2230/2530 1892/2231/2531
f 1871/2211/2511 1874/2214/2514 1880/2218/2518
f 1872/2210/2510 1892/2231/2531 1893/2232/2532
f 1891/2229/2529 1883/2221/2521 1884/2224/2524
f 1892/2231/2531 1890/2230/2530 1884/2224/2524
f 1893/2232/2532 1892/2231/2531 1886/2226/2526
f 1878/2234/2534 1879/2237/2515 62/2235/2535
f 1879/2237/2515 1881/2954/2519 63/2238/2537
f 1895/2239/2538 1874/2214/2514 1875/2213/2513
f 1881/2219/2519 1880/2218/2518 1897/2242/2541
f 1889/2225/2525 1900/2245/2544 1899/2244/2543
f 1900/2245/2544 1902/2248/2547 1901/2246/2545
f 1904/2247/2546 1903/2254/2553 1901/2246/2545
f 1889/2225/2525 3/2953/3243 2200/2249/2548
f 2200/2249/2548 91/2955/3244 1902/2248/2547
f 1902/2248/2547 91/2955/3244 2201/2250/2549
f 1873/2212/2512 1893/2232/2532 1905/2251/2550
f 1874/2214/2514 1895/2239/2538 1897/2242/2541
f 1875/2213/2513 1905/2251/2550 1906/2252/2551
f 1896/2241/2540 1894/2240/2539 1906/2252/2551
f 1893/2232/2532 1888/2233/2533 1899/2244/2543
f 1905/2251/2550 1899/2244/2543 1901/2246/2545
f 1907/2253/2552 1906/2252/2551 1901/2246/2545
f 1881/2255/2519 1898/2956/2542 2202/2256/2554
f 1911/2258/2555 1910/2281/2578 1909/2259/2556
f 1913/2262/2559 1914/2264/2561 1911/2258/2555
f 1918/2265/2562 1917/2282/2579 1916/2266/2563
f 1919/2267/2564 1916/2266/2563 1920/2268/2565
f 1925/2270/2567 1924/2274/2571 1923/2271/2568
f 1927/2273/2570 1926/2276/2573 1924/2274/2571
f 1927/2273/2570 1929/2280/2577 1928/2275/2572
f 227/2277/2574 226/2278/2575 1925/2270/2567
f 226/2278/2575 228/2957/3245 1927/2273/2570
f 1927/2273/2570 228/2957/3245 229/2279/2576
f 1910/2281/2578 1911/2258/2555 1916/2266/2563
f 1909/2259/2556 1931/2286/2583 1930/2283/2580
f 1912/2261/2558 1908/2260/2557 1930/2283/2580
f 1914/2264/2561 1920/2268/2565 1916/2266/2563
f 1913/2262/2559 1912/2261/2558 1932/2284/2581
f 1931/2286/2583 1923/2271/2568 1924/2274/2571
f 1930/2283/2580 1924/2274/2571 1926/2276/2573
f 1932/2284/2581 1926/2276/2573 1928/2275/2572
f 1918/2287/2562 1919/2290/2564 2203/2288/2584
f 1919/2290/2564 1921/2958/2566 289/2291/2586
f 1934/2292/2587 1870/2208/2508 1914/2264/2561
f 1878/2293/2534 1921/2269/2566 1920/2268/2565
f 1929/2280/2577 1936/2296/2590 1935/2294/2588
f 1938/2295/2589 1937/2297/2591 1935/2294/2588
f 1938/2295/2589 1882/2222/2522 1883/2221/2521
f 229/2279/2576 317/2298/2592 1936/2296/2590
f 317/2298/2592 318/2299/2593 1938/2295/2589
f 318/2299/2593 2/2227/2527 1882/2222/2522
f 1915/2263/2560 1913/2262/2559 1933/2285/2582
f 1914/2264/2561 1870/2208/2508 1877/2216/2516
f 1934/2292/2587 1915/2263/2560 1939/2300/2594
f 1869/2209/2509 1934/2292/2587 1940/2301/2595
f 1933/2285/2582 1928/2275/2572 1935/2294/2588
f 1939/2300/2594 1935/2294/2588 1937/2297/2591
f 1891/2229/2529 1940/2301/2595 1937/2297/2591
f 289/2291/2586 1921/2958/2566 1878/2234/2534
f 1944/2302/2596 1943/2325/2619 1942/2303/2597
f 1946/2306/2600 1947/2308/2602 1944/2302/2596
f 1951/2309/2603 1950/2326/2620 1949/2310/2604
f 1952/2311/2605 1949/2310/2604 1953/2312/2606
f 1958/2314/2608 1957/2318/2612 1956/2315/2609
f 1960/2317/2611 1959/2320/2614 1957/2318/2612
f 1960/2317/2611 1962/2324/2618 1961/2319/2613
f 2205/2321/2615 2204/2959/3246 1958/2314/2608
f 1958/2314/2608 2204/2959/3246 416/2322/2616
f 1960/2317/2611 416/2322/2616 2206/2323/2617
f 1943/2325/2619 1944/2302/2596 1949/2310/2604
f 1942/2303/2597 1964/2386/2677 1963/2327/2621
f 1941/2304/2598 1963/2327/2621 1965/2328/2622
f 1947/2308/2602 1953/2312/2606 1949/2310/2604
f 1946/2306/2600 1945/2305/2599 1965/2328/2622
f 1963/2327/2621 1964/2386/2677 1956/2315/2609
f 1965/2328/2622 1963/2327/2621 1957/2318/2612
f 1966/2329/2623 1965/2328/2622 1959/2320/2614
f 1951/2330/2603 1952/2960/2605 2208/2331/2624
f 2208/2331/2624 1952/2960/2605 1954/2333/2607
f 1910/2281/2578 1947/2308/2602 1948/2307/2601
f 1954/2313/2607 1953/2312/2606 1917/2282/2579
f 1962/2324/2618 1969/2338/2630 1968/2336/2628
f 1971/2337/2629 1970/2339/2631 1968/2336/2628
f 1922/2272/2569 1923/2271/2568 1970/2339/2631
f 2206/2323/2617 503/2340/2632 1969/2338/2630
f 503/2340/2632 2209/2341/2633 1971/2337/2629
f 2209/2341/2633 227/2277/2574 1922/2272/2569
f 1948/2307/2601 1946/2306/2600 1966/2329/2623
f 1947/2308/2602 1910/2281/2578 1917/2282/2579
f 1948/2307/2601 1972/2342/2634 1973/2343/2635
f 1967/2335/2627 1973/2343/2635 1931/2286/2583
f 1966/2329/2623 1961/2319/2613 1968/2336/2628
f 1972/2342/2634 1968/2336/2628 1970/2339/2631
f 1931/2286/2583 1973/2343/2635 1970/2339/2631
f 475/2334/2626 1954/2333/2607 1918/2287/2562
f 1974/2344/2636 1977/2348/2640 1976/2345/2637
f 1980/2349/2641 1977/2348/2640 1978/2347/2639
f 1985/2352/2644 1984/2421/2664 1983/2353/2645
f 1987/2355/2647 1985/2352/2644 1982/2354/2646
f 1988/2357/2649 1991/2360/2652 1990/2358/2650
f 1991/2360/2652 1993/2363/2655 1992/2361/2653
f 1995/2362/2654 1994/2371/2663 1992/2361/2653
f 1988/2357/2649 601/2427/2714 600/2364/2656
f 1991/2360/2652 600/2364/2656 602/2365/2657
f 1993/2363/2655 602/2365/2657 603/2366/2658
f 1977/2348/2640 1982/2354/2646 1983/2353/2645
f 1974/2344/2636 1975/2346/2638 1997/2367/2659
f 1974/2344/2636 1996/2368/2660 1998/2369/2661
f 1977/2348/2640 1980/2349/2641 1986/2356/2648
f 1978/2347/2639 1998/2369/2661 1999/2370/2662
f 1997/2367/2659 1989/2359/2651 1990/2358/2650
f 1998/2369/2661 1996/2368/2660 1990/2358/2650
f 1999/2370/2662 1998/2369/2661 1992/2361/2653
f 1984/2372/2664 1985/2375/2644 663/2373/2665
f 1985/2375/2644 1987/2387/2647 2210/2376/2667
f 2000/2377/2668 1943/2325/2619 1980/2349/2641
f 1987/2355/2647 1986/2356/2648 1950/2326/2620
f 1995/2362/2654 2002/2379/2670 2001/2378/2669
f 2002/2379/2670 2004/2381/2672 2003/2380/2671
f 2004/2381/2672 1955/2316/2610 1956/2315/2609
f 603/2366/2658 2211/2382/2673 2002/2379/2670
f 2211/2382/2673 2212/2383/2674 2004/2381/2672
f 2212/2383/2674 2205/2321/2615 1955/2316/2610
f 1979/2350/2642 1999/2370/2662 2005/2384/2675
f 1980/2349/2641 1943/2325/2619 1950/2326/2620
f 2000/2377/2668 1981/2351/2643 2005/2384/2675
f 1942/2303/2597 2000/2377/2668 2006/2385/2676
f 1999/2370/2662 1994/2371/2663 2001/2378/2669
f 2005/2384/2675 2001/2378/2669 2003/2380/2671
f 2006/2385/2676 2003/2380/2671 1956/2315/2609
f 1987/2387/2647 1951/2330/2603 2207/2332/2625
f 2010/2388/2678 2009/2411/2701 2008/2389/2679
f 2012/2392/2682 2013/2394/2684 2010/2388/2678
f 2018/2395/2685 2017/2465/2749 2016/2396/2686
f 2020/2398/2688 2018/2395/2685 2015/2397/2687
f 2024/2400/2690 2023/2404/2694 2022/2401/2691
f 2024/2400/2690 2026/2405/2695 2025/2403/2693
f 2026/2405/2695 2028/2410/2700 2027/2406/2696
f 2021/2402/2692 2213/2961/3247 787/2407/2697
f 2024/2400/2690 787/2407/2697 788/2408/2698
f 2026/2405/2695 788/2408/2698 2214/2409/2699
f 2009/2411/2701 2010/2388/2678 2015/2397/2687
f 2008/2389/2679 2030/2478/2758 2029/2412/2702
f 2007/2390/2680 2029/2412/2702 2031/2413/2703
f 2013/2394/2684 2019/2399/2689 2015/2397/2687
f 2011/2391/2681 2031/2413/2703 2032/2414/2704
f 2029/2412/2702 2030/2478/2758 2022/2401/2691
f 2031/2413/2703 2029/2412/2702 2023/2404/2694
f 2032/2414/2704 2031/2413/2703 2025/2403/2693
f 2215/2415/2705 2017/2479/2749 2018/2416/2685
f 2216/2417/2706 2018/2416/2685 2020/2418/2688
f 1976/2345/2637 2013/2394/2684 2014/2393/2683
f 1984/2421/2664 2020/2398/2688 2019/2399/2689
f 2035/2422/2709 2034/2424/2711 2027/2406/2696
f 2037/2423/2710 2036/2425/2712 2034/2424/2711
f 1988/2357/2649 1989/2359/2651 2036/2425/2712
f 2214/2409/2699 875/2962/3248 2035/2422/2709
f 2035/2422/2709 875/2962/3248 876/2426/2713
f 2037/2423/2710 876/2426/2713 601/2427/2714
f 2012/2392/2682 2032/2414/2704 2038/2428/2715
f 1976/2345/2637 1983/2353/2645 2019/2399/2689
f 2014/2393/2683 2038/2428/2715 2039/2429/2716
f 1975/2346/2638 2033/2420/2708 2039/2429/2716
f 2038/2428/2715 2032/2414/2704 2027/2406/2696
f 2039/2429/2716 2038/2428/2715 2034/2424/2711
f 1997/2367/2659 2039/2429/2716 2036/2425/2712
f 847/2419/2707 2020/2418/2688 1984/2372/2664
f 2043/2430/2717 2042/2453/2738 2041/2431/2718
f 2046/2434/2721 2043/2430/2717 2044/2433/2720
f 2051/2439/2724 2050/2514/2744 2049/2440/2725
f 2051/2439/2724 2048/2441/2726 2052/2442/2727
f 2054/2444/2729 2057/2448/2733 2056/2445/2730
f 2059/2447/2732 2058/2450/2735 2056/2445/2730
f 2061/2449/2734 2060/2458/2743 2058/2450/2735
f 2054/2444/2729 2218/2963/3249 2217/2451/2736
f 2057/2448/2733 2217/2451/2736 973/2452/2737
f 973/2452/2737 2219/2964/3250 2061/2449/2734
f 2043/2430/2717 2048/2441/2726 2049/2440/2725
f 2041/2431/2718 2063/2457/2742 2062/2454/2739
f 2044/2433/2720 2040/2432/2719 2062/2454/2739
f 2046/2434/2721 2052/2442/2727 2048/2441/2726
f 2045/2435/2722 2044/2433/2720 2064/2455/2740
f 2063/2457/2742 2055/2446/2731 2056/2445/2730
f 2064/2455/2740 2062/2454/2739 2056/2445/2730
f 2065/2456/2741 2064/2455/2740 2058/2450/2735
f 2050/2459/2744 2051/2965/2724 1033/2460/2745
f 1033/2460/2745 2051/2965/2724 2053/2462/2728
f 2066/2464/2748 2009/2411/2701 2046/2437/2721
f 2017/2465/2749 2053/2966/2728 2052/2466/2727
f 2061/2467/2734 2068/2470/2751 2067/2468/2750
f 2068/2470/2751 2070/2472/2753 2069/2471/2752
f 2070/2472/2753 2021/2402/2692 2022/2401/2691
f 2061/2467/2734 2219/2967/3250 1061/2473/2754
f 1061/2473/2754 2221/2474/2755 2070/2472/2753
f 2221/2474/2755 2213/2961/3247 2021/2402/2692
f 2047/2436/2723 2045/2438/2722 2065/2475/2741
f 2046/2437/2721 2009/2411/2701 2016/2396/2686
f 2066/2464/2748 2047/2436/2723 2071/2476/2756
f 2066/2464/2748 2072/2477/2757 2030/2478/2758
f 2065/2475/2741 2060/2469/2743 2067/2468/2750
f 2071/2476/2756 2067/2468/2750 2069/2471/2752
f 2030/2478/2758 2072/2477/2757 2069/2471/2752
f 2220/2463/2747 2053/2462/2728 2017/2479/2749
f 2073/2480/2759 2076/2484/2763 2075/2481/2760
f 2079/2485/2764 2076/2484/2763 2077/2483/2762
f 2083/2488/2767 2082/2503/2782 2081/2489/2768
f 2084/2490/2769 2081/2489/2768 2085/2491/2770
f 2087/2493/2772 2090/2496/2775 2089/2494/2773
f 2090/2496/2775 2092/2499/2778 2091/2497/2776
f 2094/2498/2777 2093/2508/2787 2091/2497/2776
f 1158/2500/2779 2222/2968/3251 2090/2496/2775
f 2090/2496/2775 2222/2968/3251 1159/2501/2780
f 2092/2499/2778 1159/2501/2780 2223/2502/2781
f 2076/2484/2763 2081/2489/2768 2082/2503/2782
f 2073/2480/2759 2074/2482/2761 2096/2504/2783
f 2077/2483/2762 2073/2480/2759 2095/2505/2784
f 2076/2484/2763 2079/2485/2764 2085/2491/2770
f 2078/2486/2765 2077/2483/2762 2097/2506/2785
f 2096/2504/2783 2088/2495/2774 2089/2494/2773
f 2095/2505/2784 2089/2494/2773 2091/2497/2776
f 2097/2506/2785 2091/2497/2776 2093/2508/2787
f 1218/2509/2788 2083/2565/2767 2084/2510/2769
f 2084/2510/2769 2086/2523/2771 2224/2512/2790
f 2042/2453/2738 2079/2485/2764 2080/2487/2766
f 2086/2492/2771 2085/2491/2770 2049/2440/2725
f 2094/2498/2777 2101/2516/2793 2100/2515/2792
f 2101/2516/2793 2103/2518/2795 2102/2517/2794
f 2103/2518/2795 2054/2444/2729 2055/2446/2731
f 2094/2498/2777 2223/2502/2781 1247/2519/2796
f 2101/2516/2793 1247/2519/2796 1248/2520/2797
f 1248/2520/2797 2218/2963/3249 2054/2444/2729
f 2080/2487/2766 2078/2486/2765 2098/2507/2786
f 2079/2485/2764 2042/2453/2738 2049/2440/2725
f 2080/2487/2766 2104/2521/2798 2105/2522/2799
f 2099/2513/2791 2105/2522/2799 2063/2457/2742
f 2098/2507/2786 2093/2508/2787 2100/2515/2792
f 2105/2522/2799 2104/2521/2798 2100/2515/2792
f 2063/2457/2742 2105/2522/2799 2102/2517/2794
f 2086/2523/2771 2050/2459/2744 1032/2461/2746
f 2106/2524/2800 2109/2528/2804 2108/2525/2801
f 2111/2529/2805 2112/2531/2807 2109/2528/2804
f 2117/2532/2808 2116/2600/2827 2115/2533/2809
f 2119/2535/2811 2117/2532/2808 2114/2534/2810
f 2123/2537/2813 2122/2541/2817 2121/2538/2814
f 2125/2540/2816 2124/2543/2819 2122/2541/2817
f 2125/2540/2816 2127/2547/2823 2126/2542/2818
f 2225/2544/2820 1345/2969/3252 2123/2537/2813
f 2123/2537/2813 1345/2969/3252 2226/2545/2821
f 2125/2540/2816 2226/2545/2821 1346/2546/2822
f 2108/2525/2801 2109/2528/2804 2114/2534/2810
f 2107/2526/2802 2129/2608/2880 2128/2548/2824
f 2106/2524/2800 2128/2548/2824 2130/2549/2825
f 2112/2531/2807 2118/2536/2812 2114/2534/2810
f 2111/2529/2805 2110/2527/2803 2130/2549/2825
f 2128/2548/2824 2129/2608/2880 2121/2538/2814
f 2130/2549/2825 2128/2548/2824 2122/2541/2817
f 2131/2550/2826 2130/2549/2825 2124/2543/2819
f 2116/2551/2827 2117/2554/2808 1406/2552/2828
f 2117/2554/2808 2119/2970/2811 1407/2555/2830
f 2132/2556/2831 2075/2481/2760 2112/2531/2807
f 2083/2488/2767 2119/2535/2811 2118/2536/2812
f 2127/2547/2823 2134/2559/2834 2133/2557/2832
f 2136/2558/2833 2135/2560/2835 2133/2557/2832
f 2087/2493/2772 2088/2495/2774 2135/2560/2835
f 2127/2547/2823 1346/2546/2822 1435/2561/2836
f 1435/2561/2836 1436/2562/2837 2136/2558/2833
f 1436/2562/2837 1158/2500/2779 2087/2493/2772
f 2113/2530/2806 2111/2529/2805 2131/2550/2826
f 2075/2481/2760 2082/2503/2782 2118/2536/2812
f 2132/2556/2831 2113/2530/2806 2137/2563/2838
f 2074/2482/2761 2132/2556/2831 2138/2564/2839
f 2131/2550/2826 2126/2542/2818 2133/2557/2832
f 2137/2563/2838 2133/2557/2832 2135/2560/2835
f 2096/2504/2783 2138/2564/2839 2135/2560/2835
f 1407/2555/2830 2119/2970/2811 2083/2565/2767
f 2139/2566/2840 2142/2570/2844 2141/2567/2841
f 2145/2571/2845 2142/2570/2844 2143/2569/2843
f 2149/2574/2848 2148/2589/2863 2147/2575/2849
f 2150/2576/2850 2147/2575/2849 2151/2577/2851
f 2153/2579/2853 2156/2582/2856 2155/2580/2854
f 2156/2582/2856 2158/2585/2859 2157/2583/2857
f 2160/2584/2858 2159/2594/2868 2157/2583/2857
f 2153/2579/2853 2227/2641/2911 1533/2586/2860
f 2156/2582/2856 1533/2586/2860 1534/2587/2861
f 2158/2585/2859 1534/2587/2861 2228/2588/2862
f 2141/2567/2841 2142/2570/2844 2147/2575/2849
f 2139/2566/2840 2140/2568/2842 2162/2590/2864
f 2143/2569/2843 2139/2566/2840 2161/2591/2865
f 2145/2571/2845 2151/2577/2851 2147/2575/2849
f 2143/2569/2843 2163/2592/2866 2164/2593/2867
f 2162/2590/2864 2154/2581/2855 2155/2580/2854
f 2163/2592/2866 2161/2591/2865 2155/2580/2854
f 2164/2593/2867 2163/2592/2866 2157/2583/2857
f 2229/2595/2869 2149/2644/2848 2150/2596/2850
f 2150/2596/2850 2152/2971/2852 1594/2598/2871
f 2108/2525/2801 2145/2571/2845 2146/2573/2847
f 2116/2600/2827 2152/2578/2852 2151/2577/2851
f 2167/2601/2873 2166/2603/2875 2159/2594/2868
f 2169/2602/2874 2168/2604/2876 2166/2603/2875
f 2169/2602/2874 2120/2539/2815 2121/2538/2814
f 2228/2588/2862 2230/2605/2877 2167/2601/2873
f 2230/2605/2877 1622/2972/3253 2169/2602/2874
f 2169/2602/2874 1622/2972/3253 2225/2544/2820
f 2144/2572/2846 2164/2593/2867 2170/2606/2878
f 2145/2571/2845 2108/2525/2801 2115/2533/2809
f 2165/2599/2872 2146/2573/2847 2170/2606/2878
f 2107/2526/2802 2165/2599/2872 2171/2607/2879
f 2164/2593/2867 2159/2594/2868 2166/2603/2875
f 2170/2606/2878 2166/2603/2875 2168/2604/2876
f 2171/2607/2879 2168/2604/2876 2121/2538/2814
f 1594/2598/2871 2152/2971/2852 2116/2551/2827
f 2172/2609/2881 2173/2611/2883 1895/2239/2538
f 2176/2612/2884 2173/2611/2883 2174/2610/2882
f 2179/2615/2887 1898/2243/2542 1897/2242/2541
f 2181/2617/2889 2179/2615/2887 2178/2616/2888
f 2183/2619/2891 2182/2621/2893 1903/2254/2553
f 2185/2620/2892 2184/2623/2895 2182/2621/2893
f 2187/2622/2894 2186/2629/2901 2184/2623/2895
f 2201/2250/2549 1719/2624/2896 2183/2619/2891
f 1719/2624/2896 1720/2625/2897 2185/2620/2892
f 1720/2625/2897 2231/2639/2909 2187/2622/2894
f 2173/2611/2883 2178/2616/2888 1897/2242/2541
f 2172/2609/2881 1896/2241/2540 1907/2253/2552
f 2174/2610/2882 2172/2609/2881 2188/2626/2898
f 2176/2612/2884 2180/2618/2890 2178/2616/2888
f 2174/2610/2882 2189/2627/2899 2190/2628/2900
f 1907/2253/2552 1903/2254/2553 2182/2621/2893
f 2189/2627/2899 2188/2626/2898 2182/2621/2893
f 2190/2628/2900 2189/2627/2899 2184/2623/2895
f 2202/2256/2554 1898/2956/2542 2179/2630/2887
f 2232/2631/2902 2179/2630/2887 2181/2632/2889
f 2191/2634/2904 2141/2567/2841 2176/2612/2884
f 2181/2617/2889 2180/2618/2890 2148/2589/2863
f 2187/2622/2894 2193/2636/2906 2192/2635/2905
f 2193/2636/2906 2195/2638/2908 2194/2637/2907
f 2195/2638/2908 2153/2579/2853 2154/2581/2855
f 2231/2639/2909 1795/2973/3254 2193/2636/2906
f 2193/2636/2906 1795/2973/3254 1796/2640/2910
f 2195/2638/2908 1796/2640/2910 2227/2641/2911
f 2175/2613/2885 2190/2628/2900 2196/2642/2912
f 2176/2612/2884 2141/2567/2841 2148/2589/2863
f 2177/2614/2886 2196/2642/2912 2197/2643/2913
f 2191/2634/2904 2197/2643/2913 2162/2590/2864
f 2196/2642/2912 2190/2628/2900 2186/2629/2901
f 2197/2643/2913 2196/2642/2912 2192/2635/2905
f 2162/2590/2864 2197/2643/2913 2194/2637/2907
f 1774/2633/2903 2181/2632/2889 2149/2644/2848
