# Blender 5.0.1
# www.blender.org
mtllib Coche_llanta_DI.mtl
g car_wheel_FL_Malla
v 0.141120 -0.162889 -0.191001
v 0.043175 -0.072361 -0.086869
v -0.027712 -0.071338 -0.085667
v 0.136227 -0.161110 -0.191394
v 0.084560 -0.051588 -0.073218
v 0.090800 -0.051364 -0.072931
v 0.185948 -0.159252 -0.237340
v 0.185948 -0.133641 -0.252592
v 0.185949 -0.106541 -0.265215
v 0.188245 -0.157300 -0.234358
v 0.188244 -0.131966 -0.249499
v 0.188245 -0.105200 -0.261880
v 0.150205 -0.086793 -0.216121
v 0.095991 -0.043368 -0.089169
v 0.151004 -0.111653 -0.205154
v 0.091798 -0.066590 -0.113189
v 0.100784 -0.052771 -0.119501
v 0.112864 -0.063682 -0.153315
v 0.107273 -0.097484 -0.164578
v 0.123647 -0.130816 -0.182164
v 0.174167 -0.151519 -0.217313
v 0.084310 -0.021862 -0.044263
v 0.094194 -0.040648 -0.082407
v -0.162298 -0.086335 -0.252304
v 0.043175 -0.042120 -0.105060
v -0.027712 -0.041524 -0.103578
v 0.053658 -0.043424 -0.108302
v -0.132046 -0.134394 -0.224901
v -0.132046 -0.084834 -0.247903
v 0.123647 -0.134394 -0.224901
v 0.123647 -0.084834 -0.247903
v 0.123647 -0.129483 -0.216707
v 0.123648 -0.081739 -0.238871
v 0.121950 -0.159945 -0.193046
v 0.100085 -0.131963 -0.180734
v 0.099785 -0.104594 -0.197770
v 0.099785 -0.083403 -0.207693
v 0.079418 -0.099243 -0.163333
v 0.068136 -0.085018 -0.141613
v 0.059749 -0.068591 -0.112814
v 0.093395 -0.083810 -0.139947
v 0.068135 -0.061755 -0.153876
v 0.185948 -0.078249 -0.274873
v 0.185948 -0.049117 -0.281641
v 0.188245 -0.077315 -0.271482
v 0.188245 -0.048554 -0.278101
v 0.183053 -0.078361 -0.275151
v 0.097189 -0.038163 -0.158630
v 0.109171 -0.042842 -0.190863
v 0.092397 -0.032846 -0.132036
v 0.119454 -0.029701 -0.221869
v 0.151004 -0.061171 -0.225460
v 0.178061 -0.046116 -0.264015
v -0.162198 -0.032083 -0.264710
v -0.132046 -0.031472 -0.260113
v 0.123647 -0.031472 -0.260113
v 0.123647 -0.043437 -0.249059
v 0.099785 -0.061244 -0.215207
v 0.100085 -0.029701 -0.221869
v 0.067836 -0.036481 -0.161137
v 0.141119 -0.158799 -0.194476
v 0.136227 -0.159518 -0.192787
v 0.095093 -0.064766 -0.081100
v 0.095991 -0.061738 -0.078121
v 0.148508 -0.113631 -0.202313
v 0.087305 -0.068684 -0.112777
v 0.088403 -0.069397 -0.117225
v 0.092397 -0.067489 -0.118101
v 0.102581 -0.052411 -0.125027
v 0.102581 -0.048520 -0.126592
v 0.100784 -0.044342 -0.122892
v 0.102681 -0.048677 -0.121363
v 0.112864 -0.059977 -0.154806
v 0.129638 -0.071591 -0.187692
v 0.127142 -0.071193 -0.183224
v 0.127142 -0.075269 -0.181585
v 0.129638 -0.077983 -0.185122
v 0.103080 -0.099076 -0.163185
v 0.104977 -0.102716 -0.166348
v 0.109170 -0.100920 -0.167501
v 0.119454 -0.131963 -0.180734
v 0.178061 -0.149305 -0.222509
v 0.172869 -0.146960 -0.218286
v 0.082114 -0.074281 -0.092447
v 0.085908 -0.072665 -0.090837
v 0.053659 -0.072480 -0.090911
v 0.054357 -0.073965 -0.091928
v 0.123448 -0.159839 -0.195457
v 0.081615 -0.102456 -0.166237
v 0.060847 -0.069397 -0.117226
v 0.097189 -0.081976 -0.141007
v 0.093296 -0.036236 -0.159191
v 0.104977 -0.040840 -0.191237
v 0.103080 -0.041183 -0.186472
v 0.107274 -0.043297 -0.186375
v 0.088403 -0.030864 -0.132726
v 0.087305 -0.028298 -0.129022
v 0.091798 -0.030094 -0.127870
v 0.123647 -0.031519 -0.222106
v 0.148508 -0.057777 -0.224780
v 0.174167 -0.040828 -0.261838
v 0.172869 -0.044884 -0.259346
v 0.081614 -0.040951 -0.190977
v 0.059749 -0.028298 -0.129022
v 0.060847 -0.030864 -0.132725
v 0.177761 -0.125137 -0.236535
v 0.177761 -0.099760 -0.248356
v 0.177761 -0.073265 -0.257400
v 0.084560 -0.039791 -0.080277
v 0.091399 -0.039940 -0.080647
v 0.090800 -0.039642 -0.079906
v 0.102581 -0.050466 -0.125809
v 0.112864 -0.061830 -0.154061
v 0.127142 -0.073231 -0.182405
v 0.131335 -0.075169 -0.187222
v 0.175166 -0.123760 -0.233645
v 0.175166 -0.098567 -0.245392
v 0.175166 -0.072258 -0.254361
v 0.175865 -0.145243 -0.221775
v 0.175066 -0.048889 -0.259672
v 0.060847 -0.050689 -0.126365
v 0.059749 -0.049348 -0.123030
v 0.079817 -0.071145 -0.177218
v 0.079318 -0.041220 -0.186564
v 0.082513 -0.072970 -0.181757
v 0.092098 -0.050380 -0.071821
v 0.092098 -0.025837 -0.083845
v 0.093296 -0.051773 -0.073412
v 0.093296 -0.026620 -0.085790
v -0.162298 -0.136784 -0.228836
v 0.079667 -0.022128 -0.044927
v 0.088304 -0.014101 -0.035403
v 0.085009 -0.017856 -0.021732
v 0.085009 -0.010375 -0.026141
v 0.088104 -0.016017 -0.019567
v 0.088104 -0.009331 -0.023547
v 0.088104 -0.013654 -0.034292
v 0.084659 -0.029334 -0.041706
v 0.084659 -0.015146 -0.048704
v 0.084809 -0.011343 -0.028550
v 0.094294 -0.053037 -0.074949
v 0.091399 -0.051811 -0.073505
v 0.095991 -0.030122 -0.094497
v 0.094194 -0.027402 -0.087735
v 0.084560 -0.026545 -0.085605
v 0.091399 -0.026695 -0.085975
v 0.090800 -0.026396 -0.085234
v 0.092098 -0.039083 -0.078517
v 0.093296 -0.062732 -0.064270
v 0.093296 -0.039866 -0.080462
v 0.084660 -0.022464 -0.045761
v 0.079667 -0.014811 -0.047871
v 0.079667 -0.028702 -0.040938
v 0.084310 -0.028269 -0.040395
v 0.084310 -0.014544 -0.047207
v 0.084659 -0.035396 -0.036577
v -0.027712 -0.107787 -0.027528
v 0.054357 -0.114628 -0.027145
v 0.084560 -0.084504 -0.029038
v 0.090800 -0.084151 -0.028965
v 0.185948 -0.268036 -0.098450
v 0.185948 -0.256391 -0.125949
v 0.185949 -0.241813 -0.152044
v 0.188245 -0.264641 -0.097232
v 0.188245 -0.253162 -0.124342
v 0.188245 -0.238787 -0.150140
v 0.183053 -0.256558 -0.126096
v 0.150205 -0.196929 -0.123931
v 0.095992 -0.087226 -0.046776
v 0.151004 -0.210714 -0.100415
v 0.091798 -0.120127 -0.052590
v 0.100784 -0.112700 -0.065693
v 0.112864 -0.141404 -0.086755
v 0.107274 -0.175348 -0.075899
v 0.123647 -0.212604 -0.070598
v 0.174167 -0.250030 -0.086860
v 0.084310 -0.043450 -0.023024
v 0.094194 -0.081138 -0.042876
v -0.173181 -0.230301 -0.162217
v -0.162298 -0.217862 -0.153500
v 0.043175 -0.095484 -0.060350
v -0.027712 -0.094166 -0.059481
v 0.053658 -0.098510 -0.062253
v -0.132046 -0.240606 -0.103027
v -0.132046 -0.214028 -0.150791
v 0.123647 -0.240606 -0.103027
v 0.123647 -0.214028 -0.150791
v 0.123647 -0.231839 -0.099289
v 0.123647 -0.206296 -0.145346
v 0.121950 -0.242622 -0.062290
v 0.100085 -0.212711 -0.068726
v 0.099785 -0.200644 -0.098654
v 0.099785 -0.189262 -0.119052
v 0.079418 -0.176086 -0.073988
v 0.068136 -0.151669 -0.064654
v 0.059749 -0.121552 -0.051048
v 0.093396 -0.149833 -0.064101
v 0.068136 -0.140071 -0.088259
v 0.185948 -0.224637 -0.176494
v 0.185948 -0.204972 -0.199040
v 0.188245 -0.221814 -0.174294
v 0.188244 -0.202446 -0.196505
v 0.097189 -0.123846 -0.105978
v 0.109171 -0.146584 -0.129332
v 0.092397 -0.103880 -0.087643
v 0.119454 -0.154175 -0.162114
v 0.151004 -0.181695 -0.146525
v 0.178061 -0.192230 -0.186625
v -0.173181 -0.191638 -0.206557
v -0.162198 -0.181299 -0.195434
v -0.132046 -0.178085 -0.191991
v 0.123647 -0.178085 -0.191991
v 0.123647 -0.181308 -0.176059
v 0.099785 -0.175784 -0.138248
v 0.100085 -0.154175 -0.162114
v 0.067836 -0.124000 -0.109037
v 0.141120 -0.242478 -0.064070
v 0.136227 -0.242084 -0.062291
v 0.095093 -0.099759 -0.027637
v 0.095991 -0.095642 -0.027033
v 0.148508 -0.210596 -0.096910
v 0.087305 -0.121515 -0.050956
v 0.088403 -0.124747 -0.054175
v 0.092397 -0.123750 -0.055975
v 0.102581 -0.115675 -0.070415
v 0.102581 -0.113365 -0.074035
v 0.100784 -0.107857 -0.073452
v 0.102681 -0.110446 -0.069721
v 0.112864 -0.139296 -0.090078
v 0.129638 -0.167924 -0.109879
v 0.127142 -0.165024 -0.106417
v 0.127142 -0.167335 -0.102797
v 0.129638 -0.171676 -0.103957
v 0.103080 -0.175826 -0.073877
v 0.104977 -0.180629 -0.074313
v 0.109171 -0.179798 -0.076261
v 0.119454 -0.212711 -0.068726
v 0.178061 -0.251283 -0.092383
v 0.172869 -0.246922 -0.090370
v 0.082114 -0.114209 -0.031187
v 0.085907 -0.111946 -0.030913
v 0.053659 -0.111798 -0.031080
v 0.054357 -0.113689 -0.030965
v 0.123448 -0.243942 -0.064234
v 0.081614 -0.180351 -0.074424
v 0.060847 -0.124747 -0.054175
v 0.097189 -0.148965 -0.065957
v 0.093296 -0.122552 -0.107574
v 0.104978 -0.145160 -0.130872
v 0.103080 -0.142723 -0.126688
v 0.107273 -0.144259 -0.125424
v 0.088403 -0.102753 -0.089388
v 0.087305 -0.098485 -0.087876
v 0.091798 -0.099316 -0.085928
v 0.123647 -0.155768 -0.161258
v 0.148508 -0.178621 -0.147976
v 0.174167 -0.186707 -0.187878
v 0.172869 -0.188404 -0.183535
v 0.081615 -0.145141 -0.130558
v 0.059749 -0.098485 -0.087876
v 0.060847 -0.102715 -0.089296
v 0.177762 -0.240060 -0.117990
v 0.177761 -0.226425 -0.142415
v 0.177761 -0.210358 -0.165343
v 0.084559 -0.079133 -0.041637
v 0.091399 -0.079430 -0.041841
v 0.090800 -0.078836 -0.041434
v 0.102581 -0.114492 -0.072290
v 0.112864 -0.140331 -0.088370
v 0.127142 -0.166152 -0.104672
v 0.131335 -0.170589 -0.107408
v 0.175166 -0.237183 -0.116456
v 0.175166 -0.223696 -0.140714
v 0.175165 -0.207740 -0.163382
v 0.175864 -0.247560 -0.094095
v 0.175066 -0.191849 -0.181397
v 0.060847 -0.115012 -0.072511
v 0.059749 -0.111986 -0.070608
v 0.079817 -0.161511 -0.101696
v 0.079318 -0.142760 -0.126780
v 0.082513 -0.165558 -0.104265
v 0.185949 -0.183116 -0.219347
v 0.188244 -0.180830 -0.216607
v 0.183053 -0.183320 -0.219587
v 0.082114 -0.077446 -0.089882
v 0.174167 -0.169885 -0.203577
v 0.054358 -0.077038 -0.089401
v 0.094294 -0.063995 -0.065806
v 0.142817 -0.162247 -0.194488
v 0.095093 -0.067987 -0.078405
v 0.095991 -0.065533 -0.074980
v 0.085907 -0.076126 -0.087938
v 0.178061 -0.171687 -0.205649
v 0.053658 -0.076274 -0.087770
v 0.051362 -0.074070 -0.088979
v 0.123448 -0.163436 -0.195839
v 0.123448 -0.163689 -0.192187
v 0.121950 -0.161334 -0.191950
v 0.084560 -0.062546 -0.064075
v 0.091399 -0.062769 -0.064362
v 0.090800 -0.062323 -0.063788
v 0.092098 -0.082704 -0.028579
v 0.092098 -0.069940 -0.052760
v 0.093296 -0.084726 -0.029056
v 0.093295 -0.071777 -0.053851
v -0.162298 -0.244892 -0.104854
v 0.079667 -0.034848 -0.035883
v 0.079667 -0.044038 -0.023415
v 0.088304 -0.031982 -0.020463
v 0.088303 -0.024175 -0.029414
v 0.085009 -0.023498 -0.015159
v 0.088104 -0.024112 -0.006517
v 0.088104 -0.021067 -0.013661
v 0.084310 -0.034383 -0.035352
v 0.088104 -0.035445 -0.009276
v 0.088104 -0.030960 -0.019797
v 0.088104 -0.023450 -0.028414
v 0.084809 -0.019464 -0.023723
v 0.084659 -0.047956 -0.016566
v 0.084659 -0.040678 -0.030578
v 0.084809 -0.025670 -0.016545
v 0.094294 -0.086748 -0.029535
v 0.091399 -0.084856 -0.029112
v 0.095991 -0.079704 -0.058841
v 0.094194 -0.073522 -0.054979
v 0.084559 -0.071564 -0.053722
v 0.091399 -0.071907 -0.053906
v 0.090800 -0.071221 -0.053537
v 0.092097 -0.077555 -0.040658
v 0.092097 -0.061301 -0.062585
v 0.093296 -0.079393 -0.041748
v 0.084659 -0.044827 -0.023905
v 0.079667 -0.039824 -0.030061
v 0.079667 -0.047056 -0.016337
v 0.084310 -0.046366 -0.016183
v 0.084310 -0.039248 -0.029701
v 0.084560 -0.085139 0.026101
v 0.090800 -0.084768 0.025952
v 0.185948 -0.274499 0.077842
v 0.185948 -0.281175 0.048673
v 0.185948 -0.284718 0.018997
v 0.188244 -0.271053 0.076779
v 0.188245 -0.277635 0.048110
v 0.188245 -0.281159 0.018749
v 0.183053 -0.274722 0.077824
v 0.183053 -0.281360 0.048747
v 0.150205 -0.231923 0.015409
v 0.095991 -0.097770 0.013426
v 0.151004 -0.229201 0.042510
v 0.091798 -0.127851 0.028001
v 0.100784 -0.129493 0.012949
v 0.112864 -0.165054 0.012833
v 0.107273 -0.186208 0.041574
v 0.123647 -0.213245 0.067730
v 0.174167 -0.253033 0.076632
v 0.084310 -0.048386 0.006798
v 0.094194 -0.090559 0.012892
v -0.162298 -0.266207 0.003749
v 0.043175 -0.112503 0.007299
v -0.027712 -0.110965 0.007111
v 0.053658 -0.115970 0.007510
v -0.132046 -0.254988 0.057994
v -0.132046 -0.261545 0.003703
v 0.123647 -0.254988 0.057994
v 0.123647 -0.261545 0.003703
v 0.123647 -0.245676 0.055862
v 0.123647 -0.252034 0.003536
v 0.121950 -0.232701 0.092130
v 0.100085 -0.212296 0.069286
v 0.099785 -0.220050 0.037968
v 0.099785 -0.222821 0.014762
v 0.079418 -0.185611 0.043593
v 0.068136 -0.160502 0.036722
v 0.059749 -0.128107 0.030041
v 0.093396 -0.158612 0.036069
v 0.068135 -0.164983 0.010868
v 0.185949 -0.285202 -0.010833
v 0.185949 -0.282553 -0.040632
v 0.188244 -0.281624 -0.010766
v 0.188244 -0.279011 -0.040120
v 0.183053 -0.282775 -0.040650
v 0.097189 -0.162230 -0.013055
v 0.109171 -0.194352 -0.018537
v 0.092397 -0.135248 -0.009918
v 0.119454 -0.219739 -0.040716
v 0.151004 -0.232884 -0.011862
v 0.178061 -0.264935 -0.038033
v -0.173181 -0.276174 -0.054605
v -0.162198 -0.261272 -0.051667
v -0.132046 -0.256709 -0.050758
v 0.123647 -0.256709 -0.050759
v 0.123647 -0.249913 -0.036004
v 0.099785 -0.223200 -0.008654
v 0.100085 -0.219739 -0.040716
v 0.067836 -0.164181 -0.015498
v 0.141120 -0.233520 0.090630
v 0.136227 -0.232220 0.091721
v 0.095093 -0.096669 0.036228
v 0.095991 -0.093021 0.034330
v 0.148508 -0.227045 0.045194
v 0.087305 -0.128069 0.030133
v 0.088403 -0.132539 0.029456
v 0.092397 -0.132766 0.027287
v 0.102581 -0.134744 0.010864
v 0.102581 -0.135030 0.006675
v 0.100784 -0.130142 0.003847
v 0.102681 -0.130114 0.008464
v 0.112865 -0.165358 0.008866
v 0.129638 -0.200193 0.009749
v 0.127142 -0.195797 0.010779
v 0.127142 -0.195566 0.015098
v 0.129638 -0.199679 0.016645
v 0.103080 -0.185425 0.043519
v 0.104977 -0.189611 0.045956
v 0.109171 -0.190115 0.043899
v 0.119454 -0.212296 0.069286
v 0.178061 -0.257341 0.072877
v 0.172869 -0.252560 0.071923
v 0.082114 -0.110471 0.041780
v 0.085907 -0.108415 0.040737
v 0.053659 -0.108397 0.040515
v 0.054358 -0.109878 0.041649
v 0.123448 -0.234872 0.091281
v 0.081614 -0.189370 0.045751
v 0.060847 -0.132447 0.029419
v 0.097189 -0.158987 0.034068
v 0.093296 -0.162160 -0.015020
v 0.104977 -0.194096 -0.020576
v 0.103080 -0.189717 -0.018786
v 0.107273 -0.190158 -0.016671
v 0.088403 -0.135345 -0.012031
v 0.087305 -0.131027 -0.013338
v 0.091798 -0.130523 -0.011281
v 0.123647 -0.220552 -0.038991
v 0.148508 -0.231166 -0.014812
v 0.174167 -0.261179 -0.042342
v 0.172869 -0.260114 -0.037820
v 0.081615 -0.193929 -0.020428
v 0.059749 -0.131083 -0.013207
v 0.060847 -0.135345 -0.012031
v 0.177761 -0.263271 0.045560
v 0.177761 -0.266607 0.017739
v 0.177761 -0.267069 -0.010164
v 0.084560 -0.088196 0.012749
v 0.091399 -0.088576 0.012740
v 0.090800 -0.087816 0.012758
v 0.102581 -0.134841 0.008751
v 0.112864 -0.165206 0.010849
v 0.127142 -0.195700 0.012892
v 0.131335 -0.200928 0.013273
v 0.175166 -0.260102 0.045146
v 0.175166 -0.263362 0.017510
v 0.175166 -0.263842 -0.010170
v 0.175865 -0.255346 0.069277
v 0.175066 -0.261627 -0.034091
v 0.060847 -0.135379 0.008752
v 0.059749 -0.131782 0.008597
v 0.079817 -0.190120 0.012585
v 0.079318 -0.189717 -0.018786
v 0.082513 -0.195070 0.012854
v 0.141120 -0.243747 -0.058932
v 0.185948 -0.276806 -0.069955
v 0.188245 -0.273338 -0.069090
v 0.082114 -0.115203 -0.027236
v 0.174167 -0.256792 -0.064877
v 0.094294 -0.090244 -0.015752
v 0.043175 -0.109326 -0.027878
v 0.142817 -0.245291 -0.061970
v 0.136227 -0.242525 -0.060177
v 0.095093 -0.100808 -0.023556
v 0.095992 -0.096838 -0.022247
v 0.085907 -0.113069 -0.026480
v 0.178061 -0.259556 -0.065594
v 0.053659 -0.112995 -0.026294
v 0.051362 -0.111961 -0.028540
v 0.123448 -0.247091 -0.062430
v 0.123448 -0.245101 -0.059356
v 0.121950 -0.243082 -0.060491
v 0.084559 -0.087962 -0.015164
v 0.091398 -0.088315 -0.015238
v 0.090800 -0.087610 -0.015090
v 0.092098 -0.083379 0.025393
v 0.092098 -0.087361 -0.001631
v 0.093296 -0.085416 0.026213
v 0.093296 -0.089475 -0.001534
v -0.162298 -0.259528 0.059013
v 0.079667 -0.049025 -0.008657
v 0.079667 -0.049125 0.006880
v 0.088304 -0.037630 0.002148
v 0.088304 -0.036540 -0.009590
v 0.085009 -0.026969 -0.007198
v 0.085009 -0.027675 0.001480
v 0.088104 -0.024876 0.001215
v 0.084310 -0.048336 -0.008504
v 0.088104 -0.036406 0.001979
v 0.084809 -0.029380 -0.007842
v 0.084659 -0.048284 0.014721
v 0.084659 -0.050595 -0.000923
v 0.084809 -0.030261 0.001606
v 0.094294 -0.087269 0.026958
v 0.091399 -0.085509 0.026250
v 0.095991 -0.098799 -0.000904
v 0.094194 -0.091458 -0.001381
v 0.084559 -0.089206 -0.001534
v 0.091398 -0.089568 -0.001497
v 0.090800 -0.088845 -0.001572
v 0.092098 -0.086370 0.012607
v 0.092098 -0.086163 -0.014704
v 0.093296 -0.088446 0.012796
v 0.093296 -0.088185 -0.015182
v 0.084660 -0.050070 0.006937
v 0.079667 -0.049650 -0.000980
v 0.079667 -0.047404 0.014367
v 0.084310 -0.046741 0.014100
v 0.084310 -0.048958 -0.001044
v 0.084659 -0.049924 -0.008887
v 0.084559 -0.053274 0.071073
v 0.090800 -0.053071 0.070776
v 0.185948 -0.176028 0.224192
v 0.185949 -0.198574 0.204528
v 0.185949 -0.218881 0.182671
v 0.188245 -0.173828 0.221370
v 0.188245 -0.196039 0.202002
v 0.188245 -0.216141 0.180386
v 0.150205 -0.178307 0.148702
v 0.095992 -0.071004 0.068197
v 0.151004 -0.160154 0.168949
v 0.091798 -0.086706 0.097651
v 0.100784 -0.096906 0.086472
v 0.112864 -0.125751 0.107330
v 0.107274 -0.125961 0.142927
v 0.123647 -0.132433 0.180076
v 0.174167 -0.159424 0.210626
v 0.084310 -0.034923 0.033847
v 0.094194 -0.065339 0.063551
v -0.173181 -0.225036 0.168574
v -0.162298 -0.212872 0.159485
v 0.043175 -0.086533 0.071861
v -0.027712 -0.085330 0.070839
v 0.053659 -0.089180 0.074110
v -0.132046 -0.171928 0.196662
v -0.132046 -0.209170 0.156650
v 0.123647 -0.171929 0.196662
v 0.123647 -0.209170 0.156650
v 0.123647 -0.165657 0.189512
v 0.123648 -0.201514 0.150934
v 0.121950 -0.133801 0.211189
v 0.100085 -0.130652 0.180758
v 0.099785 -0.155388 0.159930
v 0.099785 -0.171291 0.142867
v 0.079418 -0.124363 0.144222
v 0.068136 -0.107976 0.123963
v 0.059749 -0.085738 0.099521
v 0.093396 -0.106812 0.122310
v 0.068136 -0.126867 0.105626
v 0.185949 -0.236874 0.158808
v 0.185948 -0.252256 0.133141
v 0.188245 -0.233930 0.156763
v 0.188244 -0.249070 0.131429
v 0.183053 -0.252441 0.133216
v 0.097189 -0.138606 0.084735
v 0.109171 -0.167871 0.099198
v 0.092397 -0.115030 0.071378
v 0.119454 -0.201490 0.096148
v 0.151004 -0.195108 0.127265
v 0.178061 -0.236439 0.124841
v -0.162198 -0.241460 0.111688
v -0.132046 -0.237247 0.109724
v 0.123647 -0.237247 0.109724
v 0.123647 -0.223048 0.117733
v 0.099785 -0.185362 0.124205
v 0.100085 -0.201490 0.096148
v 0.067836 -0.141630 0.083907
v 0.141120 -0.135359 0.210524
v 0.136227 -0.133616 0.210576
v 0.095093 -0.056730 0.086024
v 0.095991 -0.054772 0.082330
v 0.148508 -0.156833 0.169982
v 0.087305 -0.085645 0.099484
v 0.088403 -0.089628 0.101624
v 0.092397 -0.091021 0.100032
v 0.102581 -0.102354 0.087910
v 0.102581 -0.105049 0.084689
v 0.100784 -0.102704 0.079550
v 0.102681 -0.100046 0.083215
v 0.112864 -0.128279 0.104257
v 0.129638 -0.155899 0.125483
v 0.127142 -0.151861 0.123751
v 0.127142 -0.149037 0.127027
v 0.129638 -0.151495 0.130815
v 0.103080 -0.124215 0.144055
v 0.104977 -0.126098 0.148471
v 0.109171 -0.127695 0.147176
v 0.119454 -0.130652 0.180758
v 0.178061 -0.165117 0.210118
v 0.172869 -0.161786 0.206626
v 0.082114 -0.064567 0.098646
v 0.085908 -0.063551 0.096623
v 0.053658 -0.063663 0.096345
v 0.054357 -0.064216 0.098182
v 0.123448 -0.136043 0.211767
v 0.081614 -0.126080 0.148248
v 0.060847 -0.089665 0.101531
v 0.097189 -0.108316 0.120979
v 0.093296 -0.139722 0.083032
v 0.104977 -0.168932 0.097365
v 0.103080 -0.164225 0.096225
v 0.107273 -0.163442 0.098170
v 0.088403 -0.116331 0.069749
v 0.087305 -0.113576 0.066166
v 0.091798 -0.111942 0.067553
v 0.123647 -0.201098 0.097927
v 0.148508 -0.195449 0.123743
v 0.174167 -0.235931 0.119149
v 0.172869 -0.232365 0.122127
v 0.081614 -0.168617 0.097346
v 0.059749 -0.113576 0.066166
v 0.060847 -0.116239 0.069712
v 0.177762 -0.185955 0.191488
v 0.177761 -0.204980 0.170946
v 0.177761 -0.221802 0.148656
v 0.084560 -0.063627 0.062055
v 0.091399 -0.063896 0.062325
v 0.090800 -0.063359 0.061785
v 0.102581 -0.103655 0.086281
v 0.112864 -0.127015 0.105793
v 0.127142 -0.150467 0.125343
v 0.131335 -0.154466 0.128781
v 0.175166 -0.183623 0.189259
v 0.175165 -0.202481 0.168864
v 0.175166 -0.219228 0.146760
v 0.175864 -0.165588 0.206003
v 0.175066 -0.231431 0.126056
v 0.060847 -0.104081 0.086560
v 0.059749 -0.101341 0.084274
v 0.079817 -0.146191 0.121794
v 0.079318 -0.164225 0.096225
v 0.082513 -0.149986 0.124934
v 0.141120 -0.231545 0.095539
v 0.185948 -0.264786 0.106004
v 0.188245 -0.261544 0.104701
v 0.082114 -0.108943 0.045577
v 0.174167 -0.245704 0.098328
v 0.054357 -0.108425 0.045261
v 0.094294 -0.081941 0.040204
v 0.043175 -0.104631 0.041583
v -0.027712 -0.103149 0.040987
v 0.142817 -0.234681 0.093895
v 0.136227 -0.231401 0.093759
v 0.095093 -0.095142 0.040025
v 0.095991 -0.091195 0.038869
v 0.085907 -0.106738 0.044905
v 0.178061 -0.248298 0.099372
v 0.053658 -0.106572 0.045054
v 0.051362 -0.107132 0.042589
v 0.123448 -0.236349 0.094566
v 0.123448 -0.233009 0.095912
v 0.121950 -0.232031 0.093797
v 0.084560 -0.079811 0.039347
v 0.091399 -0.080181 0.039496
v 0.090800 -0.079440 0.039198
v 0.092098 -0.052294 0.069495
v 0.092098 -0.071354 0.049936
v 0.093296 -0.053422 0.071241
v 0.093296 -0.072983 0.051237
v -0.162298 -0.174971 0.200200
v 0.079667 -0.044461 0.021684
v 0.079667 -0.035454 0.034311
v 0.088303 -0.028948 0.023731
v 0.088303 -0.034975 0.013564
v 0.085009 -0.025804 0.009876
v 0.085009 -0.021304 0.017320
v 0.088104 -0.019138 0.015480
v 0.088104 -0.023118 0.008795
v 0.084310 -0.043797 0.021417
v 0.088104 -0.027986 0.022913
v 0.088104 -0.033863 0.013117
v 0.084809 -0.028120 0.010807
v 0.084659 -0.030177 0.040206
v 0.084659 -0.041240 0.028890
v 0.084809 -0.023256 0.019020
v 0.094294 -0.054549 0.072985
v 0.091399 -0.053477 0.071370
v 0.095991 -0.080147 0.057239
v 0.094194 -0.074575 0.052630
v 0.084560 -0.072770 0.051097
v 0.091399 -0.073039 0.051367
v 0.090800 -0.072502 0.050828
v 0.092098 -0.062211 0.060894
v 0.092098 -0.078051 0.038639
v 0.093296 -0.063840 0.062195
v 0.093296 -0.080088 0.039459
v 0.084659 -0.036176 0.034924
v 0.079667 -0.040517 0.028277
v 0.079667 -0.029687 0.039417
v 0.084310 -0.029308 0.038798
v 0.084310 -0.039941 0.027793
v 0.084659 -0.045341 0.022038
v 0.084560 -0.001086 0.088715
v 0.090800 -0.001143 0.088308
v 0.185948 -0.010367 0.284758
v 0.185949 -0.040166 0.282109
v 0.185948 -0.069489 0.276362
v 0.188244 -0.010300 0.281180
v 0.188244 -0.039654 0.278567
v 0.188245 -0.068624 0.272894
v 0.183053 -0.069507 0.276585
v 0.150205 -0.056573 0.225000
v 0.095991 -0.017108 0.096774
v 0.151004 -0.029938 0.230751
v 0.091798 -0.012502 0.129896
v 0.100784 -0.027265 0.126903
v 0.112865 -0.038435 0.160667
v 0.107274 -0.017540 0.189606
v 0.123648 -0.001030 0.223428
v 0.174167 -0.004919 0.264056
v 0.084310 -0.008075 0.047799
v 0.094195 -0.015286 0.089799
v -0.162298 -0.078199 0.254038
v 0.043175 -0.027412 0.108882
v -0.027712 -0.027062 0.107343
v 0.053659 -0.028313 0.112258
v -0.132046 -0.023207 0.260059
v -0.132046 -0.076873 0.249577
v 0.123647 -0.023207 0.260060
v 0.123647 -0.076873 0.249577
v 0.123647 -0.022373 0.250630
v 0.123647 -0.074092 0.240441
v 0.121951 0.016207 0.249424
v 0.100085 0.000712 0.222942
v 0.099785 -0.031404 0.220687
v 0.099785 -0.054421 0.216171
v 0.079418 -0.015482 0.189638
v 0.068136 -0.014179 0.163717
v 0.059749 -0.010516 0.130820
v 0.093396 -0.014239 0.161696
v 0.068135 -0.040254 0.159892
v 0.185949 -0.098076 0.267630
v 0.185949 -0.125520 0.255854
v 0.188244 -0.096859 0.264234
v 0.188245 -0.123913 0.252625
v 0.183053 -0.125630 0.256114
v 0.097189 -0.062113 0.149960
v 0.109171 -0.077223 0.178745
v 0.092397 -0.050833 0.125299
v 0.119454 -0.106187 0.196099
v 0.151004 -0.082840 0.217486
v 0.178061 -0.117634 0.239876
v -0.162198 -0.129440 0.232195
v -0.132046 -0.127158 0.228102
v 0.123647 -0.127159 0.228103
v 0.123647 -0.110967 0.226218
v 0.099785 -0.076757 0.209335
v 0.100085 -0.106187 0.196099
v 0.067836 -0.065022 0.151022
v 0.141120 0.014428 0.249817
v 0.136227 0.015983 0.248869
v 0.095093 0.004929 0.102869
v 0.095991 0.004328 0.098698
v 0.148508 -0.026752 0.229578
v 0.087305 -0.010553 0.130727
v 0.088403 -0.012548 0.134866
v 0.092397 -0.014570 0.134387
v 0.102581 -0.030835 0.131137
v 0.102581 -0.035009 0.130125
v 0.100784 -0.036132 0.124658
v 0.102681 -0.031717 0.126004
v 0.112864 -0.042257 0.159729
v 0.129638 -0.052185 0.193102
v 0.127142 -0.049856 0.189260
v 0.127142 -0.045683 0.190272
v 0.129638 -0.045378 0.194776
v 0.103080 -0.015557 0.189453
v 0.104977 -0.014417 0.194160
v 0.109171 -0.016549 0.193942
v 0.119454 0.000712 0.222942
v 0.178061 -0.009771 0.266977
v 0.172869 -0.009150 0.262100
v 0.082114 0.006052 0.117698
v 0.085907 0.005658 0.115381
v 0.053659 0.005398 0.115271
v 0.054357 0.006014 0.117068
v 0.123448 0.014672 0.251226
v 0.081615 -0.014621 0.193920
v 0.060847 -0.012585 0.134773
v 0.097189 -0.016279 0.161441
v 0.093296 -0.064024 0.149222
v 0.104977 -0.079172 0.177914
v 0.103080 -0.076009 0.174274
v 0.107274 -0.074263 0.175402
v 0.088403 -0.052799 0.124691
v 0.087305 -0.052697 0.120130
v 0.091798 -0.050565 0.120348
v 0.123647 -0.104812 0.197376
v 0.148508 -0.085144 0.214970
v 0.174167 -0.120554 0.235024
v 0.172869 -0.115918 0.235312
v 0.081614 -0.078931 0.177710
v 0.059749 -0.052659 0.120222
v 0.060847 -0.052799 0.124691
v 0.177761 -0.037624 0.264083
v 0.177761 -0.065055 0.258759
v 0.177761 -0.091843 0.250487
v 0.084560 -0.014743 0.087537
v 0.091398 -0.014863 0.087908
v 0.090800 -0.014624 0.087166
v 0.102581 -0.032857 0.130659
v 0.112864 -0.040365 0.160152
v 0.127142 -0.047705 0.189794
v 0.131335 -0.049011 0.194839
v 0.175165 -0.037055 0.260948
v 0.175166 -0.064301 0.255551
v 0.175166 -0.090792 0.247481
v 0.175864 -0.012613 0.263923
v 0.175066 -0.112817 0.237938
v 0.060847 -0.033079 0.131179
v 0.059749 -0.032214 0.127710
v 0.079817 -0.046455 0.184340
v 0.079318 -0.076101 0.174311
v 0.082513 -0.047558 0.189089
v 0.141120 -0.130886 0.213352
v 0.185949 -0.151578 0.241369
v 0.188245 -0.149674 0.238343
v 0.082114 -0.061114 0.100808
v 0.174167 -0.140654 0.223846
v 0.054357 -0.060893 0.100289
v 0.094294 -0.042447 0.080601
v 0.043175 -0.059884 0.095040
v -0.027712 -0.059015 0.093722
v 0.142817 -0.134370 0.213785
v 0.136227 -0.131834 0.211797
v 0.095093 -0.053148 0.088241
v 0.095991 -0.050596 0.084955
v 0.085908 -0.059672 0.099045
v 0.178061 -0.142152 0.226277
v 0.053659 -0.059487 0.098970
v 0.051362 -0.061325 0.097342
v 0.123448 -0.135350 0.215363
v 0.123448 -0.131829 0.214484
v 0.121950 -0.132223 0.212168
v 0.084560 -0.041190 0.078642
v 0.091399 -0.041374 0.078985
v 0.090800 -0.041005 0.078299
v 0.092098 -0.001201 0.086824
v 0.092098 -0.028149 0.082167
v 0.093295 -0.001104 0.088938
v 0.093296 -0.028683 0.084319
v -0.162298 -0.023634 0.264751
v 0.079667 -0.022949 0.043594
v 0.079667 -0.008228 0.048488
v 0.088303 -0.009216 0.036133
v 0.088303 -0.020034 0.031445
v 0.085009 -0.014785 0.023091
v 0.085009 -0.006769 0.026431
v 0.088104 -0.006051 0.023668
v 0.088104 -0.013195 0.020623
v 0.084310 -0.022570 0.042975
v 0.088104 -0.008940 0.034946
v 0.088104 -0.019461 0.030461
v 0.084809 -0.016078 0.025226
v 0.084659 -0.000521 0.050123
v 0.084659 -0.016100 0.047511
v 0.084809 -0.007376 0.028936
v 0.094294 -0.000915 0.091014
v 0.091399 -0.001030 0.089123
v 0.095991 -0.030890 0.093279
v 0.094194 -0.029198 0.086248
v 0.084560 -0.028591 0.084013
v 0.091398 -0.028645 0.084412
v 0.090800 -0.028536 0.083614
v 0.092098 -0.014237 0.085718
v 0.092098 -0.040191 0.077111
v 0.093296 -0.014808 0.087778
v 0.093295 -0.041319 0.078856
v 0.084659 -0.008504 0.049406
v 0.079667 -0.015870 0.046612
v 0.079667 -0.000607 0.049243
v 0.084310 -0.000651 0.048507
v 0.084310 -0.015717 0.045922
v 0.084659 -0.023458 0.044337
v 0.084560 0.051517 0.072345
v 0.090800 0.051294 0.072058
v 0.185949 0.159237 0.236337
v 0.185949 0.133570 0.251719
v 0.185949 0.106471 0.264342
v 0.188245 0.157192 0.233393
v 0.188245 0.131896 0.248626
v 0.188245 0.105129 0.261007
v 0.150205 0.086686 0.215156
v 0.095991 0.043390 0.088259
v 0.151004 0.111675 0.204243
v 0.091798 0.066519 0.112316
v 0.100784 0.052793 0.118590
v 0.112864 0.063612 0.152442
v 0.107273 0.097469 0.163575
v 0.123647 0.130708 0.181198
v 0.174167 0.151541 0.216403
v 0.084310 0.021871 0.043322
v 0.094194 0.040670 0.081496
v -0.162298 0.086265 0.251431
v 0.043175 0.042012 0.104095
v -0.027712 0.041453 0.102705
v 0.053658 0.043353 0.107429
v -0.132046 0.134332 0.223917
v -0.132046 0.084745 0.246984
v 0.123647 0.134332 0.223917
v 0.123647 0.084745 0.246984
v 0.123647 0.129440 0.215769
v 0.123647 0.081650 0.237951
v 0.121950 0.159967 0.192136
v 0.100085 0.131893 0.179861
v 0.099785 0.104523 0.196897
v 0.099785 0.083295 0.206727
v 0.079418 0.099173 0.162459
v 0.068136 0.084948 0.140739
v 0.059749 0.068614 0.111904
v 0.093396 0.083739 0.139073
v 0.068136 0.061685 0.153002
v 0.185949 0.078178 0.274000
v 0.185949 0.049102 0.280638
v 0.188244 0.077245 0.270609
v 0.188245 0.048446 0.277135
v 0.097189 0.038185 0.157720
v 0.109170 0.042864 0.189952
v 0.092397 0.032776 0.131162
v 0.119454 0.029631 0.220995
v 0.151004 0.061193 0.224550
v 0.178061 0.046046 0.263142
v -0.173181 0.033831 0.278925
v -0.162198 0.032013 0.263836
v -0.132046 0.031475 0.259156
v 0.123647 0.031475 0.259156
v 0.123647 0.043458 0.248148
v 0.099785 0.061173 0.214334
v 0.100085 0.029631 0.220995
v 0.067836 0.036410 0.160263
v 0.141120 0.158783 0.193473
v 0.136227 0.159411 0.191822
v 0.095093 0.064696 0.080226
v 0.095991 0.061761 0.077210
v 0.148508 0.113654 0.201403
v 0.087305 0.068576 0.111812
v 0.088403 0.069327 0.116352
v 0.092397 0.067419 0.117228
v 0.102581 0.052340 0.124153
v 0.102581 0.048450 0.125718
v 0.100784 0.044364 0.121981
v 0.102681 0.048607 0.120490
v 0.112865 0.059907 0.153933
v 0.129638 0.071613 0.186782
v 0.127142 0.071123 0.182352
v 0.127142 0.075199 0.180712
v 0.129638 0.078005 0.184211
v 0.103080 0.099098 0.162274
v 0.104977 0.102646 0.165475
v 0.109171 0.100942 0.166590
v 0.119454 0.131893 0.179861
v 0.178061 0.149234 0.221635
v 0.172869 0.146890 0.217413
v 0.082114 0.074303 0.091536
v 0.085907 0.072687 0.089926
v 0.053658 0.072409 0.090038
v 0.054358 0.073987 0.091018
v 0.123448 0.159824 0.194453
v 0.081614 0.102386 0.165364
v 0.060847 0.069289 0.116260
v 0.097189 0.081998 0.140096
v 0.093296 0.036128 0.158224
v 0.104977 0.040770 0.190364
v 0.103080 0.041205 0.185561
v 0.107274 0.043282 0.185372
v 0.088403 0.030793 0.131852
v 0.087305 0.028190 0.128057
v 0.091798 0.030024 0.126996
v 0.123647 0.031411 0.221140
v 0.148508 0.057799 0.223871
v 0.174167 0.040850 0.260927
v 0.172869 0.044813 0.258473
v 0.081615 0.040880 0.190104
v 0.059749 0.028320 0.128112
v 0.060847 0.030756 0.131760
v 0.177762 0.125067 0.235662
v 0.177761 0.099689 0.247483
v 0.177761 0.073195 0.256527
v 0.084560 0.039813 0.079367
v 0.091399 0.039963 0.079737
v 0.090800 0.039665 0.078996
v 0.102581 0.050395 0.124936
v 0.112864 0.061759 0.153188
v 0.127142 0.073161 0.181532
v 0.131335 0.075098 0.186348
v 0.175166 0.123689 0.232772
v 0.175166 0.098460 0.244426
v 0.175166 0.072187 0.253488
v 0.175864 0.145135 0.220809
v 0.175066 0.048781 0.258705
v 0.060847 0.050619 0.125492
v 0.059749 0.049277 0.122157
v 0.079817 0.071074 0.176345
v 0.079318 0.041243 0.185654
v 0.082513 0.072900 0.180883
v 0.141120 0.019748 0.249399
v 0.185949 0.019464 0.284273
v 0.188245 0.019215 0.280715
v 0.082113 0.010112 0.117357
v 0.174167 0.018051 0.263641
v 0.054358 0.009981 0.116764
v 0.094294 0.013322 0.090022
v 0.043175 0.007635 0.112004
v -0.027712 0.007539 0.110428
v 0.142817 0.017176 0.251833
v 0.136227 0.018060 0.248680
v 0.095093 0.009119 0.102582
v 0.095992 0.009240 0.098336
v 0.085907 0.010163 0.115076
v 0.178061 0.018224 0.266478
v 0.053658 0.010348 0.115002
v 0.051362 0.007863 0.114710
v 0.123448 0.017383 0.253687
v 0.123448 0.019677 0.250827
v 0.121950 0.017968 0.249255
v 0.084559 0.013169 0.087770
v 0.091399 0.013207 0.088132
v 0.090800 0.013131 0.087409
v 0.092098 0.050272 0.070855
v 0.092098 0.025860 0.082935
v 0.093296 0.051703 0.072539
v 0.093296 0.026642 0.084880
v -0.162298 0.136713 0.227963
v 0.079667 0.007327 0.048634
v 0.079667 0.022132 0.043971
v 0.088303 0.014030 0.034531
v 0.088303 0.002577 0.037093
v 0.085009 0.001854 0.027267
v 0.085009 0.010304 0.025268
v 0.088104 0.009261 0.022674
v 0.088104 0.001681 0.024432
v 0.084310 0.007264 0.047942
v 0.088104 0.013583 0.033419
v 0.088104 0.002445 0.035962
v 0.084809 0.002072 0.029817
v 0.084660 0.029356 0.040795
v 0.084659 0.015168 0.047794
v 0.084809 0.011273 0.027676
v 0.094294 0.052967 0.074075
v 0.091399 0.051740 0.072632
v 0.095991 0.030145 0.093586
v 0.094194 0.027425 0.086825
v 0.084560 0.026568 0.084695
v 0.091399 0.026717 0.085065
v 0.090800 0.026419 0.084323
v 0.092098 0.039106 0.077606
v 0.092098 0.013035 0.085833
v 0.093296 0.039888 0.079552
v 0.093296 0.013170 0.088039
v 0.084659 0.022486 0.044851
v 0.079667 0.014814 0.046914
v 0.079667 0.028725 0.040027
v 0.084310 0.028260 0.039497
v 0.084310 0.014553 0.046265
v 0.084659 0.007403 0.049626
v 0.141120 0.243769 0.058022
v 0.095991 0.096860 0.021337
v 0.185949 0.276829 0.069045
v 0.188245 0.273360 0.068180
v 0.183053 0.277051 0.069063
v 0.082113 0.115132 0.026363
v 0.174167 0.256814 0.063966
v 0.053658 0.112979 0.025292
v 0.094294 0.090136 0.014787
v 0.043175 0.109349 0.026968
v -0.027712 0.107809 0.026618
v 0.142817 0.245221 0.061096
v 0.136228 0.242548 0.059267
v 0.095093 0.100738 0.022683
v 0.085908 0.112999 0.025607
v 0.178061 0.259485 0.064722
v 0.051362 0.111983 0.027630
v 0.054358 0.114557 0.026271
v 0.123448 0.247020 0.061556
v 0.123448 0.245123 0.058445
v 0.121950 0.243012 0.059618
v 0.084560 0.084461 0.028100
v 0.091399 0.088337 0.014327
v 0.090800 0.084044 0.027999
v 0.185948 0.268059 0.097539
v 0.185949 0.256320 0.125076
v 0.185949 0.241743 0.151171
v 0.188244 0.264663 0.096322
v 0.188245 0.253091 0.123469
v 0.188245 0.238717 0.149267
v 0.183053 0.268226 0.097687
v 0.150205 0.196951 0.123021
v 0.095991 0.087211 0.045773
v 0.151004 0.210606 0.099448
v 0.091798 0.120150 0.051679
v 0.100784 0.112629 0.064820
v 0.112864 0.141333 0.085881
v 0.107273 0.175278 0.075025
v 0.123647 0.212533 0.069725
v 0.174167 0.250052 0.085949
v 0.084310 0.043411 0.022139
v 0.094194 0.081030 0.041909
v -0.162298 0.217838 0.152607
v 0.043175 0.095506 0.059439
v -0.027712 0.094189 0.058571
v 0.053659 0.098495 0.061250
v -0.132046 0.240628 0.102116
v -0.132046 0.214004 0.149899
v 0.123647 0.240628 0.102116
v 0.123648 0.214004 0.149899
v 0.123647 0.231860 0.098378
v 0.123647 0.206207 0.144426
v 0.121951 0.242644 0.061380
v 0.100085 0.212733 0.067815
v 0.099785 0.200573 0.097781
v 0.099785 0.189191 0.118178
v 0.079418 0.175978 0.073021
v 0.068136 0.151691 0.063743
v 0.059749 0.121574 0.050137
v 0.093396 0.149762 0.063227
v 0.068136 0.140094 0.087348
v 0.185948 0.224659 0.175584
v 0.185948 0.204994 0.198130
v 0.188245 0.221837 0.173383
v 0.188245 0.202376 0.195632
v 0.183053 0.205161 0.198278
v 0.097189 0.123869 0.105067
v 0.109171 0.146569 0.128328
v 0.092397 0.103902 0.086733
v 0.119454 0.154105 0.161241
v 0.151004 0.181718 0.145614
v 0.178061 0.192159 0.185751
v -0.162199 0.181228 0.194561
v -0.132046 0.178060 0.191100
v 0.123647 0.178060 0.191100
v 0.123647 0.181237 0.175186
v 0.099785 0.175806 0.137338
v 0.100085 0.154105 0.161241
v 0.067836 0.123930 0.108163
v 0.141120 0.242500 0.063159
v 0.136227 0.242014 0.061418
v 0.095093 0.099782 0.026726
v 0.095991 0.095664 0.026123
v 0.148508 0.210526 0.096037
v 0.087305 0.121537 0.050045
v 0.088403 0.124769 0.053265
v 0.092397 0.123679 0.055102
v 0.102581 0.115605 0.069542
v 0.102581 0.113387 0.073124
v 0.100784 0.107787 0.072579
v 0.102681 0.110468 0.068810
v 0.112864 0.139226 0.089205
v 0.129638 0.167946 0.108968
v 0.127142 0.164954 0.105544
v 0.127142 0.167265 0.101924
v 0.129638 0.171605 0.103084
v 0.103080 0.175848 0.072966
v 0.104977 0.180651 0.073403
v 0.109171 0.179820 0.075350
v 0.119454 0.212733 0.067815
v 0.178061 0.251305 0.091472
v 0.172869 0.246907 0.089367
v 0.082114 0.114139 0.030314
v 0.085907 0.111969 0.030003
v 0.053659 0.111691 0.030115
v 0.054357 0.113619 0.030092
v 0.123448 0.243872 0.063361
v 0.081614 0.180243 0.073459
v 0.060847 0.124676 0.053302
v 0.097189 0.148894 0.065083
v 0.093296 0.122574 0.106664
v 0.104977 0.145182 0.129962
v 0.103080 0.142652 0.125814
v 0.107273 0.144281 0.124513
v 0.088403 0.102682 0.088515
v 0.087305 0.098378 0.086910
v 0.091798 0.099208 0.084962
v 0.123647 0.155697 0.160385
v 0.148508 0.178513 0.147011
v 0.174167 0.186637 0.187005
v 0.172869 0.188427 0.182625
v 0.081615 0.145070 0.129684
v 0.059749 0.098507 0.086965
v 0.060847 0.102645 0.088422
v 0.177762 0.239952 0.117023
v 0.177762 0.226354 0.141541
v 0.177761 0.210343 0.164339
v 0.084559 0.079090 0.040699
v 0.091399 0.079452 0.040930
v 0.090800 0.078728 0.040468
v 0.102581 0.114515 0.071379
v 0.112864 0.140261 0.087497
v 0.127142 0.166174 0.103762
v 0.131335 0.170611 0.106497
v 0.175165 0.237206 0.115546
v 0.175165 0.223588 0.139749
v 0.175166 0.207669 0.162509
v 0.175864 0.247489 0.093222
v 0.175066 0.191871 0.180486
v 0.060847 0.114942 0.071638
v 0.059749 0.111916 0.069735
v 0.079817 0.161404 0.100730
v 0.079318 0.142690 0.125907
v 0.082513 0.165580 0.103355
v 0.141120 0.162819 0.190128
v 0.185948 0.183138 0.218436
v 0.188245 0.180852 0.215697
v 0.183053 0.183212 0.218621
v 0.082114 0.077469 0.088971
v 0.174167 0.169869 0.202574
v 0.054357 0.076967 0.088528
v 0.094294 0.064017 0.064895
v 0.043175 0.072290 0.085997
v -0.027712 0.071268 0.084793
v 0.142817 0.162232 0.193485
v 0.136227 0.161132 0.190483
v 0.095093 0.067917 0.077532
v 0.095991 0.065555 0.074069
v 0.085908 0.076148 0.087028
v 0.178061 0.171616 0.204776
v 0.053659 0.076166 0.086805
v 0.051362 0.074092 0.088069
v 0.123448 0.163458 0.194928
v 0.123448 0.163618 0.191313
v 0.121951 0.161356 0.191039
v 0.084560 0.062503 0.063137
v 0.091399 0.062791 0.063452
v 0.090800 0.062215 0.062822
v 0.092098 0.082634 0.027705
v 0.092098 0.069962 0.051850
v 0.093296 0.084656 0.028183
v 0.093296 0.071707 0.052978
v -0.162298 0.244914 0.103943
v 0.079667 0.034778 0.035010
v 0.079667 0.048954 0.007784
v 0.079667 0.044014 0.022524
v 0.088304 0.036562 0.008679
v 0.088303 0.031911 0.019590
v 0.088303 0.024160 0.028411
v 0.085009 0.017786 0.020859
v 0.085009 0.026898 0.006325
v 0.085009 0.023520 0.014248
v 0.088104 0.021089 0.012751
v 0.088104 0.015946 0.018694
v 0.084310 0.048253 0.007600
v 0.084310 0.034301 0.034448
v 0.088104 0.035375 0.008404
v 0.088104 0.030890 0.018924
v 0.088104 0.023379 0.027541
v 0.084809 0.019486 0.022812
v 0.084659 0.047959 0.015610
v 0.084659 0.040589 0.029659
v 0.084809 0.025646 0.015653
v 0.094294 0.086677 0.028661
v 0.084559 0.087938 0.014272
v 0.091399 0.084878 0.028201
v 0.090800 0.087539 0.014217
v 0.095991 0.079633 0.057968
v 0.094194 0.073452 0.054106
v 0.084560 0.071493 0.052849
v 0.091399 0.071837 0.053033
v 0.090800 0.071150 0.052664
v 0.092098 0.086093 0.013830
v 0.092098 0.077447 0.039692
v 0.092098 0.061323 0.061675
v 0.093296 0.088207 0.014271
v 0.093296 0.079322 0.040874
v 0.093296 0.062624 0.063304
v 0.084659 0.044803 0.023013
v 0.079667 0.039846 0.029150
v 0.079667 0.047078 0.015426
v 0.084310 0.046376 0.015242
v 0.084310 0.039196 0.028784
v 0.084660 0.049854 0.008014
v 0.084659 0.035372 0.035685
v -0.027712 -0.000054 -0.000483
v 0.141120 0.231567 -0.096450
v 0.095991 0.091125 -0.039742
v 0.185949 0.264771 -0.107008
v 0.188245 0.261436 -0.105666
v 0.082114 0.108966 -0.046488
v 0.174167 0.245597 -0.099295
v 0.053659 0.106593 -0.045964
v 0.094294 0.081963 -0.041115
v 0.043175 0.104523 -0.042548
v -0.027712 0.103134 -0.041990
v 0.142817 0.234574 -0.094861
v 0.136227 0.231292 -0.094725
v 0.095093 0.095164 -0.040936
v 0.085908 0.106761 -0.045815
v 0.178061 0.248190 -0.100338
v 0.051362 0.107117 -0.043592
v 0.054358 0.108447 -0.046171
v 0.123448 0.236241 -0.095531
v 0.123448 0.232902 -0.096879
v 0.121950 0.231923 -0.094763
v 0.084560 0.085161 -0.027012
v 0.091399 0.080203 -0.040407
v 0.090800 0.084790 -0.026863
v 0.185948 0.274429 -0.078715
v 0.185949 0.281105 -0.049546
v 0.185948 0.284740 -0.019908
v 0.188245 0.271038 -0.077781
v 0.188245 0.277564 -0.048983
v 0.188245 0.281181 -0.019659
v 0.183053 0.274615 -0.078790
v 0.150205 0.231852 -0.016283
v 0.095991 0.097700 -0.014299
v 0.151004 0.229130 -0.043383
v 0.091798 0.127873 -0.028911
v 0.100784 0.129515 -0.013860
v 0.112864 0.165075 -0.013743
v 0.107274 0.186137 -0.042447
v 0.123647 0.213137 -0.068696
v 0.174167 0.253055 -0.077543
v 0.084310 0.048396 -0.007739
v 0.094194 0.090489 -0.013766
v -0.173180 0.274302 -0.063382
v -0.162298 0.266211 -0.004706
v 0.043175 0.112433 -0.008172
v -0.027712 0.110857 -0.008076
v 0.053659 0.115992 -0.008420
v -0.132046 0.254917 -0.058868
v -0.132046 0.261502 -0.004641
v 0.123647 0.254917 -0.058868
v 0.123647 0.261501 -0.004641
v 0.123648 0.245651 -0.056754
v 0.123647 0.252010 -0.004428
v 0.121950 0.232593 -0.093096
v 0.100085 0.212188 -0.070252
v 0.099785 0.219980 -0.038841
v 0.099785 0.222843 -0.015672
v 0.079418 0.185633 -0.044504
v 0.068136 0.160487 -0.037726
v 0.059749 0.127999 -0.031007
v 0.093395 0.158597 -0.037073
v 0.068136 0.164913 -0.011740
v 0.185949 0.285224 0.009923
v 0.185949 0.282575 0.039721
v 0.188244 0.281646 0.009856
v 0.188245 0.279033 0.039210
v 0.097189 0.162252 0.012145
v 0.109171 0.194282 0.017663
v 0.092397 0.135270 0.009007
v 0.119454 0.219761 0.039806
v 0.151004 0.232869 0.010858
v 0.178061 0.264864 0.037160
v -0.162198 0.261247 0.050776
v -0.132046 0.256666 0.049820
v 0.123647 0.256666 0.049821
v 0.123647 0.249805 0.035039
v 0.099785 0.223184 0.007651
v 0.100085 0.219761 0.039806
v 0.067836 0.164074 0.014532
v 0.141120 0.233542 -0.091540
v 0.136227 0.232112 -0.092687
v 0.095093 0.096692 -0.037139
v 0.095991 0.092950 -0.035203
v 0.148508 0.227029 -0.046196
v 0.087305 0.127999 -0.031007
v 0.088404 0.132469 -0.030329
v 0.092397 0.132658 -0.028253
v 0.102581 0.134674 -0.011737
v 0.102581 0.134960 -0.007548
v 0.100784 0.130126 -0.004850
v 0.102681 0.130043 -0.009337
v 0.112864 0.165380 -0.009776
v 0.129638 0.200122 -0.010622
v 0.127142 0.195819 -0.011689
v 0.127142 0.195495 -0.015972
v 0.129638 0.199701 -0.017556
v 0.103080 0.185355 -0.044392
v 0.104977 0.189540 -0.046829
v 0.109171 0.190045 -0.044772
v 0.119454 0.212188 -0.070252
v 0.178061 0.257271 -0.073750
v 0.172869 0.252545 -0.072926
v 0.082114 0.110493 -0.042690
v 0.085907 0.108437 -0.041647
v 0.053659 0.108419 -0.041425
v 0.054357 0.109900 -0.042559
v 0.123448 0.234765 -0.092247
v 0.081614 0.189300 -0.046625
v 0.060847 0.132469 -0.030329
v 0.097189 0.159009 -0.034978
v 0.093296 0.162089 0.014147
v 0.104977 0.194118 0.019665
v 0.103080 0.189610 0.017820
v 0.107274 0.190088 0.015799
v 0.088403 0.135367 0.011121
v 0.087305 0.130920 0.012372
v 0.091798 0.130508 0.010277
v 0.123647 0.220481 0.038117
v 0.148508 0.231187 0.013902
v 0.174167 0.261202 0.041432
v 0.172869 0.260043 0.036947
v 0.081615 0.193859 0.019555
v 0.059749 0.131012 0.012334
v 0.060847 0.135237 0.011065
v 0.177761 0.263201 -0.046434
v 0.177761 0.266629 -0.018649
v 0.177761 0.266998 0.009290
v 0.084560 0.088171 -0.013641
v 0.091399 0.088598 -0.013651
v 0.090800 0.087745 -0.013630
v 0.102581 0.134863 -0.009661
v 0.112865 0.165228 -0.011759
v 0.127142 0.195592 -0.013858
v 0.131335 0.200857 -0.014146
v 0.175166 0.260031 -0.046020
v 0.175166 0.263347 -0.018512
v 0.175166 0.263772 0.009297
v 0.175864 0.255275 -0.070150
v 0.175066 0.261556 0.033218
v 0.060847 0.135364 -0.009755
v 0.059749 0.131805 -0.009508
v 0.079817 0.190050 -0.013458
v 0.079318 0.189740 0.017875
v 0.082513 0.194962 -0.013820
v 0.092098 0.083401 -0.026304
v 0.092098 0.087291 0.000757
v 0.093296 0.085346 -0.027086
v 0.093296 0.089367 0.000568
v -0.162298 0.259504 -0.059905
v 0.079667 0.044437 -0.022576
v 0.079667 0.049101 -0.007772
v 0.088303 0.034960 -0.014567
v 0.088303 0.037559 -0.003021
v 0.085009 0.025697 -0.010841
v 0.085009 0.027604 -0.002353
v 0.088104 0.023103 -0.009798
v 0.088104 0.024768 -0.002181
v 0.088104 0.024134 0.005607
v 0.084310 0.043757 -0.022303
v 0.088104 0.033848 -0.014120
v 0.088104 0.036391 -0.002982
v 0.084809 0.029402 0.006932
v 0.084809 0.028105 -0.011810
v 0.084659 0.048260 -0.015612
v 0.084659 0.050571 0.000031
v 0.084809 0.030190 -0.002478
v 0.094294 0.087291 -0.027869
v 0.084560 0.079833 -0.040257
v 0.091399 0.085531 -0.027161
v 0.090800 0.079462 -0.040108
v 0.095992 0.098692 -0.000062
v 0.094194 0.091480 0.000471
v 0.084560 0.089163 0.000596
v 0.091398 0.089590 0.000586
v 0.090800 0.088737 0.000606
v 0.092098 0.078073 -0.039550
v 0.092098 0.086299 -0.013480
v 0.093296 0.080018 -0.040332
v 0.093296 0.088468 -0.013706
v 0.084659 0.049999 -0.007810
v 0.079667 0.049672 0.000069
v 0.079667 0.047380 -0.015258
v 0.084310 0.046701 -0.014985
v 0.084310 0.048905 0.000127
v 0.084659 0.045317 -0.022930
v 0.141120 0.130908 -0.214262
v 0.095991 0.050618 -0.085865
v 0.185949 0.151600 -0.242279
v 0.188245 0.149696 -0.239253
v 0.082114 0.061044 -0.101682
v 0.174167 0.140677 -0.224757
v 0.053659 0.059379 -0.099936
v 0.094294 0.042376 -0.081474
v 0.043175 0.059906 -0.095951
v -0.027712 0.059037 -0.094632
v 0.142817 0.134300 -0.214658
v 0.136227 0.131764 -0.212670
v 0.095093 0.053170 -0.089152
v 0.085907 0.059694 -0.099954
v 0.178061 0.142081 -0.227151
v 0.051362 0.061347 -0.098252
v 0.054358 0.060822 -0.101162
v 0.123448 0.135279 -0.216236
v 0.123448 0.131759 -0.215358
v 0.121950 0.132245 -0.213078
v 0.084560 0.053250 -0.071965
v 0.091399 0.041397 -0.079896
v 0.090800 0.053000 -0.071650
v 0.185948 0.176050 -0.225103
v 0.185949 0.198596 -0.205439
v 0.185949 0.218903 -0.183582
v 0.188244 0.173850 -0.222280
v 0.188245 0.196061 -0.202912
v 0.188245 0.216163 -0.181296
v 0.150205 0.178236 -0.149575
v 0.095991 0.070896 -0.069163
v 0.151004 0.160138 -0.169952
v 0.091798 0.086691 -0.098654
v 0.100784 0.096891 -0.087475
v 0.112864 0.125773 -0.108240
v 0.107274 0.125890 -0.143800
v 0.123647 0.132363 -0.180949
v 0.174167 0.159446 -0.211537
v 0.084310 0.034871 -0.034763
v 0.094194 0.065362 -0.064461
v -0.162298 0.212848 -0.160376
v 0.043175 0.086463 -0.072734
v -0.027712 0.085222 -0.071805
v 0.053659 0.089202 -0.075020
v -0.132046 0.171886 -0.197600
v -0.132046 0.209099 -0.157524
v 0.123647 0.171886 -0.197600
v 0.123647 0.209099 -0.157524
v 0.123647 0.165615 -0.190449
v 0.123647 0.201490 -0.151826
v 0.121950 0.133730 -0.212061
v 0.100085 0.130674 -0.181668
v 0.099786 0.155410 -0.160840
v 0.099785 0.171313 -0.143777
v 0.079418 0.124256 -0.145188
v 0.068136 0.107999 -0.124874
v 0.059749 0.085668 -0.100394
v 0.093396 0.106833 -0.123221
v 0.068135 0.126796 -0.106499
v 0.185948 0.236803 -0.159682
v 0.185949 0.252185 -0.134014
v 0.188244 0.233859 -0.157636
v 0.188245 0.249055 -0.132432
v 0.097189 0.138628 -0.085646
v 0.109171 0.167801 -0.100071
v 0.092397 0.114923 -0.072345
v 0.119454 0.201383 -0.097114
v 0.151004 0.195038 -0.128138
v 0.178061 0.236368 -0.125715
v -0.162199 0.241418 -0.112626
v -0.132046 0.237204 -0.110662
v 0.123648 0.237204 -0.110662
v 0.123647 0.222977 -0.118607
v 0.099785 0.185291 -0.125078
v 0.100085 0.201383 -0.097114
v 0.067836 0.141559 -0.084780
v 0.141120 0.135382 -0.211435
v 0.136227 0.133639 -0.211487
v 0.095093 0.056660 -0.086897
v 0.095991 0.054795 -0.083241
v 0.148508 0.156855 -0.170892
v 0.087305 0.085538 -0.100450
v 0.088403 0.089650 -0.102535
v 0.092397 0.091043 -0.100943
v 0.102581 0.102284 -0.088784
v 0.102581 0.104978 -0.085562
v 0.100784 0.102726 -0.080460
v 0.102681 0.099975 -0.084089
v 0.112864 0.128301 -0.105168
v 0.129638 0.155922 -0.126394
v 0.127142 0.151790 -0.124624
v 0.127142 0.149059 -0.127938
v 0.129638 0.151425 -0.131687
v 0.103080 0.124108 -0.145020
v 0.104977 0.126120 -0.149381
v 0.109171 0.127624 -0.148049
v 0.119454 0.130674 -0.181668
v 0.178061 0.165046 -0.210991
v 0.172869 0.161716 -0.207499
v 0.082114 0.064497 -0.099519
v 0.085908 0.063481 -0.097496
v 0.053658 0.063648 -0.097348
v 0.054357 0.064145 -0.099055
v 0.123448 0.136065 -0.212678
v 0.081614 0.126010 -0.149122
v 0.060847 0.089557 -0.102497
v 0.097189 0.108338 -0.121889
v 0.093296 0.139744 -0.083943
v 0.104977 0.168861 -0.098238
v 0.103080 0.164154 -0.097098
v 0.107273 0.163372 -0.099043
v 0.088403 0.116261 -0.070623
v 0.087305 0.113505 -0.067039
v 0.091798 0.111964 -0.068464
v 0.123647 0.200990 -0.098893
v 0.148508 0.195433 -0.124746
v 0.174167 0.235953 -0.120059
v 0.172869 0.232350 -0.123130
v 0.081615 0.168546 -0.098219
v 0.059749 0.113468 -0.067132
v 0.060847 0.116261 -0.070623
v 0.177762 0.185885 -0.192362
v 0.177761 0.204965 -0.171949
v 0.177761 0.221731 -0.149530
v 0.084560 0.063585 -0.062993
v 0.091399 0.063918 -0.063235
v 0.090800 0.063251 -0.062752
v 0.102581 0.103677 -0.087192
v 0.112864 0.127037 -0.106704
v 0.127142 0.150360 -0.126309
v 0.131335 0.154395 -0.129654
v 0.175166 0.183553 -0.190132
v 0.175166 0.202466 -0.169867
v 0.175166 0.219158 -0.147633
v 0.175864 0.165611 -0.206913
v 0.175066 0.231416 -0.127059
v 0.060847 0.104066 -0.087563
v 0.059749 0.101363 -0.085185
v 0.079817 0.146121 -0.122667
v 0.079318 0.164247 -0.097135
v 0.082513 0.149878 -0.125900
v 0.092098 0.052224 -0.070369
v 0.092098 0.071284 -0.050809
v 0.093296 0.053444 -0.072151
v 0.093296 0.073006 -0.052147
v -0.162298 0.174975 -0.201156
v 0.079667 0.022971 -0.044505
v 0.079667 0.035476 -0.035222
v 0.088303 0.020056 -0.032355
v 0.088304 0.028878 -0.024604
v 0.085009 0.014714 -0.023964
v 0.085009 0.021233 -0.018193
v 0.088104 0.013217 -0.021533
v 0.088104 0.019030 -0.016446
v 0.084310 0.022580 -0.043917
v 0.088104 0.019391 -0.031334
v 0.088104 0.027970 -0.023916
v 0.084809 0.016101 -0.026136
v 0.084659 0.030106 -0.041079
v 0.084659 0.041169 -0.029763
v 0.084809 0.023186 -0.019893
v 0.094294 0.054442 -0.073952
v 0.084560 0.041147 -0.079581
v 0.091399 0.053499 -0.072281
v 0.090800 0.040897 -0.079265
v 0.095991 0.080076 -0.058112
v 0.094194 0.074505 -0.053504
v 0.084560 0.072746 -0.051989
v 0.091398 0.073061 -0.052277
v 0.090800 0.072432 -0.051701
v 0.092098 0.040121 -0.077984
v 0.092098 0.062141 -0.061767
v 0.093296 0.041249 -0.079729
v 0.093296 0.063732 -0.063161
v 0.084659 0.036152 -0.035816
v 0.079667 0.040493 -0.029169
v 0.079667 0.029617 -0.040290
v 0.084310 0.029225 -0.039703
v 0.084310 0.039950 -0.028735
v 0.084659 0.023461 -0.045293
v 0.141120 -0.019763 -0.250402
v 0.095991 -0.009218 -0.099247
v 0.185949 -0.019441 -0.285184
v 0.188244 -0.019193 -0.281625
v 0.082114 -0.010089 -0.118267
v 0.174167 -0.018067 -0.264645
v 0.053658 -0.010419 -0.115875
v 0.084310 -0.007273 -0.048840
v 0.094294 -0.013392 -0.090896
v 0.043175 -0.007706 -0.112876
v -0.027712 -0.007610 -0.111301
v 0.142817 -0.017283 -0.252799
v 0.136227 -0.018167 -0.249645
v 0.095093 -0.009190 -0.103456
v 0.085908 -0.010141 -0.115987
v 0.178061 -0.018294 -0.267351
v 0.051362 -0.007841 -0.115620
v 0.054357 -0.009958 -0.117674
v 0.123448 -0.017361 -0.254597
v 0.123448 -0.019692 -0.251830
v 0.121950 -0.017946 -0.250165
v 0.084560 -0.013240 -0.088643
v 0.084560 0.001043 -0.089653
v 0.091399 -0.013277 -0.089005
v 0.090800 0.001035 -0.089273
v 0.185949 0.010389 -0.285668
v 0.185948 0.040188 -0.283019
v 0.185949 0.069419 -0.277235
v 0.188245 0.010229 -0.282053
v 0.188244 0.039676 -0.279476
v 0.188245 0.068554 -0.273767
v 0.183053 0.010407 -0.285891
v 0.150205 0.056595 -0.225910
v 0.095991 0.017000 -0.097740
v 0.151004 0.029961 -0.231662
v 0.091798 0.012394 -0.130862
v 0.100784 0.027195 -0.127776
v 0.112864 0.038365 -0.161541
v 0.107273 0.017562 -0.190516
v 0.123647 0.000960 -0.224301
v 0.174167 0.004848 -0.264930
v 0.084310 0.008023 -0.048715
v 0.094195 0.015216 -0.090673
v -0.173180 0.082671 -0.269437
v -0.162298 0.078222 -0.254949
v 0.043175 0.027434 -0.109793
v -0.027712 0.027084 -0.108254
v 0.053659 0.028298 -0.113261
v -0.132046 0.023183 -0.260951
v -0.132046 0.076849 -0.250468
v 0.123647 0.023183 -0.260951
v 0.123647 0.076849 -0.250469
v 0.123647 0.022302 -0.251503
v 0.123648 0.074048 -0.241378
v 0.121950 -0.016185 -0.250335
v 0.100084 -0.000783 -0.223815
v 0.099785 0.031426 -0.221597
v 0.099785 0.054350 -0.217044
v 0.079418 0.015504 -0.190549
v 0.068136 0.014201 -0.164628
v 0.059749 0.010538 -0.131730
v 0.093395 0.014261 -0.162607
v 0.068135 0.040276 -0.160803
v 0.185949 0.098006 -0.268503
v 0.185949 0.125542 -0.256765
v 0.188244 0.096789 -0.265107
v 0.188245 0.123935 -0.253536
v 0.097189 0.062043 -0.150833
v 0.109171 0.077246 -0.179656
v 0.092397 0.050763 -0.126172
v 0.119454 0.106208 -0.197009
v 0.151004 0.082733 -0.218453
v 0.178061 0.117656 -0.240787
v -0.162198 0.129416 -0.233087
v -0.132046 0.127162 -0.229059
v 0.123648 0.127162 -0.229059
v 0.123647 0.110989 -0.227128
v 0.099785 0.076686 -0.210208
v 0.100085 0.106209 -0.197010
v 0.067836 0.064952 -0.151896
v 0.141120 -0.014498 -0.250690
v 0.136227 -0.015961 -0.249779
v 0.095093 -0.005000 -0.103742
v 0.095991 -0.004306 -0.099609
v 0.148508 0.026644 -0.230543
v 0.087306 0.010446 -0.131692
v 0.088403 0.012477 -0.135739
v 0.092397 0.014592 -0.135297
v 0.102581 0.030858 -0.132047
v 0.102581 0.034938 -0.130999
v 0.100783 0.036061 -0.125531
v 0.102681 0.031739 -0.126914
v 0.112864 0.042186 -0.160603
v 0.129638 0.052115 -0.193975
v 0.127142 0.049786 -0.190134
v 0.127142 0.045613 -0.191145
v 0.129638 0.045400 -0.195687
v 0.103080 0.015487 -0.190326
v 0.104977 0.014439 -0.195071
v 0.109171 0.016534 -0.194945
v 0.119454 -0.000783 -0.223816
v 0.178061 0.009700 -0.267850
v 0.172869 0.009172 -0.263010
v 0.082114 -0.006030 -0.118609
v 0.085908 -0.005636 -0.116292
v 0.053658 -0.005506 -0.116236
v 0.054358 -0.006084 -0.117941
v 0.123448 -0.014742 -0.252099
v 0.081614 0.014551 -0.194793
v 0.060847 0.012515 -0.135646
v 0.097189 0.016301 -0.162351
v 0.093296 0.063954 -0.150095
v 0.104977 0.079194 -0.178825
v 0.103080 0.076031 -0.175185
v 0.107273 0.074193 -0.176275
v 0.088403 0.052822 -0.125601
v 0.087305 0.052719 -0.121040
v 0.091798 0.050587 -0.121258
v 0.123647 0.104742 -0.198248
v 0.148508 0.085074 -0.215842
v 0.174167 0.120576 -0.235934
v 0.172869 0.115903 -0.236315
v 0.081614 0.078823 -0.178676
v 0.059749 0.052682 -0.121133
v 0.060847 0.052729 -0.125564
v 0.177761 0.037609 -0.265086
v 0.177761 0.064984 -0.259633
v 0.177761 0.091735 -0.251452
v 0.084560 0.014673 -0.088410
v 0.091399 0.014793 -0.088781
v 0.090800 0.014553 -0.088039
v 0.102581 0.032879 -0.131569
v 0.112864 0.040294 -0.161025
v 0.127142 0.047727 -0.190704
v 0.131335 0.049034 -0.195749
v 0.175166 0.036985 -0.261822
v 0.175166 0.064193 -0.256516
v 0.175165 0.090814 -0.248392
v 0.175864 0.012635 -0.264833
v 0.175066 0.112839 -0.238849
v 0.060847 0.033008 -0.132052
v 0.059749 0.032144 -0.128583
v 0.079817 0.046347 -0.185306
v 0.079318 0.076031 -0.175185
v 0.082513 0.047580 -0.189999
v 0.092098 0.001224 -0.087735
v 0.092098 0.028041 -0.083133
v 0.093296 0.000997 -0.089904
v 0.093296 0.028612 -0.085192
v -0.162298 0.023563 -0.265624
v 0.079667 -0.007305 -0.049545
v 0.079667 0.008250 -0.049398
v 0.088303 -0.002592 -0.038096
v 0.088304 0.009145 -0.037006
v 0.085009 -0.001924 -0.028141
v 0.085009 0.006791 -0.027342
v 0.088104 -0.001752 -0.025305
v 0.088104 0.006073 -0.024578
v 0.088104 -0.002516 -0.036835
v 0.088104 0.008870 -0.035819
v 0.084659 0.000497 -0.051015
v 0.084659 0.016076 -0.048403
v 0.084809 -0.002050 -0.030727
v 0.084809 0.007352 -0.029828
v 0.094294 0.000937 -0.091925
v 0.091399 0.001052 -0.090034
v 0.090800 -0.013202 -0.088282
v 0.095991 0.030875 -0.094282
v 0.094194 0.029090 -0.087214
v 0.084560 0.028548 -0.084951
v 0.091398 0.028668 -0.085322
v 0.090800 0.028428 -0.084580
v 0.092098 -0.013143 -0.086799
v 0.092098 0.014260 -0.086630
v 0.093295 -0.013240 -0.088912
v 0.093296 0.014738 -0.088651
v 0.084659 -0.007381 -0.050536
v 0.084659 0.008415 -0.050326
v 0.079667 0.015846 -0.047503
v 0.079667 0.000536 -0.050116
v 0.084310 0.000568 -0.049411
v 0.084310 0.015677 -0.046808
v -0.162797 -0.171622 -0.287087
v 0.139322 -0.198931 -0.296387
v 0.139322 -0.166949 -0.315601
v 0.139322 -0.097756 -0.343434
v 0.185949 -0.172565 -0.257060
v 0.185949 -0.144824 -0.273706
v 0.185948 -0.115446 -0.287353
v -0.121064 -0.182940 -0.305994
v -0.121064 -0.115432 -0.337347
v 0.181056 -0.186622 -0.278094
v 0.181056 -0.156622 -0.296080
v 0.181056 -0.124873 -0.310788
v 0.166380 -0.195454 -0.291221
v 0.166380 -0.164083 -0.310082
v 0.166380 -0.130797 -0.325516
v -0.167889 -0.146502 -0.245105
v -0.167889 -0.092451 -0.270183
v -0.162797 -0.108327 -0.316475
v 0.139323 -0.133107 -0.331259
v 0.139323 -0.061377 -0.351717
v 0.185948 -0.084801 -0.297851
v 0.185949 -0.053260 -0.305049
v -0.121064 -0.042870 -0.353996
v 0.181056 -0.091782 -0.322162
v 0.181056 -0.057591 -0.329996
v 0.166380 -0.096094 -0.337430
v 0.166380 -0.060309 -0.345582
v -0.167889 -0.034316 -0.283505
v 0.185948 -0.299993 -0.075695
v -0.162797 -0.307368 -0.131486
v 0.139322 -0.334939 -0.122978
v 0.139323 -0.320322 -0.157269
v 0.139323 -0.280731 -0.220437
v 0.185948 -0.290486 -0.106638
v 0.185949 -0.277714 -0.136420
v 0.185949 -0.262010 -0.164798
v -0.121064 -0.327631 -0.140123
v -0.121064 -0.291427 -0.205158
v 0.181056 -0.314234 -0.115380
v 0.181056 -0.300502 -0.147592
v 0.181056 -0.283412 -0.178142
v 0.166380 -0.329114 -0.120802
v 0.166380 -0.314718 -0.154572
v 0.166379 -0.296833 -0.186626
v -0.167889 -0.262297 -0.112273
v -0.167889 -0.233355 -0.164325
v -0.162797 -0.273354 -0.192465
v 0.139322 -0.302123 -0.189879
v 0.139323 -0.256220 -0.248592
v 0.185949 -0.243465 -0.191197
v 0.185948 -0.222172 -0.215582
v -0.121064 -0.242553 -0.261299
v 0.181056 -0.263296 -0.206788
v 0.181056 -0.240357 -0.233234
v 0.166380 -0.275755 -0.216628
v 0.166380 -0.251688 -0.244281
v -0.167889 -0.194127 -0.209267
v -0.162797 -0.227495 -0.245134
v 0.139323 -0.228885 -0.274007
v 0.185949 -0.198428 -0.237616
v 0.181056 -0.214632 -0.257034
v 0.166380 -0.224797 -0.269195
v -0.162797 -0.325631 0.074196
v 0.139322 -0.342968 0.097312
v 0.139322 -0.351344 0.060971
v 0.139323 -0.356401 -0.013402
v 0.185948 -0.297384 0.084357
v 0.185948 -0.304713 0.052760
v 0.185949 -0.308594 0.020638
v -0.121064 -0.347156 0.079141
v -0.121064 -0.356105 0.005258
v 0.181056 -0.321732 0.091245
v 0.181056 -0.329530 0.057147
v 0.181056 -0.333731 0.022355
v 0.166380 -0.336964 0.095650
v 0.166380 -0.345117 0.059865
v 0.166380 -0.349544 0.023442
v -0.167889 -0.277949 0.063248
v -0.167889 -0.285118 0.004092
v -0.162797 -0.334034 0.004881
v 0.139323 -0.355810 0.023917
v 0.139322 -0.353099 -0.050674
v 0.185949 -0.309009 -0.011696
v 0.185949 -0.306161 -0.043942
v -0.121064 -0.349482 -0.068971
v 0.181056 -0.334337 -0.012592
v 0.181056 -0.331271 -0.047508
v 0.166380 -0.350190 -0.013210
v 0.166380 -0.346904 -0.049722
v -0.167889 -0.279791 -0.055303
v -0.162797 -0.327902 -0.064684
v 0.139322 -0.345865 -0.087268
v 0.181056 -0.324533 -0.081858
v 0.166380 -0.339855 -0.085703
v -0.162797 -0.219610 0.251354
v 0.139322 -0.220008 0.280195
v 0.139322 -0.248163 0.255683
v 0.139323 -0.296014 0.198524
v 0.185949 -0.190769 0.242928
v 0.185949 -0.215153 0.221636
v 0.185949 -0.237243 0.198021
v -0.121064 -0.234086 0.267939
v -0.121064 -0.284796 0.213437
v 0.181056 -0.206415 0.262889
v 0.181056 -0.232805 0.239820
v 0.181056 -0.256567 0.214189
v 0.166380 -0.216161 0.275311
v 0.166380 -0.243814 0.251244
v 0.166380 -0.268728 0.224353
v -0.167889 -0.187375 0.214444
v -0.167889 -0.228016 0.170796
v -0.162797 -0.267097 0.200183
v 0.139323 -0.273578 0.228349
v 0.139322 -0.315135 0.166505
v 0.185948 -0.256723 0.172066
v 0.185948 -0.273277 0.144288
v -0.121064 -0.323029 0.149556
v 0.181056 -0.277627 0.186178
v 0.181056 -0.295614 0.156178
v 0.166380 -0.290755 0.195010
v 0.166380 -0.309653 0.163547
v -0.167889 -0.258660 0.119629
v -0.162797 -0.302986 0.140257
v 0.139322 -0.330922 0.132607
v 0.185948 -0.286924 0.114909
v 0.181056 -0.310359 0.124336
v 0.166380 -0.325087 0.130260
v -0.162797 -0.029668 0.332286
v 0.139322 -0.013066 0.355901
v 0.139323 -0.050208 0.352654
v 0.139323 -0.122512 0.334496
v 0.185949 -0.011322 0.308602
v 0.185949 -0.043568 0.305754
v 0.185949 -0.075266 0.299456
v -0.121064 -0.031637 0.354278
v -0.121064 -0.104657 0.339958
v 0.181056 -0.012255 0.333837
v 0.181056 -0.047080 0.330734
v 0.181056 -0.081429 0.323996
v 0.166380 -0.012781 0.349653
v 0.166380 -0.049256 0.346461
v 0.166380 -0.085237 0.339411
v -0.167889 -0.025322 0.283563
v -0.167889 -0.083791 0.272107
v -0.162797 -0.098190 0.318847
v 0.139323 -0.086801 0.345421
v 0.139322 -0.156840 0.319785
v 0.185948 -0.106209 0.289949
v 0.185949 -0.136046 0.277307
v -0.121064 -0.173126 0.310732
v 0.181056 -0.114951 0.313697
v 0.181056 -0.147163 0.299966
v 0.166380 -0.120373 0.328577
v 0.166380 -0.154107 0.314274
v -0.167889 -0.138623 0.248696
v -0.162797 -0.162466 0.291485
v 0.139323 -0.189413 0.301679
v 0.185948 -0.164331 0.261565
v 0.181056 -0.177769 0.283005
v 0.166380 -0.186160 0.296389
v -0.162797 0.171598 0.286195
v 0.139323 0.198953 0.295477
v 0.139322 0.166972 0.314691
v 0.139322 0.097778 0.342524
v 0.185949 0.172495 0.256186
v 0.185948 0.144754 0.272833
v 0.185949 0.115376 0.286479
v -0.121064 0.182962 0.305084
v -0.121064 0.115407 0.336455
v 0.181056 0.186644 0.277184
v 0.181056 0.156551 0.295207
v 0.181056 0.124802 0.309915
v 0.166380 0.195476 0.290311
v 0.166380 0.164013 0.309209
v 0.166380 0.130726 0.324643
v -0.167889 0.146460 0.244167
v -0.167889 0.092362 0.269263
v -0.162797 0.108256 0.315602
v 0.139323 0.133036 0.330386
v 0.139323 0.061400 0.350807
v 0.185949 0.084731 0.296977
v 0.185949 0.053189 0.304176
v -0.121064 0.042827 0.353059
v 0.181056 0.091712 0.321288
v 0.181056 0.057613 0.329085
v 0.166380 0.096024 0.336557
v 0.166380 0.060331 0.344673
v -0.167889 0.034339 0.282595
v -0.162797 0.040217 0.331187
v 0.139322 0.024254 0.355310
v 0.185948 0.021067 0.308058
v 0.181056 0.022821 0.333287
v 0.166380 0.023909 0.349100
v -0.162797 0.327832 0.063810
v 0.139322 0.345887 0.086357
v 0.185949 0.299922 0.074822
v 0.181056 0.324463 0.080985
v 0.166380 0.339784 0.084830
v -0.162797 0.307261 0.130521
v 0.139323 0.334924 0.121976
v 0.139323 0.320252 0.156396
v 0.139323 0.280661 0.219564
v 0.185949 0.290415 0.105765
v 0.185949 0.277736 0.135509
v 0.185949 0.261994 0.163795
v -0.121064 0.327588 0.139186
v -0.121064 0.291403 0.204266
v 0.181056 0.314127 0.114414
v 0.181056 0.300395 0.146626
v 0.181056 0.283434 0.177232
v 0.166380 0.329043 0.119929
v 0.166380 0.314610 0.153607
v 0.166380 0.296855 0.185716
v -0.167889 0.262273 0.111382
v -0.167889 0.233284 0.163452
v -0.162797 0.273376 0.191555
v 0.139323 0.302145 0.188969
v 0.139322 0.256112 0.247626
v 0.185949 0.243394 0.190325
v 0.185949 0.222102 0.214709
v -0.121064 0.242445 0.260334
v 0.181056 0.263318 0.205878
v 0.181056 0.240249 0.232269
v 0.166380 0.275777 0.215718
v 0.166380 0.251673 0.243278
v -0.167889 0.194103 0.208376
v -0.162797 0.227452 0.244195
v 0.139323 0.228778 0.273041
v 0.185949 0.198358 0.236743
v 0.181056 0.214655 0.256124
v 0.166380 0.224820 0.268284
v -0.162797 0.302990 -0.141213
v 0.139322 0.330815 -0.133573
v 0.185949 0.286909 -0.115912
v 0.181056 0.310344 -0.125339
v 0.166380 0.325072 -0.131263
v -0.162797 0.325653 -0.075106
v 0.139323 0.342990 -0.098222
v 0.139323 0.351273 -0.061844
v 0.139322 0.356330 0.012529
v 0.185948 0.297406 -0.085267
v 0.185949 0.304605 -0.053726
v 0.185948 0.308524 -0.021511
v -0.121064 0.347131 -0.080033
v -0.121064 0.356035 -0.006130
v 0.181056 0.321755 -0.092155
v 0.181056 0.329552 -0.058057
v 0.181056 0.333754 -0.023265
v 0.166380 0.336894 -0.096523
v 0.166380 0.345139 -0.060776
v 0.166380 0.349566 -0.024353
v -0.167889 0.277859 -0.064168
v -0.167889 0.285093 -0.004983
v -0.162797 0.334010 -0.005773
v 0.139322 0.355739 -0.024791
v 0.139323 0.353083 0.049671
v 0.185949 0.309031 0.010785
v 0.185949 0.306183 0.043032
v -0.121064 0.349485 0.068014
v 0.181056 0.334266 0.011719
v 0.181056 0.331201 0.046636
v 0.166380 0.350119 0.012337
v 0.166379 0.346834 0.048849
v -0.167889 0.279794 0.054346
v -0.162797 0.162377 -0.292405
v 0.139322 0.189435 -0.302589
v 0.185949 0.164261 -0.262439
v 0.181056 0.177698 -0.283878
v 0.166380 0.186090 -0.297262
v -0.162797 0.219540 -0.252228
v 0.139322 0.219993 -0.281198
v 0.139322 0.248092 -0.256557
v 0.139322 0.295943 -0.199397
v 0.185948 0.190791 -0.243838
v 0.185948 0.215175 -0.222546
v 0.185948 0.237172 -0.198894
v -0.121064 0.234043 -0.268877
v -0.121064 0.284725 -0.214309
v 0.181056 0.206344 -0.263762
v 0.181056 0.232734 -0.240693
v 0.181056 0.256590 -0.215099
v 0.166380 0.216091 -0.276184
v 0.166380 0.243744 -0.252117
v 0.166380 0.268751 -0.225264
v -0.167889 0.187397 -0.215354
v -0.167889 0.227945 -0.171669
v -0.162797 0.267120 -0.201093
v 0.139323 0.273508 -0.229222
v 0.139323 0.315157 -0.167415
v 0.185948 0.256615 -0.173031
v 0.185948 0.273299 -0.145198
v -0.121064 0.322986 -0.150494
v 0.181056 0.277650 -0.187088
v 0.181056 0.295636 -0.157088
v 0.166380 0.290777 -0.195920
v 0.166380 0.309582 -0.164420
v -0.167889 0.258552 -0.120595
v -0.162797 -0.040195 -0.332097
v 0.139323 -0.024362 -0.356275
v 0.185949 -0.021137 -0.308931
v 0.181056 -0.022799 -0.334197
v 0.166380 -0.023886 -0.350010
v -0.162797 0.029625 -0.333224
v 0.139322 0.012958 -0.356867
v 0.139323 0.050138 -0.353528
v 0.139322 0.122442 -0.335368
v 0.185949 0.011251 -0.309475
v 0.185948 0.043498 -0.306627
v 0.185949 0.075251 -0.300459
v -0.121064 0.031548 -0.355197
v -0.121064 0.104633 -0.340850
v 0.181056 0.012148 -0.334803
v 0.181056 0.047102 -0.331645
v 0.181056 0.081451 -0.324907
v 0.166380 0.012766 -0.350656
v 0.166380 0.049278 -0.347371
v 0.166380 0.085259 -0.340321
v -0.167889 0.025251 -0.284436
v -0.167889 0.083767 -0.272998
v -0.162797 0.098147 -0.319785
v 0.139323 0.086824 -0.346331
v 0.139323 0.156825 -0.320788
v 0.185949 0.106231 -0.290860
v 0.185948 0.135976 -0.278180
v -0.121064 0.173130 -0.311689
v 0.181056 0.114843 -0.314663
v 0.181056 0.147055 -0.300931
v 0.166380 0.120265 -0.329542
v 0.166380 0.154036 -0.315146
v -0.167889 0.138580 -0.249633
v 0.183053 -0.159419 -0.237488
v 0.183053 -0.133752 -0.252870
v 0.183053 -0.106653 -0.265493
v -0.173181 -0.144633 -0.241929
v -0.173181 -0.091258 -0.266682
v 0.183053 -0.049192 -0.281826
v -0.173181 -0.033874 -0.279863
v 0.183053 -0.268296 -0.098560
v 0.183053 -0.241980 -0.152192
v -0.173181 -0.258901 -0.110788
v 0.183053 -0.224804 -0.176642
v 0.183053 -0.205140 -0.199188
v 0.183053 -0.285033 0.019017
v -0.173180 -0.274344 0.062444
v -0.173181 -0.281391 0.003992
v 0.183053 -0.285425 -0.010851
v 0.183053 -0.277029 -0.069973
v 0.183053 -0.176177 0.224360
v 0.183053 -0.198722 0.204695
v 0.183053 -0.219159 0.182783
v -0.173181 -0.184933 0.211686
v 0.183053 -0.237059 0.158882
v -0.173181 -0.255307 0.118065
v 0.183053 -0.265064 0.106116
v 0.183053 -0.010385 0.284981
v 0.183053 -0.040184 0.282331
v -0.173180 -0.024977 0.279873
v -0.173181 -0.082742 0.268564
v 0.183053 -0.098132 0.267760
v -0.173180 -0.136793 0.245484
v 0.183053 -0.151726 0.241536
v 0.183053 0.159349 0.236615
v 0.183053 0.133682 0.251997
v 0.183053 0.106545 0.264527
v -0.173181 0.144544 0.241009
v -0.173180 0.091187 0.265808
v 0.183053 0.078290 0.274278
v 0.183053 0.049121 0.280954
v 0.183053 0.019445 0.284496
v 0.183053 0.256543 0.125093
v 0.183053 0.242002 0.151282
v -0.173181 0.258878 0.109895
v -0.173181 0.230277 0.161325
v 0.183053 0.224826 0.175732
v -0.173181 0.191614 0.205664
v 0.183053 0.264956 -0.107082
v 0.183053 0.281382 -0.049658
v 0.183053 0.284925 -0.019982
v -0.173181 0.281413 -0.004902
v 0.183053 0.285447 0.009941
v 0.183053 0.282797 0.039739
v -0.173180 0.276196 0.053695
v 0.183053 0.151748 -0.242447
v 0.183053 0.176198 -0.225270
v 0.183053 0.198744 -0.205606
v 0.183053 0.219051 -0.183749
v -0.173180 0.184956 -0.212597
v -0.173181 0.225011 -0.169466
v 0.183053 0.237081 -0.159793
v 0.183053 0.252333 -0.134181
v -0.173181 0.255246 -0.119049
v 0.183053 -0.019553 -0.285462
v 0.183053 0.040206 -0.283241
v 0.183053 0.069529 -0.277495
v -0.173181 0.024952 -0.280765
v 0.183053 0.098116 -0.268762
v 0.183053 0.125560 -0.256987
v -0.173181 0.136816 -0.246395
v -0.056566 0.087048 0.212986
v -0.054569 0.128235 0.188621
v -0.054569 0.164721 0.158104
v -0.054569 0.194050 0.120566
v -0.054569 0.214990 0.077862
v -0.054569 0.226628 0.031721
v -0.054569 0.228390 -0.015892
v -0.054569 0.220155 -0.062826
v -0.054569 0.202416 -0.106926
v -0.054569 0.175859 -0.146489
v -0.054569 0.141617 -0.179620
v -0.054569 0.101271 -0.204850
v -0.054569 0.056593 -0.221159
v -0.054569 0.009439 -0.227934
v -0.054569 -0.038015 -0.224686
v -0.054569 -0.083745 -0.211613
v -0.054569 -0.125897 -0.189337
v -0.054569 -0.162382 -0.158820
v -0.054569 -0.191711 -0.121280
v -0.054569 -0.212651 -0.078577
v -0.054569 -0.224288 -0.032436
v -0.054569 -0.225945 0.015134
v -0.054569 -0.217816 0.062111
v -0.054569 -0.200077 0.106211
v -0.054569 -0.173413 0.145731
v -0.054569 -0.139278 0.178905
v -0.054569 -0.098932 0.204135
v -0.054569 -0.054254 0.220444
v -0.054569 -0.007100 0.227218
v -0.056566 0.040742 0.226166
v -0.083324 0.087048 0.212986
v -0.083324 0.129476 0.190474
v -0.083324 0.166344 0.159679
v -0.083324 0.196057 0.121862
v -0.083324 0.217145 0.078603
v -0.083324 0.228867 0.032058
v -0.083324 0.230671 -0.016067
v -0.083323 0.222371 -0.063469
v -0.083324 0.204461 -0.107996
v -0.083324 0.177626 -0.147943
v -0.083324 0.142999 -0.181413
v -0.083324 0.102312 -0.206877
v -0.083324 0.057143 -0.223485
v -0.083324 0.009520 -0.230194
v -0.083324 -0.038403 -0.226882
v -0.083324 -0.084602 -0.213744
v -0.083324 -0.127137 -0.191189
v -0.083324 -0.164005 -0.160394
v -0.083324 -0.193717 -0.122577
v -0.083324 -0.214806 -0.079319
v -0.083324 -0.226528 -0.032773
v -0.083324 -0.228226 0.015309
v -0.083324 -0.220032 0.062754
v -0.083324 -0.202121 0.107281
v -0.083324 -0.175180 0.147184
v -0.083324 -0.140660 0.180698
v -0.083324 -0.099973 0.206162
v -0.083324 -0.054804 0.222769
v -0.083324 -0.007181 0.229479
v -0.083324 0.040742 0.226166
v -0.050177 0.048999 0.118394
v -0.050176 0.023257 0.125778
v -0.027513 0.044714 0.107742
v -0.027512 0.066247 0.096357
v -0.027512 0.084830 0.080714
v -0.027512 0.099889 0.061538
v -0.027512 0.110635 0.039643
v -0.027512 0.116474 0.016007
v -0.027512 0.117471 -0.008279
v -0.027513 0.113246 -0.032321
v -0.027512 0.104162 -0.054904
v -0.027513 0.090563 -0.075175
v -0.027512 0.073025 -0.092006
v -0.027512 0.052447 -0.105015
v -0.027512 0.029532 -0.113372
v -0.027512 0.005390 -0.116779
v -0.027512 -0.018849 -0.115197
v -0.027512 -0.042268 -0.108499
v -0.027512 -0.063802 -0.097115
v -0.027512 -0.082491 -0.081429
v -0.027512 -0.097550 -0.062253
v -0.027512 -0.108189 -0.040400
v -0.027512 -0.114135 -0.016722
v -0.027512 -0.115026 0.007522
v -0.027512 -0.110907 0.031606
v -0.027512 -0.101823 0.054190
v -0.027512 -0.088117 0.074418
v -0.027512 -0.070687 0.091291
v -0.027513 -0.050001 0.104258
v -0.027512 -0.027193 0.112657
v -0.027512 -0.003051 0.116064
v -0.027513 0.021295 0.114439
v -0.027512 0.001223 -0.000379
v -0.054569 0.056283 0.136502
v -0.054569 0.083525 0.122080
v -0.054569 0.107132 0.102312
v -0.054569 0.126210 0.078054
v -0.054569 0.139802 0.050310
v -0.054569 0.147185 0.020361
v -0.054569 0.148404 -0.010450
v -0.054569 0.143100 -0.040865
v -0.054569 0.131617 -0.069413
v -0.054569 0.114383 -0.095029
v -0.054569 0.092168 -0.116414
v -0.054569 0.066103 -0.132908
v -0.054570 0.037085 -0.143512
v -0.054569 0.006524 -0.147803
v -0.054569 -0.024196 -0.145718
v -0.054569 -0.053837 -0.137261
v -0.054569 -0.081185 -0.122794
v -0.054569 -0.104792 -0.103027
v -0.054569 -0.123871 -0.078770
v -0.054569 -0.137355 -0.051069
v -0.054569 -0.144846 -0.021076
v -0.054569 -0.145958 0.009692
v -0.054569 -0.140655 0.040107
v -0.054569 -0.129171 0.068655
v -0.054569 -0.111937 0.094271
v -0.054569 -0.089828 0.115699
v -0.054569 -0.063657 0.132151
v -0.054569 -0.034746 0.142798
v -0.054569 -0.004185 0.147089
v -0.054569 0.026535 0.145003
v -0.050177 0.055811 0.135331
v -0.050176 0.082734 0.121036
v -0.050177 0.106277 0.101418
v -0.050176 0.125078 0.077395
v -0.050176 0.138543 0.049950
v -0.050177 0.146012 0.020215
v -0.050176 0.147104 -0.010298
v -0.050176 0.141886 -0.040500
v -0.050176 0.130488 -0.068835
v -0.050177 0.113340 -0.094238
v -0.050176 0.091423 -0.115495
v -0.050176 0.065444 -0.131777
v -0.050176 0.036725 -0.142254
v -0.050176 0.006527 -0.146567
v -0.050176 -0.024044 -0.144418
v -0.050176 -0.053366 -0.136088
v -0.050176 -0.080394 -0.121752
v -0.050176 -0.103938 -0.102133
v -0.050176 -0.122739 -0.078110
v -0.050176 -0.136204 -0.050665
v -0.050177 -0.143672 -0.020929
v -0.050176 -0.144765 0.009583
v -0.050176 -0.139547 0.039784
v -0.050176 -0.128149 0.068120
v -0.050176 -0.111001 0.093524
v -0.050177 -0.089084 0.114780
v -0.050176 -0.063105 0.131062
v -0.050176 -0.034386 0.141539
v -0.050177 -0.004187 0.145852
v -0.050176 0.026383 0.143703
v -0.054569 0.086191 0.210855
v -0.056566 0.129476 0.190475
v -0.056566 0.166344 0.159679
v -0.056566 0.196057 0.121862
v -0.056566 0.217145 0.078603
v -0.056566 0.228867 0.032058
v -0.056566 0.230671 -0.016067
v -0.056566 0.222371 -0.063469
v -0.056566 0.204461 -0.107995
v -0.056566 0.177626 -0.147942
v -0.056566 0.142999 -0.181413
v -0.056566 0.102312 -0.206877
v -0.056566 0.057143 -0.223484
v -0.056566 0.009520 -0.230194
v -0.056566 -0.038404 -0.226881
v -0.056566 -0.084602 -0.213744
v -0.056566 -0.127137 -0.191189
v -0.056566 -0.164005 -0.160394
v -0.056566 -0.193718 -0.122577
v -0.056566 -0.214806 -0.079319
v -0.056567 -0.226528 -0.032773
v -0.056566 -0.228226 0.015309
v -0.056566 -0.220032 0.062755
v -0.056566 -0.202121 0.107281
v -0.056566 -0.175180 0.147185
v -0.056566 -0.140660 0.180699
v -0.056566 -0.099973 0.206163
v -0.056566 -0.054804 0.222770
v -0.056566 -0.007181 0.229479
v -0.054569 0.040354 0.223971
v -0.083324 0.001223 -0.000379
v -0.050176 0.072684 0.105896
v -0.050176 0.093140 0.088758
v -0.050177 0.109644 0.067639
v -0.050176 0.121495 0.043566
v -0.050177 0.128033 0.017669
v -0.050177 0.128920 -0.009048
v -0.050176 0.124370 -0.035434
v -0.050176 0.114343 -0.060361
v -0.050177 0.099354 -0.082548
v -0.050176 0.080214 -0.101210
v -0.050176 0.057565 -0.115366
v -0.050177 0.032346 -0.124528
v -0.050177 0.005815 -0.128336
v -0.050176 -0.020811 -0.126535
v -0.050176 -0.046553 -0.119152
v -0.050176 -0.070238 -0.106655
v -0.050176 -0.090801 -0.089472
v -0.050176 -0.107305 -0.068354
v -0.050177 -0.119049 -0.044323
v -0.050176 -0.125587 -0.018427
v -0.050176 -0.126580 0.008333
v -0.050177 -0.122031 0.034720
v -0.050176 -0.112004 0.059646
v -0.050176 -0.097015 0.081833
v -0.050176 -0.077769 0.100452
v -0.050176 -0.055120 0.114608
v -0.050176 -0.030007 0.123813
v -0.050176 -0.003476 0.127621
v -0.051175 0.056240 0.136396
v -0.051175 0.083482 0.121973
v -0.051175 0.107088 0.102206
v -0.051174 0.126060 0.077991
v -0.051175 0.139652 0.050247
v -0.051174 0.147185 0.020361
v -0.051175 0.148298 -0.010407
v -0.051174 0.142994 -0.040822
v -0.051175 0.131511 -0.069370
v -0.051175 0.114276 -0.094986
v -0.051175 0.092167 -0.116414
v -0.051174 0.066039 -0.132759
v -0.051174 0.037021 -0.143363
v -0.051174 0.006567 -0.147696
v -0.051175 -0.024153 -0.145612
v -0.051175 -0.053794 -0.137154
v -0.051174 -0.081036 -0.122731
v -0.051174 -0.104749 -0.102920
v -0.051174 -0.123721 -0.078706
v -0.051175 -0.137313 -0.050962
v -0.051174 -0.144846 -0.021076
v -0.051174 -0.145958 0.009692
v -0.051175 -0.140655 0.040107
v -0.051175 -0.129172 0.068655
v -0.051174 -0.111937 0.094271
v -0.051175 -0.089828 0.115699
v -0.051175 -0.063700 0.132044
v -0.051175 -0.034682 0.142648
v -0.051175 -0.004227 0.146981
v -0.051174 0.026599 0.144854
vn 0.8409 -0.3475 -0.4148
vn 0.8405 -0.3024 -0.4497
vn 0.8410 -0.3475 -0.4146
vn 0.8375 -0.2557 -0.4830
vn 0.8376 -0.2556 -0.4828
vn 0.8422 -0.2012 -0.5002
vn 0.8427 -0.2009 -0.4995
vn 0.8139 0.3729 0.4456
vn 0.7908 0.3388 0.5097
vn 0.7727 0.4074 0.4868
vn 0.8132 0.2723 0.5143
vn 0.8144 0.3240 0.4813
vn 0.8059 0.2209 0.5493
vn 0.7954 0.3006 0.5262
vn 0.0755 -0.5573 -0.8269
vn 0.1073 -0.6373 -0.7631
vn 0.1074 -0.6374 -0.7631
vn 0.1016 -0.4649 -0.8795
vn 0.0754 -0.5572 -0.8269
vn 0.1028 -0.3712 -0.9228
vn 0.7231 0.3026 0.6209
vn 0.7846 0.2834 0.5514
vn 0.9749 0.1055 0.1960
vn 0.9604 0.1582 0.2295
vn 0.9895 0.0077 0.1440
vn 0.8149 0.1992 0.5442
vn 0.7842 0.2316 0.5757
vn 0.7156 0.2510 0.6519
vn 0.8198 0.2128 0.5316
vn 0.9923 0.0446 0.1152
vn 0.6892 -0.2299 0.6871
vn 0.8194 -0.3030 0.4866
vn 0.7693 -0.3865 0.5087
vn 0.5051 0.0430 0.8620
vn 0.6714 -0.0398 0.7400
vn 0.6415 -0.0712 0.7638
vn 0.6611 0.1859 0.7269
vn 0.6915 0.0051 0.7223
vn 0.8132 -0.5432 -0.2091
vn 0.7429 -0.6691 -0.0195
vn 0.8230 -0.5675 0.0260
vn 0.4464 0.4900 0.7487
vn 0.5299 0.5435 0.6509
vn 0.4081 0.5858 0.7002
vn 0.0031 -0.8396 0.5432
vn 0.0665 -0.8655 0.4964
vn -0.0001 -0.8675 0.4975
vn 0.0031 -0.8169 0.5767
vn 0.2579 -0.8633 0.4338
vn -0.0003 -0.4251 0.9052
vn 0.0685 -0.4425 0.8941
vn 0.0004 -0.4761 0.8794
vn -0.0096 -0.9831 -0.1828
vn 0.0613 -0.9391 -0.3380
vn -0.0145 -0.9406 -0.3391
vn -0.0034 -0.3604 0.9328
vn 0.1883 -0.4385 0.8788
vn -0.8110 0.3983 0.4285
vn -0.8138 0.2986 0.4987
vn -0.8143 0.2983 0.4980
vn -0.8130 0.1892 0.5507
vn -0.0224 -0.6418 -0.7665
vn -0.0559 -0.3677 -0.9283
vn -0.0574 -0.6372 -0.7686
vn -0.7245 -0.2858 -0.6273
vn -0.7553 -0.2719 -0.5964
vn -0.1513 0.5078 0.8481
vn -0.1536 0.6730 0.7235
vn -0.1543 0.6731 0.7233
vn -0.1517 0.3203 0.9351
vn -0.1505 0.5078 0.8482
vn -0.0000 0.5142 0.8577
vn -0.0000 0.6813 0.7320
vn -0.0000 0.3238 0.9461
vn -0.9974 0.0071 -0.0715
vn -1.0000 -0.0026 -0.0057
vn -0.9999 -0.0076 -0.0075
vn -0.8869 -0.1418 -0.4396
vn -0.8418 -0.2631 -0.4712
vn -1.0000 -0.0000 -0.0000
vn -0.7907 -0.3380 -0.5104
vn -0.8007 -0.2770 -0.5311
vn -0.8112 -0.2219 -0.5410
vn 0.8654 -0.3284 0.3784
vn 0.7875 -0.4544 0.4163
vn -0.9413 -0.1301 -0.3115
vn -0.9715 -0.1088 -0.2104
vn -0.9672 -0.0959 -0.2351
vn -0.7744 -0.3416 -0.5325
vn -0.9439 -0.1652 -0.2861
vn -0.9394 -0.1082 -0.3254
vn 0.8376 -0.1496 -0.5254
vn 0.8375 -0.1501 -0.5253
vn 0.8418 -0.0936 -0.5317
vn 0.8419 -0.0931 -0.5315
vn 0.8410 -0.0360 -0.5398
vn 0.8132 0.1597 0.5596
vn 0.8118 0.2179 0.5417
vn 0.7896 0.1081 0.6041
vn 0.7949 0.1851 0.5778
vn 0.8145 0.0997 0.5716
vn 0.7724 0.0432 0.6336
vn 0.1023 -0.2720 -0.9568
vn 0.0684 -0.1738 -0.9824
vn 0.1013 -0.2718 -0.9570
vn 0.0971 -0.0662 -0.9931
vn 0.0684 -0.1739 -0.9824
vn 0.9757 0.0637 0.2095
vn 0.9603 0.0447 0.2753
vn 0.9631 0.0755 0.2584
vn 0.9937 0.0296 0.1083
vn 0.7814 0.1819 0.5969
vn 0.7442 0.2283 0.6278
vn 0.7637 0.2062 0.6117
vn 0.7135 0.6972 0.0703
vn 0.8200 0.5544 0.1419
vn 0.8266 0.5208 0.2133
vn 0.6724 0.4894 0.5553
vn 0.6129 0.5588 0.5587
vn 0.6393 0.5826 0.5019
vn 0.4438 0.5773 0.6854
vn 0.7031 0.4788 0.5257
vn 0.6050 0.4810 0.6345
vn 0.8665 0.3612 -0.3446
vn 0.7422 0.4697 -0.4780
vn 0.7034 0.4230 -0.5712
vn 0.4466 0.1653 0.8793
vn 0.4065 0.0615 0.9116
vn 0.5310 0.0563 0.8455
vn 0.0035 0.9820 -0.1890
vn 0.0686 0.9682 -0.2407
vn 0.0709 0.9828 -0.1703
vn 0.0014 0.9890 -0.1482
vn 0.0777 0.9897 -0.1198
vn -0.0001 0.9331 0.3597
vn 0.0656 0.9399 0.3352
vn 0.0818 0.9147 0.3959
vn -0.0074 0.5769 -0.8168
vn 0.0586 0.4467 -0.8927
vn 0.0536 0.5884 -0.8068
vn -0.0020 0.9102 0.4141
vn 0.0815 0.8698 0.4866
vn -0.8118 0.0700 0.5798
vn -0.8118 0.0699 0.5798
vn -0.0224 -0.0680 -0.9974
vn -0.0225 -0.3731 -0.9275
vn -0.1572 0.0514 -0.9862
vn -0.6928 -0.3267 -0.6429
vn -0.1520 0.3201 0.9351
vn -0.1520 0.1190 0.9812
vn -0.0000 0.1198 0.9928
vn -0.9788 -0.1511 -0.1382
vn -0.9286 0.0988 -0.3578
vn -0.9246 -0.2739 -0.2648
vn -0.9999 -0.0017 -0.0105
vn -0.8072 -0.1534 -0.5700
vn 0.8736 0.4518 0.1809
vn 0.5562 0.8072 0.1977
vn 0.7883 0.6151 -0.0129
vn -0.9724 -0.0709 -0.2222
vn -0.9429 -0.1060 -0.3159
vn -0.7747 -0.0787 -0.6275
vn -0.9355 -0.1631 -0.3134
vn -0.9548 -0.0812 -0.2858
vn 0.4718 0.8589 0.1996
vn 0.1371 0.7199 0.6804
vn 0.0782 0.9887 -0.1278
vn 0.9896 0.1404 0.0323
vn 0.8372 0.0291 -0.5461
vn 0.3983 -0.9043 0.1533
vn 0.9320 0.3595 -0.0454
vn 0.8942 0.1980 0.4014
vn 0.3798 -0.5151 0.7684
vn 0.5963 0.3561 0.7195
vn 0.7809 -0.0704 -0.6207
vn 0.6025 -0.6150 -0.5087
vn -0.9356 -0.3166 -0.1562
vn -0.4313 -0.6002 -0.6735
vn -0.9326 -0.2066 -0.2959
vn -0.8596 -0.3918 -0.3280
vn -0.7713 -0.4350 -0.4647
vn -0.8551 -0.1957 -0.4801
vn -0.9076 -0.1791 -0.3796
vn -0.9055 -0.1607 -0.3928
vn -0.9042 -0.1383 -0.4040
vn -0.0041 0.9820 -0.1890
vn 0.9274 0.1396 0.3470
vn 0.9305 -0.1133 0.3483
vn 0.0485 -0.4889 -0.8710
vn -0.0159 -0.1741 -0.9846
vn 0.9859 0.1172 0.1195
vn -0.0002 0.9524 0.3049
vn 0.0012 0.9688 -0.2477
vn 0.0007 0.4449 0.8956
vn -0.0088 0.5797 0.8148
vn -0.0259 0.4452 0.8950
vn 0.0009 0.2989 0.9543
vn -0.0081 0.1456 0.9893
vn -0.0017 0.1451 0.9894
vn -0.0012 -0.1458 -0.9893
vn 0.0004 -0.3017 -0.9534
vn 0.0014 -0.3014 -0.9535
vn -0.0008 -0.5791 -0.8153
vn 0.0004 -0.4422 -0.8969
vn -0.0015 -0.5788 -0.8155
vn -0.1024 0.4420 0.8912
vn -0.0511 0.5771 0.8151
vn -0.1025 0.2979 0.9491
vn -0.0513 0.1471 0.9878
vn 0.7546 -0.2891 -0.5891
vn 0.7517 -0.3845 -0.5359
vn 0.7520 -0.3842 -0.5357
vn 0.7545 -0.1994 -0.6253
vn 0.7519 -0.0951 -0.6523
vn 0.7547 -0.1992 -0.6250
vn -0.9423 -0.1505 -0.2991
vn -0.8482 -0.1467 -0.5090
vn -0.7908 -0.1128 -0.6016
vn -0.8492 -0.2457 -0.4674
vn 0.9800 0.0287 0.1971
vn 0.9805 0.0596 0.1873
vn 0.9805 0.0284 0.1945
vn 0.9179 0.1794 0.3540
vn 0.9508 0.0971 0.2941
vn 0.9178 0.1157 0.3798
vn -0.0001 -0.3001 -0.9539
vn 0.0440 -0.1460 -0.9883
vn 0.0425 -0.3000 -0.9530
vn -0.0010 -0.5781 -0.8159
vn 0.0415 -0.4439 -0.8951
vn 0.0406 -0.5776 -0.8153
vn 0.0566 0.5800 0.8127
vn 0.0466 0.4461 0.8938
vn 0.0429 0.4483 0.8929
vn 0.0468 0.2970 0.9537
vn 0.0609 0.1474 0.9872
vn 0.0425 0.2949 0.9546
vn 0.9474 -0.1781 -0.2660
vn 0.9685 -0.0934 -0.2309
vn 0.9678 -0.1609 -0.1933
vn 0.9474 -0.0869 -0.3082
vn 0.9673 -0.0174 -0.2530
vn 0.9099 0.0434 0.4124
vn 0.8933 0.2891 0.3440
vn 0.8954 0.2863 0.3411
vn 0.8939 0.1666 0.4162
vn 0.8962 0.0318 0.4424
vn 0.8926 0.0314 0.4498
vn 0.9979 -0.0413 -0.0495
vn 0.8372 -0.2041 -0.5073
vn 0.8381 -0.3503 -0.4181
vn 0.8404 0.0035 -0.5419
vn 0.9980 -0.0238 -0.0590
vn 0.9980 -0.0044 -0.0638
vn 0.6759 -0.4733 -0.5650
vn 0.6703 -0.2769 -0.6885
vn 0.6756 -0.0504 -0.7355
vn 0.9588 0.2130 0.1879
vn 0.9800 0.1156 0.1623
vn 0.9805 0.1374 0.1409
vn 0.9805 0.1141 0.1600
vn -0.0010 0.5802 0.8144
vn -0.0090 0.6980 0.7160
vn -0.0007 -0.6989 -0.7152
vn 0.7711 -0.4432 -0.4572
vn -0.0235 0.2953 0.9551
vn 0.0012 -0.4425 -0.8967
vn 0.7549 -0.2889 -0.5888
vn 0.9799 0.0878 0.1790
vn 0.9799 0.0608 0.1900
vn 0.8930 0.2595 0.3677
vn 0.8941 0.3104 0.3229
vn 0.9477 -0.2295 -0.2219
vn 0.9475 -0.1509 -0.2817
vn 0.0006 -0.4446 -0.8957
vn 0.0460 -0.6975 -0.7151
vn 0.0007 -0.6984 -0.7157
vn 0.0478 0.7000 0.7125
vn 0.0385 0.7005 0.7126
vn 0.9805 0.0866 0.1763
vn 0.8415 -0.5240 -0.1316
vn 0.8434 -0.5047 -0.1842
vn 0.8435 -0.5045 -0.1843
vn 0.8435 -0.4827 -0.2357
vn 0.8434 -0.4827 -0.2360
vn 0.8415 -0.4575 -0.2873
vn 0.8129 0.5471 0.1997
vn 0.7750 0.6130 0.1537
vn 0.8130 0.5647 0.1421
vn 0.8118 0.5249 0.2559
vn 0.7359 0.6420 0.2153
vn 0.8118 0.4946 0.3105
vn 0.7972 0.5493 0.2504
vn 0.0956 -0.9352 -0.3411
vn 0.0765 -0.9672 -0.2423
vn 0.0759 -0.9674 -0.2418
vn 0.0748 -0.8953 -0.4392
vn 0.0742 -0.8953 -0.4393
vn 0.0759 -0.8444 -0.5304
vn 0.0759 -0.8443 -0.5305
vn 0.7230 0.6067 0.3305
vn 0.7857 0.5522 0.2789
vn 0.9748 0.2012 0.0966
vn 0.9610 0.2610 0.0914
vn 0.9896 0.0900 0.1124
vn 0.8149 0.4808 0.3238
vn 0.7841 0.5256 0.3300
vn 0.7184 0.5855 0.3757
vn 0.8206 0.4825 0.3062
vn 0.9923 0.1055 0.0654
vn 0.6869 0.2209 0.6924
vn 0.8180 0.0382 0.5740
vn 0.7681 -0.0139 0.6402
vn 0.5071 0.5417 0.6704
vn 0.6716 0.4042 0.6209
vn 0.6402 0.3903 0.6617
vn 0.6589 0.5799 0.4790
vn 0.6950 0.4279 0.5779
vn 0.8145 -0.5609 0.1485
vn 0.7414 -0.5538 0.3790
vn 0.8243 -0.4421 0.3537
vn 0.4453 0.8380 0.3154
vn 0.5300 0.8232 0.2035
vn 0.4144 0.8828 0.2210
vn 0.0040 -0.3601 0.9329
vn 0.0660 -0.4074 0.9109
vn 0.0009 -0.4119 0.9112
vn 0.0016 -0.3215 0.9469
vn 0.2503 -0.4420 0.8614
vn -0.0008 0.1881 0.9821
vn 0.0652 0.1672 0.9838
vn -0.0017 0.1349 0.9909
vn -0.0072 -0.9056 0.4241
vn 0.0651 -0.9587 0.2770
vn -0.0128 -0.9607 0.2773
vn -0.0056 0.2583 0.9660
vn 0.1902 0.1626 0.9682
vn -0.8107 0.5747 0.1120
vn -0.8130 0.5354 0.2288
vn -0.8106 0.5747 0.1121
vn -0.8133 0.5349 0.2290
vn -0.8129 0.4766 0.3346
vn -0.0223 -0.9694 -0.2443
vn -0.0565 -0.8432 -0.5347
vn -0.0579 -0.9670 -0.2483
vn -0.7257 -0.5982 -0.3400
vn -0.7559 -0.5698 -0.3224
vn -0.1523 0.9090 0.3879
vn -0.1524 0.9698 0.1903
vn -0.1525 0.9698 0.1902
vn -0.1533 0.8087 0.5678
vn -0.1524 0.9090 0.3879
vn -0.0000 0.9813 0.1925
vn -0.0000 0.9198 0.3925
vn -0.0000 0.8182 0.5750
vn -0.9975 -0.0365 -0.0610
vn -1.0000 -0.0054 -0.0031
vn -0.9999 -0.0105 -0.0016
vn -0.8842 -0.3759 -0.2775
vn -0.8430 -0.4882 -0.2258
vn -0.9166 -0.3998 -0.0081
vn -0.7906 -0.5738 -0.2138
vn -0.8002 -0.5366 -0.2680
vn -0.8111 -0.4979 -0.3071
vn 0.8664 -0.0432 0.4975
vn 0.7860 -0.1219 0.6061
vn -0.9416 -0.2881 -0.1742
vn -0.9714 -0.2122 -0.1065
vn -0.9671 -0.2160 -0.1340
vn -0.7729 -0.5903 -0.2327
vn -0.9438 -0.3018 -0.1347
vn -0.9392 -0.2792 -0.1998
vn 0.8416 -0.4251 -0.3332
vn 0.8416 -0.4250 -0.3332
vn 0.8417 -0.3881 -0.3755
vn 0.8416 -0.3881 -0.3756
vn 0.8116 0.4596 0.3607
vn 0.7952 0.5217 0.3090
vn 0.7895 0.4425 0.4254
vn 0.7970 0.4845 0.3607
vn 0.8129 0.4184 0.4052
vn 0.0767 -0.7848 -0.6150
vn 0.0767 -0.7846 -0.6152
vn 0.0779 -0.7169 -0.6928
vn 0.0769 -0.7172 -0.6927
vn 0.9757 0.1747 0.1320
vn 0.9625 0.2156 0.1646
vn 0.7833 0.4943 0.3770
vn 0.7419 0.5571 0.3732
vn 0.7659 0.5237 0.3731
vn 0.7106 0.6058 -0.3578
vn 0.8191 0.5325 -0.2133
vn 0.8268 0.5473 -0.1299
vn 0.6727 0.7215 0.1640
vn 0.6110 0.7821 0.1227
vn 0.6443 0.7624 0.0612
vn 0.6994 0.7005 0.1421
vn 0.6052 0.7622 0.2299
vn 0.7417 0.0997 -0.6632
vn 0.4496 0.6509 0.6116
vn 0.0018 0.6830 -0.7304
vn 0.0646 0.6431 -0.7630
vn 0.0756 0.6945 -0.7155
vn 0.0027 0.7105 -0.7037
vn 0.0686 0.7331 -0.6766
vn -0.0008 0.9660 -0.2585
vn 0.0659 0.9582 -0.2784
vn 0.0791 0.9726 -0.2188
vn -0.0083 -0.0164 -0.9998
vn 0.0503 0.0034 -0.9987
vn -0.8126 0.4770 0.3348
vn -0.0223 -0.8471 -0.5310
vn -0.6594 -0.6550 -0.3690
vn -0.1533 0.8088 0.5677
vn -0.9790 -0.2025 -0.0222
vn -0.8073 -0.4592 -0.3706
vn 0.8743 0.4705 -0.1194
vn 0.5591 0.7680 -0.3122
vn 0.7877 0.4901 -0.3733
vn -0.9723 -0.1886 -0.1379
vn -0.9430 -0.2715 -0.1924
vn -0.9545 -0.2348 -0.1837
vn 0.4655 0.8146 -0.3461
vn 0.1338 0.9844 0.1143
vn 0.0741 0.7219 -0.6880
vn 0.9895 0.1329 -0.0568
vn 0.8350 -0.2971 -0.4632
vn 0.3989 -0.6446 0.6522
vn 0.9317 0.2659 -0.2475
vn 0.8942 0.3942 0.2123
vn 0.3715 0.0305 0.9279
vn 0.5938 0.7110 0.3767
vn 0.7777 -0.4280 -0.4604
vn 0.6020 -0.7968 -0.0524
vn -0.9369 -0.3443 0.0601
vn -0.4328 -0.8832 -0.1807
vn -0.9347 -0.3339 -0.1217
vn -0.8597 -0.5096 -0.0351
vn -0.7706 -0.6257 -0.1213
vn -0.8541 -0.4416 -0.2749
vn -0.9084 -0.3663 -0.2014
vn -0.9049 -0.3617 -0.2241
vn -0.9053 -0.3477 -0.2441
vn -0.0057 0.6807 -0.7325
vn 0.9276 0.3154 0.2001
vn 0.9306 0.1160 0.3472
vn 0.0373 -0.9099 -0.4132
vn -0.0177 -0.7213 -0.6924
vn 0.9855 0.1666 0.0308
vn -0.0004 0.9481 -0.3180
vn 0.0002 0.6352 -0.7724
vn -0.0002 0.8865 0.4627
vn -0.0180 0.9486 0.3159
vn -0.0051 0.8860 0.4636
vn 0.0016 0.8035 0.5953
vn -0.0008 0.6985 0.7156
vn 0.0014 -0.8039 -0.5947
vn -0.0013 -0.8852 -0.4652
vn -0.0002 -0.9488 -0.3160
vn -0.0415 0.8847 0.4644
vn -0.0741 0.9467 0.3135
vn -0.0495 0.6973 0.7150
vn -0.0075 0.8103 0.5860
vn -0.0709 0.8029 0.5918
vn 0.7551 -0.5801 -0.3054
vn 0.7552 -0.6221 -0.2067
vn 0.7551 -0.6220 -0.2071
vn 0.7711 -0.4434 -0.4570
vn 0.7549 -0.5275 -0.3897
vn 0.7545 -0.5279 -0.3900
vn -0.9425 -0.2970 -0.1532
vn -0.8493 -0.4170 -0.3239
vn -0.7910 -0.4443 -0.4206
vn -0.8493 -0.4732 -0.2341
vn 0.9800 0.1600 0.1186
vn 0.9805 0.1578 0.1174
vn 0.9165 0.3562 0.1819
vn 0.9501 0.2540 0.1809
vn 0.0452 -0.8045 -0.5922
vn -0.0029 -0.8053 -0.5928
vn -0.0004 -0.9475 -0.3198
vn 0.0462 -0.8839 -0.4653
vn 0.0450 -0.9465 -0.3194
vn 0.0455 0.9462 0.3204
vn 0.0452 0.8861 0.4613
vn 0.0476 0.8853 0.4627
vn 0.0548 0.8005 0.5968
vn 0.9476 -0.2999 -0.1100
vn 0.9678 -0.2134 -0.1335
vn 0.9688 -0.2406 -0.0599
vn 0.9473 -0.2523 -0.1976
vn 0.9110 0.2773 0.3051
vn 0.8955 0.4313 0.1094
vn 0.8927 0.4371 0.1095
vn 0.8946 0.3786 0.2373
vn 0.9978 -0.0637 -0.0163
vn 0.8379 -0.4633 -0.2884
vn 0.8393 -0.5263 -0.1366
vn 0.9980 -0.0541 -0.0336
vn 0.6869 -0.7034 -0.1827
vn 0.6781 -0.6248 -0.3870
vn 0.9800 0.1962 0.0336
vn 0.9805 0.1865 0.0623
vn 0.9800 0.1887 0.0637
vn 0.0002 0.9858 0.1682
vn -0.0000 0.9485 0.3168
vn -0.0001 -0.9856 -0.1689
vn -0.0169 0.9857 0.1677
vn 0.7544 -0.6469 -0.1117
vn -0.0007 -0.8851 -0.4655
vn 0.7551 -0.5800 -0.3057
vn 0.9805 0.1740 0.0914
vn 0.9511 0.3088 0.0014
vn 0.9007 0.4121 0.1375
vn 0.9053 0.4185 0.0732
vn 0.9178 0.3192 0.2362
vn 0.9481 -0.3149 -0.0436
vn 0.9472 -0.2885 -0.1403
vn 0.0002 -0.8846 -0.4663
vn 0.0445 -0.9848 -0.1678
vn -0.0000 -0.9859 -0.1673
vn 0.0466 0.9850 0.1659
vn 0.0454 0.9850 0.1664
vn 0.0558 0.7999 0.5975
vn 0.9800 0.1765 0.0922
vn 0.8360 -0.5087 0.2057
vn 0.8432 -0.5173 0.1467
vn 0.8434 -0.5169 0.1464
vn 0.8420 -0.5315 0.0924
vn 0.8420 -0.5315 0.0929
vn 0.8410 -0.5398 0.0365
vn 0.8138 0.5590 -0.1590
vn 0.7738 0.5877 -0.2363
vn 0.8141 0.5387 -0.2167
vn 0.8123 0.5745 -0.1004
vn 0.7383 0.6434 -0.2024
vn 0.8120 0.5824 -0.0396
vn 0.7949 0.5945 -0.1216
vn 0.0730 -0.9593 0.2728
vn 0.1021 -0.9224 0.3726
vn 0.0722 -0.9594 0.2728
vn 0.0688 -0.9827 0.1722
vn 0.0675 -0.9827 0.1722
vn 0.1062 -0.9921 0.0671
vn 0.7252 0.6822 -0.0937
vn 0.7837 0.6132 -0.0988
vn 0.9749 0.2192 -0.0401
vn 0.9607 0.2661 -0.0792
vn 0.9895 0.1398 0.0372
vn 0.8147 0.5795 -0.0211
vn 0.7853 0.6178 -0.0418
vn 0.7194 0.6935 -0.0396
vn 0.8218 0.5683 -0.0401
vn 0.9923 0.1239 -0.0073
vn 0.6868 0.5828 0.4343
vn 0.8194 0.3697 0.4381
vn 0.7656 0.3664 0.5288
vn 0.5012 0.8360 0.2234
vn 0.6719 0.6926 0.2624
vn 0.6416 0.7031 0.3065
vn 0.6577 0.7515 0.0524
vn 0.6950 0.6849 0.2190
vn 0.8127 -0.3671 0.4525
vn 0.7429 -0.2262 0.6301
vn 0.8224 -0.1527 0.5480
vn 0.4483 0.8629 -0.2331
vn 0.5336 0.7855 -0.3135
vn 0.4107 0.8459 -0.3403
vn 0.0039 0.2573 0.9663
vn 0.0703 0.2046 0.9763
vn 0.0004 0.2012 0.9796
vn 0.0024 0.2995 0.9541
vn 0.2505 0.1476 0.9568
vn -0.0001 0.7293 0.6842
vn 0.0687 0.7115 0.6993
vn 0.0009 0.6907 0.7231
vn -0.0088 -0.4819 0.8762
vn 0.0571 -0.6064 0.7931
vn -0.0140 -0.6191 0.7852
vn -0.0060 0.7831 0.6219
vn 0.1852 0.7017 0.6880
vn -0.8116 0.5301 -0.2457
vn -0.8130 0.5675 -0.1300
vn -0.8132 0.5673 -0.1298
vn -0.8129 0.5824 -0.0092
vn -0.0223 -0.9276 0.3730
vn -0.0547 -0.9966 0.0623
vn -0.0573 -0.9281 0.3678
vn -0.7227 -0.6876 0.0691
vn -0.7549 -0.6516 0.0740
vn -0.1521 0.9634 -0.2208
vn -0.1523 0.8964 -0.4163
vn -0.1524 0.8964 -0.4163
vn -0.1523 0.9882 -0.0157
vn -0.1521 0.9634 -0.2206
vn -0.0000 0.9747 -0.2234
vn -0.0000 0.9070 -0.4212
vn -0.0000 0.9999 -0.0158
vn -0.9974 -0.0661 -0.0297
vn -1.0000 -0.0061 0.0007
vn -0.9999 -0.0094 0.0049
vn -0.8828 -0.4698 -0.0007
vn -0.8404 -0.5319 0.1044
vn -0.7906 -0.5902 0.1632
vn -0.8002 -0.5916 0.0984
vn -0.9293 -0.2957 0.2212
vn 0.8659 0.2581 0.4285
vn 0.7905 0.2540 0.5573
vn -0.9415 -0.3359 0.0282
vn -0.9713 -0.2347 0.0385
vn -0.9675 -0.2520 0.0189
vn -0.7705 -0.6173 0.1587
vn -0.9437 -0.3239 0.0679
vn -0.9396 -0.3423 0.0027
vn 0.8416 -0.5397 -0.0194
vn 0.8417 -0.5396 -0.0195
vn 0.8417 -0.5346 -0.0760
vn 0.8417 -0.5346 -0.0759
vn 0.8061 0.5914 0.0215
vn 0.7969 0.6014 -0.0571
vn 0.8119 0.5834 0.0218
vn 0.7890 0.6086 0.0836
vn 0.8131 0.5763 0.0815
vn 0.0777 -0.9963 -0.0378
vn 0.0768 -0.9963 -0.0378
vn 0.0768 -0.9871 -0.1404
vn 0.9758 0.2184 0.0039
vn 0.9611 0.2763 0.0072
vn 0.7817 0.6236 0.0122
vn 0.7445 0.6672 -0.0229
vn 0.7642 0.6449 -0.0089
vn 0.7144 0.2821 -0.6404
vn 0.8169 0.3044 -0.4899
vn 0.8276 0.3663 -0.4253
vn 0.6722 0.6810 -0.2906
vn 0.6151 0.7036 -0.3558
vn 0.6387 0.6573 -0.4000
vn 0.7035 0.6472 -0.2936
vn 0.6047 0.7528 -0.2600
vn 0.7425 -0.3091 -0.5942
vn 0.4469 0.8867 0.1188
vn 0.0063 0.1232 -0.9924
vn 0.0710 0.0685 -0.9951
vn 0.0706 0.1408 -0.9875
vn 0.0036 0.1646 -0.9864
vn 0.0810 0.1939 -0.9777
vn -0.0005 0.6300 -0.7766
vn 0.0659 0.6115 -0.7885
vn 0.0853 0.6600 -0.7464
vn -0.0095 -0.5932 -0.8050
vn 0.0510 -0.5858 -0.8088
vn -0.8126 0.5828 -0.0092
vn -0.0221 -0.9975 0.0677
vn -0.6635 -0.7420 0.0962
vn -0.1523 0.9882 -0.0162
vn -0.9790 -0.1771 0.1012
vn -0.8052 -0.5912 0.0467
vn -0.8070 -0.5899 -0.0300
vn 0.8739 0.3095 -0.3747
vn 0.5531 0.4370 -0.7093
vn 0.7900 0.1758 -0.5874
vn -0.9723 -0.2336 -0.0004
vn -0.9429 -0.3331 0.0039
vn -0.9548 -0.2970 -0.0097
vn 0.4692 0.4542 -0.7573
vn 0.1254 0.8844 -0.4496
vn 0.0781 0.1890 -0.9789
vn 0.8352 -0.5128 -0.1987
vn 0.4002 -0.1334 0.9067
vn 0.9337 0.0636 -0.3523
vn 0.8947 0.4429 -0.0583
vn 0.3741 0.5636 0.7365
vn 0.6006 0.7910 -0.1170
vn 0.7223 -0.5857 0.3678
vn 0.0630 -0.9870 -0.1480
vn -0.9367 -0.2434 0.2516
vn -0.4288 -0.8263 0.3651
vn -0.9347 -0.3412 0.0991
vn -0.8598 -0.4319 0.2725
vn -0.7712 -0.5762 0.2708
vn -0.8551 -0.5170 0.0378
vn -0.9076 -0.4164 0.0532
vn -0.9059 -0.4224 0.0312
vn -0.9048 -0.4258 0.0067
vn -0.0051 0.1154 -0.9933
vn 0.9273 0.3733 -0.0281
vn 0.9297 0.2986 0.2156
vn 0.7849 -0.6187 0.0335
vn -0.0133 -0.9891 -0.1466
vn 0.9864 0.1453 -0.0771
vn 0.0003 0.5852 -0.8109
vn 0.0008 0.0710 -0.9975
vn 0.0003 0.9895 -0.1448
vn -0.0108 0.9541 -0.2993
vn -0.0155 0.9893 -0.1449
vn -0.0000 1.0000 0.0094
vn -0.0006 -1.0000 -0.0075
vn -0.0007 -1.0000 -0.0076
vn 0.0002 -0.9532 0.3022
vn -0.0000 -0.9892 0.1466
vn 0.0011 -0.9532 0.3024
vn -0.0629 0.9874 -0.1452
vn -0.0524 0.9530 -0.2985
vn -0.0503 0.9987 0.0091
vn -0.0725 0.9829 0.1695
vn 0.7461 -0.6586 0.0980
vn 0.7546 -0.6254 0.1988
vn 0.7548 -0.6252 0.1985
vn 0.7521 -0.6590 -0.0056
vn 0.7543 -0.6470 -0.1113
vn 0.7523 -0.6588 -0.0055
vn -0.9424 -0.3305 0.0507
vn -0.8486 -0.5287 -0.0179
vn -0.7911 -0.6066 -0.0792
vn -0.8489 -0.5210 0.0896
vn 0.9805 0.1965 0.0016
vn 0.9800 0.1991 0.0012
vn 0.9186 0.3903 -0.0621
vn 0.9513 0.3083 -0.0011
vn 0.0379 -0.9993 -0.0014
vn -0.0020 -1.0000 -0.0019
vn 0.0028 -0.9895 0.1446
vn 0.0406 -0.9531 0.3000
vn -0.0017 -0.9537 0.3009
vn 0.0449 0.9886 -0.1438
vn 0.0428 0.9527 -0.3009
vn 0.0448 0.9886 -0.1437
vn 0.0469 0.9989 0.0097
vn 0.0478 0.9988 0.0092
vn 0.9704 -0.2406 0.0213
vn 0.9474 -0.3151 0.0555
vn 0.9675 -0.2522 0.0173
vn 0.9478 -0.3185 -0.0112
vn 0.8938 0.4473 -0.0310
vn 0.8944 0.4147 -0.1674
vn 0.8956 0.4439 -0.0307
vn 0.9978 -0.0608 0.0245
vn 0.8360 -0.5474 0.0382
vn 0.8394 -0.5047 0.2019
vn 0.9980 -0.0634 0.0046
vn 0.6818 -0.6794 0.2711
vn 0.6750 -0.7359 0.0519
vn 0.9594 0.2417 -0.1455
vn 0.9804 0.1766 -0.0871
vn 0.9799 0.1904 -0.0599
vn 0.9799 0.1789 -0.0886
vn 0.0011 0.9540 -0.2998
vn -0.0107 0.8956 -0.4447
vn 0.0009 -0.8971 0.4418
vn 0.7546 -0.5888 0.2896
vn 0.0013 0.9998 0.0202
vn -0.0009 -0.9893 0.1462
vn 0.7459 -0.6587 0.0982
vn 0.9805 0.1943 -0.0290
vn 0.8935 0.4287 -0.1335
vn 0.8935 0.4017 -0.2005
vn 0.9113 0.4116 0.0062
vn 0.9473 -0.2825 0.1507
vn 0.9476 -0.3078 0.0862
vn 0.0426 -0.9886 0.1447
vn -0.0012 -0.8958 0.4445
vn 0.0403 -0.8946 0.4450
vn 0.0427 0.8957 -0.4426
vn 0.0426 0.8957 -0.4426
vn 0.9804 0.1876 -0.0594
vn 0.9799 0.1975 -0.0288
vn 0.8415 -0.2869 0.4578
vn 0.8416 -0.3332 0.4251
vn 0.8416 -0.3332 0.4250
vn 0.8416 -0.3758 0.3879
vn 0.8416 -0.3757 0.3880
vn 0.8410 -0.4147 0.3475
vn 0.8131 0.3594 -0.4579
vn 0.7749 0.3359 -0.5354
vn 0.8130 0.3090 -0.4936
vn 0.8119 0.4060 -0.4195
vn 0.7378 0.4028 -0.5417
vn 0.8123 0.4471 -0.3744
vn 0.7961 0.4093 -0.4457
vn 0.0770 -0.6150 0.7848
vn 0.0760 -0.5305 0.8443
vn 0.0770 -0.6152 0.7846
vn 0.0768 -0.6939 0.7159
vn 0.0774 -0.6937 0.7161
vn 0.0973 -0.7623 0.6398
vn 0.0970 -0.7624 0.6398
vn 0.7256 0.5011 -0.4716
vn 0.7842 0.4372 -0.4404
vn 0.9750 0.1534 -0.1605
vn 0.9615 0.1659 -0.2192
vn 0.9895 0.1350 -0.0518
vn 0.8147 0.4558 -0.3584
vn 0.7851 0.4748 -0.3978
vn 0.7156 0.5424 -0.4402
vn 0.8218 0.4378 -0.3645
vn 0.9923 0.0948 -0.0795
vn 0.6866 0.7270 0.0050
vn 0.8187 0.5570 0.1393
vn 0.7669 0.6057 0.2122
vn 0.5092 0.8030 -0.3098
vn 0.6725 0.7144 -0.1932
vn 0.6397 0.7505 -0.1661
vn 0.6608 0.6357 -0.3991
vn 0.6912 0.6859 -0.2275
vn 0.8116 -0.0311 0.5833
vn 0.7430 0.1884 0.6423
vn 0.8229 0.1985 0.5324
vn 0.4462 0.5574 -0.7001
vn 0.5274 0.4548 -0.7176
vn 0.4144 0.4839 -0.7708
vn 0.0031 0.7753 0.6316
vn 0.0659 0.7426 0.6665
vn -0.0003 0.7355 0.6775
vn 0.0014 0.8027 0.5964
vn 0.2483 0.6816 0.6883
vn -0.0005 0.9923 0.1241
vn 0.0661 0.9873 0.1442
vn -0.0007 0.9849 0.1731
vn -0.0067 0.1192 0.9928
vn 0.0578 -0.0263 0.9980
vn -0.0137 -0.0416 0.9990
vn -0.0057 0.9984 0.0571
vn 0.1930 0.9707 0.1434
vn -0.8109 0.2846 -0.5112
vn -0.8128 0.3831 -0.4388
vn -0.8103 0.2849 -0.5121
vn -0.8128 0.4653 -0.3504
vn -0.8126 0.4657 -0.3504
vn -0.0224 -0.7665 0.6419
vn -0.0574 -0.5340 0.8435
vn -0.0223 -0.5305 0.8474
vn -0.7255 -0.5146 0.4571
vn -0.7553 -0.4834 0.4426
vn -0.1798 -0.8256 0.5348
vn -0.1526 0.6494 -0.7450
vn -0.1531 0.4806 -0.8635
vn -0.1536 0.4806 -0.8634
vn -0.1523 0.7900 -0.5939
vn -0.1524 0.6494 -0.7450
vn -0.0000 0.4864 -0.8738
vn -0.0000 0.6569 -0.7539
vn -0.0000 0.7995 -0.6007
vn -0.9974 -0.0702 0.0144
vn -1.0000 -0.0046 0.0042
vn -0.9999 -0.0048 0.0095
vn -0.8814 -0.3827 0.2768
vn -0.8433 -0.3655 0.3941
vn -0.9165 -0.1324 0.3776
vn -0.7906 -0.3813 0.4791
vn -0.8003 -0.4203 0.4276
vn -0.8106 -0.4459 0.3795
vn 0.8666 0.4597 0.1941
vn 0.7895 0.5350 0.3009
vn -0.9415 -0.2552 0.2201
vn -0.9714 -0.1672 0.1687
vn -0.9674 -0.1934 0.1633
vn -0.7699 -0.4069 0.4916
vn -0.9439 -0.2219 0.2447
vn -0.9393 -0.2762 0.2035
vn 0.8420 -0.4474 0.3016
vn 0.8421 -0.4472 0.3014
vn 0.8441 -0.4742 0.2504
vn 0.8438 -0.4746 0.2505
vn 0.8361 -0.5086 0.2056
vn 0.8055 0.4917 -0.3307
vn 0.7972 0.4524 -0.3997
vn 0.8123 0.4841 -0.3254
vn 0.7900 0.5405 -0.2895
vn 0.8136 0.5138 -0.2722
vn 0.0683 -0.8281 0.5564
vn 0.0674 -0.8283 0.5562
vn 0.0685 -0.8819 0.4664
vn 0.0696 -0.8820 0.4660
vn 0.9757 0.1796 -0.1257
vn 0.9632 0.2222 -0.1512
vn 0.9923 -0.0489 -0.1141
vn 0.7802 0.5130 -0.3578
vn 0.7487 0.5243 -0.4056
vn 0.7655 0.5173 -0.3827
vn 0.7142 -0.1512 -0.6834
vn 0.8197 -0.0367 -0.5716
vn 0.8223 0.0408 -0.5676
vn 0.6716 0.3832 -0.6342
vn 0.6100 0.3587 -0.7066
vn 0.6412 0.2961 -0.7080
vn 0.7102 0.3498 -0.6109
vn 0.6045 0.4547 -0.6542
vn 0.7432 -0.5983 -0.2994
vn 0.4494 0.7833 -0.4296
vn 0.0042 -0.4838 -0.8752
vn 0.0670 -0.5278 -0.8467
vn 0.0745 -0.4661 -0.8816
vn 0.0024 -0.4457 -0.8952
vn 0.0760 -0.4181 -0.9052
vn -0.0001 0.0541 -0.9985
vn 0.0684 0.0310 -0.9972
vn 0.0792 0.0936 -0.9925
vn -0.0070 -0.9555 -0.2951
vn 0.0534 -0.9484 -0.3124
vn -0.8115 0.5301 -0.2458
vn -0.6593 -0.5519 0.5107
vn -0.1524 0.7902 -0.5936
vn -0.9789 -0.0839 0.1861
vn -0.8070 -0.4945 0.3229
vn 0.8740 0.0298 -0.4851
vn 0.5588 -0.0620 -0.8270
vn 0.7881 -0.2030 -0.5811
vn -0.9724 -0.1891 0.1365
vn -0.9430 -0.2672 0.1985
vn -0.9545 -0.2472 0.1668
vn 0.4660 -0.0720 -0.8819
vn 0.1340 0.4881 -0.8624
vn 0.0752 -0.4389 -0.8954
vn 0.8379 -0.5270 0.1420
vn 0.3973 0.4311 0.8101
vn 0.9332 -0.1562 -0.3235
vn 0.8938 0.3187 -0.3155
vn 0.3699 0.8934 0.2549
vn 0.5945 0.5778 -0.5591
vn 0.7164 -0.2593 0.6478
vn 0.0647 -0.8833 0.4643
vn -0.9375 -0.0498 0.3443
vn -0.4354 -0.4442 0.7830
vn -0.9363 -0.2184 0.2751
vn -0.8628 -0.1860 0.4701
vn -0.7735 -0.3055 0.5553
vn -0.8548 -0.3964 0.3348
vn -0.9080 -0.3053 0.2869
vn -0.9055 -0.3241 0.2738
vn -0.9050 -0.3404 0.2553
vn 0.9273 0.2889 -0.2379
vn 0.9314 0.3640 -0.0001
vn 0.6373 -0.5102 0.5775
vn -0.0128 -0.8851 0.4652
vn 0.9864 0.0720 -0.1476
vn 0.0013 -0.0024 -1.0000
vn 0.0015 -0.5375 -0.8433
vn -0.0013 0.5942 -0.8043
vn -0.0148 0.7149 -0.6990
vn 0.0010 0.7152 -0.6989
vn -0.0002 0.8140 -0.5809
vn 0.0010 0.8959 -0.4443
vn 0.0003 -0.8970 0.4421
vn -0.0006 -0.8145 0.5802
vn -0.0012 -0.8144 0.5804
vn 0.0003 -0.7165 0.6976
vn -0.0017 -0.5936 0.8048
vn -0.0017 -0.5936 0.8047
vn -0.0721 0.5932 -0.8018
vn -0.0685 0.7134 -0.6974
vn -0.0630 0.8124 -0.5797
vn -0.0524 0.8942 -0.4445
vn 0.7540 -0.3891 0.5292
vn 0.7441 -0.4787 0.4660
vn 0.7540 -0.3889 0.5294
vn 0.7460 -0.5428 0.3858
vn 0.7455 -0.5434 0.3860
vn -0.9424 -0.2377 0.2353
vn -0.8493 -0.4372 0.2959
vn -0.7909 -0.5372 0.2932
vn -0.8486 -0.3695 0.3787
vn 0.9799 0.1623 -0.1158
vn 0.9805 0.1603 -0.1137
vn 0.9614 0.1989 -0.1899
vn 0.9015 0.2556 -0.3492
vn 0.9186 0.3243 -0.2257
vn 0.0471 -0.8151 0.5774
vn 0.0025 -0.8160 0.5781
vn -0.0032 -0.7184 0.6957
vn 0.0463 -0.5950 0.8024
vn 0.0004 -0.5959 0.8030
vn 0.0470 0.5956 -0.8019
vn 0.0470 0.7139 -0.6987
vn 0.0478 0.7142 -0.6983
vn 0.0449 0.8128 -0.5808
vn 0.9704 -0.1832 0.1572
vn 0.9476 -0.2223 0.2296
vn 0.9673 -0.1941 0.1632
vn 0.8930 0.3466 -0.2872
vn 0.8932 0.2391 -0.3807
vn 0.8958 0.3427 -0.2829
vn 0.8939 0.4156 -0.1680
vn 0.8984 -0.3535 0.2606
vn 0.9980 -0.0490 0.0405
vn 0.8375 -0.4187 0.3510
vn 0.6852 -0.3868 0.6172
vn 0.6774 -0.5624 0.4742
vn 0.9601 0.1109 -0.2567
vn 0.9805 0.0908 -0.1741
vn 0.9800 0.1179 -0.1602
vn 0.9799 0.0920 -0.1768
vn 0.0007 0.4651 -0.8852
vn -0.0103 0.6007 -0.7994
vn 0.0003 -0.4638 0.8859
vn -0.0739 0.4661 -0.8817
vn 0.7413 -0.3127 0.5938
vn -0.0045 0.8201 -0.5722
vn 0.0008 -0.7166 0.6975
vn 0.7439 -0.4789 0.4661
vn 0.9800 0.1429 -0.1388
vn 0.9010 0.2045 -0.3826
vn 0.9141 0.2888 -0.2845
vn 0.9477 -0.1408 0.2864
vn 0.9481 -0.1966 0.2498
vn 0.9470 -0.2664 0.1793
vn 0.0446 -0.7181 0.6945
vn 0.0460 -0.4624 0.8855
vn 0.0002 -0.4624 0.8867
vn 0.0435 0.4619 -0.8859
vn 0.0435 0.4618 -0.8859
vn 0.0448 0.8128 -0.5809
vn 0.9805 0.1407 -0.1373
vn 0.8409 0.0373 0.5399
vn 0.8416 -0.0198 0.5398
vn 0.8416 -0.0196 0.5397
vn 0.8416 -0.0760 0.5347
vn 0.8417 -0.0759 0.5346
vn 0.8414 -0.1311 0.5242
vn 0.8138 -0.0403 -0.5797
vn 0.7908 0.0258 -0.6116
vn 0.7753 -0.0433 -0.6301
vn 0.8126 0.0819 -0.5770
vn 0.8129 0.0213 -0.5820
vn 0.8088 0.1432 -0.5703
vn 0.7949 0.0687 -0.6028
vn 0.0769 -0.0360 0.9964
vn 0.0761 0.0674 0.9948
vn 0.0769 -0.0362 0.9964
vn 0.0768 -0.1401 0.9872
vn 0.0759 -0.2427 0.9671
vn 0.0768 -0.1404 0.9871
vn 0.7274 0.1246 -0.6748
vn 0.7827 0.0956 -0.6150
vn 0.9748 0.0299 -0.2212
vn 0.9614 0.0053 -0.2752
vn 0.9896 0.0793 -0.1204
vn 0.8149 0.1585 -0.5575
vn 0.7867 0.1501 -0.5988
vn 0.7164 0.1796 -0.6742
vn 0.8207 0.1378 -0.5545
vn 0.9923 0.0308 -0.1199
vn 0.6839 0.5920 -0.4265
vn 0.8192 0.5318 -0.2149
vn 0.7699 0.6108 -0.1851
vn 0.5037 0.4720 -0.7235
vn 0.6723 0.4642 -0.5767
vn 0.6433 0.5080 -0.5728
vn 0.6612 0.2756 -0.6977
vn 0.6916 0.4223 -0.5859
vn 0.8136 0.3151 0.4886
vn 0.7407 0.5324 0.4099
vn 0.8231 0.4733 0.3136
vn 0.4476 0.0441 -0.8931
vn 0.5286 -0.0585 -0.8469
vn 0.4135 -0.0620 -0.9084
vn 0.0044 0.9986 0.0534
vn 0.0649 0.9928 0.1011
vn 0.0019 0.9930 0.1185
vn 0.0052 0.9998 0.0169
vn 0.2519 0.9556 0.1530
vn -0.0008 0.8760 -0.4824
vn 0.0651 0.8840 -0.4629
vn -0.0001 0.9046 -0.4262
vn -0.0061 0.6785 0.7346
vn 0.0628 0.5685 0.8203
vn -0.0151 0.5556 0.8313
vn -0.0049 0.8435 -0.5371
vn 0.1863 0.8715 -0.4536
vn -0.8110 -0.0704 -0.5808
vn -0.8125 0.0518 -0.5806
vn -0.8128 0.0517 -0.5802
vn -0.8134 0.1701 -0.5563
vn -0.8131 0.1707 -0.5565
vn -0.0219 0.0681 0.9974
vn -0.0556 -0.2483 0.9671
vn -0.0570 0.0629 0.9964
vn -0.7255 -0.1459 0.6725
vn -0.7568 -0.1307 0.6404
vn -0.1537 0.0875 -0.9842
vn -0.1541 -0.1188 -0.9809
vn -0.1544 -0.1189 -0.9808
vn -0.1523 0.2900 -0.9448
vn -0.1539 0.0878 -0.9842
vn -0.0000 -0.1203 -0.9927
vn -0.0000 0.0881 -0.9961
vn -0.0000 0.2939 -0.9559
vn -0.9974 -0.0471 0.0537
vn -1.0000 -0.0012 0.0061
vn -0.9999 0.0017 0.0105
vn -0.8829 -0.1436 0.4471
vn -0.8403 -0.0649 0.5382
vn -0.7909 -0.0262 0.6114
vn -0.8004 -0.0892 0.5928
vn -0.9291 0.1188 0.3502
vn 0.8667 0.4860 -0.1125
vn 0.7872 0.6126 -0.0714
vn -0.9415 -0.0773 0.3279
vn -0.9714 -0.0361 0.2349
vn -0.9672 -0.0605 0.2468
vn -0.7714 -0.0373 0.6353
vn -0.9441 -0.0353 0.3277
vn -0.9396 -0.1032 0.3264
vn 0.8435 -0.1851 0.5042
vn 0.8436 -0.1850 0.5041
vn 0.8434 -0.2366 0.4823
vn 0.8436 -0.2363 0.4823
vn 0.8121 0.1422 -0.5660
vn 0.8054 0.2036 -0.5566
vn 0.8129 0.2005 -0.5468
vn 0.7890 0.2677 -0.5530
vn 0.8129 0.2564 -0.5230
vn 0.0496 -0.3413 0.9387
vn 0.0751 -0.2434 0.9670
vn 0.0950 -0.4384 0.8937
vn 0.0502 -0.3411 0.9387
vn 0.0766 -0.5303 0.8443
vn 0.9757 0.0711 -0.2073
vn 0.9608 0.0921 -0.2616
vn 0.9927 -0.1032 -0.0631
vn 0.7799 0.2051 -0.5914
vn 0.7435 0.1840 -0.6430
vn 0.7655 0.1937 -0.6136
vn 0.7116 -0.5242 -0.4679
vn 0.8180 -0.3699 -0.4404
vn 0.8264 -0.2955 -0.4794
vn 0.6726 -0.0685 -0.7369
vn 0.6132 -0.1234 -0.7803
vn 0.6403 -0.1766 -0.7476
vn 0.7014 -0.0795 -0.7083
vn 0.6051 -0.0176 -0.7960
vn 0.7415 -0.6619 0.1098
vn 0.4477 0.3819 -0.8085
vn 0.0039 -0.9052 -0.4249
vn 0.0667 -0.9246 -0.3751
vn 0.0758 -0.8946 -0.4403
vn 0.0040 -0.8874 -0.4610
vn 0.0762 -0.8701 -0.4869
vn -0.0001 -0.5445 -0.8388
vn 0.0672 -0.5607 -0.8253
vn 0.0837 -0.5072 -0.8578
vn -0.0072 -0.9470 0.3211
vn 0.0532 -0.9493 0.3098
vn -0.0056 -0.4826 -0.8758
vn -0.0223 -0.2435 0.9697
vn -0.6647 -0.1364 0.7346
vn -0.1523 0.2902 -0.9448
vn -0.9788 0.0411 0.2007
vn -0.8054 -0.1372 0.5766
vn -0.8072 -0.2107 0.5513
vn 0.8736 -0.2611 -0.4107
vn 0.5599 -0.5353 -0.6325
vn 0.7862 -0.5077 -0.3524
vn -0.9724 -0.0728 0.2216
vn -0.9429 -0.0990 0.3180
vn -0.9545 -0.1027 0.2799
vn 0.4738 -0.5779 -0.6645
vn 0.1356 -0.1663 -0.9767
vn 0.0751 -0.8837 -0.4619
vn 0.8370 -0.3458 0.4241
vn 0.4000 0.8226 0.4043
vn 0.9329 -0.3131 -0.1781
vn 0.8934 0.0721 -0.4435
vn 0.3622 0.8760 -0.3185
vn 0.6026 0.1386 -0.7859
vn 0.7229 0.1693 0.6699
vn 0.0624 -0.4417 0.8950
vn -0.9352 0.1658 0.3130
vn -0.4284 0.0838 0.8997
vn -0.9359 -0.0139 0.3519
vn -0.8591 0.1267 0.4958
vn -0.7702 0.0787 0.6329
vn -0.8550 -0.1240 0.5036
vn -0.9084 -0.0785 0.4107
vn -0.9052 -0.1008 0.4129
vn -0.9041 -0.1255 0.4085
vn 0.9276 0.0889 -0.3628
vn 0.9321 0.2903 -0.2167
vn 0.7833 -0.1599 0.6008
vn -0.0140 -0.4433 0.8962
vn 0.9866 -0.0265 -0.1612
vn 0.0020 -0.5915 -0.8063
vn 0.0008 -0.9281 -0.3724
vn 0.0022 0.0090 -1.0000
vn -0.0172 0.1678 -0.9857
vn -0.0008 0.1677 -0.9858
vn 0.0006 0.3192 -0.9477
vn -0.0063 0.4734 -0.8808
vn 0.0010 -0.4641 0.8858
vn 0.0003 -0.3188 0.9478
vn 0.0001 -0.3187 0.9479
vn -0.0010 -0.1685 0.9857
vn 0.0021 -0.0097 1.0000
vn 0.0017 -0.0095 1.0000
vn -0.0954 0.0110 -0.9954
vn -0.0706 0.1662 -0.9836
vn -0.0414 0.3167 -0.9476
vn 0.7525 -0.0050 0.6585
vn 0.7544 -0.1113 0.6469
vn 0.7536 -0.0048 0.6573
vn 0.7545 -0.2070 0.6228
vn 0.7414 -0.3127 0.5938
vn 0.7556 -0.2062 0.6218
vn -0.9423 -0.0546 0.3302
vn -0.8487 -0.1804 0.4971
vn -0.7909 -0.2631 0.5526
vn -0.8500 -0.0764 0.5213
vn 0.9805 0.0622 -0.1864
vn 0.9799 0.0636 -0.1892
vn 0.9620 0.0494 -0.2686
vn 0.9015 0.0015 -0.4327
vn 0.0445 -0.3145 0.9482
vn -0.0017 -0.3144 0.9493
vn -0.0007 -0.1703 0.9854
vn 0.0565 -0.0106 0.9983
vn 0.0018 -0.0101 0.9999
vn 0.0521 0.1659 -0.9848
vn 0.0482 0.0113 -0.9988
vn 0.0533 0.1650 -0.9848
vn 0.0475 0.3183 -0.9468
vn 0.0499 0.3169 -0.9472
vn 0.9474 -0.0118 0.3199
vn 0.9672 -0.0620 0.2463
vn 0.9687 0.0172 0.2477
vn 0.8946 0.1088 -0.4334
vn 0.8925 -0.0304 -0.4500
vn 0.8958 0.1100 -0.4306
vn 0.8955 0.2355 -0.3776
vn 0.8966 -0.1297 0.4234
vn 0.9980 -0.0157 0.0617
vn 0.8379 -0.1345 0.5289
vn 0.9978 -0.0346 0.0560
vn 0.6758 0.0492 0.7354
vn 0.6780 -0.1827 0.7120
vn 0.9967 0.0005 -0.0813
vn 0.9799 -0.0290 -0.1972
vn 0.9805 0.0013 -0.1967
vn 0.9799 0.0024 -0.1994
vn -0.0018 -0.1457 -0.9893
vn -0.0185 0.0164 -0.9997
vn -0.0024 0.1441 0.9896
vn -0.0533 -0.1477 -0.9876
vn 0.7704 0.0926 0.6308
vn 0.0079 0.3300 -0.9440
vn -0.0012 -0.1684 0.9857
vn 0.7544 -0.1115 0.6468
vn 0.9799 0.0335 -0.1967
vn 0.8934 -0.0669 -0.4442
vn 0.9503 -0.0951 -0.2964
vn 0.9173 0.0661 -0.3927
vn 0.9475 0.0560 0.3147
vn 0.9469 -0.0458 0.3183
vn 0.9474 -0.1111 0.3003
vn 0.0492 -0.1690 0.9844
vn 0.0461 0.1475 0.9880
vn -0.0026 0.1491 0.9888
vn 0.0610 -0.1469 -0.9873
vn 0.0656 -0.1454 -0.9872
vn 0.8410 0.3472 0.4151
vn 0.8420 0.3006 0.4481
vn 0.8418 0.3006 0.4483
vn 0.8375 0.2567 0.4823
vn 0.8376 0.2569 0.4821
vn 0.8422 0.2012 0.5002
vn 0.8427 0.2009 0.4995
vn 0.8129 -0.3256 -0.4829
vn 0.7750 -0.4048 -0.4853
vn 0.8143 -0.3719 -0.4457
vn 0.8129 -0.2731 -0.5144
vn 0.7359 -0.3914 -0.5525
vn 0.8088 -0.2195 -0.5456
vn 0.7959 -0.2979 -0.5271
vn 0.0997 0.5560 0.8252
vn 0.0663 0.6391 0.7663
vn 0.1005 0.5559 0.8252
vn 0.1023 0.4666 0.8785
vn 0.1013 0.4664 0.8788
vn 0.0710 0.3722 0.9254
vn 0.0689 0.3723 0.9256
vn 0.7248 -0.2912 -0.6244
vn 0.7827 -0.2840 -0.5539
vn 0.9749 -0.1055 -0.1959
vn 0.9600 -0.1595 -0.2301
vn 0.9895 -0.0063 -0.1441
vn 0.8145 -0.1995 -0.5447
vn 0.7866 -0.2305 -0.5729
vn 0.7148 -0.2512 -0.6527
vn 0.8192 -0.2148 -0.5318
vn 0.9923 -0.0475 -0.1140
vn 0.6847 0.2323 -0.6908
vn 0.8201 0.3011 -0.4865
vn 0.7670 0.3879 -0.5111
vn 0.4986 -0.0455 -0.8656
vn 0.6718 0.0369 -0.7398
vn 0.6422 0.0728 -0.7630
vn 0.6591 -0.1870 -0.7284
vn 0.6913 -0.0065 -0.7225
vn 0.8141 0.5418 0.2090
vn 0.7413 0.6709 0.0200
vn 0.8248 0.5650 -0.0245
vn 0.4457 -0.4926 -0.7475
vn 0.5275 -0.5451 -0.6517
vn 0.4124 -0.5851 -0.6982
vn 0.0031 0.8396 -0.5432
vn 0.0672 0.8648 -0.4977
vn 0.0019 0.8718 -0.4899
vn 0.0002 0.8155 -0.5787
vn 0.2492 0.8641 -0.4373
vn -0.0003 0.4241 -0.9056
vn 0.0665 0.4461 -0.8925
vn -0.0008 0.4731 -0.8810
vn -0.0062 0.9813 0.1925
vn 0.0597 0.9398 0.3365
vn -0.0128 0.9392 0.3432
vn -0.0041 0.3642 -0.9313
vn 0.1811 0.4378 -0.8807
vn -0.8109 -0.3987 -0.4283
vn -0.8131 -0.2986 -0.4998
vn -0.8109 -0.3988 -0.4283
vn -0.8133 -0.2982 -0.4996
vn -0.8131 -0.1887 -0.5507
vn -0.0219 0.6413 0.7670
vn -0.0561 0.3677 0.9282
vn -0.0575 0.6369 0.7688
vn -0.7231 0.2832 0.6300
vn -0.7565 0.2710 0.5953
vn -0.1535 -0.5077 -0.8478
vn -0.1536 -0.6725 -0.7240
vn -0.1538 -0.6726 -0.7239
vn -0.1536 -0.3204 -0.9348
vn -0.1534 -0.5075 -0.8479
vn -0.0000 -0.6806 -0.7326
vn -0.0000 -0.5138 -0.8579
vn -0.0000 -0.3241 -0.9460
vn -0.9975 -0.0071 0.0703
vn -1.0000 0.0026 0.0057
vn -0.9999 0.0076 0.0075
vn -0.8813 0.1434 0.4502
vn -0.8402 0.2638 0.4737
vn -0.7905 0.3379 0.5108
vn -0.8002 0.2763 0.5322
vn -0.9292 0.3019 0.2132
vn 0.8657 0.3282 -0.3779
vn 0.7882 0.4526 -0.4169
vn -0.9420 0.1313 0.3088
vn -0.9713 0.1095 0.2111
vn -0.9676 0.0954 0.2338
vn -0.7700 0.3425 0.5383
vn -0.9434 0.1656 0.2875
vn -0.9395 0.1080 0.3250
vn 0.8377 0.1493 0.5252
vn 0.8405 0.0929 0.5339
vn 0.8406 0.0928 0.5336
vn 0.8129 -0.1595 -0.5601
vn 0.8118 -0.2179 -0.5417
vn 0.7893 -0.1080 -0.6045
vn 0.7956 -0.1822 -0.5778
vn 0.8128 -0.0997 -0.5739
vn 0.1015 0.2718 0.9570
vn 0.1077 0.1720 0.9792
vn 0.1069 0.1716 0.9793
vn 0.0770 0.0674 0.9948
vn 0.9757 -0.0637 -0.2095
vn 0.9630 -0.0757 -0.2585
vn 0.7798 -0.1813 -0.5993
vn 0.7437 -0.2274 -0.6286
vn 0.7641 -0.2101 -0.6099
vn 0.7122 -0.6985 -0.0701
vn 0.8196 -0.5552 -0.1416
vn 0.8263 -0.5213 -0.2133
vn 0.6731 -0.4891 -0.5547
vn 0.6087 -0.5625 -0.5595
vn 0.6446 -0.5785 -0.4999
vn 0.7024 -0.4778 -0.5276
vn 0.6043 -0.4820 -0.6344
vn 0.7421 -0.4698 0.4781
vn 0.4466 -0.1613 -0.8801
vn 0.0032 -0.9816 0.1908
vn 0.0675 -0.9683 0.2405
vn 0.0786 -0.9822 0.1708
vn 0.0011 -0.9889 0.1486
vn 0.0724 -0.9902 0.1195
vn -0.0006 -0.9334 -0.3587
vn 0.0692 -0.9387 -0.3377
vn 0.0748 -0.9163 -0.3935
vn -0.0084 -0.5806 0.8141
vn 0.0512 -0.5890 0.8065
vn -0.0075 -0.9025 -0.4306
vn -0.8128 -0.1889 -0.5511
vn -0.0211 0.3731 0.9275
vn -0.6548 0.3142 0.6874
vn -0.1535 -0.3205 -0.9347
vn -0.9789 0.1509 0.1374
vn -0.8052 0.2276 0.5476
vn -0.8070 0.1543 0.5701
vn 0.8729 -0.4535 -0.1800
vn 0.5670 -0.8003 -0.1951
vn 0.7878 -0.6157 0.0149
vn -0.9722 0.0708 0.2230
vn -0.9444 0.1011 0.3128
vn -0.9543 0.0816 0.2876
vn 0.4634 -0.8630 -0.2013
vn 0.1261 -0.6679 -0.7335
vn 0.0712 -0.9866 0.1470
vn 0.8356 -0.0304 0.5484
vn 0.3961 0.9065 -0.1463
vn 0.9309 -0.3628 0.0427
vn 0.8944 -0.1975 -0.4012
vn 0.3692 0.5289 -0.7642
vn 0.5962 -0.3471 -0.7239
vn 0.7777 0.0733 0.6243
vn 0.6016 0.6108 0.5148
vn -0.9371 0.3134 0.1536
vn -0.4319 0.6218 0.6533
vn -0.9336 0.2033 0.2952
vn -0.8579 0.3970 0.3262
vn -0.7698 0.4366 0.4655
vn -0.8548 0.1959 0.4805
vn -0.9076 0.1791 0.3796
vn -0.9048 0.1626 0.3937
vn -0.9032 0.1362 0.4070
vn 0.9274 -0.1396 -0.3471
vn 0.9304 0.1110 -0.3494
vn -0.0138 0.1694 0.9855
vn 0.0526 0.4845 0.8732
vn 0.9856 -0.1178 -0.1212
vn -0.0003 -0.9516 -0.3073
vn 0.0008 -0.9698 0.2439
vn 0.0008 -0.4452 -0.8954
vn -0.0062 -0.5810 -0.8139
vn -0.0259 -0.4455 -0.8949
vn 0.0007 -0.2991 -0.9542
vn 0.0015 -0.1418 -0.9899
vn -0.0027 0.1441 0.9896
vn 0.0004 0.3020 0.9533
vn 0.0015 0.3017 0.9534
vn -0.0022 0.5830 0.8125
vn 0.0005 0.4425 0.8968
vn -0.0038 0.5832 0.8123
vn -0.1023 -0.4423 -0.8910
vn -0.0514 -0.5807 -0.8125
vn -0.1024 -0.2981 -0.9490
vn 0.7556 0.2912 0.5868
vn 0.7693 0.3725 0.5190
vn 0.7714 0.3714 0.5168
vn 0.7554 0.1967 0.6250
vn 0.7705 0.0928 0.6307
vn 0.7543 0.1966 0.6264
vn -0.9424 0.1503 0.2987
vn -0.8482 0.1469 0.5089
vn -0.7907 0.1129 0.6017
vn -0.8492 0.2456 0.4676
vn 0.9805 -0.0590 -0.1875
vn 0.9799 -0.0606 -0.1899
vn 0.9178 -0.1796 -0.3542
vn 0.9508 -0.0971 -0.2943
vn 0.9178 -0.1158 -0.3798
vn 0.0413 0.2997 0.9531
vn -0.0002 0.2999 0.9540
vn -0.0003 0.4441 0.8960
vn 0.0479 0.5800 0.8132
vn -0.0007 0.5795 0.8149
vn 0.0653 -0.5749 -0.8156
vn 0.0629 -0.4425 -0.8946
vn 0.0607 -0.4435 -0.8942
vn 0.0628 -0.3002 -0.9518
vn 0.0611 -0.2992 -0.9522
vn 0.9475 0.1776 0.2658
vn 0.9673 0.0947 0.2352
vn 0.9683 0.1603 0.1918
vn 0.8939 -0.1680 -0.4156
vn 0.8930 -0.2889 -0.3451
vn 0.8946 -0.1668 -0.4147
vn 0.8933 -0.0296 -0.4484
vn 0.8966 0.1439 0.4188
vn 0.9980 0.0237 0.0590
vn 0.8372 0.2040 0.5074
vn 0.9979 0.0044 0.0642
vn 0.6756 0.4730 0.5656
vn 0.6703 0.2769 0.6885
vn 0.9613 -0.2067 -0.1820
vn 0.9805 -0.1370 -0.1411
vn 0.9800 -0.1157 -0.1621
vn 0.9799 -0.1401 -0.1418
vn 0.0028 -0.6973 -0.7168
vn -0.0035 -0.5811 -0.8138
vn 0.0027 0.6978 0.7163
vn -0.1135 -0.6918 -0.7131
vn 0.7452 0.4631 0.4797
vn -0.0233 -0.2957 -0.9550
vn 0.0013 0.4428 0.8966
vn 0.7544 0.2920 0.5879
vn 0.9799 -0.0877 -0.1791
vn 0.9034 -0.2989 -0.3074
vn 0.9474 0.2308 0.2215
vn 0.9478 0.1494 0.2818
vn 0.9476 0.0876 0.3071
vn 0.0419 0.4439 0.8951
vn 0.0583 0.6976 0.7141
vn 0.0014 0.6982 0.7159
vn 0.0633 -0.5760 -0.8150
vn 0.0504 -0.7013 -0.7111
vn 0.0468 -0.7029 -0.7098
vn 0.9805 -0.0874 -0.1762
vn 0.8415 0.5240 0.1316
vn 0.8435 0.5044 0.1848
vn 0.8436 0.5042 0.1849
vn 0.8434 0.4825 0.2362
vn 0.8435 0.4823 0.2362
vn 0.8415 0.4577 0.2870
vn 0.8131 -0.5467 -0.1998
vn 0.7743 -0.6137 -0.1542
vn 0.8145 -0.5626 -0.1415
vn 0.8129 -0.5228 -0.2566
vn 0.7372 -0.6398 -0.2173
vn 0.8122 -0.4944 -0.3096
vn 0.7922 -0.5557 -0.2523
vn 0.0717 0.9366 0.3429
vn 0.0756 0.9671 0.2430
vn 0.0716 0.9366 0.3430
vn 0.0716 0.8960 0.4383
vn 0.0949 0.8433 0.5291
vn 0.0722 0.8959 0.4384
vn 0.7259 -0.6029 -0.3311
vn 0.7805 -0.5581 -0.2818
vn 0.9751 -0.2000 -0.0963
vn 0.9621 -0.2574 -0.0897
vn 0.9895 -0.0909 -0.1124
vn 0.8148 -0.4813 -0.3231
vn 0.7864 -0.5232 -0.3284
vn 0.7147 -0.5870 -0.3804
vn 0.8204 -0.4855 -0.3022
vn 0.9923 -0.1045 -0.0666
vn 0.6890 -0.2198 -0.6906
vn 0.8179 -0.0381 -0.5741
vn 0.7666 0.0145 -0.6419
vn 0.5068 -0.5412 -0.6710
vn 0.6722 -0.4046 -0.6200
vn 0.6393 -0.3906 -0.6623
vn 0.6606 -0.5808 -0.4758
vn 0.6900 -0.4281 -0.5837
vn 0.8117 0.5637 -0.1529
vn 0.7429 0.5535 -0.3764
vn 0.8230 0.4446 -0.3537
vn 0.4480 -0.8358 -0.3174
vn 0.5237 -0.8266 -0.2061
vn 0.4119 -0.8839 -0.2215
vn 0.0054 0.3595 -0.9331
vn 0.0680 0.4067 -0.9110
vn 0.0005 0.4163 -0.9092
vn 0.0030 0.3198 -0.9475
vn 0.2520 0.4429 -0.8604
vn -0.0002 -0.1881 -0.9822
vn 0.0670 -0.1673 -0.9836
vn 0.0006 -0.1348 -0.9909
vn -0.0067 0.9066 -0.4220
vn 0.0585 0.9584 -0.2792
vn -0.0127 0.9595 -0.2813
vn -0.0073 -0.2754 -0.9613
vn 0.1907 -0.1632 -0.9680
vn -0.8113 -0.5736 -0.1129
vn -0.8126 -0.5361 -0.2288
vn -0.8127 -0.5360 -0.2286
vn -0.8129 -0.4766 -0.3348
vn -0.0223 0.8467 0.5316
vn -0.0578 0.9671 0.2479
vn -0.0223 0.9698 0.2428
vn -0.7241 0.5924 0.3532
vn -0.7556 0.5699 0.3229
vn -0.1802 0.7632 0.6205
vn -0.1524 -0.9091 -0.3878
vn -0.1531 -0.9698 -0.1897
vn -0.1535 -0.9698 -0.1896
vn -0.1532 -0.8085 -0.5682
vn -0.1524 -0.9090 -0.3879
vn -0.0000 -0.9814 -0.1919
vn -0.0000 -0.9199 -0.3921
vn -0.0000 -0.8180 -0.5752
vn -0.9973 0.0360 0.0636
vn -1.0000 0.0054 0.0031
vn -0.9999 0.0105 0.0016
vn -0.8821 0.3821 0.2753
vn -0.8404 0.4916 0.2281
vn -0.7910 0.5730 0.2144
vn -0.8006 0.5360 0.2679
vn -0.9292 0.3697 -0.0048
vn 0.8664 0.0430 -0.4975
vn 0.7891 0.1230 -0.6019
vn -0.9412 0.2889 0.1749
vn -0.9713 0.2124 0.1068
vn -0.9674 0.2151 0.1334
vn -0.7697 0.5937 0.2345
vn -0.9440 0.3012 0.1349
vn -0.9396 0.2783 0.1991
vn 0.8414 0.4578 0.2871
vn 0.8418 0.4251 0.3327
vn 0.8442 0.3848 0.3732
vn 0.8442 0.3848 0.3731
vn 0.8410 0.3470 0.4150
vn 0.8066 -0.4654 -0.3644
vn 0.7986 -0.5185 -0.3058
vn 0.8128 -0.4585 -0.3594
vn 0.7894 -0.4427 -0.4253
vn 0.8129 -0.4183 -0.4053
vn 0.0772 0.7851 0.6145
vn 0.0951 0.8430 0.5294
vn 0.0768 0.7159 0.6939
vn 0.0764 0.7161 0.6938
vn 0.0658 0.6392 0.7663
vn 0.9758 -0.1749 -0.1315
vn 0.9628 -0.2144 -0.1645
vn 0.9927 -0.0922 0.0781
vn 0.7811 -0.4974 -0.3776
vn 0.7470 -0.5497 -0.3740
vn 0.7645 -0.5257 -0.3731
vn 0.7125 -0.6061 0.3536
vn 0.8167 -0.5348 0.2169
vn 0.8292 -0.5442 0.1275
vn 0.6717 -0.7221 -0.1657
vn 0.6125 -0.7807 -0.1239
vn 0.6403 -0.7655 -0.0639
vn 0.7076 -0.6917 -0.1444
vn 0.6049 -0.7626 -0.2293
vn 0.7405 -0.1001 0.6646
vn 0.4482 -0.6488 -0.6150
vn 0.0043 -0.6829 0.7305
vn 0.0698 -0.6436 0.7621
vn 0.0752 -0.6945 0.7155
vn 0.0036 -0.7135 0.7006
vn 0.0762 -0.7317 0.6773
vn -0.0001 -0.9661 0.2583
vn 0.0675 -0.9579 0.2791
vn 0.0809 -0.9725 0.2182
vn -0.0068 0.0157 0.9999
vn 0.0504 -0.0059 0.9987
vn -0.0057 -0.9835 0.1806
vn -0.8127 -0.4768 -0.3350
vn -0.6622 0.6606 0.3537
vn -0.1533 -0.8086 -0.5681
vn -0.9789 0.2033 0.0223
vn -0.8054 0.5060 0.3088
vn -0.8071 0.4595 0.3707
vn 0.8741 -0.4709 0.1194
vn 0.5612 -0.7656 0.3144
vn 0.7899 -0.4875 0.3719
vn -0.9722 0.1889 0.1382
vn -0.9429 0.2716 0.1927
vn -0.9546 0.2351 0.1831
vn 0.4657 -0.8157 0.3430
vn 0.1405 -0.9801 -0.1400
vn 0.0800 -0.7300 0.6787
vn 0.8373 0.2990 0.4577
vn 0.3961 0.6489 -0.6496
vn 0.9336 -0.2600 0.2467
vn 0.8951 -0.3935 -0.2095
vn 0.3754 -0.0350 -0.9262
vn 0.5980 -0.7054 -0.3805
vn 0.7085 0.7044 0.0426
vn 0.0588 0.7111 0.7006
vn -0.9354 0.3481 -0.0620
vn -0.4284 0.8804 0.2035
vn -0.9368 0.3276 0.1228
vn -0.8634 0.5034 0.0331
vn -0.7735 0.6226 0.1187
vn -0.8557 0.4399 0.2727
vn -0.9069 0.3695 0.2023
vn -0.9060 0.3599 0.2227
vn -0.9043 0.3495 0.2453
vn -0.0037 -0.6736 0.7391
vn 0.9274 -0.3157 -0.2008
vn 0.9327 -0.1143 -0.3421
vn 0.6322 0.7152 0.2979
vn -0.0137 0.7218 0.6920
vn 0.9855 -0.1670 -0.0298
vn 0.0015 -0.9500 0.3123
vn 0.0011 -0.6359 0.7718
vn 0.0012 -0.9483 -0.3173
vn -0.0136 -0.8855 -0.4645
vn 0.0009 -0.8852 -0.4652
vn -0.0020 -0.8045 -0.5939
vn -0.0244 -0.6948 -0.7188
vn 0.0032 0.6977 0.7164
vn -0.0025 0.8050 0.5933
vn -0.0027 0.8050 0.5933
vn 0.0015 0.8859 0.4639
vn 0.0010 0.9479 0.3187
vn 0.0004 0.9479 0.3184
vn -0.1117 -0.9418 -0.3171
vn -0.0739 -0.8841 -0.4614
vn -0.0738 -0.8016 -0.5933
vn 0.7538 0.5820 0.3052
vn 0.7412 0.6370 0.2119
vn 0.7412 0.6370 0.2120
vn 0.7426 0.5392 0.3973
vn 0.7447 0.4635 0.4802
vn 0.7433 0.5386 0.3968
vn -0.9423 0.2976 0.1535
vn -0.8485 0.4173 0.3254
vn -0.7910 0.4441 0.4208
vn -0.8488 0.4744 0.2334
vn 0.9799 -0.1604 -0.1187
vn 0.9806 -0.1579 -0.1163
vn 0.9612 -0.2425 -0.1314
vn 0.9009 -0.4122 -0.1359
vn 0.9166 -0.3193 -0.2406
vn 0.0606 0.8012 0.5953
vn 0.0004 0.8031 0.5959
vn -0.0000 0.9491 0.3150
vn 0.0540 0.8831 0.4660
vn 0.0491 0.9479 0.3147
vn 0.0472 -0.9473 -0.3170
vn 0.0530 -0.8838 -0.4649
vn 0.0551 -0.8836 -0.4650
vn 0.0483 -0.8021 -0.5952
vn 0.0494 -0.8025 -0.5946
vn 0.9695 0.2108 0.1249
vn 0.9475 0.2872 0.1408
vn 0.9675 0.2143 0.1345
vn 0.9472 0.2522 0.1981
vn 0.9108 -0.2770 -0.3063
vn 0.8932 -0.4364 -0.1087
vn 0.8950 -0.4327 -0.1085
vn 0.8925 -0.2888 -0.3463
vn 0.9979 0.0622 0.0153
vn 0.8386 0.4616 0.2893
vn 0.8389 0.5285 0.1301
vn 0.9979 0.0549 0.0344
vn 0.9980 0.0410 0.0490
vn 0.6781 0.7137 0.1756
vn 0.6779 0.6230 0.3902
vn 0.9971 -0.0714 -0.0272
vn 0.9799 -0.1892 -0.0634
vn 0.9805 -0.1939 -0.0331
vn 0.9805 -0.1863 -0.0628
vn -0.0010 -0.9859 -0.1676
vn -0.0257 -0.9461 -0.3228
vn -0.0016 0.9857 0.1682
vn -0.0761 -0.9829 -0.1679
vn 0.7537 0.6474 0.1127
vn -0.0087 -0.8001 -0.5998
vn 0.0006 0.8861 0.4636
vn 0.9805 -0.1741 -0.0911
vn 0.8952 -0.4387 -0.0782
vn 0.9504 -0.3111 -0.0025
vn 0.9118 -0.3642 -0.1897
vn 0.9474 0.3171 0.0436
vn 0.9478 0.2993 0.1100
vn -0.0021 0.8848 0.4660
vn -0.0012 0.9860 0.1667
vn 0.0487 0.9851 0.1651
vn 0.0472 -0.9473 -0.3169
vn 0.0476 -0.9850 -0.1658
vn 0.0489 -0.9849 -0.1659
vn 0.9799 -0.1766 -0.0932
vn 0.8425 0.4995 -0.2017
vn 0.8376 0.5256 -0.1490
vn 0.8375 0.5257 -0.1488
vn 0.8419 0.5316 -0.0931
vn 0.8420 0.5314 -0.0934
vn 0.8410 0.5398 -0.0374
vn 0.8152 -0.5572 0.1582
vn 0.7756 -0.5855 0.2359
vn 0.8144 -0.5382 0.2170
vn 0.8126 -0.5740 0.1008
vn 0.7357 -0.6461 0.2032
vn 0.8082 -0.5875 0.0404
vn 0.7949 -0.5942 0.1224
vn 0.0686 0.9592 -0.2743
vn 0.0689 0.9255 -0.3724
vn 0.0995 0.9803 -0.1703
vn 0.0695 0.9591 -0.2744
vn 0.0664 0.9954 -0.0693
vn 0.0995 0.9803 -0.1704
vn 0.7225 -0.6853 0.0913
vn 0.7837 -0.6131 0.0994
vn 0.9749 -0.2192 0.0399
vn 0.9615 -0.2633 0.0790
vn 0.9895 -0.1394 -0.0380
vn 0.8148 -0.5794 0.0215
vn 0.7863 -0.6164 0.0419
vn 0.7165 -0.6965 0.0381
vn 0.8215 -0.5690 0.0369
vn 0.9923 -0.1233 0.0085
vn 0.6861 -0.5828 -0.4354
vn 0.8201 -0.3696 -0.4369
vn 0.7707 -0.3645 -0.5227
vn 0.5021 -0.8348 -0.2257
vn 0.6717 -0.6924 -0.2633
vn 0.6417 -0.7038 -0.3047
vn 0.6608 -0.7491 -0.0468
vn 0.6926 -0.6879 -0.2173
vn 0.8125 0.3669 -0.4529
vn 0.7413 0.2269 -0.6316
vn 0.8239 0.1523 -0.5458
vn 0.4446 -0.8644 0.2349
vn 0.5260 -0.7882 0.3194
vn 0.4127 -0.8451 0.3399
vn 0.0041 -0.2576 -0.9663
vn 0.0654 -0.2078 -0.9760
vn 0.0013 -0.2015 -0.9795
vn 0.0026 -0.2969 -0.9549
vn 0.2585 -0.1470 -0.9548
vn -0.0001 -0.7304 -0.6830
vn 0.0688 -0.7133 -0.6975
vn 0.0007 -0.6935 -0.7205
vn -0.0073 0.4843 -0.8749
vn 0.0602 0.6093 -0.7907
vn -0.0136 0.6205 -0.7841
vn -0.0051 -0.7711 -0.6367
vn 0.1848 -0.7019 -0.6879
vn -0.8118 -0.5296 0.2461
vn -0.8129 -0.5677 0.1299
vn -0.8114 -0.5300 0.2463
vn -0.8131 -0.5675 0.1294
vn -0.8129 -0.5823 0.0097
vn -0.0219 0.9974 -0.0684
vn -0.0578 0.9280 -0.3680
vn -0.0214 0.9276 -0.3729
vn -0.7241 0.6862 -0.0696
vn -0.7558 0.6506 -0.0740
vn -0.1839 0.9814 0.0556
vn -0.1534 -0.9632 0.2209
vn -0.1528 -0.8963 0.4163
vn -0.1524 -0.8963 0.4164
vn -0.1538 -0.9880 0.0160
vn -0.1536 -0.9631 0.2209
vn -0.0000 -0.9747 0.2236
vn -0.0000 -0.9069 0.4213
vn -0.0000 -0.9999 0.0161
vn -0.9974 0.0660 0.0296
vn -1.0000 0.0062 -0.0007
vn -0.9999 0.0094 -0.0049
vn -0.8827 0.4699 -0.0003
vn -0.8414 0.5301 -0.1047
vn -0.7908 0.5897 -0.1636
vn -0.8006 0.5909 -0.0993
vn -0.8111 0.5832 -0.0443
vn 0.8669 -0.2573 -0.4270
vn 0.7877 -0.2561 -0.5603
vn -0.9414 0.3361 -0.0277
vn -0.9716 0.2335 -0.0382
vn -0.9671 0.2536 -0.0182
vn -0.7707 0.6169 -0.1596
vn -0.9438 0.3233 -0.0687
vn -0.9391 0.3436 -0.0025
vn 0.8416 0.5397 0.0194
vn 0.8417 0.5396 0.0200
vn 0.8416 0.5347 0.0760
vn 0.8416 0.5347 0.0759
vn 0.8134 -0.5813 -0.0222
vn 0.8120 -0.5822 0.0404
vn 0.7899 -0.6076 -0.0835
vn 0.7964 -0.6048 -0.0051
vn 0.8148 -0.5741 -0.0810
vn 0.0763 0.9964 0.0362
vn 0.0660 0.9954 -0.0695
vn 0.0767 0.9871 0.1404
vn 0.0767 0.9964 0.0365
vn 0.0767 0.9872 0.1400
vn 0.9757 -0.2190 -0.0034
vn 0.9630 -0.2694 -0.0060
vn 0.7812 -0.6241 -0.0126
vn 0.7440 -0.6677 0.0243
vn 0.7638 -0.6455 0.0073
vn 0.7131 -0.2787 0.6433
vn 0.8201 -0.3062 0.4834
vn 0.8227 -0.3676 0.4337
vn 0.6731 -0.6800 0.2907
vn 0.6133 -0.7037 0.3586
vn 0.6381 -0.6570 0.4014
vn 0.7036 -0.6473 0.2932
vn 0.6051 -0.7514 0.2633
vn 0.7426 0.3091 0.5942
vn 0.4474 -0.8871 -0.1136
vn 0.0035 -0.1234 0.9923
vn 0.0675 -0.0728 0.9951
vn 0.0730 -0.1412 0.9873
vn 0.0027 -0.1671 0.9859
vn 0.0774 -0.1907 0.9786
vn 0.0004 -0.6309 0.7759
vn 0.0647 -0.6097 0.7900
vn 0.0817 -0.6593 0.7475
vn -0.0067 0.6007 0.7994
vn 0.0513 0.5834 0.8105
vn -0.8113 -0.5735 -0.1130
vn -0.6535 0.7527 -0.0804
vn -0.1537 -0.9880 0.0160
vn -0.9785 0.1794 -0.1015
vn -0.9286 0.3092 0.2053
vn -0.8070 0.5897 0.0302
vn 0.8740 -0.3109 0.3735
vn 0.5574 -0.4374 0.7057
vn 0.7888 -0.1770 0.5887
vn -0.9723 0.2338 0.0011
vn -0.9430 0.3327 -0.0039
vn -0.9543 0.2986 0.0110
vn 0.4660 -0.4580 0.7570
vn 0.1417 -0.8875 0.4386
vn 0.0728 -0.1657 0.9835
vn 0.9894 -0.0745 0.1243
vn 0.8380 0.5092 0.1963
vn 0.3925 0.1386 -0.9092
vn 0.9308 -0.0718 0.3584
vn 0.8923 -0.4465 0.0664
vn 0.3763 -0.5646 -0.7346
vn 0.5932 -0.7976 0.1088
vn 0.7805 0.6130 0.1228
vn 0.6032 0.6744 -0.4259
vn -0.9356 0.2465 -0.2526
vn -0.4346 0.8205 -0.3713
vn -0.9343 0.3427 -0.0983
vn -0.8601 0.4314 -0.2724
vn -0.7711 0.5762 -0.2709
vn -0.8558 0.5160 -0.0376
vn -0.9065 0.4190 -0.0528
vn -0.9064 0.4212 -0.0309
vn -0.9042 0.4271 -0.0072
vn 0.9272 -0.3734 0.0287
vn 0.9284 -0.3001 -0.2190
vn -0.0139 0.9899 0.1413
vn 0.0475 0.9789 -0.1986
vn 0.9857 -0.1518 0.0731
vn 0.0020 -0.5885 0.8085
vn 0.0008 -0.0607 0.9982
vn 0.0006 -0.9894 0.1449
vn -0.0251 -0.9536 0.3001
vn -0.0079 -0.9896 0.1434
vn 0.0007 -1.0000 -0.0095
vn -0.0056 -0.9853 -0.1706
vn -0.0018 0.9858 0.1682
vn 0.0001 1.0000 0.0076
vn 0.0009 1.0000 0.0078
vn -0.0008 0.9544 -0.2984
vn 0.0003 0.9898 -0.1424
vn -0.0009 0.9545 -0.2981
vn -0.0655 -0.9878 0.1411
vn -0.1046 -0.9479 0.3008
vn -0.0248 -0.9997 -0.0047
vn -0.1145 -0.9934 -0.0063
vn 0.7460 0.6591 -0.0952
vn 0.7545 0.6262 -0.1966
vn 0.7547 0.6260 -0.1965
vn 0.7538 0.6474 0.1126
vn 0.7442 0.6680 0.0047
vn 0.7440 0.6682 0.0046
vn -0.9424 0.3308 -0.0497
vn -0.8481 0.5296 0.0176
vn -0.7903 0.6076 0.0786
vn -0.8478 0.5227 -0.0902
vn 0.9799 -0.1994 -0.0014
vn 0.9805 -0.1966 -0.0017
vn 0.9125 -0.4044 0.0613
vn 0.9490 -0.3154 0.0013
vn 0.0572 0.9983 0.0086
vn 0.0058 0.9999 0.0082
vn 0.0003 0.9539 -0.3003
vn 0.0507 0.9883 -0.1438
vn 0.0592 0.9518 -0.3009
vn 0.0589 -0.9527 0.2980
vn 0.0491 -0.9880 0.1464
vn 0.0605 -0.9523 0.2992
vn 0.0464 -0.9989 -0.0101
vn 0.9472 0.3084 -0.0878
vn 0.9681 0.2500 -0.0173
vn 0.9674 0.2351 -0.0942
vn 0.9473 0.3202 0.0123
vn 0.9104 -0.4047 -0.0864
vn 0.8948 -0.4143 0.1666
vn 0.8955 -0.4129 0.1661
vn 0.8947 -0.4457 0.0297
vn 0.9980 0.0589 -0.0237
vn 0.8385 0.5436 -0.0371
vn 0.8387 0.5051 -0.2036
vn 0.9980 0.0637 -0.0045
vn 0.6719 0.6871 -0.2764
vn 0.6763 0.7350 -0.0491
vn 0.9799 -0.1903 0.0595
vn 0.9805 -0.1760 0.0873
vn 0.9805 -0.1874 0.0589
vn -0.0007 -0.8955 0.4451
vn -0.0009 -0.9543 0.2989
vn -0.0011 0.8951 -0.4459
vn -0.1046 -0.8922 0.4394
vn 0.7547 0.5877 -0.2917
vn 0.0008 0.9898 -0.1427
vn 0.7455 0.6596 -0.0954
vn 0.9805 -0.1945 0.0284
vn 0.9022 -0.3868 0.1906
vn 0.9527 -0.2476 0.1762
vn 0.9201 -0.3917 -0.0027
vn 0.9468 0.2847 -0.1501
vn 0.9477 0.3142 -0.0556
vn -0.0030 0.9895 -0.1448
vn 0.0016 0.8955 -0.4451
vn 0.0575 0.8946 -0.4432
vn 0.0607 -0.8942 0.4436
vn 0.0587 -0.8937 0.4447
vn 0.0475 -0.9882 0.1453
vn 0.0455 -0.9989 -0.0107
vn 0.9799 -0.1972 0.0288
vn 0.8415 0.2869 -0.4578
vn 0.8417 0.3331 -0.4250
vn 0.8417 0.3332 -0.4249
vn 0.8417 0.3755 -0.3881
vn 0.8416 0.3757 -0.3880
vn 0.8410 0.4153 -0.3468
vn 0.8148 -0.3577 0.4562
vn 0.7743 -0.3360 0.5362
vn 0.8145 -0.3079 0.4917
vn 0.8134 -0.4043 0.4183
vn 0.7355 -0.4021 0.5453
vn 0.8073 -0.4528 0.3784
vn 0.7966 -0.4068 0.4471
vn 0.0767 0.6152 -0.7846
vn 0.0758 0.5295 -0.8449
vn 0.0767 0.6940 -0.7159
vn 0.0767 0.6938 -0.7161
vn 0.0766 0.7653 -0.6390
vn 0.7228 -0.4967 0.4804
vn 0.7849 -0.4371 0.4392
vn 0.9750 -0.1540 0.1605
vn 0.9610 -0.1664 0.2208
vn 0.9896 -0.1351 0.0499
vn 0.8147 -0.4564 0.3577
vn 0.7858 -0.4743 0.3970
vn 0.7166 -0.5423 0.4386
vn 0.8215 -0.4361 0.3674
vn 0.9923 -0.0945 0.0802
vn 0.6868 -0.7268 -0.0057
vn 0.8197 -0.5560 -0.1374
vn 0.7657 -0.6070 -0.2126
vn 0.5026 -0.8067 0.3109
vn 0.6729 -0.7137 0.1947
vn 0.6370 -0.7528 0.1659
vn 0.6584 -0.6339 0.4058
vn 0.6925 -0.6852 0.2258
vn 0.8133 0.0314 -0.5810
vn 0.7420 -0.1883 -0.6435
vn 0.8245 -0.1996 -0.5295
vn 0.4467 -0.5625 0.6957
vn 0.5243 -0.4526 0.7213
vn 0.4119 -0.4844 0.7718
vn 0.0042 -0.7763 -0.6304
vn 0.0690 -0.7376 -0.6717
vn 0.0012 -0.7406 -0.6720
vn 0.0010 -0.8046 -0.5938
vn 0.2487 -0.6829 -0.6869
vn 0.0004 -0.9924 -0.1230
vn 0.0650 -0.9867 -0.1491
vn 0.0011 -0.9850 -0.1727
vn -0.0096 -0.1304 -0.9914
vn 0.0575 0.0256 -0.9980
vn -0.0144 0.0409 -0.9991
vn -0.0037 -0.9978 -0.0668
vn 0.1852 -0.9724 -0.1416
vn -0.8113 -0.2840 0.5109
vn -0.8126 -0.3831 0.4392
vn -0.8128 -0.3829 0.4391
vn -0.8128 -0.4655 0.3503
vn -0.8126 -0.4658 0.3502
vn -0.0221 0.7664 -0.6420
vn -0.0581 0.5343 -0.8433
vn -0.0223 0.5310 -0.8471
vn -0.7211 0.5115 -0.4673
vn -0.7558 0.4831 -0.4420
vn -0.1834 0.8268 -0.5317
vn -0.1535 -0.6495 0.7447
vn -0.1520 -0.4804 0.8637
vn -0.1513 -0.4805 0.8638
vn -0.1538 -0.7901 0.5933
vn -0.1539 -0.6493 0.7448
vn -0.0000 -0.6577 0.7533
vn -0.0000 -0.4861 0.8739
vn -0.0000 -0.7995 0.6006
vn -0.9975 0.0694 -0.0153
vn -1.0000 0.0046 -0.0042
vn -0.9999 0.0047 -0.0095
vn -0.8869 0.3724 -0.2735
vn -0.8419 0.3669 -0.3956
vn -0.9169 0.1334 -0.3761
vn -0.7907 0.3809 -0.4793
vn -0.8003 0.4205 -0.4275
vn 0.8664 -0.4599 -0.1946
vn 0.7887 -0.5349 -0.3029
vn -0.9414 0.2557 -0.2198
vn -0.9713 0.1673 -0.1690
vn -0.9673 0.1937 -0.1639
vn -0.7734 0.4017 -0.4904
vn -0.9435 0.2221 -0.2461
vn -0.9393 0.2761 -0.2037
vn 0.8417 0.4478 -0.3016
vn 0.8420 0.4476 -0.3010
vn 0.8368 0.4840 -0.2559
vn 0.8369 0.4838 -0.2561
vn 0.8127 -0.4839 0.3248
vn 0.8120 -0.4480 0.3740
vn 0.7888 -0.5417 0.2903
vn 0.7941 -0.4935 0.3547
vn 0.8156 -0.5111 0.2712
vn 0.0990 0.8262 -0.5546
vn 0.1006 0.8261 -0.5545
vn 0.0728 0.8810 -0.4675
vn 0.0721 0.8810 -0.4676
vn 0.9757 -0.1794 0.1259
vn 0.9611 -0.2274 0.1566
vn 0.7815 -0.5109 0.3581
vn 0.7434 -0.5262 0.4130
vn 0.7634 -0.5193 0.3841
vn 0.7144 0.1503 0.6834
vn 0.8199 0.0361 0.5714
vn 0.8255 -0.0417 0.5628
vn 0.6734 -0.3779 0.6354
vn 0.6115 -0.3586 0.7053
vn 0.6423 -0.2956 0.7072
vn 0.7015 -0.3517 0.6198
vn 0.6058 -0.4550 0.6526
vn 0.7412 0.6020 0.2972
vn 0.4450 -0.7863 0.4287
vn 0.0040 0.4837 0.8752
vn 0.0717 0.5288 0.8457
vn 0.0730 0.4658 0.8819
vn 0.0023 0.4454 0.8953
vn 0.0760 0.4186 0.9050
vn -0.0001 -0.0525 0.9986
vn 0.0686 -0.0288 0.9972
vn 0.0791 -0.0920 0.9926
vn -0.0090 0.9542 0.2991
vn 0.0477 0.9498 0.3092
vn -0.0060 -0.1343 0.9909
vn -0.6598 0.5457 -0.5167
vn -0.1536 -0.7902 0.5932
vn -0.9787 0.0846 -0.1869
vn -0.8051 0.4505 -0.3859
vn -0.8071 0.4948 -0.3221
vn 0.8742 -0.0332 0.4844
vn 0.5594 0.0621 0.8266
vn 0.7912 0.2034 0.5768
vn -0.9724 0.1893 -0.1364
vn -0.9429 0.2672 -0.1990
vn -0.9545 0.2477 -0.1659
vn 0.4636 0.0729 0.8830
vn 0.1431 -0.4721 0.8699
vn 0.0753 0.4457 0.8920
vn 0.9895 0.0118 0.1442
vn 0.8356 0.5315 -0.1391
vn 0.3964 -0.4174 -0.8177
vn 0.9321 0.1563 0.3267
vn 0.8936 -0.3241 0.3105
vn 0.3762 -0.8864 -0.2697
vn 0.5966 -0.5761 0.5588
vn 0.7747 0.5729 -0.2679
vn 0.6017 0.3069 -0.7374
vn -0.9366 0.0506 -0.3468
vn -0.4308 0.4395 -0.7882
vn -0.9318 0.2175 -0.2905
vn -0.8590 0.1911 -0.4750
vn -0.7701 0.3081 -0.5586
vn -0.8558 0.3954 -0.3335
vn -0.9071 0.3069 -0.2881
vn -0.9064 0.3226 -0.2727
vn -0.9038 0.3422 -0.2570
vn 0.9273 -0.2891 0.2378
vn 0.9284 -0.3715 0.0041
vn -0.0127 0.8870 -0.4615
vn 0.0374 0.6785 -0.7336
vn 0.9856 -0.0804 0.1488
vn 0.0011 0.0037 1.0000
vn 0.0004 0.5306 0.8477
vn -0.0003 -0.7152 0.6990
vn -0.0117 -0.5953 0.8034
vn -0.0253 -0.7149 0.6988
vn 0.0010 -0.8141 0.5807
vn -0.0211 -0.8970 0.4415
vn -0.0006 0.8952 -0.4456
vn 0.0004 0.8131 -0.5821
vn 0.0016 0.8132 -0.5820
vn -0.0001 0.5942 -0.8044
vn -0.0008 0.7165 -0.6976
vn -0.0001 0.5941 -0.8044
vn -0.0945 -0.7119 0.6959
vn -0.0742 -0.5939 0.8011
vn -0.0651 -0.8110 0.5815
vn 0.7520 0.4718 -0.4603
vn 0.7542 0.3898 -0.5285
vn 0.7542 0.3897 -0.5285
vn 0.7460 0.5418 -0.3872
vn 0.7545 0.5879 -0.2918
vn 0.7459 0.5419 -0.3873
vn -0.9424 0.2384 -0.2347
vn -0.8478 0.4395 -0.2967
vn -0.7908 0.5371 -0.2933
vn -0.8484 0.3693 -0.3792
vn 0.9805 -0.1600 0.1142
vn 0.9799 -0.1785 0.0888
vn 0.9799 -0.1623 0.1158
vn 0.9625 -0.1970 0.1867
vn 0.8990 -0.2573 0.3543
vn 0.9125 -0.3346 0.2355
vn -0.0043 0.8164 -0.5775
vn 0.0476 0.8152 -0.5773
vn -0.0010 0.5959 -0.8030
vn 0.0539 0.7125 -0.6996
vn 0.0460 0.5962 -0.8015
vn 0.0471 -0.5961 0.8016
vn 0.0465 -0.7136 0.6990
vn 0.0455 -0.7133 0.6994
vn 0.0492 -0.8142 0.5785
vn 0.9697 0.1844 -0.1601
vn 0.9476 0.2222 -0.2297
vn 0.9685 0.1908 -0.1600
vn 0.9475 0.2653 -0.1785
vn 0.8953 -0.3405 0.2872
vn 0.8948 -0.2365 0.3788
vn 0.8938 -0.3430 0.2890
vn 0.8955 0.3543 -0.2694
vn 0.9980 0.0489 -0.0409
vn 0.8373 0.4189 -0.3513
vn 0.6732 0.5660 -0.4759
vn 0.9799 -0.0926 0.1766
vn 0.9805 -0.1171 0.1581
vn 0.9799 -0.1191 0.1600
vn 0.0003 -0.5947 0.8039
vn -0.0295 -0.4637 0.8855
vn -0.0001 0.4657 -0.8849
vn 0.7551 0.3057 -0.5800
vn -0.0016 -0.8175 0.5759
vn -0.0005 0.7164 -0.6977
vn 0.9799 -0.1429 0.1391
vn 0.9002 -0.2022 0.3856
vn 0.9527 -0.0954 0.2887
vn 0.9177 -0.2843 0.2777
vn 0.9478 0.1387 -0.2870
vn 0.9474 0.1989 -0.2506
vn 0.0032 0.7139 -0.7002
vn -0.0010 0.4668 -0.8843
vn 0.0484 0.4657 -0.8836
vn 0.0478 -0.5965 0.8012
vn 0.0493 -0.4628 0.8851
vn 0.0487 -0.4629 0.8851
vn 0.0475 -0.8136 0.5795
vn 0.8411 -0.0361 -0.5397
vn 0.8443 0.0189 -0.5356
vn 0.8443 0.0192 -0.5356
vn 0.8418 0.0763 -0.5343
vn 0.8414 0.1315 -0.5242
vn 0.8415 0.1315 -0.5240
vn 0.8143 0.0394 0.5791
vn 0.7901 -0.0250 0.6125
vn 0.8114 -0.0817 0.5787
vn 0.8128 -0.0215 0.5821
vn 0.8117 -0.1426 0.5665
vn 0.7994 -0.0699 0.5967
vn 0.0774 0.0359 -0.9964
vn 0.0974 -0.0662 -0.9930
vn 0.0773 0.1412 -0.9870
vn 0.0767 0.0360 -0.9964
vn 0.0953 0.2416 -0.9657
vn 0.0958 0.2414 -0.9657
vn 0.7279 -0.1213 0.6749
vn 0.7875 -0.0941 0.6091
vn 0.9750 -0.0297 0.2204
vn 0.9610 -0.0060 0.2763
vn 0.9896 -0.0788 0.1204
vn 0.8147 -0.1583 0.5578
vn 0.7838 -0.1507 0.6025
vn 0.7168 -0.1802 0.6736
vn 0.8202 -0.1394 0.5548
vn 0.9923 -0.0293 0.1205
vn 0.6863 -0.5928 0.4214
vn 0.8167 -0.5360 0.2139
vn 0.7666 -0.6149 0.1850
vn 0.5028 -0.4699 0.7255
vn 0.6721 -0.4649 0.5763
vn 0.6411 -0.5076 0.5755
vn 0.6551 -0.2835 0.7003
vn 0.6923 -0.4205 0.5864
vn 0.8121 -0.3185 -0.4889
vn 0.7414 -0.5313 -0.4100
vn 0.8248 -0.4715 -0.3122
vn 0.4482 -0.0454 0.8928
vn 0.0044 -0.9985 -0.0549
vn 0.0691 -0.9919 -0.1066
vn 0.0003 -0.9935 -0.1137
vn 0.0018 -1.0000 -0.0087
vn 0.2526 -0.9548 -0.1563
vn -0.0001 -0.8758 0.4826
vn 0.0686 -0.8843 0.4619
vn 0.0003 -0.8991 0.4378
vn -0.0089 -0.6830 -0.7303
vn 0.0651 -0.5679 -0.8205
vn -0.0145 -0.5608 -0.8278
vn -0.0067 -0.8298 0.5580
vn 0.1863 -0.8711 0.4544
vn -0.8130 -0.0516 0.5800
vn -0.8131 -0.0517 0.5799
vn -0.8123 -0.1712 0.5576
vn -0.8123 -0.1713 0.5575
vn -0.0553 0.2476 -0.9673
vn -0.7241 0.1406 -0.6753
vn -0.7561 0.1308 -0.6412
vn -0.1522 0.1186 0.9812
vn -0.1529 -0.0875 0.9844
vn -0.1531 -0.0877 0.9843
vn -0.1531 -0.2902 0.9447
vn -0.0000 -0.0887 0.9961
vn -0.0000 -0.2932 0.9560
vn -0.9862 -0.0501 -0.1577
vn -1.0000 0.0013 -0.0061
vn -0.8797 0.1501 -0.4512
vn -0.8419 0.0644 -0.5359
vn -0.9170 -0.1135 -0.3824
vn -0.7909 0.0260 -0.6114
vn -0.8005 0.0889 -0.5927
vn 0.8662 -0.4869 0.1120
vn 0.7901 -0.6091 0.0688
vn -0.9416 0.0777 -0.3276
vn -0.9713 0.0363 -0.2351
vn -0.9675 0.0603 -0.2457
vn -0.7693 0.0407 -0.6376
vn -0.9433 0.0353 -0.3299
vn -0.9392 0.1040 -0.3272
vn 0.8435 0.1842 -0.5045
vn 0.8436 0.1844 -0.5043
vn 0.8434 0.2357 -0.4828
vn 0.8435 0.2357 -0.4826
vn 0.8052 -0.2036 0.5570
vn 0.7953 -0.1328 0.5914
vn 0.8118 -0.2008 0.5484
vn 0.7889 -0.2680 0.5530
vn 0.8131 -0.2561 0.5227
vn 0.0961 0.3419 -0.9348
vn 0.0969 0.3420 -0.9347
vn 0.0721 0.4382 -0.8960
vn 0.0717 0.4382 -0.8960
vn 0.9758 -0.0713 0.2069
vn 0.9626 -0.0913 0.2552
vn 0.7806 -0.2046 0.5906
vn 0.7467 -0.1865 0.6385
vn 0.7640 -0.1892 0.6169
vn 0.7125 0.5218 0.4691
vn 0.8179 0.3701 0.4405
vn 0.8272 0.2934 0.4792
vn 0.6710 0.0666 0.7384
vn 0.6131 0.1238 0.7802
vn 0.6394 0.1768 0.7482
vn 0.7072 0.0764 0.7029
vn 0.6040 0.0194 0.7968
vn 0.7430 0.6599 -0.1116
vn 0.4469 -0.3872 0.8064
vn 0.0032 0.9056 0.4242
vn 0.0678 0.9247 0.3746
vn 0.0737 0.8950 0.4399
vn 0.0028 0.8893 0.4573
vn 0.0770 0.8689 0.4889
vn -0.0009 0.5443 0.8389
vn 0.0643 0.5601 0.8259
vn 0.0829 0.5071 0.8579
vn -0.0067 0.9463 -0.3233
vn 0.0523 0.9511 -0.3044
vn -0.0072 0.4670 0.8842
vn -0.0223 0.2428 -0.9698
vn -0.6626 0.1541 -0.7329
vn -0.1528 -0.2901 0.9447
vn -0.9788 -0.0415 -0.2007
vn -0.8056 0.1381 -0.5761
vn -0.8072 0.2103 -0.5516
vn 0.8742 0.2586 0.4110
vn 0.5612 0.5359 0.6308
vn 0.7892 0.5056 0.3486
vn -0.9723 0.0730 -0.2221
vn -0.9429 0.0997 -0.3177
vn -0.9545 0.1018 -0.2802
vn 0.1321 0.1524 0.9794
vn 0.3978 -0.8207 -0.4100
vn 0.9327 0.3170 0.1719
vn 0.8949 -0.0725 0.4403
vn 0.3747 -0.8730 0.3124
vn 0.6011 -0.1338 0.7879
vn 0.7215 -0.1761 -0.6696
vn -0.3875 0.0230 -0.9216
vn -0.9330 0.0065 -0.3599
vn -0.8544 0.1244 -0.5045
vn -0.9079 0.0782 -0.4118
vn -0.9049 0.1016 -0.4134
vn -0.9053 0.1252 -0.4060
vn 0.9274 -0.0888 0.3635
vn 0.9329 -0.2899 0.2139
vn -0.0133 0.4404 -0.8977
vn 0.9859 0.0223 0.1657
vn -0.0006 0.5962 0.8028
vn -0.0002 0.9305 0.3663
vn 0.0002 -0.1682 0.9858
vn -0.0156 -0.0078 0.9998
vn -0.0158 -0.1681 0.9856
vn 0.0001 -0.4650 0.8853
vn -0.0143 -0.3175 0.9481
vn -0.0001 0.3160 -0.9488
vn -0.0002 0.4657 -0.8849
vn 0.0004 0.0085 -1.0000
vn -0.0002 0.1689 -0.9856
vn 0.0001 0.0087 -1.0000
vn -0.0723 -0.1677 0.9832
vn -0.0675 -0.0082 0.9977
vn -0.1116 -0.4598 0.8810
vn -0.0738 -0.3183 0.9451
vn 0.7434 0.1114 -0.6595
vn 0.7632 0.0063 -0.6461
vn 0.7633 0.0063 -0.6460
vn 0.7545 0.2085 -0.6223
vn 0.7549 0.2085 -0.6218
vn -0.9425 0.0544 -0.3298
vn -0.8494 0.1794 -0.4963
vn -0.7909 0.2622 -0.5529
vn -0.8496 0.0758 -0.5219
vn 0.9805 -0.0626 0.1864
vn 0.9799 -0.0629 0.1892
vn 0.9168 -0.0633 0.3944
vn 0.9501 -0.0950 0.2972
vn 0.9165 -0.1309 0.3779
vn -0.0002 0.3151 -0.9491
vn 0.0554 0.3138 -0.9479
vn -0.0004 0.0089 -1.0000
vn 0.0547 0.1671 -0.9844
vn 0.0483 0.0091 -0.9988
vn 0.0498 -0.0132 0.9987
vn 0.0508 -0.1681 0.9845
vn 0.0523 -0.1689 0.9842
vn 0.0522 -0.3156 0.9474
vn 0.9471 0.0456 -0.3178
vn 0.9684 0.0611 -0.2418
vn 0.9474 0.1097 -0.3007
vn 0.9104 -0.2073 0.3582
vn 0.8932 -0.2395 0.3806
vn 0.9979 0.0158 -0.0629
vn 0.8386 0.1327 -0.5283
vn 0.9979 0.0343 -0.0542
vn 0.6779 0.1793 -0.7130
vn 0.6781 0.3914 -0.6221
vn 0.9805 -0.0014 0.1966
vn 0.9799 -0.0020 0.1994
vn 0.0004 -0.0079 1.0000
vn 0.0002 -0.3168 0.9485
vn -0.0001 0.1689 -0.9856
vn 0.7429 0.1112 -0.6601
vn 0.9799 -0.0334 0.1965
vn 0.8962 -0.0042 0.4436
vn 0.8929 0.0670 0.4452
vn 0.9470 -0.0550 -0.3164
vn 0.9472 0.0122 -0.3203
vn -0.0001 0.1671 -0.9859
vn -0.0009 -0.1460 -0.9893
vn 0.0604 0.1473 0.9872
vn 1.0000 -0.0000 -0.0000
vn 1.0000 0.0001 -0.0000
vn 0.0693 -0.4818 -0.8735
vn -0.0839 -0.6783 -0.7300
vn -0.0832 -0.5117 -0.8551
vn 0.0160 -0.4467 -0.8946
vn 0.0684 -0.2904 -0.9544
vn -0.0843 -0.3231 -0.9426
vn 0.0160 -0.2511 -0.9678
vn -0.8170 -0.3882 -0.4263
vn -0.9835 -0.0930 -0.1552
vn -0.8183 -0.2952 -0.4931
vn -0.8185 -0.1862 -0.5435
vn 0.8972 -0.2941 -0.3295
vn 0.9989 -0.0263 -0.0390
vn 0.9989 -0.0302 -0.0362
vn 0.8951 -0.2330 -0.3802
vn 0.9989 -0.0220 -0.0415
vn 0.8952 -0.1915 -0.4024
vn 0.9989 -0.0176 -0.0437
vn 0.9925 0.0785 0.0936
vn 0.9925 0.0571 0.1077
vn 0.9925 0.0680 0.1012
vn 0.4641 -0.5674 -0.6802
vn 0.1411 -0.5588 -0.8172
vn 0.4696 -0.3934 -0.7904
vn 0.4693 -0.3082 -0.8275
vn 0.4955 -0.5166 -0.6983
vn -0.5715 -0.4215 -0.7041
vn -0.8389 -0.5356 -0.0969
vn -0.5710 -0.5594 -0.6009
vn -0.5729 -0.2657 -0.7753
vn -0.0832 -0.1202 -0.9893
vn 0.0163 -0.1955 -0.9806
vn 0.0165 -0.0448 -0.9989
vn -0.9035 -0.3708 -0.2147
vn -0.8186 -0.0692 -0.5702
vn 0.8994 -0.1200 -0.4204
vn 0.9989 -0.0129 -0.0452
vn 0.8993 -0.0751 -0.4309
vn 0.9989 -0.0080 -0.0464
vn 0.9989 -0.0032 -0.0468
vn 0.9925 0.0333 0.1172
vn 0.9925 0.0455 0.1132
vn 0.9925 0.0083 0.1218
vn 0.9925 0.0210 0.1201
vn 0.4696 -0.2202 -0.8550
vn 0.4694 -0.1294 -0.8735
vn 0.4683 -0.0801 -0.8799
vn -0.5700 -0.0987 -0.8157
vn 0.0256 -0.9564 -0.2911
vn -0.0828 -0.9168 -0.3907
vn 0.0161 -0.9472 -0.3203
vn 0.0164 -0.8870 -0.4615
vn 0.0685 -0.7960 -0.6014
vn -0.0834 -0.8156 -0.5726
vn 0.0162 -0.7727 -0.6346
vn -0.9566 -0.1852 -0.2249
vn -0.8186 -0.5284 -0.2254
vn -0.8185 -0.5638 -0.1104
vn -0.9040 -0.4070 0.1314
vn -0.8187 -0.4698 -0.3302
vn 0.8969 -0.4323 -0.0933
vn 0.9989 -0.0442 -0.0162
vn 0.9989 -0.0457 -0.0115
vn 0.8951 -0.4117 -0.1709
vn 0.9989 -0.0421 -0.0207
vn 0.8992 -0.3705 -0.2326
vn 0.9989 -0.0401 -0.0251
vn 0.9926 0.1178 0.0295
vn 0.9926 0.1144 0.0418
vn 0.9926 0.1030 0.0645
vn 0.9925 0.1096 0.0538
vn -0.1080 -0.9553 -0.2752
vn 0.4693 -0.8215 -0.3239
vn 0.4692 -0.7825 -0.4092
vn 0.4968 -0.8315 -0.2484
vn 0.4961 -0.7552 -0.4284
vn -0.5737 -0.7535 -0.3212
vn -0.5713 -0.8054 -0.1579
vn -0.5741 -0.6700 -0.4707
vn 0.0687 -0.6533 -0.7540
vn 0.8993 -0.3446 -0.2693
vn 0.9989 -0.0370 -0.0291
vn 0.9989 -0.0338 -0.0327
vn 0.9926 0.0956 0.0750
vn 0.9926 0.0874 0.0847
vn 0.4982 -0.6583 -0.5643
vn 0.4976 -0.5957 -0.6305
vn 0.8826 -0.3527 -0.3109
vn -0.6771 -0.6034 -0.4213
vn 0.0261 -0.9449 0.3263
vn -0.0832 -0.9713 0.2227
vn 0.0159 -0.9549 0.2965
vn 0.0172 -0.9887 0.1488
vn 0.0698 -0.9974 -0.0199
vn -0.0840 -0.9963 0.0157
vn 0.0155 -0.9981 -0.0602
vn -0.9563 -0.2844 -0.0684
vn -0.8186 -0.5599 0.1284
vn -0.8186 -0.5209 0.2420
vn -0.9039 -0.2587 0.3405
vn -0.8186 -0.5743 0.0094
vn 0.8972 -0.4042 0.1781
vn 0.9989 -0.0451 0.0130
vn 0.9989 -0.0437 0.0176
vn 0.8951 -0.4337 0.1039
vn 0.9989 -0.0465 0.0080
vn 0.8990 -0.4370 0.0301
vn 0.9989 -0.0469 0.0033
vn 0.9925 0.1131 -0.0455
vn 0.9926 0.1195 -0.0211
vn 0.9925 0.1172 -0.0333
vn 0.9926 0.1213 -0.0081
vn -0.1091 -0.9344 0.3391
vn 0.4700 -0.8549 0.2196
vn 0.4703 -0.8730 0.1294
vn 0.4988 -0.8176 0.2876
vn 0.4683 -0.8799 0.0801
vn 0.8767 -0.4739 0.0827
vn -0.5725 -0.7992 0.1832
vn -0.5731 -0.7433 0.3451
vn -0.8141 -0.4899 -0.3118
vn 0.0163 -0.9930 -0.1171
vn 0.8995 -0.4366 -0.0154
vn 0.9989 -0.0468 -0.0018
vn 0.9989 -0.0464 -0.0065
vn 0.8950 -0.4384 -0.0820
vn 0.9926 0.1217 0.0046
vn 0.9926 0.1204 0.0170
vn 0.4692 -0.8708 -0.1469
vn 0.4954 -0.8686 0.0073
vn -0.5758 -0.8175 0.0121
vn 0.0684 -0.6811 0.7290
vn -0.0827 -0.4845 0.8708
vn -0.0838 -0.6547 0.7513
vn 0.0157 -0.7124 0.7016
vn -0.0832 -0.7967 0.5987
vn 0.0165 -0.7511 0.6599
vn 0.0172 -0.8431 0.5376
vn -0.8167 -0.2856 0.5014
vn -0.9837 -0.1184 0.1357
vn -0.8184 -0.3778 0.4330
vn -0.9836 -0.1440 0.1084
vn -0.8186 -0.4592 0.3449
vn 0.9990 -0.0283 0.0340
vn 0.8993 -0.2698 0.3442
vn 0.9989 -0.0290 0.0368
vn 0.8995 -0.3043 0.3134
vn 0.9989 -0.0325 0.0337
vn 0.9989 -0.0361 0.0301
vn 0.9926 0.0751 -0.0957
vn 0.9926 0.0646 -0.1029
vn 0.9926 0.0847 -0.0875
vn 0.9926 0.0932 -0.0781
vn 0.4622 -0.4712 0.7512
vn 0.1389 -0.6026 0.7858
vn 0.4693 -0.6308 0.6179
vn 0.4702 -0.6916 0.5483
vn 0.4948 -0.5048 0.7073
vn -0.5714 -0.5391 0.6188
vn -0.8391 0.0729 0.5391
vn -0.5727 -0.3987 0.7163
vn -0.5747 -0.6542 0.4916
vn 0.0692 -0.9190 0.3882
vn 0.8989 -0.3636 0.2445
vn 0.9989 -0.0391 0.0263
vn 0.8992 -0.3867 0.2047
vn 0.9989 -0.0416 0.0219
vn 0.9926 0.1009 -0.0677
vn 0.9926 0.1076 -0.0571
vn 0.4704 -0.7447 0.4734
vn 0.4977 -0.7835 0.3721
vn 0.0258 0.0188 0.9995
vn -0.0832 -0.0881 0.9926
vn 0.0164 -0.0120 0.9998
vn 0.0162 -0.1644 0.9863
vn 0.0687 -0.3269 0.9426
vn -0.0845 -0.2931 0.9524
vn 0.0163 -0.3659 0.9305
vn -0.8168 0.0635 0.5735
vn -0.9838 -0.0159 0.1787
vn -0.8186 -0.0509 0.5721
vn -0.9837 -0.0528 0.1718
vn -0.8185 -0.1689 0.5491
vn 0.8971 0.0444 0.4396
vn 0.9989 -0.0017 0.0470
vn 0.9989 0.0033 0.0470
vn 0.8993 -0.0616 0.4331
vn 0.9989 -0.0066 0.0466
vn 0.8993 -0.1066 0.4240
vn 0.9989 -0.0115 0.0454
vn 0.9926 0.0044 -0.1215
vn 0.9926 -0.0082 -0.1214
vn 0.9926 0.0170 -0.1203
vn 0.9926 0.0297 -0.1181
vn -0.1088 0.0338 0.9935
vn 0.4697 -0.0543 0.8812
vn 0.4705 -0.1460 0.8702
vn 0.4700 -0.2373 0.8502
vn 0.4973 0.0204 0.8673
vn 0.8767 -0.0174 0.4807
vn -0.5735 0.0983 0.8133
vn -0.8434 0.3700 0.3895
vn -0.5737 -0.0727 0.8158
vn 0.0155 -0.4193 0.9077
vn 0.9989 -0.0161 0.0441
vn 0.8951 -0.1705 0.4120
vn 0.9989 -0.0207 0.0423
vn 0.8953 -0.2127 0.3914
vn 0.9926 0.0535 -0.1093
vn 0.9926 0.0417 -0.1143
vn 0.4703 -0.3234 0.8211
vn 0.4695 -0.4087 0.7826
vn -0.5726 -0.2409 0.7836
vn 0.0256 0.6030 0.7973
vn -0.0835 0.5122 0.8548
vn 0.0166 0.5782 0.8157
vn 0.0160 0.4465 0.8946
vn -0.0828 0.3229 0.9428
vn 0.0160 0.3949 0.9186
vn 0.0160 0.2508 0.9679
vn -0.8169 0.3885 0.4264
vn -0.9825 0.0957 0.1598
vn -0.8186 0.2952 0.4928
vn -0.8186 0.1861 0.5434
vn 0.9990 0.0233 0.0375
vn 0.8993 0.2442 0.3629
vn 0.9989 0.0263 0.0390
vn 0.9989 0.0220 0.0415
vn 0.8952 0.1915 0.4024
vn 0.9989 0.0176 0.0437
vn 0.9925 -0.0681 -0.1011
vn 0.9926 -0.0781 -0.0933
vn 0.9926 -0.0570 -0.1076
vn -0.2335 0.5373 0.8104
vn 0.4691 0.4743 0.7450
vn 0.4974 0.3717 0.7838
vn 0.4969 0.5268 0.6896
vn 0.4675 0.3480 0.8126
vn -0.5721 0.4213 0.7037
vn -0.8399 0.5334 0.0999
vn -0.5711 0.5590 0.6012
vn -0.8107 -0.1478 0.5665
vn 0.0685 0.0847 0.9940
vn 0.8994 0.1198 0.4204
vn 0.9989 0.0128 0.0451
vn 0.8992 0.0750 0.4310
vn 0.9989 0.0080 0.0463
vn 0.9926 -0.0334 -0.1171
vn 0.9926 -0.0453 -0.1127
vn 0.9925 -0.0209 -0.1201
vn 0.4973 0.2003 0.8441
vn 0.4955 0.1868 0.8483
vn -0.5680 0.2671 0.7785
vn 0.0688 0.9034 0.4233
vn -0.0835 0.9779 0.1914
vn -0.0841 0.9166 0.3907
vn 0.0163 0.8872 0.4610
vn -0.0835 0.8153 0.5730
vn 0.0160 0.8597 0.5105
vn 0.0156 0.7715 0.6360
vn -0.9558 0.1917 0.2229
vn -0.8186 0.5283 0.2252
vn -0.8186 0.5637 0.1106
vn -0.9034 0.4063 -0.1370
vn -0.8186 0.4701 0.3301
vn 0.9990 0.0409 0.0166
vn 0.8994 0.4106 0.1501
vn 0.9989 0.0443 0.0162
vn 0.8991 0.3932 0.1924
vn 0.9989 0.0423 0.0207
vn 0.9989 0.0398 0.0249
vn 0.9926 -0.1182 -0.0297
vn 0.9926 -0.1143 -0.0419
vn 0.9926 -0.1032 -0.0647
vn 0.9926 -0.1093 -0.0535
vn 0.4634 0.8595 0.2157
vn 0.1409 0.9329 0.3315
vn 0.4980 0.8005 0.3335
vn 0.4983 0.7608 0.4158
vn 0.8830 0.4090 0.2303
vn 0.4957 0.7561 0.4274
vn -0.5686 0.8072 0.1581
vn -0.5714 0.6715 0.4718
vn -0.5737 0.7535 0.3211
vn 0.0161 0.7339 0.6790
vn -0.9032 0.4269 -0.0438
vn 0.8994 0.3439 0.2699
vn 0.9989 0.0370 0.0291
vn 0.8993 0.3141 0.3044
vn 0.9989 0.0338 0.0327
vn 0.8886 0.3130 0.3353
vn 0.9926 -0.0958 -0.0751
vn 0.9926 -0.0874 -0.0848
vn 0.4697 0.6179 0.6305
vn 0.4959 0.7060 0.5057
vn 0.0255 0.9448 -0.3266
vn -0.0829 0.9714 -0.2223
vn 0.0169 0.9545 -0.2977
vn 0.0162 0.9889 -0.1474
vn 0.0683 0.9975 0.0188
vn -0.0834 0.9964 -0.0159
vn 0.0158 0.9981 0.0591
vn -0.8170 0.5255 -0.2375
vn -0.9837 0.1754 -0.0402
vn -0.8187 0.5598 -0.1282
vn -0.9825 0.1862 -0.0031
vn -0.8185 0.5745 -0.0091
vn 0.8971 0.4043 -0.1783
vn 0.9989 0.0452 -0.0129
vn 0.9989 0.0436 -0.0175
vn 0.8946 0.4345 -0.1041
vn 0.9989 0.0462 -0.0081
vn 0.8993 0.4364 -0.0294
vn 0.9989 0.0469 -0.0032
vn 0.9926 -0.1126 0.0453
vn 0.9926 -0.1200 0.0209
vn 0.9926 -0.1166 0.0334
vn 0.9926 -0.1213 0.0084
vn -0.1083 0.9345 -0.3392
vn 0.4696 0.8548 -0.2207
vn 0.4691 0.8736 -0.1294
vn 0.4971 0.8184 -0.2881
vn 0.4671 0.8806 -0.0794
vn 0.8765 0.4742 -0.0827
vn -0.5672 0.8028 -0.1840
vn -0.8387 0.2560 -0.4806
vn -0.5678 0.7466 -0.3468
vn -0.5709 0.8209 -0.0137
vn 0.0692 0.9716 0.2261
vn 0.8993 0.4371 0.0158
vn 0.9989 0.0469 0.0017
vn 0.9989 0.0466 0.0066
vn 0.8948 0.4388 0.0819
vn 0.9926 -0.1216 -0.0044
vn 0.9926 -0.1205 -0.0172
vn 0.4975 0.8646 0.0702
vn 0.4977 0.8523 0.1606
vn 0.0702 0.6828 -0.7273
vn -0.0838 0.4843 -0.8709
vn -0.0849 0.6553 -0.7506
vn 0.0156 0.7131 -0.7009
vn -0.0832 0.7966 -0.5987
vn 0.0160 0.7515 -0.6596
vn 0.0157 0.8421 -0.5391
vn -0.9562 0.2704 -0.1120
vn -0.8186 0.3775 -0.4329
vn -0.8186 0.2792 -0.5019
vn -0.9030 -0.0046 -0.4296
vn -0.8184 0.4593 -0.3453
vn 0.9990 0.0284 -0.0338
vn 0.8991 0.2701 -0.3446
vn 0.9989 0.0291 -0.0370
vn 0.8993 0.3044 -0.3141
vn 0.9989 0.0328 -0.0338
vn 0.9989 0.0361 -0.0302
vn 0.9926 -0.0751 0.0958
vn 0.9925 -0.0647 0.1032
vn 0.9926 -0.0848 0.0874
vn 0.9926 -0.0933 0.0781
vn 0.4636 0.4708 -0.7506
vn 0.1404 0.6034 -0.7849
vn 0.4982 0.5648 -0.6578
vn 0.4690 0.6916 -0.5493
vn 0.4675 0.6006 -0.6486
vn -0.5717 0.3988 -0.7170
vn -0.5698 0.6572 -0.4934
vn -0.5713 0.5393 -0.6187
vn 0.0169 0.8722 -0.4889
vn 0.8951 0.3536 -0.2716
vn 0.9989 0.0389 -0.0262
vn 0.8951 0.3804 -0.2327
vn 0.9989 0.0415 -0.0220
vn 0.9926 -0.1010 0.0679
vn 0.9926 -0.1073 0.0568
vn 0.4691 0.7453 -0.4738
vn 0.4976 0.7841 -0.3708
vn 0.8821 0.4056 -0.2395
vn -0.6734 0.5913 -0.4437
vn 0.0685 0.1233 -0.9900
vn -0.0843 0.0886 -0.9925
vn 0.0156 0.1647 -0.9862
vn -0.0828 0.2927 -0.9526
vn 0.0160 0.2205 -0.9753
vn 0.0162 0.3649 -0.9309
vn -0.9837 0.0160 -0.1792
vn -0.8186 0.0509 -0.5721
vn -0.9837 0.0529 -0.1717
vn -0.8184 0.1689 -0.5492
vn 0.8953 -0.0116 -0.4454
vn 0.9989 0.0016 -0.0469
vn 0.8953 0.0353 -0.4441
vn 0.9989 0.0066 -0.0465
vn 0.8952 0.0815 -0.4381
vn 0.9989 0.0114 -0.0457
vn 0.9926 -0.0045 0.1217
vn 0.9926 -0.0171 0.1204
vn 0.4974 0.0696 -0.8647
vn 0.4696 0.2370 -0.8505
vn 0.4680 0.1056 -0.8774
vn -0.6742 -0.0889 -0.7332
vn -0.5715 0.0731 -0.8174
vn 0.0691 0.5154 -0.8542
vn 0.8992 0.1503 -0.4109
vn 0.9989 0.0162 -0.0440
vn 0.8992 0.1926 -0.3928
vn 0.9989 0.0207 -0.0423
vn 0.8882 0.2228 -0.4019
vn 0.9926 -0.0296 0.1179
vn 0.9926 -0.0536 0.1094
vn 0.9925 -0.0420 0.1147
vn 0.4693 0.3247 -0.8212
vn 0.4702 0.4085 -0.7823
vn 0.8770 0.1169 -0.4660
vn -0.5757 0.2404 -0.7816
vn -0.0000 0.3733 0.9277
vn -0.0000 0.5579 0.8299
vn -0.0000 0.7176 0.6964
vn -0.0000 0.8474 0.5310
vn -0.0000 0.9392 0.3434
vn -0.0000 0.9899 0.1416
vn -0.0000 0.9977 -0.0679
vn -0.0000 0.9616 -0.2743
vn -0.0000 0.9617 -0.2740
vn -0.0000 0.8836 -0.4683
vn -0.0000 0.8835 -0.4684
vn -0.0000 0.7668 -0.6419
vn -0.0000 0.6164 -0.7874
vn -0.0000 0.6161 -0.7876
vn -0.0000 0.4401 -0.8979
vn -0.0000 0.4398 -0.8981
vn -0.0000 0.2437 -0.9699
vn -0.0000 0.0355 -0.9994
vn -0.0000 -0.1722 -0.9851
vn -0.0000 -0.3731 -0.9278
vn -0.0000 -0.5578 -0.8300
vn -0.0000 -0.7176 -0.6964
vn -0.0000 -0.8474 -0.5310
vn -0.0000 -0.9393 -0.3430
vn -0.0000 -0.9901 -0.1400
vn -0.0000 -0.9977 0.0678
vn -0.0000 -0.9620 0.2732
vn -0.0000 -0.9621 0.2729
vn -0.0000 -0.8830 0.4693
vn -0.0000 -0.7668 0.6419
vn -0.0000 -0.6170 0.7870
vn -0.0000 -0.4402 0.8979
vn -0.0000 -0.2437 0.9699
vn -0.0000 -0.0355 0.9994
vn -0.0000 0.1726 0.9850
vn -0.0000 0.1723 0.9850
vn 0.4076 0.4985 0.7651
vn 0.4308 0.3400 0.8360
vn 0.4519 0.3333 0.8274
vn 0.4739 0.4932 0.7295
vn 0.4916 0.6177 0.6138
vn 0.4521 0.4970 0.7407
vn 0.4105 0.7642 0.4976
vn 0.4334 0.6495 0.6248
vn 0.4545 0.6398 0.6198
vn 0.4092 0.8524 0.3256
vn 0.4318 0.7658 0.4766
vn 0.4529 0.7554 0.4735
vn 0.4093 0.9016 0.1398
vn 0.4308 0.8494 0.3047
vn 0.4527 0.8382 0.3041
vn 0.4799 0.8695 0.1169
vn 0.4958 0.8669 -0.0520
vn 0.4586 0.8803 0.1215
vn 0.4742 0.8782 -0.0620
vn 0.4916 0.8410 -0.2258
vn 0.4526 0.8897 -0.0591
vn 0.4088 0.8130 -0.4147
vn 0.4320 0.8665 -0.2501
vn 0.4534 0.8572 -0.2441
vn 0.4111 0.7083 -0.5738
vn 0.4334 0.7955 -0.4234
vn 0.4547 0.7877 -0.4157
vn 0.4079 0.5710 -0.7125
vn 0.4291 0.6880 -0.5853
vn 0.4508 0.6818 -0.5762
vn 0.4787 0.5379 -0.6939
vn 0.4961 0.3887 -0.7764
vn 0.4575 0.5469 -0.7011
vn 0.4771 0.3824 -0.7913
vn 0.4927 0.2217 -0.8415
vn 0.4552 0.3907 -0.8001
vn 0.4738 0.2116 -0.8548
vn 0.4915 0.0451 -0.8697
vn 0.4525 0.2175 -0.8649
vn 0.4091 -0.1415 -0.9015
vn 0.4333 0.0319 -0.9007
vn 0.4545 0.0348 -0.8901
vn 0.4752 -0.1551 -0.8661
vn 0.4913 -0.3150 -0.8120
vn 0.4533 -0.1537 -0.8780
vn 0.4078 -0.4981 -0.7652
vn 0.4308 -0.3400 -0.8360
vn 0.4519 -0.3333 -0.8274
vn 0.4083 -0.6469 -0.6441
vn 0.4305 -0.5069 -0.7468
vn 0.4522 -0.4983 -0.7397
vn 0.4099 -0.7649 -0.4968
vn 0.4333 -0.6490 -0.6254
vn 0.4546 -0.6392 -0.6203
vn 0.4093 -0.8526 -0.3249
vn 0.4313 -0.7667 -0.4755
vn 0.4528 -0.7561 -0.4724
vn 0.4746 -0.8276 -0.2997
vn 0.4935 -0.8592 -0.1349
vn 0.4534 -0.8370 -0.3063
vn 0.4762 -0.8710 -0.1213
vn 0.4931 -0.8687 0.0469
vn 0.4546 -0.8817 -0.1261
vn 0.4101 -0.8814 0.2343
vn 0.4343 -0.8986 0.0625
vn 0.4553 -0.8884 0.0587
vn 0.4762 -0.8451 0.2431
vn 0.4939 -0.7731 0.3979
vn 0.4544 -0.8570 0.2430
vn 0.4756 -0.7755 0.4152
vn 0.4929 -0.6741 0.5502
vn 0.4538 -0.7871 0.4178
vn 0.4104 -0.5731 0.7093
vn 0.4337 -0.6884 0.5814
vn 0.4549 -0.6823 0.5723
vn 0.4108 -0.4144 0.8121
vn 0.4340 -0.5533 0.7110
vn 0.4553 -0.5492 0.7008
vn 0.4759 -0.3835 0.7915
vn 0.4933 -0.2227 0.8409
vn 0.4545 -0.3914 0.8001
vn 0.4741 -0.2127 0.8544
vn 0.4918 -0.0444 0.8695
vn 0.4525 -0.2186 0.8645
vn 0.4759 -0.0284 0.8790
vn 0.4933 0.1402 0.8585
vn 0.4545 -0.0318 0.8902
vn 0.4751 0.1555 0.8661
vn 0.4913 0.3151 0.8120
vn 0.4533 0.1541 0.8779
vn 0.2798 0.3442 0.8962
vn 0.0331 0.5576 0.8294
vn 0.0338 0.3730 0.9272
vn 0.4154 0.6256 0.6603
vn 0.0310 0.7176 0.6958
vn 0.4031 0.7528 0.5203
vn 0.0466 0.8463 0.5307
vn 0.2854 0.9009 0.3271
vn 0.0476 0.9387 0.3414
vn 0.0027 0.9900 0.1410
vn 0.2859 0.9560 -0.0658
vn 0.0321 0.9973 -0.0667
vn 0.2787 0.9235 -0.2637
vn 0.0336 0.9611 -0.2741
vn 0.2811 0.8482 -0.4489
vn 0.0336 0.8830 -0.4681
vn 0.0321 0.7656 -0.6425
vn 0.4152 0.5901 -0.6923
vn 0.0029 0.6166 -0.7873
vn 0.2854 0.4234 -0.8598
vn 0.0477 0.4408 -0.8963
vn 0.0466 0.2435 -0.9688
vn 0.2747 0.0332 -0.9610
vn 0.0311 0.0360 -0.9989
vn 0.2878 -0.1646 -0.9434
vn 0.0329 -0.1719 -0.9846
vn 0.2792 -0.3581 -0.8909
vn 0.0340 -0.3729 -0.9272
vn 0.2871 -0.5341 -0.7952
vn 0.0397 -0.5569 -0.8296
vn 0.2771 -0.6886 -0.6701
vn 0.0309 -0.7174 -0.6960
vn 0.0467 -0.8469 -0.5297
vn 0.4133 -0.8405 -0.3504
vn 0.0232 -0.9391 -0.3428
vn 0.4009 -0.9011 -0.1650
vn 0.0007 -0.9900 -0.1410
vn 0.3977 -0.9171 0.0266
vn -0.0000 -0.9976 0.0685
vn 0.2573 -0.9293 0.2649
vn -0.0000 -0.9618 0.2736
vn 0.2556 -0.8543 0.4526
vn -0.0000 -0.8833 0.4687
vn 0.2661 -0.7394 0.6184
vn -0.0000 -0.7670 0.6416
vn 0.2640 -0.5950 0.7592
vn 0.0007 -0.6166 0.7873
vn 0.2706 -0.4220 0.8653
vn 0.0234 -0.4401 0.8976
vn 0.2859 -0.2349 0.9290
vn 0.0467 -0.2447 0.9685
vn 0.2772 -0.0328 0.9603
vn 0.0311 -0.0358 0.9989
vn 0.0397 0.1727 0.9842
vn 0.4172 0.3027 0.8569
vn 0.9827 0.1849 -0.0105
vn 0.9817 0.1857 -0.0430
vn 0.9819 0.1692 -0.0853
vn 0.9817 0.1517 -0.1155
vn 0.9825 0.1195 -0.1428
vn 0.9830 0.0834 -0.1638
vn 0.9980 0.0614 -0.0174
vn 0.9980 0.0552 -0.0294
vn 0.9828 -0.0298 -0.1823
vn 0.9983 0.0355 -0.0452
vn 0.9982 0.0268 -0.0545
vn 0.9984 0.0136 -0.0547
vn 0.9980 0.0023 -0.0631
vn 0.9986 -0.0096 -0.0514
vn 0.9981 -0.0227 -0.0572
vn 0.9985 -0.0307 -0.0454
vn 0.9983 -0.0415 -0.0405
vn 0.9819 -0.1691 0.0853
vn 0.9817 -0.1507 0.1167
vn 0.9984 -0.0566 -0.0079
vn 0.9985 -0.0546 0.0034
vn 0.9980 -0.0602 0.0170
vn 0.9820 -0.0180 0.1883
vn 0.9828 0.0286 0.1825
vn 0.9825 0.0646 0.1745
vn 0.9819 0.1013 0.1603
vn 0.9984 -0.0136 0.0546
vn 0.9983 -0.0019 0.0580
vn 0.9824 0.1746 0.0669
vn 0.9508 -0.1664 0.2612
vn 0.7556 0.2442 0.6078
vn 0.7896 0.3201 0.5235
vn 0.7546 0.2449 0.6087
vn 0.7473 0.3709 0.5514
vn 0.7852 0.4160 0.4587
vn 0.7463 0.3713 0.5525
vn 0.7448 0.4795 0.4640
vn 0.7854 0.5068 0.3555
vn 0.7438 0.4800 0.4651
vn 0.7864 0.5388 0.3020
vn 0.7485 0.6226 0.2283
vn 0.7476 0.6237 0.2282
vn 0.7887 0.5889 0.1764
vn 0.7512 0.6534 0.0935
vn 0.7502 0.6545 0.0935
vn 0.7887 0.6121 0.0582
vn 0.7556 0.6535 -0.0446
vn 0.7547 0.6546 -0.0446
vn 0.7906 0.6085 -0.0683
vn 0.7577 0.6275 -0.1790
vn 0.7568 0.6286 -0.1792
vn 0.7565 0.6289 -0.1794
vn 0.7911 0.5532 -0.2611
vn 0.7556 0.6300 -0.1797
vn 0.7577 0.5767 -0.3054
vn 0.7906 0.4864 -0.3721
vn 0.7567 0.5777 -0.3060
vn 0.7557 0.5023 -0.4203
vn 0.7887 0.4012 -0.4658
vn 0.7547 0.5031 -0.4210
vn 0.7512 0.4067 -0.5199
vn 0.7886 0.3028 -0.5352
vn 0.7502 0.4075 -0.5207
vn 0.7485 0.2911 -0.5958
vn 0.7865 0.1795 -0.5910
vn 0.7476 0.2920 -0.5965
vn 0.7854 0.1195 -0.6073
vn 0.7448 0.0247 -0.6668
vn 0.7438 0.0242 -0.6679
vn 0.7851 -0.0175 -0.6191
vn 0.7471 -0.1143 -0.6548
vn 0.7461 -0.1148 -0.6559
vn 0.7895 -0.1317 -0.5994
vn 0.7555 -0.2447 -0.6077
vn 0.7545 -0.2448 -0.6089
vn 0.7555 -0.2442 -0.6079
vn 0.7895 -0.3200 -0.5237
vn 0.7546 -0.2449 -0.6088
vn 0.7471 -0.3708 -0.5517
vn 0.7851 -0.4160 -0.4588
vn 0.7461 -0.3712 -0.5527
vn 0.7447 -0.4796 -0.4641
vn 0.7854 -0.5068 -0.3555
vn 0.7437 -0.4801 -0.4652
vn 0.7865 -0.5387 -0.3021
vn 0.7485 -0.6226 -0.2282
vn 0.7475 -0.6238 -0.2282
vn 0.7886 -0.5891 -0.1764
vn 0.7511 -0.6536 -0.0928
vn 0.7502 -0.6547 -0.0929
vn 0.7507 -0.6541 -0.0926
vn 0.7860 -0.6181 0.0101
vn 0.7497 -0.6552 -0.0929
vn 0.7897 -0.6097 0.0678
vn 0.7577 -0.6278 0.1783
vn 0.7567 -0.6289 0.1785
vn 0.7565 -0.6291 0.1786
vn 0.7915 -0.5525 0.2612
vn 0.7556 -0.6302 0.1789
vn 0.7577 -0.5764 0.3061
vn 0.7897 -0.4869 0.3732
vn 0.7567 -0.5774 0.3067
vn 0.7861 -0.4529 0.4206
vn 0.7508 -0.4077 0.5197
vn 0.7498 -0.4083 0.5207
vn 0.7513 -0.4071 0.5194
vn 0.7887 -0.3027 0.5351
vn 0.7503 -0.4079 0.5202
vn 0.7485 -0.2911 0.5958
vn 0.7865 -0.1796 0.5909
vn 0.7476 -0.2920 0.5965
vn 0.7855 -0.1195 0.6072
vn 0.7449 -0.0246 0.6667
vn 0.7439 -0.0242 0.6678
vn 0.7851 0.0176 0.6191
vn 0.7471 0.1145 0.6548
vn 0.7461 0.1149 0.6559
vn 0.7896 0.1318 0.5993
vn 0.7557 0.2447 0.6075
vn 0.7547 0.2447 0.6087
vn 0.5566 0.7028 0.4430
vn 0.5464 0.8289 0.1200
vn 0.4185 0.6729 -0.6099
vn 0.4334 0.3607 -0.8258
vn 0.5522 -0.8320 0.0539
vn 0.8406 -0.3022 -0.4496
vn 0.1025 -0.4654 -0.8792
vn -0.8103 0.3989 0.4293
vn -0.8130 0.1894 0.5506
vn -0.0019 -0.1460 -0.9893
vn 0.7509 -0.0955 -0.6535
vn 0.0628 0.5801 0.8122
vn 0.9799 0.1392 0.1428
vn -0.0010 -0.6991 -0.7151
vn 0.8414 -0.5242 -0.1316
vn 0.8414 -0.4576 -0.2875
vn 0.0970 -0.9351 -0.3407
vn 0.9804 0.1940 0.0333
vn 0.8409 -0.5400 0.0366
vn 0.1084 -0.9918 0.0671
vn 0.0424 0.9527 -0.3010
vn 0.7548 -0.5885 0.2897
vn 0.8414 -0.2870 0.4579
vn 0.8409 -0.4148 0.3475
vn -0.8132 0.3830 -0.4383
vn 0.0468 0.5947 -0.8026
vn 0.9805 0.1168 -0.1584
vn 0.8413 -0.1311 0.5244
vn -0.8105 -0.0705 -0.5815
vn 0.0971 -0.4383 0.8936
vn 0.9119 0.1313 -0.3889
vn 0.0408 0.0105 -0.9991
vn 0.9804 -0.0284 -0.1949
vn 0.9805 0.0331 -0.1936
vn 0.8374 0.1496 0.5258
vn 0.1023 0.2717 0.9569
vn 0.8931 -0.2612 -0.3662
vn 0.9804 -0.1145 -0.1603
vn 0.8414 0.5241 0.1316
vn 0.0758 0.9671 0.2428
vn 0.8417 0.4253 0.3327
vn 0.0766 0.7852 0.6145
vn 0.7551 0.5806 0.3045
vn 0.8937 -0.3803 -0.2378
vn 0.9799 -0.1967 -0.0334
vn 0.8409 0.5400 -0.0374
vn -0.8131 -0.5820 0.0100
vn 0.9023 -0.4110 0.1303
vn 0.8414 0.2870 -0.4579
vn 0.8409 0.4154 -0.3469
vn 0.0760 0.5296 -0.8448
vn 0.0758 0.7656 -0.6388
vn -0.8110 -0.2843 0.5113
vn 0.7522 0.4716 -0.4602
vn 0.9804 -0.0914 0.1743
vn 0.7551 0.3054 -0.5801
vn 0.9805 -0.1406 0.1373
vn 0.8417 0.0764 -0.5345
vn 0.0766 0.1413 -0.9870
vn 0.0447 -0.0143 0.9989
vn 0.0515 -0.3154 0.9476
vn 0.8937 -0.1097 0.4349
vn 0.9805 -0.0329 0.1936
vn 1.0000 -0.0001 -0.0000
vn 0.8993 -0.1632 -0.4058
vn 0.8994 -0.3924 -0.1927
vn 0.8990 -0.2323 0.3713
vn 0.8990 -0.3361 0.2808
vn 0.8993 0.1632 0.4058
vn 0.8989 0.4248 0.1071
vn 0.4752 0.4878 0.7322
vn 0.4533 0.4971 0.7398
vn 0.4913 0.3350 0.8040
vn 0.4091 0.5221 0.7483
vn 0.4545 0.6414 0.6181
vn 0.4333 0.6467 0.6277
vn 0.4737 0.7446 0.4702
vn 0.4525 0.7558 0.4733
vn 0.4915 0.6348 0.5963
vn 0.4771 0.8238 0.3062
vn 0.4552 0.8359 0.3067
vn 0.4927 0.7426 0.4536
vn 0.4787 0.8686 0.1281
vn 0.4575 0.8801 0.1271
vn 0.4961 0.8181 0.2909
vn 0.4079 0.9053 0.1186
vn 0.4508 0.8909 -0.0564
vn 0.4291 0.9016 -0.0542
vn 0.4111 0.9084 -0.0765
vn 0.4547 0.8561 -0.2455
vn 0.4334 0.8671 -0.2454
vn 0.4749 0.7789 -0.4095
vn 0.4534 0.7875 -0.4175
vn 0.4926 0.8339 -0.2488
vn 0.4742 0.6765 -0.5634
vn 0.4526 0.6828 -0.5735
vn 0.4917 0.7631 -0.4195
vn 0.4799 0.5464 -0.6864
vn 0.4586 0.5510 -0.6972
vn 0.4958 0.6614 -0.5628
vn 0.4093 0.5537 -0.7252
vn 0.4527 0.3942 -0.7998
vn 0.4308 0.4019 -0.8080
vn 0.4093 0.3895 -0.8251
vn 0.4529 0.2171 -0.8647
vn 0.4318 0.2225 -0.8741
vn 0.4104 0.2068 -0.8881
vn 0.4545 0.0324 -0.8901
vn 0.4334 0.0359 -0.9005
vn 0.4739 -0.1493 -0.8678
vn 0.4521 -0.1544 -0.8785
vn 0.4916 0.0206 -0.8706
vn 0.4076 -0.1701 -0.8972
vn 0.4519 -0.3325 -0.8278
vn 0.4308 -0.3336 -0.8385
vn 0.4751 -0.4875 -0.7325
vn 0.4533 -0.4967 -0.7401
vn 0.4913 -0.3350 -0.8040
vn 0.4759 -0.6292 -0.6145
vn 0.4545 -0.6394 -0.6202
vn 0.4933 -0.4933 -0.7165
vn 0.4741 -0.7451 -0.4691
vn 0.4525 -0.7564 -0.4723
vn 0.4919 -0.6341 -0.5966
vn 0.4759 -0.8247 -0.3055
vn 0.4545 -0.8365 -0.3062
vn 0.4933 -0.7429 -0.4524
vn 0.4108 -0.8613 -0.2989
vn 0.4553 -0.8815 -0.1253
vn 0.4340 -0.8915 -0.1299
vn 0.4104 -0.9046 -0.1149
vn 0.4549 -0.8886 0.0595
vn 0.4337 -0.8992 0.0572
vn 0.4756 -0.8470 0.2374
vn 0.4538 -0.8572 0.2436
vn 0.4929 -0.8673 0.0699
vn 0.4093 -0.8739 0.2622
vn 0.4543 -0.7866 0.4182
vn 0.4328 -0.7974 0.4205
vn 0.4101 -0.7982 0.4413
vn 0.4553 -0.6816 0.5728
vn 0.4343 -0.6916 0.5772
vn 0.4762 -0.5444 0.6906
vn 0.4546 -0.5488 0.7015
vn 0.4931 -0.6592 0.5677
vn 0.4746 -0.3896 0.7893
vn 0.4534 -0.3918 0.8006
vn 0.4935 -0.5265 0.6923
vn 0.4093 -0.3902 0.8248
vn 0.4528 -0.2184 0.8644
vn 0.4313 -0.2239 0.8740
vn 0.4099 -0.2079 0.8881
vn 0.4545 -0.0316 0.8902
vn 0.4333 -0.0352 0.9006
vn 0.4083 -0.0207 0.9126
vn 0.4521 0.1527 0.8788
vn 0.4305 0.1514 0.8898
vn 0.4078 0.1705 0.8970
vn 0.4519 0.3325 0.8278
vn 0.4308 0.3336 0.8385
vn 0.7030 0.2974 0.6461
vn 0.7437 0.3718 0.5555
vn 0.7427 0.3727 0.5563
vn 0.7090 0.4199 0.5666
vn 0.7554 0.4710 0.4555
vn 0.7546 0.4717 0.4562
vn 0.7241 0.5252 0.4470
vn 0.7678 0.5441 0.3382
vn 0.7669 0.5447 0.3393
vn 0.7656 0.5444 0.3427
vn 0.7665 0.5432 0.3426
vn 0.7245 0.6318 0.2754
vn 0.7557 0.6149 0.2254
vn 0.7566 0.6139 0.2250
vn 0.7115 0.6899 0.1335
vn 0.7489 0.6560 0.0934
vn 0.7499 0.6550 0.0932
vn 0.7092 0.7048 -0.0158
vn 0.7509 0.6589 -0.0453
vn 0.7519 0.6578 -0.0452
vn 0.7132 0.6824 -0.1602
vn 0.7152 0.6615 -0.2255
vn 0.7555 0.5790 -0.3066
vn 0.7546 0.5799 -0.3070
vn 0.7132 0.6032 -0.3569
vn 0.7519 0.5058 -0.4228
vn 0.7509 0.5066 -0.4236
vn 0.7091 0.5195 -0.4767
vn 0.7498 0.4081 -0.5208
vn 0.7489 0.4087 -0.5217
vn 0.7115 0.4053 -0.5740
vn 0.7566 0.2871 -0.5875
vn 0.7557 0.2875 -0.5884
vn 0.7245 0.2652 -0.6363
vn 0.7664 0.1547 -0.6234
vn 0.7655 0.1555 -0.6243
vn 0.7669 0.1580 -0.6221
vn 0.7677 0.1584 -0.6209
vn 0.7240 0.0695 -0.6863
vn 0.7546 0.0244 -0.6557
vn 0.7555 0.0244 -0.6547
vn 0.7090 -0.0893 -0.6995
vn 0.7427 -0.1163 -0.6595
vn 0.7436 -0.1165 -0.6584
vn 0.7029 -0.2329 -0.6721
vn 0.7029 -0.2972 -0.6462
vn 0.7436 -0.3718 -0.5557
vn 0.7426 -0.3726 -0.5565
vn 0.7088 -0.4200 -0.5668
vn 0.7555 -0.4710 -0.4555
vn 0.7546 -0.4717 -0.4562
vn 0.7242 -0.5252 -0.4469
vn 0.7679 -0.5440 -0.3382
vn 0.7670 -0.5446 -0.3393
vn 0.7657 -0.5444 -0.3427
vn 0.7666 -0.5432 -0.3426
vn 0.7246 -0.6318 -0.2754
vn 0.7558 -0.6148 -0.2253
vn 0.7567 -0.6139 -0.2250
vn 0.7112 -0.6903 -0.1331
vn 0.7113 -0.6999 -0.0637
vn 0.7547 -0.6545 0.0451
vn 0.7538 -0.6555 0.0451
vn 0.7509 -0.6588 0.0452
vn 0.7519 -0.6578 0.0452
vn 0.7128 -0.6830 0.1591
vn 0.7148 -0.6621 0.2252
vn 0.7556 -0.5785 0.3072
vn 0.7547 -0.5795 0.3077
vn 0.7130 -0.6028 0.3582
vn 0.7521 -0.5057 0.4228
vn 0.7511 -0.5065 0.4234
vn 0.7540 -0.5040 0.4213
vn 0.7549 -0.5033 0.4206
vn 0.7115 -0.4608 0.5305
vn 0.7112 -0.4059 0.5740
vn 0.7566 -0.2871 0.5874
vn 0.7558 -0.2875 0.5883
vn 0.7246 -0.2651 0.6361
vn 0.7666 -0.1546 0.6232
vn 0.7657 -0.1554 0.6241
vn 0.7670 -0.1580 0.6219
vn 0.7679 -0.1583 0.6207
vn 0.7242 -0.0695 0.6861
vn 0.7548 -0.0244 0.6555
vn 0.7557 -0.0244 0.6545
vn 0.7090 0.0894 0.6995
vn 0.7426 0.1165 0.6595
vn 0.7436 0.1166 0.6583
vn 0.7030 0.2330 0.6720
vt 0.119350 0.297802
vt 0.115126 0.298478
vt 0.118962 0.296417
vt 0.111392 0.301182
vt 0.111206 0.299729
vt 0.107337 0.301621
vt 0.107235 0.300134
vt 0.114721 0.294727
vt 0.118370 0.292767
vt 0.107235 0.296214
vt 0.110986 0.295808
vt 0.115667 0.301452
vt 0.119705 0.299323
vt 0.111544 0.302770
vt 0.115430 0.299931
vt 0.107387 0.303209
vt 0.114247 0.294118
vt 0.110969 0.294963
vt 0.108198 0.250724
vt 0.110108 0.248156
vt 0.111054 0.249846
vt 0.107235 0.286818
vt 0.107235 0.295335
vt 0.110902 0.286616
vt 0.107235 0.278471
vt 0.107235 0.259342
vt 0.111172 0.275024
vt 0.107506 0.268805
vt 0.110412 0.267588
vt 0.114433 0.282763
vt 0.107691 0.278200
vt 0.111443 0.276105
vt 0.117323 0.288677
vt 0.111290 0.286075
vt 0.111274 0.250859
vt 0.109888 0.259072
vt 0.107843 0.259275
vt 0.115261 0.293645
vt 0.117762 0.289015
vt 0.118252 0.292057
vt 0.112642 0.267960
vt 0.110023 0.260390
vt 0.112169 0.262722
vt 0.113065 0.272692
vt 0.110682 0.267521
vt 0.115109 0.277930
vt 0.111730 0.276004
vt 0.113234 0.273401
vt 0.112254 0.261911
vt 0.111899 0.254678
vt 0.112575 0.258700
vt 0.116782 0.281986
vt 0.114653 0.282526
vt 0.336247 0.970181
vt 0.338356 0.970825
vt 0.338356 0.970181
vt 0.339938 0.970181
vt 0.104022 0.241070
vt 0.106777 0.252385
vt 0.102424 0.251016
vt 0.102424 0.253037
vt 0.106777 0.254440
vt 0.338356 0.972580
vt 0.336247 0.970825
vt 0.336247 0.972580
vt 0.339938 0.970825
vt 0.338356 0.987506
vt 0.336247 0.987506
vt 0.339938 0.972580
vt 0.096538 0.287179
vt 0.101462 0.291370
vt 0.094582 0.287701
vt 0.096962 0.286756
vt 0.101641 0.288924
vt 0.108554 0.292120
vt 0.099603 0.280494
vt 0.103744 0.281962
vt 0.106777 0.282288
vt 0.107522 0.260626
vt 0.109753 0.260390
vt 0.106777 0.267190
vt 0.104070 0.259103
vt 0.106777 0.259494
vt 0.096832 0.286201
vt 0.103956 0.257961
vt 0.106777 0.258548
vt 0.103264 0.299729
vt 0.103264 0.301182
vt 0.099328 0.298478
vt 0.099243 0.299931
vt 0.095492 0.296417
vt 0.099733 0.294727
vt 0.103467 0.295808
vt 0.096083 0.292767
vt 0.103214 0.302770
vt 0.099091 0.301452
vt 0.095069 0.299323
vt 0.106272 0.250724
vt 0.104346 0.248156
vt 0.106272 0.248764
vt 0.103417 0.249846
vt 0.103484 0.294963
vt 0.103569 0.286616
vt 0.100307 0.293916
vt 0.103298 0.275024
vt 0.106965 0.268805
vt 0.106931 0.277051
vt 0.106762 0.278200
vt 0.100020 0.282763
vt 0.103011 0.276105
vt 0.097131 0.288677
vt 0.103180 0.286075
vt 0.099817 0.293442
vt 0.103197 0.250859
vt 0.104582 0.259072
vt 0.102690 0.254104
vt 0.099192 0.293645
vt 0.096202 0.292057
vt 0.096708 0.289015
vt 0.102048 0.268129
vt 0.104430 0.260390
vt 0.103771 0.267521
vt 0.101541 0.272725
vt 0.103028 0.274855
vt 0.099395 0.277795
vt 0.102741 0.276004
vt 0.099801 0.282526
vt 0.102521 0.262147
vt 0.102572 0.254678
vt 0.104295 0.259173
vt 0.097756 0.281648
vt 0.096962 0.288305
vt 0.277167 0.970181
vt 0.279276 0.970825
vt 0.279276 0.970181
vt 0.109597 0.241070
vt 0.106809 0.241950
vt 0.111130 0.251016
vt 0.111130 0.253037
vt 0.277167 0.972580
vt 0.277167 0.970825
vt 0.279276 0.987506
vt 0.277167 0.987506
vt 0.113592 0.288386
vt 0.108489 0.289641
vt 0.116592 0.286756
vt 0.115573 0.289886
vt 0.109809 0.281962
vt 0.106948 0.260626
vt 0.104042 0.267588
vt 0.104718 0.260390
vt 0.109467 0.259103
vt 0.110184 0.266505
vt 0.116722 0.286201
vt 0.111260 0.253461
vt 0.109597 0.257961
vt 0.117998 0.288238
vt 0.117492 0.288305
vt 0.117779 0.288136
vt 0.111679 0.249406
vt 0.111797 0.250521
vt 0.110158 0.259173
vt 0.106610 0.259275
vt 0.107235 0.277051
vt 0.111443 0.274855
vt 0.114636 0.293442
vt 0.112355 0.253732
vt 0.111764 0.254104
vt 0.101804 0.253135
vt 0.102130 0.252744
vt 0.102293 0.253461
vt 0.096343 0.286332
vt 0.096603 0.286038
vt 0.106777 0.275016
vt 0.102717 0.273125
vt 0.106777 0.273744
vt 0.110836 0.273092
vt 0.116951 0.281884
vt 0.107235 0.268805
vt 0.107522 0.277051
vt 0.112423 0.254340
vt 0.112946 0.258464
vt 0.107235 0.260626
vt 0.101355 0.273469
vt 0.102589 0.262958
vt 0.108114 0.246162
vt 0.109956 0.247074
vt 0.108165 0.247615
vt 0.106365 0.246162
vt 0.104515 0.247074
vt 0.104718 0.245621
vt 0.019303 0.198687
vt 0.021173 0.197952
vt 0.021173 0.199288
vt 0.024980 0.198654
vt 0.023026 0.197919
vt 0.024780 0.197351
vt 0.108198 0.248223
vt 0.110023 0.247649
vt 0.106272 0.248223
vt 0.104430 0.247649
vt 0.024730 0.197117
vt 0.019453 0.197117
vt 0.021156 0.197652
vt 0.103369 0.266505
vt 0.111081 0.274136
vt 0.113934 0.280494
vt 0.102473 0.274136
vt 0.020505 0.188133
vt 0.108198 0.248764
vt 0.017592 0.237451
vt 0.016641 0.236261
vt 0.017592 0.236553
vt 0.019667 0.237094
vt 0.018581 0.236553
vt 0.019527 0.236251
vt 0.023577 0.187065
vt 0.022642 0.188467
vt 0.022592 0.187399
vt 0.021565 0.188467
vt 0.020622 0.187098
vt 0.021607 0.187399
vt 0.018095 0.233819
vt 0.019586 0.233365
vt 0.016587 0.233365
vt 0.018095 0.233559
vt 0.019295 0.231549
vt 0.019538 0.233105
vt 0.018095 0.231921
vt 0.016636 0.233105
vt 0.016879 0.231549
vt 0.018079 0.231322
vt 0.019197 0.230965
vt 0.016976 0.230965
vt 0.055661 0.184157
vt 0.053333 0.187672
vt 0.053294 0.184956
vt 0.050965 0.184237
vt 0.050650 0.186794
vt 0.111949 0.246973
vt 0.023711 0.188150
vt 0.026516 0.195982
vt 0.109770 0.245621
vt 0.111730 0.245891
vt 0.026850 0.197418
vt 0.106289 0.247615
vt 0.023127 0.199255
vt 0.023026 0.197652
vt 0.111865 0.246432
vt 0.020478 0.235645
vt 0.018646 0.237418
vt 0.020673 0.236445
vt 0.024738 0.187516
vt 0.024512 0.186464
vt 0.106852 0.241661
vt 0.104187 0.240828
vt 0.106852 0.224418
vt 0.109518 0.240828
vt 0.137954 0.268839
vt 0.136247 0.275936
vt 0.135453 0.275024
vt 0.132631 0.280634
vt 0.133375 0.281681
vt 0.129556 0.285636
vt 0.136399 0.266575
vt 0.134017 0.272455
vt 0.131330 0.277727
vt 0.137007 0.277018
vt 0.138815 0.269616
vt 0.139626 0.270562
vt 0.134050 0.282864
vt 0.130198 0.286785
vt 0.130806 0.288069
vt 0.133459 0.272523
vt 0.131043 0.277051
vt 0.115802 0.244540
vt 0.116613 0.240214
vt 0.117846 0.240450
vt 0.125636 0.274855
vt 0.128137 0.281749
vt 0.128542 0.270360
vt 0.123186 0.268095
vt 0.117559 0.252617
vt 0.125349 0.260694
vt 0.120567 0.259984
vt 0.122561 0.255557
vt 0.130282 0.263094
vt 0.123473 0.267352
vt 0.125889 0.261235
vt 0.134338 0.264479
vt 0.128694 0.269481
vt 0.118336 0.241025
vt 0.119621 0.249305
vt 0.118032 0.251840
vt 0.134152 0.270934
vt 0.134794 0.264243
vt 0.136095 0.266135
vt 0.124014 0.253326
vt 0.120127 0.250183
vt 0.122425 0.250150
vt 0.125450 0.256165
vt 0.122763 0.255185
vt 0.128137 0.257585
vt 0.126092 0.260829
vt 0.125720 0.256470
vt 0.122307 0.249508
vt 0.119959 0.243357
vt 0.122307 0.246060
vt 0.130401 0.258396
vt 0.130384 0.262654
vt 0.329920 0.970825
vt 0.332029 0.970181
vt 0.329920 0.970181
vt 0.332029 0.970825
vt 0.334138 0.970181
vt 0.099505 0.234613
vt 0.098495 0.247005
vt 0.095381 0.240776
vt 0.094777 0.242407
vt 0.097891 0.248635
vt 0.332029 0.972580
vt 0.329920 0.972580
vt 0.334138 0.972580
vt 0.329920 0.987506
vt 0.334138 0.987506
vt 0.332029 0.987506
vt 0.079990 0.263114
vt 0.082729 0.272293
vt 0.078254 0.261239
vt 0.080447 0.263244
vt 0.083601 0.270532
vt 0.088933 0.279157
vt 0.084425 0.261320
vt 0.087343 0.267353
vt 0.089707 0.271168
vt 0.118167 0.253326
vt 0.119908 0.250521
vt 0.094142 0.258972
vt 0.094337 0.249255
vt 0.096408 0.252744
vt 0.080512 0.262657
vt 0.094566 0.248179
vt 0.096685 0.251994
vt 0.126785 0.291212
vt 0.126210 0.289961
vt 0.122679 0.293578
vt 0.123152 0.294896
vt 0.128390 0.282459
vt 0.121885 0.290063
vt 0.125230 0.286548
vt 0.127309 0.292598
vt 0.123591 0.296349
vt 0.114247 0.246804
vt 0.113673 0.245215
vt 0.124994 0.285838
vt 0.122594 0.278978
vt 0.122121 0.288745
vt 0.118979 0.269954
vt 0.120127 0.260626
vt 0.122527 0.267284
vt 0.122730 0.268433
vt 0.118607 0.280059
vt 0.119080 0.271137
vt 0.122138 0.279045
vt 0.121581 0.288914
vt 0.115346 0.255523
vt 0.121141 0.289826
vt 0.116359 0.266034
vt 0.115599 0.256740
vt 0.117171 0.263296
vt 0.117272 0.270360
vt 0.118708 0.270123
vt 0.117052 0.277220
vt 0.118826 0.271407
vt 0.118370 0.280127
vt 0.115025 0.260626
vt 0.115143 0.255929
vt 0.334138 0.970825
vt 0.101494 0.238559
vt 0.101821 0.252646
vt 0.093424 0.284147
vt 0.088256 0.281228
vt 0.092250 0.274494
vt 0.117711 0.254002
vt 0.117407 0.263026
vt 0.115836 0.256436
vt 0.098707 0.255581
vt 0.097093 0.262429
vt 0.099131 0.254831
vt 0.134760 0.263330
vt 0.134371 0.264006
vt 0.134540 0.263533
vt 0.118235 0.239369
vt 0.118657 0.240112
vt 0.119891 0.249034
vt 0.117035 0.253293
vt 0.122763 0.266946
vt 0.125518 0.260221
vt 0.133577 0.271509
vt 0.120043 0.242072
vt 0.119688 0.243052
vt 0.094256 0.241755
vt 0.094631 0.241852
vt 0.094549 0.242602
vt 0.080072 0.262201
vt 0.080365 0.262266
vt 0.091843 0.265331
vt 0.089104 0.259005
vt 0.092218 0.264288
vt 0.095690 0.268527
vt 0.130468 0.258159
vt 0.120347 0.260288
vt 0.123000 0.266608
vt 0.120280 0.242478
vt 0.122476 0.245553
vt 0.117931 0.253664
vt 0.117356 0.271171
vt 0.115312 0.261167
vt 0.114332 0.240957
vt 0.116140 0.239504
vt 0.114856 0.242072
vt 0.112921 0.243002
vt 0.111434 0.244540
vt 0.028136 0.194646
vt 0.028536 0.195715
vt 0.030106 0.193377
vt 0.030891 0.189904
vt 0.031442 0.190705
vt 0.115075 0.242512
vt 0.116376 0.239876
vt 0.113352 0.244269
vt 0.113504 0.244776
vt 0.029639 0.192442
vt 0.030774 0.189770
vt 0.026566 0.196216
vt 0.028052 0.194412
vt 0.091598 0.254407
vt 0.095593 0.269668
vt 0.096033 0.278179
vt 0.088615 0.259527
vt 0.025681 0.186497
vt 0.115227 0.242951
vt 0.021332 0.234791
vt 0.021597 0.235505
vt 0.023186 0.232748
vt 0.022143 0.233624
vt 0.022829 0.232284
vt 0.026900 0.183024
vt 0.026524 0.185211
vt 0.026199 0.184426
vt 0.025397 0.185595
vt 0.020932 0.231970
vt 0.022002 0.229830
vt 0.020867 0.231776
vt 0.021232 0.228711
vt 0.021905 0.229668
vt 0.020373 0.230430
vt 0.020202 0.229960
vt 0.020997 0.228371
vt 0.059529 0.178724
vt 0.058503 0.184317
vt 0.057792 0.182000
vt 0.056056 0.186794
vt 0.027952 0.182005
vt 0.027318 0.183708
vt 0.116537 0.235719
vt 0.115515 0.238575
vt 0.031993 0.186898
vt 0.117238 0.236462
vt 0.029555 0.192208
vt 0.117745 0.237071
vt 0.117508 0.236766
vt 0.023407 0.230651
vt 0.022456 0.234240
vt 0.023802 0.230997
vt 0.027485 0.181421
vt 0.101772 0.238329
vt 0.099856 0.234497
vt 0.145202 0.224194
vt 0.146030 0.232103
vt 0.145000 0.232136
vt 0.145388 0.240112
vt 0.144374 0.239977
vt 0.143344 0.247649
vt 0.143276 0.224194
vt 0.143090 0.231731
vt 0.142448 0.239166
vt 0.147247 0.224025
vt 0.147027 0.232305
vt 0.146368 0.240484
vt 0.145287 0.248494
vt 0.142651 0.232441
vt 0.142026 0.238963
vt 0.120144 0.230548
vt 0.119519 0.226121
vt 0.120601 0.224870
vt 0.137007 0.243559
vt 0.141063 0.246162
vt 0.138038 0.236496
vt 0.133037 0.240957
vt 0.123946 0.235043
vt 0.132614 0.232407
vt 0.128525 0.237476
vt 0.128846 0.231562
vt 0.137312 0.228588
vt 0.133054 0.239977
vt 0.133223 0.232204
vt 0.141012 0.224904
vt 0.137920 0.235617
vt 0.121158 0.224735
vt 0.124639 0.229940
vt 0.124098 0.233860
vt 0.142735 0.230379
vt 0.141299 0.224194
vt 0.142904 0.224194
vt 0.129640 0.227472
vt 0.125298 0.230041
vt 0.127089 0.226999
vt 0.131938 0.227878
vt 0.128897 0.230987
vt 0.134980 0.226019
vt 0.133256 0.231663
vt 0.132310 0.227810
vt 0.126751 0.226695
vt 0.123169 0.224735
vt 0.125636 0.224329
vt 0.137413 0.224194
vt 0.137261 0.228081
vt 0.323592 0.970181
vt 0.325701 0.970825
vt 0.325701 0.970181
vt 0.327811 0.970181
vt 0.097777 0.224146
vt 0.093375 0.232918
vt 0.092691 0.224211
vt 0.091712 0.224830
vt 0.092397 0.233537
vt 0.325701 0.972580
vt 0.323592 0.970825
vt 0.323592 0.972580
vt 0.327811 0.972580
vt 0.325701 0.987506
vt 0.323592 0.987506
vt 0.073664 0.224211
vt 0.073192 0.234841
vt 0.072817 0.220640
vt 0.074007 0.224830
vt 0.074406 0.234450
vt 0.075026 0.248570
vt 0.077789 0.227961
vt 0.078376 0.236276
vt 0.076183 0.247673
vt 0.124639 0.234908
vt 0.125213 0.230582
vt 0.086332 0.237483
vt 0.089348 0.229852
vt 0.090001 0.235102
vt 0.074219 0.224439
vt 0.089838 0.229265
vt 0.090441 0.234809
vt 0.142887 0.255557
vt 0.141924 0.255084
vt 0.141029 0.262789
vt 0.140116 0.262181
vt 0.140116 0.253496
vt 0.141468 0.246432
vt 0.138444 0.260255
vt 0.143800 0.256233
vt 0.141891 0.263601
vt 0.119553 0.234232
vt 0.118624 0.233623
vt 0.139728 0.253158
vt 0.135774 0.250454
vt 0.138241 0.258903
vt 0.130181 0.247378
vt 0.128373 0.238490
vt 0.132276 0.241092
vt 0.132766 0.241768
vt 0.132851 0.255996
vt 0.130620 0.248257
vt 0.135402 0.251028
vt 0.137869 0.259680
vt 0.123000 0.240011
vt 0.137768 0.260931
vt 0.126244 0.246770
vt 0.123574 0.240687
vt 0.126768 0.244168
vt 0.127934 0.248798
vt 0.130012 0.247852
vt 0.129404 0.253833
vt 0.130485 0.248764
vt 0.132682 0.256368
vt 0.124014 0.244472
vt 0.122949 0.240585
vt 0.327811 0.970825
vt 0.098218 0.229624
vt 0.094402 0.241396
vt 0.327811 0.987506
vt 0.078360 0.257016
vt 0.079159 0.242146
vt 0.080251 0.247820
vt 0.124453 0.235989
vt 0.126869 0.243661
vt 0.123659 0.240146
vt 0.091011 0.240124
vt 0.087702 0.243744
vt 0.091598 0.239994
vt 0.141012 0.223485
vt 0.140894 0.224498
vt 0.140894 0.223890
vt 0.121158 0.223620
vt 0.124774 0.229433
vt 0.123710 0.236192
vt 0.132361 0.240518
vt 0.132614 0.231866
vt 0.142448 0.231494
vt 0.122848 0.224803
vt 0.123169 0.223654
vt 0.091484 0.223689
vt 0.091761 0.224211
vt 0.091484 0.224700
vt 0.074007 0.223559
vt 0.074219 0.223950
vt 0.082599 0.239896
vt 0.082256 0.231580
vt 0.083218 0.239505
vt 0.084783 0.247037
vt 0.137413 0.223958
vt 0.128458 0.237983
vt 0.132445 0.239977
vt 0.122848 0.223586
vt 0.125636 0.223823
vt 0.124554 0.235448
vt 0.128170 0.249271
vt 0.124352 0.244540
vt 0.117838 0.229382
vt 0.118928 0.226121
vt 0.118641 0.229669
vt 0.117306 0.232728
vt 0.032577 0.187532
vt 0.032811 0.183758
vt 0.033446 0.184159
vt 0.034314 0.176712
vt 0.033379 0.180185
vt 0.033646 0.176678
vt 0.118945 0.229771
vt 0.119249 0.226121
vt 0.118353 0.233454
vt 0.033512 0.176712
vt 0.031876 0.186731
vt 0.032661 0.183658
vt 0.085615 0.230798
vt 0.084360 0.247820
vt 0.082224 0.255222
vt 0.081702 0.231417
vt 0.028420 0.180068
vt 0.119215 0.229940
vt 0.023834 0.228943
vt 0.024256 0.229181
vt 0.024580 0.227171
vt 0.024310 0.225160
vt 0.024742 0.225128
vt 0.028236 0.177780
vt 0.028937 0.175893
vt 0.028737 0.178014
vt 0.027919 0.179651
vt 0.022942 0.224122
vt 0.024148 0.227030
vt 0.022699 0.227138
vt 0.021791 0.226555
vt 0.022797 0.224122
vt 0.022570 0.227041
vt 0.021986 0.224155
vt 0.021532 0.226360
vt 0.021710 0.224155
vt 0.061068 0.169936
vt 0.061738 0.175448
vt 0.060634 0.174570
vt 0.060436 0.180402
vt 0.119519 0.222268
vt 0.033512 0.172971
vt 0.028954 0.173739
vt 0.118100 0.226070
vt 0.118928 0.222369
vt 0.033646 0.172971
vt 0.118066 0.233252
vt 0.034030 0.180419
vt 0.033228 0.180118
vt 0.119249 0.222268
vt 0.024304 0.223150
vt 0.024726 0.222987
vt 0.028386 0.173806
vt 0.098648 0.229749
vt 0.098190 0.224418
vt 0.137954 0.179550
vt 0.141029 0.185160
vt 0.140116 0.186207
vt 0.141924 0.193305
vt 0.142887 0.192426
vt 0.143344 0.200706
vt 0.136399 0.181814
vt 0.138444 0.188134
vt 0.140116 0.194893
vt 0.139626 0.177522
vt 0.141891 0.184450
vt 0.143800 0.191851
vt 0.144341 0.199996
vt 0.145287 0.199557
vt 0.138308 0.189215
vt 0.139728 0.195231
vt 0.119553 0.214157
vt 0.117745 0.211318
vt 0.118235 0.209020
vt 0.137007 0.204829
vt 0.141063 0.202193
vt 0.135774 0.197935
vt 0.133037 0.207431
vt 0.123946 0.213346
vt 0.130181 0.201010
vt 0.128373 0.209899
vt 0.126869 0.204728
vt 0.132851 0.192358
vt 0.132766 0.206620
vt 0.130620 0.200131
vt 0.134760 0.185058
vt 0.135402 0.197360
vt 0.118657 0.208276
vt 0.123000 0.208378
vt 0.123710 0.212197
vt 0.137768 0.187424
vt 0.134794 0.184146
vt 0.136095 0.182253
vt 0.126650 0.201179
vt 0.123574 0.207702
vt 0.124470 0.203545
vt 0.128576 0.199016
vt 0.126751 0.204221
vt 0.130249 0.193676
vt 0.130485 0.199625
vt 0.128846 0.198509
vt 0.124098 0.203612
vt 0.120280 0.205911
vt 0.122341 0.202463
vt 0.131465 0.189080
vt 0.132682 0.192020
vt 0.317265 0.970825
vt 0.319374 0.970181
vt 0.317265 0.970181
vt 0.321483 0.970825
vt 0.321483 0.970181
vt 0.098218 0.218635
vt 0.095381 0.207645
vt 0.099505 0.213678
vt 0.094402 0.206993
vt 0.092397 0.214852
vt 0.093375 0.215471
vt 0.319374 0.972580
vt 0.317265 0.972580
vt 0.319374 0.970825
vt 0.317265 0.987506
vt 0.319374 0.987506
vt 0.321483 0.972580
vt 0.079990 0.185275
vt 0.076477 0.193313
vt 0.080349 0.181395
vt 0.080072 0.186188
vt 0.077577 0.194438
vt 0.075124 0.207238
vt 0.082224 0.193167
vt 0.080251 0.200569
vt 0.079159 0.206243
vt 0.124453 0.212399
vt 0.123659 0.208209
vt 0.086332 0.210906
vt 0.091011 0.208297
vt 0.090001 0.213287
vt 0.080365 0.186123
vt 0.091598 0.208395
vt 0.090441 0.213580
vt 0.145388 0.207837
vt 0.144374 0.208412
vt 0.146030 0.215880
vt 0.145000 0.216252
vt 0.146250 0.223992
vt 0.142448 0.209223
vt 0.141468 0.201923
vt 0.143090 0.216658
vt 0.146368 0.207567
vt 0.147027 0.215745
vt 0.120144 0.217807
vt 0.119215 0.218415
vt 0.120601 0.223518
vt 0.142026 0.209425
vt 0.138038 0.211893
vt 0.142516 0.215813
vt 0.132614 0.215982
vt 0.128525 0.210912
vt 0.132445 0.208412
vt 0.133054 0.208378
vt 0.137312 0.219801
vt 0.133223 0.216151
vt 0.137920 0.212771
vt 0.142448 0.216894
vt 0.124639 0.218449
vt 0.142735 0.218010
vt 0.129640 0.220679
vt 0.125298 0.218348
vt 0.128897 0.217367
vt 0.131921 0.220274
vt 0.132614 0.216523
vt 0.134980 0.222133
vt 0.133256 0.216725
vt 0.137261 0.220308
vt 0.126751 0.221457
vt 0.124774 0.218956
vt 0.091712 0.223559
vt 0.321483 0.987506
vt 0.074137 0.217330
vt 0.073925 0.206585
vt 0.078376 0.212113
vt 0.124639 0.213481
vt 0.128846 0.216827
vt 0.125213 0.217807
vt 0.089348 0.218537
vt 0.085599 0.217591
vt 0.089838 0.219124
vt 0.134338 0.183909
vt 0.134540 0.184856
vt 0.134371 0.184382
vt 0.118336 0.207364
vt 0.122949 0.207803
vt 0.124098 0.214529
vt 0.132361 0.207871
vt 0.130012 0.200537
vt 0.137869 0.188708
vt 0.120043 0.206316
vt 0.119959 0.205032
vt 0.094549 0.205786
vt 0.094631 0.206537
vt 0.094256 0.206634
vt 0.080447 0.185145
vt 0.080512 0.185732
vt 0.082599 0.208493
vt 0.084767 0.201352
vt 0.083218 0.208884
vt 0.082273 0.216808
vt 0.128458 0.210405
vt 0.132276 0.207296
vt 0.119688 0.205336
vt 0.122155 0.201923
vt 0.124554 0.212940
vt 0.132310 0.220342
vt 0.127089 0.221153
vt 0.116537 0.212906
vt 0.118066 0.215238
vt 0.117306 0.215897
vt 0.117838 0.219243
vt 0.118100 0.222572
vt 0.034314 0.172771
vt 0.033395 0.169464
vt 0.034030 0.169064
vt 0.033395 0.165323
vt 0.031993 0.162785
vt 0.032544 0.161983
vt 0.117508 0.211622
vt 0.118353 0.214934
vt 0.118945 0.218584
vt 0.032661 0.166025
vt 0.031876 0.162952
vt 0.033245 0.169565
vt 0.087718 0.204645
vt 0.081702 0.216972
vt 0.077789 0.220428
vt 0.084360 0.200569
vt 0.028754 0.171635
vt 0.118624 0.214765
vt 0.024153 0.221247
vt 0.024564 0.220944
vt 0.024240 0.218966
vt 0.023413 0.217647
vt 0.023769 0.217118
vt 0.027468 0.168229
vt 0.028411 0.169615
vt 0.027919 0.169999
vt 0.028236 0.171869
vt 0.022002 0.218447
vt 0.023840 0.219355
vt 0.022699 0.221139
vt 0.021791 0.221723
vt 0.021905 0.218609
vt 0.022570 0.221236
vt 0.021013 0.219907
vt 0.021532 0.221917
vt 0.059647 0.161067
vt 0.061738 0.164503
vt 0.060712 0.165222
vt 0.062173 0.170016
vt 0.116613 0.208175
vt 0.030791 0.159913
vt 0.027944 0.167661
vt 0.027318 0.165891
vt 0.115515 0.210068
vt 0.117238 0.211994
vt 0.030891 0.159746
vt 0.116376 0.208513
vt 0.118641 0.218787
vt 0.032794 0.165924
vt 0.022824 0.216026
vt 0.023121 0.215399
vt 0.026900 0.166626
vt 0.098648 0.219087
vt 0.099856 0.214256
vt 0.118962 0.151972
vt 0.123152 0.153087
vt 0.122679 0.154811
vt 0.126785 0.156771
vt 0.126210 0.158427
vt 0.129556 0.162753
vt 0.121885 0.158326
vt 0.118370 0.155622
vt 0.128390 0.165930
vt 0.125230 0.161807
vt 0.119705 0.148761
vt 0.123591 0.151702
vt 0.127309 0.155487
vt 0.130806 0.159982
vt 0.122104 0.159373
vt 0.124994 0.162550
vt 0.114247 0.201585
vt 0.111949 0.201416
vt 0.111679 0.198949
vt 0.125636 0.173500
vt 0.128137 0.166640
vt 0.122594 0.169377
vt 0.123186 0.180293
vt 0.117559 0.195772
vt 0.118979 0.178434
vt 0.120127 0.187762
vt 0.117407 0.185363
vt 0.118607 0.168329
vt 0.122730 0.179955
vt 0.119080 0.177252
vt 0.117998 0.160151
vt 0.122138 0.169343
vt 0.111797 0.197867
vt 0.115346 0.192832
vt 0.117035 0.195096
vt 0.121141 0.158562
vt 0.117762 0.159373
vt 0.118252 0.156332
vt 0.116140 0.182355
vt 0.115599 0.191615
vt 0.115092 0.186951
vt 0.117052 0.178198
vt 0.117171 0.185092
vt 0.116968 0.171608
vt 0.118826 0.176981
vt 0.117120 0.177454
vt 0.114839 0.187458
vt 0.112423 0.194048
vt 0.113217 0.188506
vt 0.116714 0.166166
vt 0.118370 0.168262
vt 0.310937 0.970181
vt 0.313047 0.970825
vt 0.313047 0.970181
vt 0.315156 0.970825
vt 0.315156 0.970181
vt 0.104022 0.207189
vt 0.098495 0.201384
vt 0.102424 0.197406
vt 0.101821 0.195743
vt 0.097891 0.199754
vt 0.313047 0.972580
vt 0.310937 0.970825
vt 0.310937 0.972580
vt 0.310937 0.987506
vt 0.313047 0.987506
vt 0.315156 0.972580
vt 0.096538 0.161210
vt 0.091337 0.163606
vt 0.097973 0.158503
vt 0.096343 0.162057
vt 0.091900 0.165807
vt 0.085370 0.171335
vt 0.096033 0.170210
vt 0.092250 0.173895
vt 0.086153 0.173259
vt 0.117711 0.194386
vt 0.115836 0.191953
vt 0.094142 0.189417
vt 0.098707 0.192808
vt 0.096408 0.195645
vt 0.096603 0.162351
vt 0.099131 0.193558
vt 0.096685 0.196395
vt 0.133375 0.166302
vt 0.132631 0.167755
vt 0.136247 0.172047
vt 0.135453 0.173365
vt 0.131330 0.170661
vt 0.134017 0.175933
vt 0.134050 0.165220
vt 0.130198 0.161198
vt 0.137007 0.171067
vt 0.138815 0.178367
vt 0.115802 0.203849
vt 0.115227 0.205437
vt 0.117846 0.207938
vt 0.131043 0.171337
vt 0.128542 0.178029
vt 0.133324 0.175933
vt 0.125349 0.187695
vt 0.120567 0.188404
vt 0.123000 0.181780
vt 0.123473 0.181037
vt 0.130282 0.185295
vt 0.125889 0.187154
vt 0.128694 0.178874
vt 0.133577 0.176880
vt 0.119621 0.199084
vt 0.134152 0.177454
vt 0.124098 0.194217
vt 0.120127 0.198205
vt 0.122763 0.193203
vt 0.125720 0.191243
vt 0.125518 0.188134
vt 0.128796 0.189722
vt 0.126092 0.187559
vt 0.130384 0.185734
vt 0.122138 0.198273
vt 0.119891 0.199354
vt 0.131381 0.188844
vt 0.101494 0.209732
vt 0.094777 0.205982
vt 0.315156 0.987506
vt 0.082387 0.180286
vt 0.089707 0.177221
vt 0.087343 0.181036
vt 0.118167 0.195062
vt 0.122561 0.192832
vt 0.119908 0.197867
vt 0.094337 0.199134
vt 0.091582 0.193949
vt 0.094566 0.200210
vt 0.117323 0.159711
vt 0.117779 0.160252
vt 0.117492 0.160083
vt 0.111274 0.197529
vt 0.115143 0.192460
vt 0.118032 0.196549
vt 0.122763 0.181442
vt 0.118708 0.178265
vt 0.121581 0.159475
vt 0.112355 0.194657
vt 0.111899 0.193710
vt 0.102293 0.194928
vt 0.102130 0.195645
vt 0.101804 0.195254
vt 0.096962 0.161666
vt 0.096832 0.162188
vt 0.091843 0.183090
vt 0.095674 0.179829
vt 0.092218 0.184101
vt 0.089120 0.189417
vt 0.120347 0.188100
vt 0.122527 0.181104
vt 0.111764 0.194285
vt 0.112929 0.188269
vt 0.117931 0.194724
vt 0.126058 0.190871
vt 0.122290 0.197597
vt 0.111434 0.204086
vt 0.113352 0.204221
vt 0.112921 0.205623
vt 0.114332 0.207685
vt 0.116140 0.208952
vt 0.031375 0.158811
vt 0.029655 0.157208
vt 0.030056 0.156139
vt 0.028453 0.153868
vt 0.026550 0.153467
vt 0.026767 0.152165
vt 0.111865 0.201923
vt 0.113504 0.203612
vt 0.115075 0.205877
vt 0.028052 0.155271
vt 0.026516 0.153701
vt 0.029572 0.157475
vt 0.097093 0.185993
vt 0.088615 0.188862
vt 0.084425 0.187069
vt 0.095593 0.178721
vt 0.026550 0.164421
vt 0.113673 0.203173
vt 0.022148 0.214686
vt 0.022391 0.213940
vt 0.021532 0.212707
vt 0.020489 0.212621
vt 0.020624 0.211799
vt 0.025397 0.164087
vt 0.024713 0.162150
vt 0.025673 0.163202
vt 0.026199 0.165256
vt 0.020932 0.216307
vt 0.019586 0.214913
vt 0.020381 0.217847
vt 0.019538 0.215172
vt 0.020851 0.216502
vt 0.021232 0.219566
vt 0.019197 0.217312
vt 0.020219 0.218318
vt 0.055780 0.155714
vt 0.058542 0.155634
vt 0.057911 0.157792
vt 0.060476 0.159549
vt 0.111054 0.198543
vt 0.023703 0.161466
vt 0.109770 0.203021
vt 0.111730 0.202565
vt 0.024780 0.152265
vt 0.110023 0.200740
vt 0.114856 0.206418
vt 0.028136 0.155037
vt 0.110108 0.200233
vt 0.019532 0.212016
vt 0.021343 0.213497
vt 0.019603 0.211151
vt 0.023561 0.162551
vt 0.101772 0.210424
vt 0.104187 0.208009
vt 0.095492 0.151972
vt 0.099243 0.148052
vt 0.099328 0.149910
vt 0.103264 0.146801
vt 0.103264 0.148660
vt 0.107337 0.146362
vt 0.107235 0.148254
vt 0.096083 0.155622
vt 0.099733 0.153662
vt 0.107235 0.152175
vt 0.103467 0.152580
vt 0.095069 0.148761
vt 0.099091 0.146598
vt 0.103214 0.145314
vt 0.107387 0.144875
vt 0.100206 0.154270
vt 0.103484 0.153425
vt 0.106272 0.197664
vt 0.104346 0.200233
vt 0.103417 0.198543
vt 0.107235 0.161536
vt 0.107235 0.153054
vt 0.103569 0.161773
vt 0.107235 0.169918
vt 0.107235 0.189046
vt 0.103298 0.173365
vt 0.106965 0.179550
vt 0.104042 0.180800
vt 0.100020 0.165626
vt 0.106762 0.170188
vt 0.103011 0.172284
vt 0.097131 0.159711
vt 0.103180 0.162314
vt 0.103197 0.197529
vt 0.104582 0.189283
vt 0.106610 0.189114
vt 0.099192 0.154743
vt 0.096708 0.159373
vt 0.096202 0.156332
vt 0.102352 0.180834
vt 0.104430 0.187999
vt 0.102825 0.185532
vt 0.101930 0.176609
vt 0.103771 0.180868
vt 0.099953 0.171946
vt 0.102741 0.172385
vt 0.101761 0.175967
vt 0.102741 0.186241
vt 0.102572 0.193710
vt 0.101727 0.189148
vt 0.098195 0.168329
vt 0.099801 0.165828
vt 0.304610 0.970825
vt 0.306719 0.970181
vt 0.304610 0.970181
vt 0.306719 0.970825
vt 0.308828 0.970181
vt 0.109597 0.207189
vt 0.106777 0.196004
vt 0.111130 0.197406
vt 0.111130 0.195351
vt 0.106777 0.193982
vt 0.306719 0.972580
vt 0.304610 0.972580
vt 0.308828 0.972580
vt 0.304610 0.987506
vt 0.306719 0.987506
vt 0.116999 0.161210
vt 0.112092 0.157019
vt 0.118956 0.160704
vt 0.116592 0.161666
vt 0.111896 0.159465
vt 0.105000 0.156269
vt 0.113934 0.167894
vt 0.109809 0.166427
vt 0.105057 0.158748
vt 0.106948 0.187762
vt 0.104718 0.187999
vt 0.106777 0.181199
vt 0.109467 0.189286
vt 0.106777 0.188895
vt 0.116722 0.162188
vt 0.109597 0.190428
vt 0.106777 0.189841
vt 0.111206 0.148660
vt 0.115430 0.148052
vt 0.115126 0.149910
vt 0.119350 0.150147
vt 0.114721 0.153662
vt 0.110986 0.152580
vt 0.111544 0.145314
vt 0.115667 0.146598
vt 0.108198 0.197664
vt 0.108198 0.199625
vt 0.110969 0.153425
vt 0.110902 0.161773
vt 0.114163 0.154473
vt 0.111172 0.173365
vt 0.107506 0.179550
vt 0.107522 0.171337
vt 0.107691 0.170188
vt 0.114433 0.165626
vt 0.111443 0.172284
vt 0.111290 0.162314
vt 0.114636 0.154946
vt 0.109888 0.189283
vt 0.115261 0.154743
vt 0.112456 0.179279
vt 0.110023 0.187999
vt 0.110682 0.180868
vt 0.112929 0.174818
vt 0.111443 0.173534
vt 0.114856 0.169850
vt 0.111730 0.172385
vt 0.114653 0.165828
vt 0.112000 0.185126
vt 0.110158 0.189215
vt 0.116596 0.166065
vt 0.308828 0.970825
vt 0.106809 0.206341
vt 0.102424 0.195351
vt 0.308828 0.987506
vt 0.099946 0.160003
vt 0.106777 0.166101
vt 0.103744 0.166427
vt 0.107522 0.187762
vt 0.110412 0.180800
vt 0.109753 0.187999
vt 0.104070 0.189286
vt 0.103369 0.181884
vt 0.103956 0.190428
vt 0.096455 0.160151
vt 0.096962 0.160083
vt 0.096692 0.160252
vt 0.102656 0.197867
vt 0.104295 0.189215
vt 0.107843 0.189114
vt 0.107235 0.171337
vt 0.103028 0.173534
vt 0.099817 0.154946
vt 0.102115 0.194657
vt 0.102690 0.194285
vt 0.111749 0.195254
vt 0.111407 0.195645
vt 0.111260 0.194928
vt 0.117211 0.162057
vt 0.116950 0.162351
vt 0.106777 0.173373
vt 0.110836 0.175264
vt 0.106777 0.174645
vt 0.102717 0.175297
vt 0.107235 0.179550
vt 0.106931 0.171337
vt 0.101423 0.189351
vt 0.102048 0.194048
vt 0.107235 0.187762
vt 0.113081 0.174108
vt 0.111949 0.184349
vt 0.106365 0.202497
vt 0.104515 0.201416
vt 0.106289 0.200841
vt 0.108114 0.202497
vt 0.109956 0.201416
vt 0.024897 0.150962
vt 0.023043 0.151697
vt 0.023043 0.150361
vt 0.019219 0.150996
vt 0.021173 0.151731
vt 0.019420 0.152298
vt 0.106272 0.200165
vt 0.104430 0.200740
vt 0.108198 0.200165
vt 0.019470 0.152532
vt 0.024746 0.152532
vt 0.023043 0.151998
vt 0.110184 0.181884
vt 0.102473 0.174253
vt 0.099603 0.167894
vt 0.111081 0.174253
vt 0.022634 0.161182
vt 0.106272 0.199625
vt 0.018592 0.211713
vt 0.018581 0.210827
vt 0.017527 0.210827
vt 0.016646 0.211994
vt 0.016506 0.211183
vt 0.020622 0.162585
vt 0.021574 0.161215
vt 0.021607 0.162251
vt 0.022592 0.162251
vt 0.018079 0.214459
vt 0.016587 0.214913
vt 0.018095 0.216356
vt 0.016636 0.215172
vt 0.018079 0.214718
vt 0.019295 0.216729
vt 0.016976 0.217312
vt 0.018095 0.216956
vt 0.051044 0.155794
vt 0.053372 0.152279
vt 0.053412 0.154995
vt 0.056056 0.153158
vt 0.102521 0.201416
vt 0.017683 0.153668
vt 0.020497 0.161499
vt 0.019470 0.162134
vt 0.103062 0.204086
vt 0.104718 0.203021
vt 0.017650 0.153434
vt 0.102605 0.201923
vt 0.108165 0.200841
vt 0.021073 0.150395
vt 0.021173 0.151998
vt 0.015695 0.212632
vt 0.017592 0.211713
vt 0.015484 0.211864
vt 0.019687 0.163186
vt 0.106852 0.207176
vt 0.109518 0.208009
vt 0.076517 0.179550
vt 0.078409 0.172047
vt 0.079017 0.173365
vt 0.081299 0.166302
vt 0.081822 0.167755
vt 0.084914 0.162753
vt 0.078071 0.181814
vt 0.080437 0.175933
vt 0.083140 0.170661
vt 0.075131 0.177522
vt 0.077767 0.171067
vt 0.080707 0.165220
vt 0.083951 0.159982
vt 0.080994 0.175866
vt 0.083411 0.171337
vt 0.098652 0.203849
vt 0.097857 0.208175
vt 0.096607 0.207938
vt 0.088818 0.173500
vt 0.086317 0.166640
vt 0.085928 0.178029
vt 0.091285 0.180293
vt 0.096911 0.195772
vt 0.089105 0.187695
vt 0.093904 0.188404
vt 0.091910 0.192832
vt 0.084188 0.185295
vt 0.090980 0.181037
vt 0.088564 0.187154
vt 0.080116 0.183909
vt 0.085759 0.178874
vt 0.096117 0.207364
vt 0.094833 0.199084
vt 0.096421 0.196549
vt 0.080319 0.177454
vt 0.079660 0.184146
vt 0.078375 0.182253
vt 0.090592 0.194589
vt 0.094326 0.198205
vt 0.092400 0.197833
vt 0.088953 0.191716
vt 0.091707 0.193203
vt 0.085878 0.190263
vt 0.088361 0.187559
vt 0.088632 0.191378
vt 0.092552 0.198509
vt 0.094495 0.205032
vt 0.092552 0.201990
vt 0.083292 0.189452
vt 0.084070 0.185734
vt 0.298282 0.970181
vt 0.300392 0.970825
vt 0.300392 0.970181
vt 0.302501 0.970181
vt 0.112108 0.209732
vt 0.118173 0.207645
vt 0.114097 0.213678
vt 0.118776 0.205982
vt 0.115662 0.199754
vt 0.115059 0.201384
vt 0.300392 0.972580
vt 0.298282 0.970825
vt 0.298282 0.972580
vt 0.302501 0.972580
vt 0.298282 0.987506
vt 0.300392 0.987506
vt 0.133563 0.185275
vt 0.130816 0.176096
vt 0.135300 0.187150
vt 0.133091 0.185145
vt 0.129944 0.177857
vt 0.125289 0.167161
vt 0.129113 0.187069
vt 0.126211 0.181036
vt 0.124621 0.169231
vt 0.096303 0.195062
vt 0.094563 0.197867
vt 0.119412 0.189417
vt 0.119216 0.199134
vt 0.117146 0.195645
vt 0.133042 0.185732
vt 0.118988 0.200210
vt 0.116869 0.196395
vt 0.084458 0.161198
vt 0.088243 0.158427
vt 0.091504 0.153087
vt 0.091792 0.154811
vt 0.095306 0.150147
vt 0.089223 0.161807
vt 0.086063 0.165930
vt 0.092569 0.158326
vt 0.087449 0.155487
vt 0.091166 0.151702
vt 0.100206 0.201585
vt 0.100781 0.203173
vt 0.102774 0.198949
vt 0.089460 0.162550
vt 0.091859 0.169377
vt 0.092349 0.159644
vt 0.095475 0.178434
vt 0.094326 0.187762
vt 0.091927 0.181104
vt 0.091741 0.179955
vt 0.095847 0.168329
vt 0.095390 0.177252
vt 0.092315 0.169343
vt 0.092873 0.159475
vt 0.099125 0.192832
vt 0.093312 0.158562
vt 0.098432 0.183504
vt 0.098854 0.191615
vt 0.097300 0.185092
vt 0.097536 0.179617
vt 0.095745 0.178265
vt 0.097722 0.173466
vt 0.095644 0.176981
vt 0.096100 0.168262
vt 0.099733 0.188303
vt 0.099328 0.192460
vt 0.098060 0.168431
vt 0.302501 0.970825
vt 0.111733 0.195743
vt 0.302501 0.987506
vt 0.120113 0.164242
vt 0.123847 0.177221
vt 0.121287 0.173895
vt 0.096759 0.194386
vt 0.097063 0.185363
vt 0.098635 0.191953
vt 0.114847 0.192808
vt 0.116461 0.185960
vt 0.114407 0.193558
vt 0.079693 0.185058
vt 0.080082 0.184382
vt 0.079913 0.184856
vt 0.095796 0.208276
vt 0.094579 0.199354
vt 0.097418 0.195096
vt 0.091690 0.181442
vt 0.088936 0.188134
vt 0.080876 0.176880
vt 0.094765 0.205336
vt 0.094174 0.205911
vt 0.119298 0.206634
vt 0.118923 0.206537
vt 0.119004 0.205786
vt 0.133482 0.186188
vt 0.133172 0.186123
vt 0.121711 0.183090
vt 0.124434 0.189384
vt 0.121336 0.184101
vt 0.117863 0.179862
vt 0.083191 0.189688
vt 0.094123 0.188100
vt 0.091454 0.181780
vt 0.094411 0.206316
vt 0.092349 0.202531
vt 0.096523 0.194724
vt 0.097469 0.178908
vt 0.099463 0.187830
vt 0.098973 0.210068
vt 0.099598 0.206418
vt 0.100155 0.207685
vt 0.101566 0.205623
vt 0.102724 0.202565
vt 0.017349 0.152231
vt 0.016064 0.155003
vt 0.015680 0.153935
vt 0.014093 0.156273
vt 0.013308 0.159746
vt 0.012774 0.158944
vt 0.098077 0.208513
vt 0.099395 0.205877
vt 0.100950 0.203612
vt 0.014561 0.157241
vt 0.013425 0.159913
vt 0.016147 0.155237
vt 0.121955 0.193982
vt 0.117961 0.178721
vt 0.117521 0.170210
vt 0.124939 0.188862
vt 0.018518 0.163152
vt 0.099226 0.205437
vt 0.014847 0.213486
vt 0.014576 0.212805
vt 0.013004 0.215496
vt 0.014031 0.214664
vt 0.013355 0.215994
vt 0.017316 0.166626
vt 0.017675 0.164438
vt 0.018000 0.165256
vt 0.018802 0.164087
vt 0.014171 0.218447
vt 0.015241 0.216307
vt 0.015322 0.216502
vt 0.014941 0.219566
vt 0.014268 0.218609
vt 0.016887 0.216729
vt 0.015971 0.218318
vt 0.015176 0.219907
vt 0.015801 0.217847
vt 0.047177 0.161227
vt 0.048203 0.155634
vt 0.048913 0.157951
vt 0.050650 0.153158
vt 0.096218 0.209020
vt 0.016882 0.165941
vt 0.012323 0.162919
vt 0.097942 0.212906
vt 0.098314 0.208952
vt 0.012206 0.162752
vt 0.096945 0.211622
vt 0.101119 0.204221
vt 0.014644 0.157475
vt 0.096725 0.211318
vt 0.012761 0.217626
vt 0.013717 0.214037
vt 0.012371 0.217247
vt 0.016715 0.168262
vt 0.016247 0.167644
vt 0.111891 0.210424
vt 0.113807 0.214256
vt 0.068423 0.223992
vt 0.069471 0.216252
vt 0.069251 0.224194
vt 0.068626 0.215880
vt 0.070079 0.208412
vt 0.069268 0.207837
vt 0.071110 0.200706
vt 0.071177 0.224194
vt 0.071380 0.216658
vt 0.072985 0.201923
vt 0.072005 0.209223
vt 0.067747 0.215745
vt 0.067528 0.224025
vt 0.068389 0.207567
vt 0.069471 0.199557
vt 0.071803 0.215948
vt 0.072428 0.209425
vt 0.094309 0.217807
vt 0.094934 0.222268
vt 0.093853 0.223518
vt 0.077446 0.204829
vt 0.073408 0.202193
vt 0.076415 0.211893
vt 0.081434 0.207431
vt 0.090524 0.213346
vt 0.081839 0.215982
vt 0.085928 0.210912
vt 0.085624 0.216827
vt 0.077142 0.219801
vt 0.081400 0.208378
vt 0.081248 0.216151
vt 0.073458 0.223485
vt 0.076551 0.212771
vt 0.093295 0.223620
vt 0.089815 0.218449
vt 0.090372 0.214529
vt 0.071718 0.218010
vt 0.073154 0.224194
vt 0.071549 0.224194
vt 0.085404 0.220375
vt 0.089156 0.218348
vt 0.087905 0.220882
vt 0.083157 0.219970
vt 0.085573 0.217367
vt 0.080166 0.221862
vt 0.081197 0.216725
vt 0.082785 0.220037
vt 0.088243 0.221186
vt 0.091302 0.223654
vt 0.089341 0.223552
vt 0.077767 0.223721
vt 0.077193 0.220308
vt 0.291951 0.970825
vt 0.294064 0.970181
vt 0.291951 0.970181
vt 0.294064 0.970825
vt 0.296173 0.970181
vt 0.115385 0.218635
vt 0.120863 0.224211
vt 0.115825 0.224146
vt 0.121841 0.223559
vt 0.121140 0.214852
vt 0.120178 0.215471
vt 0.294064 0.972580
vt 0.291951 0.972580
vt 0.296173 0.972580
vt 0.294064 0.987506
vt 0.291951 0.987506
vt 0.139889 0.224211
vt 0.140362 0.213548
vt 0.140729 0.227765
vt 0.139547 0.223559
vt 0.139131 0.213939
vt 0.138520 0.199819
vt 0.135764 0.220428
vt 0.135178 0.212113
vt 0.134395 0.206243
vt 0.089815 0.213481
vt 0.089240 0.217807
vt 0.127221 0.210906
vt 0.124205 0.218537
vt 0.123553 0.213287
vt 0.139319 0.223950
vt 0.123700 0.219124
vt 0.123113 0.213580
vt 0.071786 0.192426
vt 0.072546 0.193305
vt 0.073627 0.185160
vt 0.074337 0.186207
vt 0.076010 0.188134
vt 0.074337 0.194893
vt 0.070975 0.191851
vt 0.070316 0.199996
vt 0.072867 0.184450
vt 0.094901 0.214157
vt 0.095847 0.214765
vt 0.074743 0.195231
vt 0.078696 0.197935
vt 0.076213 0.189486
vt 0.084272 0.201010
vt 0.086097 0.209899
vt 0.082194 0.207296
vt 0.081687 0.206620
vt 0.081603 0.192358
vt 0.083850 0.200131
vt 0.079051 0.197360
vt 0.076601 0.188708
vt 0.091454 0.208378
vt 0.076686 0.187424
vt 0.088040 0.201281
vt 0.090896 0.207702
vt 0.087702 0.204221
vt 0.086097 0.199219
vt 0.084441 0.200537
vt 0.084424 0.194082
vt 0.083985 0.199625
vt 0.081789 0.192020
vt 0.090592 0.203612
vt 0.091504 0.207803
vt 0.119151 0.206993
vt 0.296173 0.970825
vt 0.296173 0.987506
vt 0.135194 0.191373
vt 0.137362 0.200716
vt 0.133303 0.200569
vt 0.090000 0.212399
vt 0.087584 0.204728
vt 0.090795 0.208209
vt 0.122526 0.208297
vt 0.125836 0.204645
vt 0.121955 0.208395
vt 0.073458 0.224904
vt 0.073577 0.223890
vt 0.073577 0.224498
vt 0.093853 0.224870
vt 0.093295 0.224735
vt 0.089696 0.218956
vt 0.090744 0.212197
vt 0.082093 0.207871
vt 0.081839 0.216523
vt 0.072022 0.216894
vt 0.091606 0.224803
vt 0.091606 0.223586
vt 0.122069 0.224700
vt 0.121792 0.224211
vt 0.122069 0.223689
vt 0.139547 0.224830
vt 0.139319 0.224439
vt 0.130939 0.208493
vt 0.131297 0.216808
vt 0.130335 0.208884
vt 0.128770 0.201384
vt 0.086013 0.210405
vt 0.082008 0.208412
vt 0.089341 0.224093
vt 0.091302 0.224735
vt 0.089916 0.212940
vt 0.085827 0.198712
vt 0.090220 0.203545
vt 0.096649 0.219243
vt 0.095543 0.222369
vt 0.095813 0.218787
vt 0.097190 0.215897
vt 0.097215 0.211994
vt 0.011622 0.162117
vt 0.011388 0.165891
vt 0.010770 0.165490
vt 0.009886 0.172938
vt 0.010821 0.169464
vt 0.010553 0.172971
vt 0.095509 0.218584
vt 0.095222 0.222268
vt 0.096404 0.215238
vt 0.096100 0.214934
vt 0.010704 0.172938
vt 0.011539 0.165991
vt 0.127939 0.217591
vt 0.129194 0.200569
vt 0.131330 0.193167
vt 0.131852 0.216972
vt 0.015780 0.169581
vt 0.095238 0.218415
vt 0.012334 0.219334
vt 0.011917 0.219096
vt 0.011431 0.223149
vt 0.012026 0.221247
vt 0.011874 0.223117
vt 0.015262 0.173756
vt 0.015980 0.171902
vt 0.015813 0.173839
vt 0.013474 0.221139
vt 0.013247 0.224155
vt 0.013604 0.221236
vt 0.014187 0.224139
vt 0.013377 0.224155
vt 0.014382 0.221723
vt 0.014641 0.221917
vt 0.014463 0.224122
vt 0.045638 0.170016
vt 0.044967 0.164503
vt 0.046032 0.165382
vt 0.046269 0.159549
vt 0.010687 0.176678
vt 0.096387 0.226070
vt 0.096387 0.222572
vt 0.010553 0.176678
vt 0.095222 0.226121
vt 0.010169 0.169231
vt 0.010971 0.169531
vt 0.094934 0.226121
vt 0.011869 0.225128
vt 0.011593 0.221106
vt 0.011447 0.225290
vt 0.015813 0.175843
vt 0.015245 0.175910
vt 0.015471 0.171635
vt 0.016281 0.169999
vt 0.115056 0.219087
vt 0.115473 0.224418
vt 0.076517 0.268839
vt 0.073627 0.262789
vt 0.074337 0.262181
vt 0.072546 0.255084
vt 0.071786 0.255557
vt 0.071110 0.247649
vt 0.078071 0.266575
vt 0.076010 0.260255
vt 0.072985 0.246432
vt 0.074337 0.253496
vt 0.075131 0.270562
vt 0.072867 0.263601
vt 0.070975 0.256233
vt 0.069471 0.248494
vt 0.076145 0.259173
vt 0.074743 0.253158
vt 0.094901 0.234232
vt 0.096725 0.237071
vt 0.096218 0.239369
vt 0.077446 0.243559
vt 0.073408 0.246162
vt 0.078696 0.250454
vt 0.081434 0.240957
vt 0.090524 0.235043
vt 0.084272 0.247378
vt 0.086097 0.238490
vt 0.087584 0.243661
vt 0.081603 0.255996
vt 0.081687 0.241768
vt 0.083850 0.248257
vt 0.079693 0.263330
vt 0.079051 0.251028
vt 0.095796 0.240112
vt 0.091454 0.240011
vt 0.090744 0.236192
vt 0.076686 0.260931
vt 0.079660 0.264243
vt 0.078375 0.266135
vt 0.088040 0.246770
vt 0.090896 0.240687
vt 0.090136 0.244438
vt 0.086165 0.248899
vt 0.087702 0.244168
vt 0.084543 0.254138
vt 0.083985 0.248764
vt 0.085911 0.249406
vt 0.090490 0.244371
vt 0.094174 0.242478
vt 0.092180 0.245520
vt 0.083377 0.258666
vt 0.081789 0.256368
vt 0.285603 0.970181
vt 0.287712 0.970825
vt 0.287712 0.970181
vt 0.289822 0.970825
vt 0.289822 0.970181
vt 0.115385 0.229624
vt 0.118173 0.240776
vt 0.114097 0.234613
vt 0.119151 0.241396
vt 0.121140 0.233537
vt 0.120178 0.232918
vt 0.287712 0.972580
vt 0.285603 0.970825
vt 0.285603 0.972580
vt 0.287712 0.987506
vt 0.285603 0.987506
vt 0.289822 0.987506
vt 0.133563 0.263114
vt 0.137077 0.255076
vt 0.133205 0.266994
vt 0.133482 0.262201
vt 0.135968 0.253950
vt 0.138422 0.241151
vt 0.131330 0.255222
vt 0.133303 0.247820
vt 0.090000 0.235989
vt 0.090795 0.240146
vt 0.127221 0.237483
vt 0.122526 0.240124
vt 0.123553 0.235102
vt 0.133172 0.262266
vt 0.121955 0.239994
vt 0.123113 0.234809
vt 0.069268 0.240112
vt 0.070079 0.239977
vt 0.069471 0.232136
vt 0.068626 0.232103
vt 0.071380 0.231731
vt 0.072005 0.239166
vt 0.068389 0.240484
vt 0.067747 0.232305
vt 0.094309 0.230548
vt 0.095238 0.229940
vt 0.072428 0.238963
vt 0.076415 0.236496
vt 0.071938 0.232576
vt 0.081839 0.232407
vt 0.085928 0.237476
vt 0.082008 0.239977
vt 0.081400 0.239977
vt 0.077142 0.228588
vt 0.081248 0.232204
vt 0.076551 0.235617
vt 0.072022 0.231494
vt 0.089815 0.229940
vt 0.071718 0.230379
vt 0.085404 0.227270
vt 0.089156 0.230041
vt 0.085557 0.230987
vt 0.083174 0.227675
vt 0.081839 0.231866
vt 0.080166 0.225783
vt 0.081197 0.231663
vt 0.077193 0.228081
vt 0.088243 0.226492
vt 0.089696 0.229433
vt 0.077767 0.223958
vt 0.121841 0.224830
vt 0.289822 0.972580
vt 0.139400 0.231059
vt 0.139620 0.241803
vt 0.134395 0.242146
vt 0.135178 0.236276
vt 0.089815 0.234908
vt 0.085624 0.231562
vt 0.089240 0.230582
vt 0.124205 0.229852
vt 0.127939 0.230798
vt 0.123700 0.229265
vt 0.080116 0.264479
vt 0.079913 0.263533
vt 0.080082 0.264006
vt 0.096607 0.240450
vt 0.096117 0.241025
vt 0.091504 0.240585
vt 0.090372 0.233860
vt 0.082093 0.240518
vt 0.084441 0.247852
vt 0.076601 0.259680
vt 0.094765 0.243052
vt 0.094411 0.242072
vt 0.119004 0.242602
vt 0.118923 0.241852
vt 0.119298 0.241755
vt 0.133091 0.263244
vt 0.133042 0.262657
vt 0.130939 0.239896
vt 0.128787 0.247037
vt 0.130335 0.239505
vt 0.131281 0.231580
vt 0.086013 0.237983
vt 0.082194 0.241092
vt 0.092366 0.246027
vt 0.094495 0.243357
vt 0.089916 0.235448
vt 0.082785 0.227608
vt 0.087905 0.226797
vt 0.097190 0.232728
vt 0.097215 0.236462
vt 0.096404 0.233252
vt 0.096649 0.229382
vt 0.095543 0.226121
vt 0.009886 0.176879
vt 0.010821 0.180185
vt 0.010186 0.180586
vt 0.011672 0.187666
vt 0.011405 0.183725
vt 0.012223 0.186898
vt 0.096100 0.233454
vt 0.096945 0.236766
vt 0.095509 0.229771
vt 0.012323 0.186731
vt 0.010954 0.180085
vt 0.125836 0.243744
vt 0.131852 0.231417
vt 0.135764 0.227961
vt 0.129194 0.247820
vt 0.015454 0.178014
vt 0.095847 0.233623
vt 0.011609 0.227333
vt 0.012020 0.227030
vt 0.012420 0.231159
vt 0.012339 0.228911
vt 0.012771 0.230619
vt 0.016731 0.181421
vt 0.015788 0.180035
vt 0.016281 0.179651
vt 0.015963 0.177780
vt 0.014171 0.229830
vt 0.013474 0.227138
vt 0.014382 0.226555
vt 0.014268 0.229668
vt 0.013604 0.227041
vt 0.015160 0.228371
vt 0.014641 0.226360
vt 0.045993 0.174729
vt 0.046230 0.180402
vt 0.044967 0.175448
vt 0.044533 0.169936
vt 0.016882 0.183758
vt 0.016264 0.182005
vt 0.097942 0.235719
vt 0.098314 0.239504
vt 0.012824 0.190839
vt 0.013409 0.189770
vt 0.095813 0.229669
vt 0.010804 0.184326
vt 0.098077 0.239876
vt 0.097857 0.240214
vt 0.013344 0.232251
vt 0.011934 0.229311
vt 0.013036 0.232878
vt 0.017316 0.183024
vt 0.115056 0.229749
vt 0.113807 0.234497
vt 0.095306 0.297802
vt 0.091792 0.293578
vt 0.091504 0.294896
vt 0.088243 0.289961
vt 0.084458 0.286785
vt 0.084914 0.285636
vt 0.092569 0.290063
vt 0.089223 0.286548
vt 0.091166 0.296349
vt 0.087449 0.292598
vt 0.083951 0.288069
vt 0.092366 0.289015
vt 0.089460 0.285838
vt 0.100206 0.246804
vt 0.102521 0.246973
vt 0.102774 0.249406
vt 0.088818 0.274855
vt 0.086317 0.281749
vt 0.091859 0.278978
vt 0.091285 0.268095
vt 0.096911 0.252617
vt 0.095475 0.269920
vt 0.094326 0.260626
vt 0.097063 0.263026
vt 0.095847 0.280059
vt 0.091741 0.268433
vt 0.095390 0.271137
vt 0.096455 0.288238
vt 0.092315 0.279045
vt 0.102656 0.250521
vt 0.099125 0.255523
vt 0.097418 0.253293
vt 0.093312 0.289826
vt 0.098415 0.264952
vt 0.098854 0.256740
vt 0.099547 0.260221
vt 0.097418 0.269211
vt 0.097300 0.263296
vt 0.097536 0.275970
vt 0.095644 0.271407
vt 0.097334 0.269988
vt 0.099851 0.259714
vt 0.102048 0.254340
vt 0.101406 0.258632
vt 0.097621 0.281546
vt 0.096100 0.280127
vt 0.281385 0.970825
vt 0.281385 0.970181
vt 0.283494 0.970825
vt 0.283494 0.970181
vt 0.115059 0.247005
vt 0.111733 0.252646
vt 0.115662 0.248635
vt 0.279276 0.972580
vt 0.281385 0.972580
vt 0.281385 0.987506
vt 0.283494 0.987506
vt 0.116999 0.287179
vt 0.122208 0.284799
vt 0.117211 0.286332
vt 0.121646 0.282582
vt 0.127401 0.275130
vt 0.117521 0.278179
vt 0.121287 0.274494
vt 0.096759 0.254002
vt 0.098635 0.256436
vt 0.119412 0.258972
vt 0.114847 0.255581
vt 0.117146 0.252744
vt 0.116950 0.286038
vt 0.114407 0.254831
vt 0.116869 0.251994
vt 0.081299 0.281681
vt 0.081822 0.280634
vt 0.078409 0.275936
vt 0.079017 0.275024
vt 0.083140 0.277727
vt 0.086063 0.282459
vt 0.080437 0.272455
vt 0.080707 0.282864
vt 0.077767 0.277018
vt 0.098652 0.244540
vt 0.099226 0.242951
vt 0.083411 0.277051
vt 0.085928 0.270360
vt 0.081146 0.272455
vt 0.089105 0.260694
vt 0.093904 0.259984
vt 0.091454 0.266608
vt 0.090980 0.267352
vt 0.084188 0.263094
vt 0.088564 0.261235
vt 0.085759 0.269481
vt 0.080876 0.271509
vt 0.094833 0.249305
vt 0.080319 0.270934
vt 0.090490 0.253631
vt 0.094326 0.250183
vt 0.091707 0.255185
vt 0.088919 0.256537
vt 0.088936 0.260221
vt 0.085945 0.258024
vt 0.088361 0.260829
vt 0.084070 0.262654
vt 0.092383 0.249643
vt 0.094579 0.249034
vt 0.083461 0.258903
vt 0.112108 0.238559
vt 0.118776 0.242407
vt 0.283494 0.972580
vt 0.131151 0.268103
vt 0.128167 0.277054
vt 0.123847 0.271168
vt 0.126211 0.267353
vt 0.096303 0.253326
vt 0.091910 0.255557
vt 0.094563 0.250521
vt 0.119216 0.249255
vt 0.121972 0.254440
vt 0.118988 0.248179
vt 0.096692 0.288136
vt 0.099328 0.255929
vt 0.096421 0.251840
vt 0.091690 0.266946
vt 0.095745 0.270123
vt 0.092873 0.288914
vt 0.102115 0.253732
vt 0.111407 0.252744
vt 0.111749 0.253135
vt 0.121711 0.265331
vt 0.117863 0.268559
vt 0.121336 0.264288
vt 0.124417 0.258972
vt 0.094123 0.260288
vt 0.091927 0.267284
vt 0.101727 0.258869
vt 0.096523 0.253664
vt 0.088598 0.256909
vt 0.092231 0.250319
vt 0.101566 0.243002
vt 0.102724 0.245891
vt 0.101119 0.244269
vt 0.098973 0.238575
vt 0.099598 0.242072
vt 0.014143 0.193510
vt 0.013308 0.189904
vt 0.014544 0.192442
vt 0.017433 0.197518
vt 0.016064 0.194613
vt 0.017650 0.196249
vt 0.100950 0.244776
vt 0.102605 0.246432
vt 0.099395 0.242512
vt 0.017683 0.195948
vt 0.014628 0.192208
vt 0.116445 0.262429
vt 0.124939 0.259527
vt 0.129113 0.261320
vt 0.117961 0.269668
vt 0.017650 0.185261
vt 0.100781 0.245215
vt 0.013766 0.234337
vt 0.014014 0.233635
vt 0.015549 0.236510
vt 0.014830 0.234802
vt 0.015690 0.235656
vt 0.019687 0.186464
vt 0.018526 0.186480
vt 0.018802 0.185562
vt 0.015241 0.231970
vt 0.015322 0.231776
vt 0.014941 0.228727
vt 0.015801 0.230430
vt 0.015971 0.229960
vt 0.048834 0.182160
vt 0.048203 0.184317
vt 0.047098 0.178884
vt 0.019487 0.187482
vt 0.103062 0.244540
vt 0.100155 0.240957
vt 0.015746 0.195815
vt 0.016147 0.194379
vt 0.014641 0.235570
vt 0.016571 0.237126
vt 0.111891 0.238329
vt 0.462023 0.732150
vt 0.436790 0.194076
vt 0.470451 0.194076
vt 0.478878 0.732150
vt 0.495631 0.732150
vt 0.504059 0.194076
vt 0.512487 0.732150
vt 0.436790 0.090826
vt 0.470451 0.011143
vt 0.470451 0.090826
vt 0.504059 0.090826
vt 0.445167 0.843741
vt 0.462023 0.889679
vt 0.445167 0.889679
vt 0.462023 0.843741
vt 0.478878 0.889679
vt 0.478878 0.843741
vt 0.495631 0.889679
vt 0.445167 0.938359
vt 0.478878 0.938359
vt 0.462023 0.938359
vt 0.445167 0.797804
vt 0.445167 0.732150
vt 0.478878 0.797804
vt 0.495631 0.797804
vt 0.462023 0.797804
vt 0.338356 0.940469
vt 0.336247 0.940095
vt 0.336247 0.940469
vt 0.339938 0.940469
vt 0.338356 0.940095
vt 0.537720 0.194076
vt 0.529343 0.732150
vt 0.546096 0.732150
vt 0.504059 0.011143
vt 0.537720 0.090826
vt 0.512487 0.843741
vt 0.512487 0.889679
vt 0.529343 0.843741
vt 0.529343 0.889679
vt 0.546096 0.889679
vt 0.512487 0.938359
vt 0.495631 0.938359
vt 0.546096 0.938359
vt 0.529343 0.938359
vt 0.512487 0.797804
vt 0.529343 0.797804
vt 0.546096 0.797804
vt 0.279276 0.940469
vt 0.277167 0.940095
vt 0.277167 0.940469
vt 0.344340 0.732150
vt 0.369521 0.194076
vt 0.361093 0.732150
vt 0.377949 0.732150
vt 0.394805 0.732150
vt 0.403181 0.194076
vt 0.411558 0.732150
vt 0.335912 0.011143
vt 0.369521 0.090826
vt 0.335912 0.090826
vt 0.369521 0.011143
vt 0.403181 0.090826
vt 0.344340 0.843741
vt 0.361093 0.889679
vt 0.344340 0.889679
vt 0.361093 0.843741
vt 0.377949 0.889679
vt 0.394805 0.843741
vt 0.394805 0.889679
vt 0.344340 0.938359
vt 0.361093 0.938359
vt 0.394805 0.938359
vt 0.377949 0.938359
vt 0.335912 0.194076
vt 0.361093 0.797804
vt 0.377949 0.797804
vt 0.344340 0.797804
vt 0.394805 0.797804
vt 0.332029 0.940469
vt 0.329920 0.940095
vt 0.329920 0.940469
vt 0.334138 0.940469
vt 0.332029 0.940095
vt 0.428414 0.732150
vt 0.436790 0.011143
vt 0.411558 0.843741
vt 0.411558 0.889679
vt 0.428414 0.889679
vt 0.411558 0.938359
vt 0.428414 0.938359
vt 0.411558 0.797804
vt 0.428414 0.797804
vt 0.428414 0.843741
vt 0.334138 0.940095
vt 0.243410 0.732149
vt 0.268643 0.194075
vt 0.260266 0.732149
vt 0.277019 0.732149
vt 0.293875 0.732150
vt 0.302252 0.194075
vt 0.310628 0.732150
vt 0.234982 0.011143
vt 0.268643 0.090826
vt 0.234982 0.090826
vt 0.268643 0.011143
vt 0.302252 0.090826
vt 0.243410 0.843741
vt 0.260266 0.889678
vt 0.243410 0.889678
vt 0.260266 0.843741
vt 0.277019 0.889678
vt 0.293875 0.843741
vt 0.293875 0.889679
vt 0.243410 0.938358
vt 0.277019 0.938358
vt 0.260266 0.938358
vt 0.293875 0.938359
vt 0.234982 0.194075
vt 0.260266 0.797803
vt 0.277019 0.797803
vt 0.243410 0.797803
vt 0.293875 0.797804
vt 0.277019 0.843741
vt 0.325701 0.940469
vt 0.323592 0.940095
vt 0.323592 0.940469
vt 0.327811 0.940095
vt 0.325701 0.940095
vt 0.327484 0.732150
vt 0.302252 0.011143
vt 0.310628 0.843741
vt 0.310628 0.889679
vt 0.327484 0.889679
vt 0.327484 0.843741
vt 0.310628 0.938359
vt 0.327484 0.938359
vt 0.327484 0.797804
vt 0.310628 0.797804
vt 0.327811 0.940469
vt 0.159337 0.732149
vt 0.134105 0.194075
vt 0.167713 0.194075
vt 0.176090 0.732149
vt 0.201373 0.194075
vt 0.192946 0.732149
vt 0.209801 0.732149
vt 0.134105 0.090825
vt 0.167713 0.011143
vt 0.167713 0.090825
vt 0.201373 0.011143
vt 0.201373 0.090825
vt 0.142481 0.889678
vt 0.159337 0.843741
vt 0.159337 0.889678
vt 0.176090 0.843741
vt 0.176090 0.889678
vt 0.192946 0.889678
vt 0.159337 0.938358
vt 0.142481 0.938358
vt 0.176090 0.938358
vt 0.192946 0.938358
vt 0.142481 0.797803
vt 0.142481 0.732149
vt 0.176090 0.797803
vt 0.192946 0.797803
vt 0.159337 0.797803
vt 0.319374 0.940469
vt 0.317265 0.940095
vt 0.317265 0.940469
vt 0.321483 0.940469
vt 0.319374 0.940095
vt 0.226555 0.732149
vt 0.209801 0.843741
vt 0.209801 0.889678
vt 0.226555 0.843741
vt 0.226554 0.889678
vt 0.209801 0.938358
vt 0.226554 0.938358
vt 0.209801 0.797803
vt 0.226555 0.797803
vt 0.321483 0.940095
vt 0.041551 0.732149
vt 0.066835 0.194075
vt 0.058407 0.732149
vt 0.075263 0.732149
vt 0.092016 0.732149
vt 0.100444 0.194075
vt 0.108872 0.732149
vt 0.033175 0.090825
vt 0.066835 0.011143
vt 0.066835 0.090825
vt 0.100444 0.011143
vt 0.100444 0.090825
vt 0.041551 0.843741
vt 0.058407 0.889678
vt 0.041551 0.889678
vt 0.075263 0.843741
vt 0.075263 0.889678
vt 0.092016 0.843741
vt 0.092016 0.889678
vt 0.058407 0.938358
vt 0.041551 0.938358
vt 0.075263 0.938358
vt 0.092016 0.938358
vt 0.033175 0.194075
vt 0.058407 0.797803
vt 0.075263 0.797803
vt 0.092016 0.797803
vt 0.041551 0.797803
vt 0.058407 0.843741
vt 0.310937 0.940469
vt 0.313047 0.940095
vt 0.310937 0.940095
vt 0.313047 0.940469
vt 0.315156 0.940095
vt 0.125728 0.732149
vt 0.134105 0.011143
vt 0.108872 0.889678
vt 0.108872 0.843741
vt 0.125728 0.889678
vt 0.125728 0.843741
vt 0.125728 0.938358
vt 0.108872 0.938358
vt 0.108872 0.797803
vt 0.125728 0.797803
vt 0.315156 0.940469
vt 0.949403 0.732150
vt 0.972888 0.194076
vt 0.965334 0.732150
vt 0.980443 0.732150
vt 1.000038 0.194077
vt 0.995140 0.732150
vt 0.008148 0.732149
vt -0.007988 0.732149
vt 0.000080 0.194075
vt 0.941130 0.090826
vt 0.972888 0.011143
vt 0.972888 0.090826
vt 1.000038 0.090826
vt 0.949403 0.889679
vt 0.965334 0.843741
vt 0.965334 0.889679
vt 0.980443 0.889679
vt 0.980443 0.843741
vt 0.995140 0.889679
vt 0.965334 0.938359
vt 0.949403 0.938359
vt 0.980443 0.938359
vt 0.941130 0.194076
vt 0.965334 0.797804
vt 0.980443 0.797804
vt 0.949403 0.797804
vt 0.995140 0.797804
vt 0.306719 0.940469
vt 0.304610 0.940095
vt 0.304610 0.940469
vt 0.308828 0.940095
vt 0.306719 0.940095
vt 0.024798 0.732149
vt 0.000080 0.090825
vt 0.033175 0.011143
vt -0.007988 0.889678
vt 0.008148 0.843741
vt 0.008148 0.889678
vt 0.024798 0.843741
vt 0.024798 0.889678
vt 0.008148 0.938358
vt -0.007988 0.938358
vt 0.024798 0.938358
vt -0.007988 0.797803
vt 0.008148 0.797803
vt 0.024798 0.797803
vt 0.308828 0.940469
vt 0.865638 0.732150
vt 0.840406 0.194076
vt 0.874066 0.194076
vt 0.882494 0.732150
vt 0.907675 0.194076
vt 0.899247 0.732150
vt 0.916103 0.732150
vt 0.840406 0.011143
vt 0.874066 0.090826
vt 0.840406 0.090826
vt 0.874066 0.011143
vt 0.907675 0.090826
vt 0.848782 0.889679
vt 0.865638 0.843741
vt 0.865638 0.889679
vt 0.882494 0.843741
vt 0.882494 0.889679
vt 0.899247 0.889679
vt 0.848782 0.938359
vt 0.865638 0.938359
vt 0.899247 0.938359
vt 0.882494 0.938359
vt 0.848782 0.797804
vt 0.848782 0.732150
vt 0.865638 0.797804
vt 0.882494 0.797804
vt 0.899247 0.843741
vt 0.899247 0.797804
vt 0.298282 0.940469
vt 0.300392 0.940095
vt 0.298282 0.940095
vt 0.302501 0.940469
vt 0.300392 0.940469
vt 0.932856 0.732150
vt 0.907675 0.011143
vt 0.916103 0.843741
vt 0.916103 0.889679
vt 0.932856 0.843741
vt 0.932856 0.889679
vt 0.949403 0.843741
vt 0.916103 0.938359
vt 0.932856 0.938359
vt 0.932856 0.797804
vt 0.916103 0.797804
vt 0.302501 0.940095
vt 0.747955 0.732150
vt 0.773136 0.194076
vt 0.764708 0.732150
vt 0.781564 0.732150
vt 0.798420 0.732150
vt 0.806797 0.194076
vt 0.815173 0.732150
vt 0.739527 0.090826
vt 0.773136 0.011143
vt 0.773136 0.090826
vt 0.806797 0.011143
vt 0.806797 0.090826
vt 0.747955 0.843741
vt 0.764708 0.889679
vt 0.747955 0.889679
vt 0.764708 0.843741
vt 0.781564 0.889679
vt 0.798420 0.843741
vt 0.798420 0.889679
vt 0.747955 0.938359
vt 0.781564 0.938359
vt 0.764708 0.938359
vt 0.798420 0.938359
vt 0.739527 0.194076
vt 0.764708 0.797804
vt 0.781564 0.797804
vt 0.747955 0.797804
vt 0.798420 0.797804
vt 0.781564 0.843741
vt 0.294064 0.940469
vt 0.291951 0.940095
vt 0.291951 0.940469
vt 0.296173 0.940469
vt 0.294064 0.940095
vt 0.832029 0.732150
vt 0.815173 0.843741
vt 0.815173 0.889679
vt 0.832029 0.889679
vt 0.832029 0.843741
vt 0.815173 0.938359
vt 0.832029 0.938359
vt 0.815173 0.797804
vt 0.832029 0.797804
vt 0.296173 0.940095
vt 0.663882 0.732150
vt 0.638598 0.194076
vt 0.672258 0.194076
vt 0.680635 0.732150
vt 0.705867 0.194076
vt 0.697491 0.732150
vt 0.714244 0.732150
vt 0.638598 0.011143
vt 0.672258 0.090826
vt 0.638598 0.090826
vt 0.672258 0.011143
vt 0.705867 0.090826
vt 0.647026 0.889678
vt 0.663882 0.843741
vt 0.663882 0.889678
vt 0.680635 0.843741
vt 0.680635 0.889678
vt 0.697491 0.889679
vt 0.663882 0.938359
vt 0.647026 0.938359
vt 0.680635 0.938359
vt 0.697491 0.938359
vt 0.647026 0.797803
vt 0.647026 0.732149
vt 0.663882 0.797803
vt 0.697491 0.797804
vt 0.680635 0.797803
vt 0.285603 0.940469
vt 0.287712 0.940095
vt 0.285603 0.940095
vt 0.289822 0.940469
vt 0.287712 0.940469
vt 0.731099 0.732150
vt 0.739527 0.011143
vt 0.697491 0.843741
vt 0.714244 0.889679
vt 0.714244 0.843741
vt 0.731099 0.889679
vt 0.714244 0.938359
vt 0.731099 0.938359
vt 0.714244 0.797804
vt 0.731099 0.797804
vt 0.731099 0.843741
vt 0.289822 0.940095
vt 0.562952 0.732150
vt 0.571329 0.194076
vt 0.579705 0.732150
vt 0.604989 0.194076
vt 0.596561 0.732150
vt 0.613417 0.732150
vt 0.571329 0.011143
vt 0.571329 0.090826
vt 0.604989 0.011143
vt 0.604989 0.090826
vt 0.546096 0.843741
vt 0.562952 0.889679
vt 0.562952 0.843741
vt 0.579705 0.889679
vt 0.579705 0.843741
vt 0.596561 0.889679
vt 0.562952 0.938359
vt 0.579705 0.938359
vt 0.562952 0.797804
vt 0.596561 0.797804
vt 0.579705 0.797804
vt 0.281385 0.940095
vt 0.279276 0.940095
vt 0.281385 0.940469
vt 0.283494 0.940095
vt 0.630170 0.732149
vt 0.613417 0.843741
vt 0.613417 0.889679
vt 0.630170 0.843741
vt 0.630170 0.889678
vt 0.647026 0.843741
vt 0.596561 0.938359
vt 0.630170 0.938359
vt 0.613417 0.938359
vt 0.613417 0.797804
vt 0.630170 0.797803
vt 0.596561 0.843741
vt 0.283494 0.940469
vt 0.887414 0.595795
vt 0.882118 0.600728
vt 0.881683 0.596955
vt 0.877112 0.603920
vt 0.876242 0.600438
vt 0.872470 0.609289
vt 0.871309 0.606242
vt 0.868552 0.616399
vt 0.867029 0.613932
vt 0.865433 0.624959
vt 0.863619 0.623218
vt 0.863257 0.634681
vt 0.861298 0.633665
vt 0.860137 0.644838
vt 0.862168 0.645128
vt 0.862168 0.655720
vt 0.860137 0.656301
vt 0.863257 0.666167
vt 0.861298 0.667473
vt 0.865433 0.675889
vt 0.863619 0.677920
vt 0.868552 0.684450
vt 0.867029 0.687207
vt 0.872470 0.691560
vt 0.871309 0.694897
vt 0.876242 0.700556
vt 0.877112 0.696783
vt 0.881683 0.704183
vt 0.882118 0.700120
vt 0.887414 0.705344
vt 0.887414 0.701281
vt 0.893145 0.704183
vt 0.892709 0.700120
vt 0.897788 0.696783
vt 0.898585 0.700556
vt 0.903591 0.694897
vt 0.902358 0.691560
vt 0.907871 0.687207
vt 0.906275 0.684450
vt 0.911208 0.677920
vt 0.909467 0.675889
vt 0.913530 0.667473
vt 0.911571 0.666167
vt 0.914763 0.656301
vt 0.912732 0.655720
vt 0.914763 0.644838
vt 0.912732 0.645128
vt 0.913530 0.633665
vt 0.911571 0.634681
vt 0.911208 0.623218
vt 0.909467 0.624959
vt 0.907871 0.613932
vt 0.906275 0.616399
vt 0.903591 0.606242
vt 0.902358 0.609289
vt 0.898585 0.600438
vt 0.897788 0.603920
vt 0.893145 0.596955
vt 0.892709 0.600728
vt 0.887414 0.599567
vt 0.887414 0.600583
vt 0.884077 0.618865
vt 0.882263 0.601599
vt 0.877258 0.604791
vt 0.877910 0.624234
vt 0.872760 0.610014
vt 0.875371 0.628877
vt 0.868842 0.616979
vt 0.865796 0.625540
vt 0.872034 0.640485
vt 0.863692 0.634971
vt 0.862604 0.645273
vt 0.871309 0.653834
vt 0.862604 0.655720
vt 0.872034 0.660509
vt 0.863692 0.665877
vt 0.865796 0.675454
vt 0.875371 0.672116
vt 0.868842 0.683869
vt 0.872760 0.690834
vt 0.877910 0.676614
vt 0.877258 0.696058
vt 0.884077 0.682128
vt 0.882263 0.699395
vt 0.887414 0.700411
vt 0.890823 0.682128
vt 0.892637 0.699395
vt 0.897570 0.696058
vt 0.896917 0.676614
vt 0.902140 0.690834
vt 0.905985 0.683869
vt 0.899456 0.672116
vt 0.909032 0.675454
vt 0.901415 0.666603
vt 0.911208 0.665877
vt 0.903518 0.653834
vt 0.912296 0.655720
vt 0.912296 0.645273
vt 0.903518 0.647160
vt 0.911208 0.634971
vt 0.901415 0.634246
vt 0.909032 0.625540
vt 0.899456 0.628877
vt 0.905985 0.616979
vt 0.896917 0.624234
vt 0.902140 0.610014
vt 0.897570 0.604791
vt 0.890823 0.618865
vt 0.892637 0.601599
vt 0.842698 0.669891
vt 0.844500 0.665575
vt 0.844500 0.669594
vt 0.840145 0.667361
vt 0.842248 0.666021
vt 0.839395 0.672868
vt 0.840971 0.671082
vt 0.838043 0.675250
vt 0.838193 0.669594
vt 0.836992 0.678078
vt 0.836542 0.672571
vt 0.834365 0.680311
vt 0.835265 0.676143
vt 0.836241 0.681502
vt 0.833839 0.684627
vt 0.835866 0.688498
vt 0.835866 0.684925
vt 0.836241 0.692070
vt 0.833839 0.688944
vt 0.836917 0.695345
vt 0.834289 0.693410
vt 0.836542 0.701001
vt 0.835265 0.697428
vt 0.838043 0.698321
vt 0.838193 0.703978
vt 0.839395 0.700703
vt 0.840145 0.706210
vt 0.842698 0.703680
vt 0.840971 0.702489
vt 0.844500 0.707997
vt 0.842248 0.707550
vt 0.846302 0.703680
vt 0.844500 0.704127
vt 0.848028 0.702638
vt 0.846677 0.707550
vt 0.849605 0.700852
vt 0.848854 0.706210
vt 0.850956 0.698470
vt 0.850806 0.703978
vt 0.853734 0.697428
vt 0.852458 0.701001
vt 0.852008 0.695493
vt 0.854635 0.693410
vt 0.853134 0.688646
vt 0.852758 0.692219
vt 0.855161 0.684627
vt 0.855161 0.689093
vt 0.853134 0.685074
vt 0.854635 0.680311
vt 0.852082 0.678227
vt 0.852758 0.681502
vt 0.850956 0.675250
vt 0.853734 0.676292
vt 0.850806 0.669743
vt 0.852458 0.672720
vt 0.849605 0.672868
vt 0.848854 0.667510
vt 0.848028 0.671082
vt 0.846752 0.666170
vt 0.846302 0.669891
vt 0.844500 0.686860
vt 0.844500 0.663193
vt 0.841872 0.663044
vt 0.844425 0.662598
vt 0.842022 0.663640
vt 0.839470 0.664682
vt 0.839620 0.664980
vt 0.837217 0.667212
vt 0.835566 0.670933
vt 0.835340 0.670636
vt 0.833839 0.674655
vt 0.833088 0.679418
vt 0.832788 0.679418
vt 0.832563 0.684330
vt 0.832262 0.684330
vt 0.832563 0.689391
vt 0.832262 0.689391
vt 0.832863 0.694452
vt 0.833088 0.694154
vt 0.833914 0.699066
vt 0.835566 0.702787
vt 0.835416 0.703233
vt 0.837292 0.706508
vt 0.839620 0.708592
vt 0.839545 0.709039
vt 0.842022 0.710081
vt 0.842022 0.710676
vt 0.844500 0.710676
vt 0.844575 0.711122
vt 0.846977 0.710081
vt 0.847128 0.710676
vt 0.849380 0.708592
vt 0.849530 0.709039
vt 0.851782 0.706508
vt 0.851557 0.706062
vt 0.853659 0.703085
vt 0.853434 0.702787
vt 0.855161 0.698917
vt 0.854935 0.698768
vt 0.856212 0.694303
vt 0.856437 0.689242
vt 0.856737 0.689242
vt 0.856437 0.684330
vt 0.856737 0.684181
vt 0.855986 0.679418
vt 0.856137 0.679120
vt 0.854935 0.674803
vt 0.855086 0.674506
vt 0.853434 0.670785
vt 0.853584 0.670487
vt 0.851557 0.667510
vt 0.851707 0.667063
vt 0.849380 0.664980
vt 0.849455 0.664533
vt 0.846977 0.663044
vt 0.846977 0.663491
vt 0.841947 0.663640
vt 0.839545 0.665128
vt 0.837443 0.667659
vt 0.835566 0.671082
vt 0.834064 0.675101
vt 0.833088 0.679567
vt 0.832563 0.684479
vt 0.833163 0.694303
vt 0.834139 0.698768
vt 0.835641 0.702787
vt 0.837518 0.706062
vt 0.839695 0.708592
vt 0.842097 0.710081
vt 0.844575 0.710527
vt 0.847052 0.710081
vt 0.849455 0.708443
vt 0.851557 0.705913
vt 0.853434 0.702638
vt 0.854935 0.698619
vt 0.855911 0.694005
vt 0.856437 0.684181
vt 0.855911 0.679418
vt 0.854860 0.674803
vt 0.853359 0.670785
vt 0.851482 0.667510
vt 0.849305 0.665128
vt 0.844500 0.663044
vt 0.887361 0.601126
vt 0.892652 0.602118
vt 0.887361 0.650734
vt 0.897447 0.605425
vt 0.902077 0.610386
vt 0.905880 0.617331
vt 0.908856 0.625930
vt 0.911005 0.635190
vt 0.912163 0.645442
vt 0.912163 0.655695
vt 0.911005 0.665947
vt 0.908856 0.675538
vt 0.905880 0.683806
vt 0.902077 0.690751
vt 0.897447 0.696043
vt 0.892652 0.699350
vt 0.887361 0.700342
vt 0.882235 0.699350
vt 0.877274 0.696043
vt 0.872810 0.690751
vt 0.869007 0.683806
vt 0.865865 0.675538
vt 0.863881 0.665947
vt 0.862724 0.655695
vt 0.862724 0.645442
vt 0.863881 0.635190
vt 0.865865 0.625930
vt 0.869007 0.617331
vt 0.872810 0.610386
vt 0.877274 0.605425
vt 0.882235 0.602118
vt 0.837443 0.667510
vt 0.834064 0.674952
vt 0.834064 0.698768
vt 0.837443 0.706062
vt 0.855911 0.694154
vt 0.339938 0.987506
vt 0.019420 0.197384
vt 0.144341 0.247987
vt 0.028386 0.175810
vt 0.024512 0.163186
vt 0.111392 0.146801
vt 0.075858 0.178367
vt 0.087871 0.156771
vt 0.075858 0.269616
vt 0.070316 0.247987
vt 0.011539 0.183658
vt 0.087871 0.291212
vt 0.018000 0.184426
vt 0.495631 0.843741
vt 0.339938 0.940095
vt 0.537720 0.011143
vt 0.403181 0.011143
vt 0.377949 0.843741
vt 0.142481 0.843741
vt 0.192946 0.843741
vt 0.941130 0.011143
vt 1.000038 0.011144
vt 0.995140 0.843741
vt 0.995140 0.938359
vt 0.000080 0.011143
vt -0.007988 0.843741
vt 0.848782 0.843741
vt 0.705867 0.011143
vt 0.887414 0.618140
vt 0.880812 0.620897
vt 0.873413 0.634246
vt 0.871309 0.647160
vt 0.873413 0.666603
vt 0.880812 0.680097
vt 0.887414 0.682854
vt 0.894015 0.680097
vt 0.902793 0.660509
vt 0.902793 0.640485
vt 0.894015 0.620897
s 1
g off
usemtl car_body
f 282/1/1 10/2/2 283/3/3
f 10/2/2 8/4/4 11/5/5
f 11/5/5 9/6/6 12/7/7
f 283/3/8 82/8/9 293/9/10
f 11/5/11 82/8/9 10/2/12
f 11/5/11 107/10/13 106/11/14
f 2154/12/15 282/1/16 284/13/17
f 2155/14/18 7/15/19 2154/12/15
f 9/6/20 2155/14/18 2156/16/20
f 119/17/21 106/11/14 116/18/22
f 14/19/23 141/20/24 64/21/25
f 13/22/26 116/18/22 117/23/27
f 15/24/28 13/22/26 115/25/29
f 72/26/30 14/19/23 64/21/25
f 19/27/31 18/28/32 91/29/33
f 20/30/34 77/31/35 80/32/36
f 61/33/37 65/34/38 20/30/34
f 63/35/39 16/36/40 17/37/41
f 21/38/42 289/39/43 286/40/44
f 39/41/45 67/42/46 90/43/47
f 38/44/48 41/45/49 39/41/45
f 35/46/50 79/47/51 89/48/52
f 40/49/53 84/50/54 87/51/55
f 34/52/56 81/53/57 35/46/50
f 209/54/58 130/55/59 2157/56/60
f 130/55/59 2158/57/61 2157/56/60
f 3/58/62 25/59/63 2/60/64
f 86/61/65 2/60/64 27/62/66
f 27/62/66 2/60/64 25/59/63
f 28/63/67 210/64/68 211/65/69
f 28/63/67 24/66/70 130/55/71
f 30/67/72 211/65/73 212/68/73
f 30/67/72 29/69/74 28/63/72
f 296/70/75 30/71/76 212/72/77
f 88/73/78 32/74/79 30/71/76
f 32/74/79 31/75/80 30/71/76
f 35/76/81 36/77/82 32/74/79
f 37/78/83 32/74/79 36/77/82
f 91/29/33 69/79/84 68/80/85
f 42/81/86 90/82/87 121/83/88
f 34/84/89 32/74/79 88/73/78
f 40/85/90 86/61/65 27/62/66
f 40/85/90 27/62/66 122/86/91
f 9/6/6 45/87/92 12/7/7
f 43/88/93 46/89/94 45/87/92
f 44/90/95 1645/91/96 46/89/94
f 45/87/97 107/10/13 12/7/98
f 45/87/97 53/92/99 108/93/100
f 46/89/101 1657/94/102 53/92/99
f 47/95/103 9/6/20 2156/16/20
f 2159/96/104 43/88/105 47/95/103
f 2215/97/106 44/90/107 2159/96/104
f 143/98/108 1650/99/109 144/100/110
f 1643/101/111 143/98/108 72/26/30
f 118/102/112 13/22/26 117/23/27
f 13/22/26 52/103/113 115/25/29
f 52/103/113 118/102/112 120/104/114
f 95/105/115 73/106/116 75/107/117
f 74/108/118 99/109/119 49/110/120
f 1642/111/121 100/112/122 102/113/123
f 1655/114/124 98/115/125 1656/116/126
f 101/117/127 1647/118/128 1653/119/129
f 60/120/130 96/121/131 92/122/132
f 124/123/133 92/122/132 94/124/134
f 59/125/135 93/126/136 51/127/137
f 104/128/138 1646/129/139 97/130/140
f 1662/131/141 51/127/137 1654/132/142
f 2158/133/61 54/134/143 2160/135/144
f 1652/136/145 25/59/63 26/137/146
f 1651/138/147 1648/139/148 25/59/63
f 1648/139/148 27/62/66 25/59/63
f 29/140/149 54/134/150 24/141/70
f 56/142/151 29/140/74 31/143/74
f 57/144/152 31/75/80 33/145/153
f 1661/146/154 56/147/155 57/144/152
f 37/78/83 58/148/156 33/145/153
f 58/148/156 57/144/152 33/145/153
f 70/149/157 48/150/158 50/151/159
f 42/81/86 105/152/160 60/153/161
f 57/144/152 1662/154/162 1661/146/154
f 27/62/66 1659/155/163 122/86/91
f 1659/155/163 104/156/164 122/86/91
f 1/157/165 61/33/37 62/158/166
f 1/157/165 62/158/166 4/159/167
f 63/35/39 291/160/168 290/161/169
f 67/42/46 16/36/40 66/162/170
f 72/26/30 70/149/157 71/163/171
f 114/164/172 74/108/118 75/107/117
f 79/47/51 19/27/31 78/165/173
f 83/166/174 82/8/9 119/17/21
f 292/167/175 84/50/54 85/168/176
f 287/169/177 295/170/178 86/61/65
f 287/169/177 86/61/65 87/171/179
f 34/84/89 296/70/75 297/172/180
f 34/84/89 297/172/180 298/173/181
f 125/174/182 38/175/183 123/176/184
f 90/82/87 122/86/91 121/83/88
f 95/105/115 93/126/136 94/124/134
f 98/115/125 96/121/131 97/130/140
f 102/113/123 53/92/99 101/117/127
f 124/177/185 125/174/182 123/176/184
f 122/86/91 105/152/160 121/83/88
f 298/178/186 62/158/166 34/52/56
f 41/45/49 68/80/85 67/42/46
f 68/80/85 17/37/41 16/36/40
f 114/164/172 73/106/116 113/179/187
f 80/32/36 76/180/188 19/27/31
f 78/165/173 91/29/33 41/45/49
f 77/31/35 15/24/28 115/25/29
f 81/53/57 80/32/36 79/47/51
f 21/38/42 61/33/37 289/39/43
f 62/158/166 20/30/34 81/53/57
f 66/162/170 85/168/176 84/50/54
f 292/167/175 63/35/39 290/161/169
f 64/21/25 17/37/41 72/26/30
f 21/38/42 293/9/10 82/8/9
f 66/162/170 90/43/47 67/42/46
f 78/165/173 89/48/52 79/47/51
f 87/51/55 285/181/189 287/182/190
f 112/183/191 73/106/116 70/149/157
f 101/117/127 1657/94/102 1647/118/128
f 48/150/158 94/124/134 92/122/132
f 49/110/120 51/127/137 93/126/136
f 75/107/117 49/110/120 95/105/115
f 71/163/171 50/151/159 98/115/125
f 1642/111/121 101/117/127 1653/119/129
f 1656/116/126 97/130/140 1646/129/139
f 99/109/119 1654/132/142 51/127/137
f 103/184/192 94/124/134 93/126/136
f 105/185/193 97/130/140 96/121/131
f 102/113/123 52/103/113 120/104/114
f 52/103/113 74/108/118 115/25/29
f 71/163/171 1643/101/111 72/26/30
f 50/151/159 92/122/132 96/121/131
f 106/11/14 117/23/27 116/18/22
f 108/93/100 117/23/27 107/10/13
f 108/93/100 120/104/114 118/102/112
f 109/186/194 142/187/195 110/188/196
f 145/189/197 1665/190/198 1663/191/199
f 1663/192/200 147/193/201 145/194/202
f 5/195/203 111/196/204 6/197/205
f 150/198/206 142/187/195 128/199/207
f 1665/190/198 129/200/208 1816/201/209
f 111/196/210 126/202/211 6/197/212
f 147/193/213 1814/203/214 127/204/215
f 69/79/84 72/26/30 17/37/41
f 112/183/191 18/28/32 113/179/187
f 114/164/172 18/28/32 76/180/188
f 77/31/35 114/164/172 76/180/188
f 116/18/22 15/24/28 119/17/21
f 83/166/174 15/24/28 65/34/38
f 123/176/184 39/205/216 42/81/86
f 123/176/184 60/153/161 124/177/185
f 103/206/217 59/207/218 58/148/156
f 36/77/82 125/174/182 37/78/83
f 125/174/182 58/148/156 37/78/83
f 36/77/82 35/76/81 89/208/219
f 1818/209/220 127/204/221 1814/203/222
f 150/198/223 141/20/24 23/210/224
f 1650/99/109 129/200/225 144/100/110
f 152/211/226 1649/212/227 155/213/228
f 153/214/229 22/215/230 154/216/231
f 153/217/232 151/218/233 131/219/234
f 139/220/235 1792/221/236 152/222/237
f 154/216/238 132/223/239 310/224/240
f 155/213/241 1794/225/242 132/223/239
f 137/226/243 318/227/244 317/228/245
f 140/229/246 1800/230/247 1804/231/248
f 318/227/249 134/232/250 133/233/251
f 1796/234/252 140/229/253 1804/231/254
f 135/235/255 134/236/250 136/237/256
f 1798/238/257 134/236/250 1796/239/252
f 137/226/243 310/224/240 132/223/239
f 1800/230/247 132/223/239 1794/225/242
f 14/19/23 72/26/30 143/98/108
f 288/240/258 64/21/25 141/20/24
f 138/241/259 330/242/260 126/202/261
f 5/243/262 300/244/263 142/187/195
f 6/197/205 299/245/264 5/195/203
f 300/244/263 128/199/207 142/187/195
f 330/242/265 6/197/212 126/202/211
f 144/100/110 14/19/23 143/98/108
f 145/189/197 110/188/196 146/246/266
f 109/247/267 147/193/201 111/196/204
f 150/198/206 146/246/266 110/188/196
f 148/248/268 147/193/213 127/204/215
f 151/218/269 127/204/221 139/220/270
f 288/240/258 128/199/271 149/249/272
f 144/100/110 150/198/223 23/210/224
f 314/250/273 154/216/238 310/224/240
f 22/215/274 155/213/241 132/223/239
f 131/251/275 155/213/228 22/215/230
f 153/214/229 314/250/276 307/252/277
f 156/253/278 153/217/232 307/254/279
f 139/220/235 131/219/234 151/218/233
f 138/241/259 148/248/280 151/218/269
f 26/255/80 3/256/80 1277/257/80
f 1652/258/80 26/255/80 1277/257/80
f 463/259/281 161/260/282 164/261/283
f 161/260/282 165/262/284 164/261/283
f 162/263/285 166/264/286 165/262/284
f 164/261/287 473/265/288 463/259/289
f 165/262/290 238/266/291 164/261/287
f 166/264/292 262/267/293 165/262/290
f 2161/268/294 462/269/295 2170/270/296
f 162/263/297 2161/268/294 167/271/298
f 163/272/299 167/271/298 2162/273/300
f 275/274/301 262/267/293 272/275/302
f 169/276/303 322/277/304 220/278/305
f 168/279/306 272/275/302 273/280/307
f 170/281/308 168/279/306 271/282/309
f 228/283/310 169/276/303 220/278/305
f 174/284/311 173/285/312 247/286/313
f 175/287/314 233/288/315 236/289/316
f 217/290/317 221/291/318 175/287/314
f 219/292/319 171/293/320 172/294/321
f 176/295/322 468/296/323 465/297/324
f 195/298/325 223/299/326 246/300/327
f 194/301/328 197/302/329 195/298/325
f 191/303/330 235/304/331 245/305/332
f 196/306/333 240/307/334 243/308/335
f 190/309/336 237/310/337 191/303/330
f 389/311/338 2163/312/339 388/313/340
f 306/314/341 179/315/342 2163/312/339
f 157/316/343 181/317/344 467/318/345
f 242/319/346 467/318/345 183/320/347
f 183/320/347 467/318/345 181/317/344
f 184/321/348 389/311/349 390/322/350
f 185/323/351 306/314/352 184/321/348
f 391/324/353 184/321/354 390/322/353
f 187/325/355 184/321/354 186/326/354
f 476/327/356 186/328/357 391/329/358
f 244/330/359 188/331/360 186/328/357
f 189/332/361 186/328/357 188/331/360
f 191/333/362 192/334/363 188/331/360
f 193/335/364 188/331/360 192/334/363
f 247/286/313 225/336/365 224/337/366
f 198/338/367 246/339/368 277/340/369
f 190/341/370 188/331/360 244/330/359
f 196/342/371 242/319/346 183/320/347
f 196/342/371 183/320/347 278/343/372
f 166/264/286 199/344/373 201/345/374
f 199/344/373 202/346/375 201/345/374
f 200/347/376 283/3/3 202/346/375
f 201/345/377 263/348/378 166/264/292
f 201/345/377 208/349/379 264/350/380
f 283/3/8 208/349/379 202/346/381
f 199/344/382 2162/273/300 2164/351/383
f 200/347/384 2164/351/383 2165/352/385
f 284/13/17 200/347/384 2165/352/385
f 324/353/386 288/240/258 325/354/387
f 291/160/168 324/353/386 228/283/310
f 274/355/388 168/279/306 273/280/307
f 168/279/306 207/356/389 271/282/309
f 207/356/389 274/355/388 276/357/390
f 251/358/391 229/359/392 231/360/393
f 230/361/394 255/362/395 204/363/396
f 1/157/165 256/364/397 258/365/398
f 290/161/169 254/366/399 292/167/175
f 257/367/400 286/40/44 289/39/43
f 216/368/401 252/369/402 248/370/403
f 280/371/404 248/370/403 250/372/405
f 215/373/406 249/374/407 206/375/408
f 260/376/409 285/181/189 253/377/410
f 298/178/186 206/375/408 4/159/167
f 180/378/411 209/54/58 179/315/342
f 3/58/62 181/317/344 182/379/412
f 2/60/64 294/380/413 181/317/344
f 294/380/413 183/320/347 181/317/344
f 185/323/351 210/64/68 180/378/414
f 187/325/355 211/65/73 185/323/355
f 213/381/415 187/382/80 189/332/361
f 297/172/180 212/72/77 213/381/415
f 193/335/364 214/383/416 189/332/361
f 214/383/416 213/381/415 189/332/361
f 226/384/417 203/385/418 205/386/419
f 198/338/367 261/387/420 216/388/421
f 213/381/415 298/173/181 297/172/180
f 183/320/347 287/169/177 278/343/372
f 287/169/177 260/389/422 278/343/372
f 461/390/423 217/290/317 218/391/424
f 461/390/423 218/391/424 469/392/425
f 219/292/319 471/393/426 470/394/427
f 223/299/326 171/293/320 222/395/428
f 228/283/310 226/384/417 227/396/429
f 270/397/430 230/361/394 231/360/393
f 235/304/331 174/284/311 234/398/431
f 239/399/432 238/266/291 275/274/301
f 472/400/433 240/307/334 241/401/434
f 158/402/435 475/403/436 242/319/346
f 158/402/435 242/319/346 243/404/437
f 190/341/370 476/327/356 477/405/438
f 190/341/370 477/405/438 478/406/439
f 281/407/440 194/408/441 279/409/442
f 246/339/368 278/343/372 277/340/369
f 251/358/391 249/374/407 250/372/405
f 254/366/399 252/369/402 253/377/410
f 258/365/398 208/349/379 257/367/400
f 280/410/443 281/407/440 279/409/442
f 278/343/372 261/387/420 277/340/369
f 478/411/444 218/391/424 190/309/336
f 197/302/329 224/337/366 223/299/326
f 224/337/366 172/294/321 171/293/320
f 270/397/430 229/359/392 269/412/445
f 236/289/316 232/413/446 174/284/311
f 234/398/431 247/286/313 197/302/329
f 233/288/315 170/281/308 271/282/309
f 237/310/337 236/289/316 235/304/331
f 176/295/322 217/290/317 468/296/323
f 218/391/424 175/287/314 237/310/337
f 222/395/428 241/401/434 240/307/334
f 241/401/434 470/394/427 472/400/433
f 220/278/305 172/294/321 228/283/310
f 176/295/322 473/265/288 238/266/291
f 222/395/428 246/300/327 223/299/326
f 234/398/431 245/305/332 235/304/331
f 243/308/335 464/414/447 158/415/448
f 268/416/449 229/359/392 226/384/417
f 257/367/400 293/9/10 286/40/44
f 203/385/418 250/372/405 248/370/403
f 204/363/396 206/375/408 249/374/407
f 231/360/393 204/363/396 251/358/391
f 227/396/429 205/386/419 254/366/399
f 1/157/165 257/367/400 289/39/43
f 292/167/175 253/377/410 285/181/189
f 255/362/395 4/159/167 206/375/408
f 259/417/450 250/372/405 249/374/407
f 261/418/451 253/377/410 252/369/402
f 258/365/398 207/356/389 276/357/390
f 207/356/389 230/361/394 271/282/309
f 227/396/429 291/160/168 228/283/310
f 205/386/419 248/370/403 252/369/402
f 262/267/293 273/280/307 272/275/302
f 264/350/380 273/280/307 263/348/378
f 264/350/380 276/357/390 274/355/388
f 265/419/452 323/420/453 266/421/454
f 326/422/455 300/244/263 299/423/456
f 299/245/264 328/424/457 326/425/457
f 265/426/458 160/427/459 159/428/459
f 331/429/460 323/420/453 304/430/461
f 149/249/462 327/431/463 305/432/464
f 267/433/465 302/434/466 160/427/467
f 301/435/468 303/436/469 328/424/470
f 225/336/365 228/283/310 172/294/321
f 269/412/445 225/336/365 173/285/312
f 270/397/430 173/285/312 232/413/446
f 233/288/315 270/397/430 232/413/446
f 272/275/302 170/281/308 275/274/301
f 239/399/432 170/281/308 221/291/318
f 279/409/442 195/437/471 198/338/367
f 279/409/442 216/388/421 280/410/443
f 259/438/472 215/439/473 214/383/416
f 192/334/363 281/407/440 193/335/364
f 281/407/440 214/383/416 193/335/364
f 192/334/363 191/333/362 245/440/474
f 330/242/260 320/441/475 303/436/476
f 331/429/477 322/277/304 178/442/478
f 149/249/272 325/354/387 288/240/258
f 307/252/277 336/443/479 333/444/480
f 334/445/481 177/446/482 335/447/483
f 334/448/484 332/449/485 308/450/486
f 333/451/487 156/253/278 307/254/279
f 335/447/488 309/452/489 490/453/490
f 336/443/491 310/224/240 309/452/489
f 316/454/492 496/455/493 315/456/494
f 321/457/495 317/228/245 318/227/244
f 496/455/496 311/458/497 491/459/498
f 133/233/251 321/457/499 318/227/249
f 312/460/500 311/461/497 313/462/501
f 135/235/255 311/461/497 133/463/251
f 316/454/492 490/453/490 309/452/489
f 317/228/245 309/452/489 310/224/240
f 169/276/303 228/283/310 324/353/386
f 322/277/304 471/393/426 220/278/305
f 516/464/502 302/434/503 319/465/504
f 479/466/505 323/420/453 159/467/506
f 481/468/507 159/428/459 160/427/459
f 480/469/508 304/430/461 323/420/453
f 302/434/466 481/468/509 160/427/467
f 325/354/387 169/276/303 324/353/386
f 265/419/452 327/431/463 326/422/455
f 326/425/457 267/433/510 265/426/458
f 305/432/464 266/421/454 331/429/460
f 329/470/511 328/424/470 303/436/469
f 320/441/475 329/470/512 303/436/476
f 466/471/513 304/430/514 510/472/515
f 178/442/478 305/432/516 331/429/477
f 494/473/517 335/447/488 490/453/490
f 177/446/518 336/443/491 309/452/489
f 308/474/519 336/443/479 177/446/482
f 334/445/481 494/473/520 487/475/521
f 319/465/484 487/476/522 516/464/523
f 320/441/524 308/450/486 332/449/485
f 302/434/503 332/449/525 319/465/504
f 182/477/80 157/478/80 1277/257/80
f 3/256/80 182/477/80 1277/257/80
f 641/479/526 339/480/527 342/481/528
f 342/481/528 340/482/529 343/483/530
f 340/482/529 344/484/531 343/483/530
f 342/481/532 653/485/533 641/479/534
f 343/483/535 417/486/536 342/481/532
f 344/484/537 441/487/538 343/483/535
f 339/480/539 2177/488/540 345/489/541
f 340/482/542 345/489/541 346/490/543
f 2166/491/544 340/482/542 346/490/543
f 454/492/545 441/487/538 451/493/546
f 348/494/547 500/495/548 399/496/549
f 347/497/550 451/493/546 452/498/551
f 349/499/552 347/497/550 450/500/553
f 407/501/554 348/494/547 399/496/549
f 353/502/555 352/503/556 426/504/557
f 354/505/558 412/506/559 415/507/560
f 396/508/561 400/509/562 354/505/558
f 398/510/563 350/511/564 351/512/565
f 355/513/566 648/514/567 643/515/568
f 373/516/569 402/517/570 425/518/571
f 372/519/572 375/520/573 373/516/569
f 369/521/574 414/522/575 424/523/576
f 374/524/577 419/525/578 422/526/579
f 368/527/580 416/528/581 369/521/574
f 2176/529/582 486/530/583 2167/531/584
f 486/530/583 2168/532/585 2167/531/584
f 647/533/586 359/534/587 646/535/588
f 421/536/589 646/535/588 361/537/590
f 361/537/590 646/535/588 359/534/587
f 362/538/591 567/539/592 568/540/593
f 363/541/594 486/530/595 362/538/591
f 364/542/596 568/540/597 569/543/597
f 364/542/596 363/541/598 362/538/596
f 656/544/599 364/545/600 569/546/601
f 423/547/602 366/548/603 364/545/600
f 366/548/603 365/549/80 364/545/600
f 369/550/604 370/551/605 366/548/603
f 370/551/605 367/552/606 366/548/603
f 426/504/557 404/553/607 403/554/608
f 376/555/609 425/556/610 456/557/611
f 368/558/612 366/548/603 423/547/602
f 374/559/613 421/536/589 361/537/590
f 374/559/613 361/537/590 457/560/614
f 344/484/531 377/561/615 379/562/616
f 379/562/616 378/563/617 380/564/618
f 378/563/617 463/259/281 380/564/618
f 344/484/537 443/565/619 442/566/620
f 379/562/621 387/567/622 443/565/619
f 380/564/623 473/265/288 387/567/622
f 377/561/624 2166/491/544 2169/568/625
f 381/569/626 377/561/624 2169/568/625
f 2170/270/296 378/563/626 381/569/626
f 502/570/627 466/471/513 503/571/628
f 471/393/426 502/570/627 407/501/554
f 453/572/629 347/497/550 452/498/551
f 347/497/550 386/573/630 450/500/553
f 386/573/630 453/572/629 455/574/631
f 430/575/632 408/576/633 410/577/634
f 409/578/635 434/579/636 383/580/637
f 461/390/423 435/581/638 437/582/639
f 470/394/427 433/583/640 472/400/433
f 436/584/641 465/297/324 468/296/323
f 395/585/642 431/586/643 427/587/644
f 459/588/645 427/587/644 429/589/646
f 394/590/647 428/591/648 385/592/649
f 439/593/650 464/414/447 432/594/651
f 478/411/444 385/592/649 469/392/425
f 358/595/652 388/313/340 2168/532/585
f 360/596/653 467/318/345 359/534/587
f 467/318/345 474/597/654 359/534/587
f 474/597/654 361/537/590 359/534/587
f 363/541/594 389/311/349 358/595/655
f 365/598/598 390/322/353 363/541/598
f 392/599/656 365/549/80 367/552/606
f 477/405/438 391/329/358 392/599/656
f 371/600/657 393/601/658 367/552/606
f 393/601/658 392/599/656 367/552/606
f 405/602/659 382/603/660 384/604/661
f 376/555/609 440/605/662 395/606/663
f 392/599/656 478/406/439 477/405/438
f 361/537/590 158/402/435 457/560/614
f 158/402/435 439/607/664 457/560/614
f 639/608/665 396/508/561 397/609/666
f 639/608/665 397/609/666 649/610/667
f 399/496/549 650/611/668 398/510/563
f 402/517/570 350/511/564 401/612/669
f 407/501/554 405/602/659 406/613/670
f 449/614/671 409/578/635 410/577/634
f 414/522/575 353/502/555 413/615/672
f 418/616/673 417/486/536 454/492/545
f 420/617/674 642/618/675 419/525/578
f 644/619/676 655/620/677 421/536/589
f 644/619/676 421/536/589 422/621/678
f 368/558/612 656/544/599 657/622/679
f 368/558/612 657/622/679 658/623/680
f 460/624/681 372/625/682 458/626/683
f 425/556/610 457/560/614 456/557/611
f 430/575/632 428/591/648 429/589/646
f 433/583/640 431/586/643 432/594/651
f 437/582/639 387/567/622 436/584/641
f 459/627/684 460/624/681 458/626/683
f 457/560/614 440/605/662 456/557/611
f 658/628/685 397/609/666 368/527/580
f 375/520/573 403/554/608 402/517/570
f 403/554/608 351/512/565 350/511/564
f 448/629/686 410/577/634 408/576/633
f 415/507/560 411/630/687 353/502/555
f 413/615/672 426/504/557 375/520/573
f 412/506/559 349/499/552 450/500/553
f 416/528/581 415/507/560 414/522/575
f 355/513/566 396/508/561 648/514/567
f 397/609/666 354/505/558 416/528/581
f 401/612/669 420/617/674 419/525/578
f 420/617/674 650/611/668 652/631/688
f 399/496/549 351/512/565 407/501/554
f 355/513/566 653/485/533 417/486/536
f 401/612/669 425/518/571 402/517/570
f 413/615/672 424/523/576 414/522/575
f 644/632/689 419/525/578 642/618/675
f 448/629/686 405/602/659 447/633/690
f 436/584/641 473/265/288 465/297/324
f 382/603/660 429/589/646 427/587/644
f 383/580/637 385/592/649 428/591/648
f 410/577/634 383/580/637 430/575/632
f 406/613/670 384/604/661 433/583/640
f 461/390/423 436/584/641 468/296/323
f 472/400/433 432/594/651 464/414/447
f 434/579/636 469/392/425 385/592/649
f 438/634/691 429/589/646 428/591/648
f 440/635/692 432/594/651 431/586/643
f 437/582/639 386/573/630 455/574/631
f 386/573/630 409/578/635 450/500/553
f 406/613/670 471/393/426 407/501/554
f 384/604/661 427/587/644 431/586/643
f 441/487/538 452/498/551 451/493/546
f 443/565/619 452/498/551 442/566/620
f 443/565/619 455/574/631 453/572/629
f 444/636/693 501/637/694 445/638/695
f 504/639/696 480/469/508 479/466/505
f 479/640/507 506/641/697 504/642/698
f 337/643/699 446/644/700 338/645/701
f 509/646/702 501/637/694 484/647/703
f 480/469/508 485/648/704 510/472/705
f 446/644/706 482/649/707 338/645/708
f 506/641/709 508/650/710 483/651/711
f 404/553/607 407/501/554 351/512/565
f 448/629/686 404/553/607 352/503/556
f 449/614/671 352/503/556 411/630/687
f 412/506/559 449/614/671 411/630/687
f 451/493/546 349/499/552 454/492/545
f 418/616/673 349/499/552 400/509/562
f 458/626/683 373/652/712 376/555/609
f 458/626/683 395/606/663 459/627/684
f 438/653/713 394/654/714 393/601/658
f 370/551/605 460/624/681 371/600/657
f 460/624/681 393/601/658 371/600/657
f 370/551/605 369/550/604 424/655/715
f 483/651/716 516/464/502 498/656/717
f 509/646/718 500/495/548 357/657/719
f 510/472/515 503/571/628 466/471/513
f 487/475/521 515/658/720 512/659/721
f 488/660/722 514/661/723 513/662/724
f 488/663/725 497/664/726 511/665/727
f 498/656/728 487/476/522 512/666/729
f 670/667/730 356/668/731 489/669/732
f 515/658/733 490/453/490 489/669/732
f 499/670/734 677/671/735 495/672/736
f 499/670/734 315/456/494 496/455/493
f 678/673/737 492/674/738 671/675/739
f 491/459/498 499/670/740 496/455/496
f 674/676/741 492/677/738 493/678/742
f 493/678/742 491/679/498 312/460/500
f 489/669/732 677/671/735 670/667/730
f 490/453/490 495/672/736 489/669/732
f 348/494/547 407/501/554 502/570/627
f 645/680/743 399/496/549 500/495/548
f 690/681/744 497/664/745 698/682/746
f 337/683/747 660/684/748 501/637/694
f 661/685/749 337/643/699 338/645/701
f 660/684/748 484/647/703 501/637/694
f 690/681/750 338/645/708 482/649/707
f 357/657/719 502/570/627 503/571/628
f 504/639/696 445/638/695 505/686/751
f 444/687/752 506/641/697 446/644/700
f 485/648/704 445/638/695 509/646/702
f 507/688/753 506/641/709 483/651/711
f 498/656/717 507/688/754 483/651/716
f 645/680/743 484/647/755 692/689/756
f 357/657/719 485/648/757 509/646/718
f 675/690/758 514/661/759 670/667/730
f 356/668/731 515/658/733 489/669/732
f 512/659/721 356/668/760 488/660/722
f 667/691/761 514/661/723 675/690/762
f 497/664/726 667/692/763 698/682/764
f 511/665/727 512/666/729 488/663/725
f 482/649/765 511/665/766 497/664/745
f 360/693/80 647/694/80 1277/257/80
f 157/478/80 360/693/80 1277/257/80
f 823/695/767 519/696/768 522/697/769
f 519/696/768 523/698/770 522/697/769
f 520/699/771 524/700/772 523/698/770
f 522/697/773 835/701/774 823/695/775
f 523/698/776 595/702/777 522/697/773
f 524/700/778 619/703/779 523/698/776
f 519/696/780 2184/704/781 2171/705/782
f 520/699/783 2171/705/782 2172/706/784
f 521/707/785 2172/706/784 2173/708/786
f 632/709/787 619/703/779 629/710/788
f 526/711/789 682/712/790 577/713/791
f 525/714/792 629/710/788 630/715/793
f 527/716/794 525/714/792 628/717/795
f 585/718/796 526/711/789 577/713/791
f 531/719/797 530/720/798 604/721/799
f 532/722/800 590/723/801 593/724/802
f 574/725/803 578/726/804 532/722/800
f 576/727/805 528/728/806 529/729/807
f 533/730/808 830/731/809 825/732/810
f 552/733/811 580/734/812 603/735/813
f 551/736/814 554/737/815 552/733/811
f 548/738/816 592/739/817 602/740/818
f 553/741/819 597/742/820 600/743/821
f 547/744/822 594/745/823 548/738/816
f 749/746/824 2174/747/825 2183/748/826
f 2174/747/825 537/749/827 536/750/828
f 539/751/829 828/752/830 829/753/831
f 599/754/832 828/752/830 540/755/833
f 540/755/833 828/752/830 538/756/834
f 541/757/835 749/746/836 750/758/837
f 541/757/835 537/749/838 666/759/839
f 751/760/840 541/757/841 750/758/840
f 543/761/841 542/762/842 541/757/841
f 838/763/843 543/764/844 751/765/845
f 601/766/846 545/767/847 543/764/844
f 546/768/848 543/764/844 545/767/847
f 548/769/849 549/770/850 545/767/847
f 550/771/851 545/767/847 549/770/850
f 604/721/799 582/772/852 581/773/853
f 555/774/854 603/775/855 634/776/856
f 547/777/857 545/767/847 601/766/846
f 553/778/858 599/754/832 540/755/833
f 553/778/858 540/755/833 635/779/859
f 524/700/772 556/780/860 558/781/861
f 558/781/861 557/782/862 559/783/863
f 559/783/863 640/784/864 641/479/526
f 524/700/778 621/785/865 620/786/866
f 558/781/867 566/787/868 621/785/865
f 559/783/869 653/485/533 566/787/868
f 556/780/870 2173/708/786 2175/788/871
f 557/782/872 2175/788/871 560/789/873
f 640/784/540 560/789/873 2177/488/540
f 684/790/874 645/680/743 685/791/875
f 651/792/876 684/790/874 585/718/796
f 631/793/877 525/714/792 630/715/793
f 525/714/792 565/794/878 628/717/795
f 565/794/878 631/793/877 633/795/879
f 608/796/880 586/797/881 588/798/882
f 587/799/883 612/800/884 562/801/885
f 639/608/665 613/802/886 615/803/887
f 650/611/668 611/804/888 652/631/688
f 614/805/889 643/515/568 648/514/567
f 573/806/890 609/807/891 605/808/892
f 637/809/893 605/808/892 607/810/894
f 572/811/895 606/812/896 564/813/897
f 617/814/898 642/618/675 610/815/899
f 658/628/685 564/813/897 649/610/667
f 536/750/828 567/539/900 2176/529/582
f 539/751/829 646/535/588 538/756/834
f 646/535/588 654/816/901 538/756/834
f 654/816/901 540/755/833 538/756/834
f 542/762/902 567/539/592 537/749/838
f 569/543/597 542/762/842 544/817/842
f 570/818/903 544/819/80 546/768/848
f 657/622/679 569/546/601 570/818/903
f 550/771/851 571/820/904 546/768/848
f 571/820/904 570/818/903 546/768/848
f 583/821/905 561/822/906 563/823/907
f 555/774/854 618/824/908 573/825/909
f 570/818/903 658/623/680 657/622/679
f 540/755/833 644/619/676 635/779/859
f 644/619/676 617/826/910 635/779/859
f 821/827/911 574/725/803 575/828/912
f 821/827/911 575/828/912 831/829/913
f 577/713/791 832/830/914 576/727/805
f 580/734/812 528/728/806 579/831/915
f 585/718/796 583/821/905 584/832/916
f 627/833/917 587/799/883 588/798/882
f 592/739/817 531/719/797 591/834/918
f 596/835/919 595/702/777 632/709/787
f 598/836/920 824/837/921 597/742/820
f 826/838/922 837/839/923 599/754/832
f 826/838/922 599/754/832 600/840/924
f 547/777/857 838/763/843 839/841/925
f 547/777/857 839/841/925 840/842/926
f 638/843/927 551/844/928 636/845/929
f 603/775/855 635/779/859 634/776/856
f 608/796/880 606/812/896 607/810/894
f 611/804/888 609/807/891 610/815/899
f 615/803/887 566/787/868 614/805/889
f 637/846/930 638/843/927 636/845/929
f 635/779/859 618/824/908 634/776/856
f 547/744/822 831/829/913 575/828/912
f 554/737/815 581/773/853 580/734/812
f 581/773/853 529/729/807 528/728/806
f 627/833/917 586/797/881 626/847/931
f 593/724/802 589/848/932 531/719/797
f 591/834/918 604/721/799 554/737/815
f 590/723/801 527/716/794 628/717/795
f 594/745/823 593/724/802 592/739/817
f 533/730/808 574/725/803 830/731/809
f 575/828/912 532/722/800 594/745/823
f 579/831/915 598/836/920 597/742/820
f 834/849/933 576/727/805 832/830/914
f 577/713/791 529/729/807 585/718/796
f 533/730/808 835/701/774 595/702/777
f 579/831/915 603/735/813 580/734/812
f 591/834/918 602/740/818 592/739/817
f 826/850/934 597/742/820 824/837/921
f 626/847/931 583/821/905 625/851/935
f 614/805/889 653/485/533 643/515/568
f 561/822/906 607/810/894 605/808/892
f 562/801/885 564/813/897 606/812/896
f 588/798/882 562/801/885 608/796/880
f 584/832/916 563/823/907 611/804/888
f 639/608/665 614/805/889 648/514/567
f 652/631/688 610/815/899 642/618/675
f 612/800/884 649/610/667 564/813/897
f 616/852/936 607/810/894 606/812/896
f 618/853/937 610/815/899 609/807/891
f 615/803/887 565/794/878 633/795/879
f 565/794/878 587/799/883 628/717/795
f 584/832/916 651/792/876 585/718/796
f 563/823/907 605/808/892 609/807/891
f 619/703/779 630/715/793 629/710/788
f 621/785/865 630/715/793 620/786/866
f 621/785/865 633/795/879 631/793/877
f 517/854/938 623/855/939 622/856/940
f 686/857/941 660/684/748 659/858/942
f 659/859/943 688/860/944 686/861/945
f 622/862/946 518/863/947 517/864/948
f 623/855/939 664/865/949 691/866/950
f 660/684/748 665/867/951 692/689/952
f 518/863/953 689/868/954 662/869/955
f 688/860/956 690/681/750 663/870/957
f 582/772/852 585/718/796 529/729/807
f 626/847/931 582/772/852 530/720/798
f 627/833/917 530/720/798 589/848/932
f 590/723/801 627/833/917 589/848/932
f 629/710/788 527/716/794 632/709/787
f 596/835/919 527/716/794 578/726/804
f 636/845/929 552/871/958 555/774/854
f 636/845/929 573/825/909 637/846/930
f 616/872/959 572/873/960 571/820/904
f 549/770/850 638/843/927 550/771/851
f 638/843/927 571/820/904 550/771/851
f 549/770/850 548/769/849 602/874/961
f 690/681/744 680/875/962 663/870/963
f 535/876/964 664/865/965 682/712/790
f 645/680/743 665/867/966 685/791/875
f 667/691/761 697/877/967 694/878/968
f 668/879/969 696/880/970 695/881/971
f 695/882/972 693/883/973 668/884/974
f 694/885/975 698/682/764 667/692/763
f 852/886/976 534/887/977 669/888/978
f 669/888/978 675/690/758 670/667/730
f 681/889/979 859/890/980 676/891/981
f 678/673/982 676/891/981 677/671/735
f 853/892/983 681/889/984 672/893/985
f 672/893/985 678/673/737 671/675/739
f 856/894/986 672/895/985 673/896/987
f 673/896/987 671/897/739 674/676/741
f 669/888/978 859/890/980 852/886/976
f 670/667/730 676/891/981 669/888/978
f 526/711/789 585/718/796 684/790/874
f 827/898/988 577/713/791 682/712/790
f 872/899/989 679/900/990 880/901/991
f 841/902/992 683/903/993 517/854/938
f 843/904/994 517/864/948 518/863/947
f 683/903/993 874/905/995 664/865/949
f 662/869/955 843/904/996 518/863/953
f 685/791/875 526/711/789 684/790/874
f 622/856/940 687/906/997 686/857/941
f 686/861/945 624/907/998 622/862/946
f 691/866/950 687/906/997 623/855/939
f 663/870/957 624/907/999 688/860/956
f 693/883/1000 663/870/963 680/875/962
f 827/898/988 664/865/965 874/905/1001
f 685/791/875 691/866/1002 535/876/964
f 857/908/1003 696/880/1004 852/886/976
f 534/887/977 697/877/1005 669/888/978
f 694/878/968 534/887/1006 668/879/969
f 695/881/971 857/908/1007 849/909/1008
f 880/901/1009 695/882/972 849/910/1010
f 680/875/1011 668/884/974 693/883/973
f 679/900/990 689/868/1012 693/883/1000
f 539/911/80 829/912/80 1277/257/80
f 647/694/80 539/911/80 1277/257/80
f 1004/913/1013 701/914/1014 704/915/1015
f 704/915/1015 702/916/1016 705/917/1017
f 702/916/1016 706/918/1018 705/917/1017
f 1004/913/1019 777/919/1020 1016/920/1021
f 705/917/1022 777/919/1020 704/915/1023
f 705/917/1022 802/921/1024 801/922/1025
f 701/914/1026 2192/923/1027 2178/924/1028
f 2179/925/1029 701/914/1026 2178/924/1028
f 707/926/1030 702/916/1031 2179/925/1029
f 814/927/1032 801/922/1025 811/928/1033
f 709/929/1034 864/930/1035 759/931/1036
f 708/932/1037 811/928/1033 812/933/1038
f 710/934/1039 708/932/1037 810/935/1040
f 767/936/1041 709/929/1034 759/931/1036
f 714/937/1042 713/938/1043 786/939/1044
f 715/940/1045 772/941/1046 775/942/1047
f 756/943/1048 760/944/1049 715/940/1045
f 758/945/1050 711/946/1051 712/947/1052
f 716/948/1053 1011/949/1054 1006/950/1055
f 734/951/1056 762/952/1057 785/953/1058
f 733/954/1059 736/955/1060 734/951/1056
f 730/956/1061 774/957/1062 784/958/1063
f 735/959/1064 779/960/1065 782/961/1066
f 729/962/1067 776/963/1068 730/956/1061
f 929/964/1069 848/965/1070 2180/966/1071
f 2180/966/1071 719/967/1072 2181/968/1073
f 1010/969/1074 720/970/1075 1009/971/1076
f 781/972/1077 1009/971/1076 722/973/1078
f 722/973/1078 1009/971/1076 720/970/1075
f 723/974/1079 930/975/1080 931/976/1081
f 723/974/1079 719/967/1082 848/965/1083
f 932/977/1084 723/974/1085 931/976/1084
f 725/978/1085 724/979/1086 723/974/1085
f 1019/980/1087 725/981/1088 932/982/1089
f 783/983/1090 727/984/1091 725/981/1088
f 727/984/1091 726/985/80 725/981/1088
f 730/986/1092 731/987/1093 727/984/1091
f 731/987/1093 728/988/1094 727/984/1091
f 786/939/1044 764/989/1095 763/990/1096
f 737/991/1097 785/992/1098 816/993/1099
f 729/994/1100 727/984/1091 783/983/1090
f 735/995/1101 781/972/1077 722/973/1078
f 735/995/1101 722/973/1078 817/996/1102
f 706/918/1018 738/997/1103 740/998/1104
f 740/998/1104 739/999/1105 741/1000/1106
f 739/999/1105 823/695/767 741/1000/1106
f 706/918/1107 803/1001/1108 802/921/1024
f 740/998/1109 748/1002/1110 803/1001/1108
f 741/1000/1111 835/701/774 748/1002/1110
f 2182/1003/1112 703/1004/1113 707/926/1030
f 742/1005/1114 738/997/1115 2182/1003/1112
f 822/1006/1116 742/1005/1114 2184/704/781
f 866/1007/1117 827/898/988 867/1008/1118
f 833/1009/1119 866/1007/1117 767/936/1041
f 813/1010/1120 708/932/1037 812/933/1038
f 708/932/1037 747/1011/1121 810/935/1040
f 747/1011/1121 813/1010/1120 815/1012/1122
f 790/1013/1123 768/1014/1124 770/1015/1125
f 769/1016/1126 794/1017/1127 744/1018/1128
f 821/827/911 795/1019/1129 797/1020/1130
f 832/830/914 793/1021/1131 834/849/933
f 796/1022/1132 825/732/810 830/731/809
f 755/1023/1133 791/1024/1134 787/1025/1135
f 819/1026/1136 787/1025/1135 789/1027/1137
f 754/1028/1138 788/1029/1139 746/1030/1140
f 799/1031/1141 824/837/921 792/1032/1142
f 840/1033/1143 746/1030/1140 831/829/913
f 2181/968/1073 749/746/824 2183/748/826
f 829/753/831 720/970/1075 721/1034/1144
f 828/752/830 836/1035/1145 720/970/1075
f 836/1035/1145 722/973/1078 720/970/1075
f 724/979/1146 749/746/836 719/967/1082
f 751/760/840 724/979/1086 726/1036/1086
f 752/1037/1147 726/985/80 728/988/1094
f 839/841/925 751/765/845 752/1037/1147
f 732/1038/1148 753/1039/1149 728/988/1094
f 753/1039/1149 752/1037/1147 728/988/1094
f 765/1040/1150 743/1041/1151 745/1042/1152
f 737/991/1097 800/1043/1153 755/1044/1154
f 752/1037/1147 840/842/926 839/841/925
f 722/973/1078 826/838/922 817/996/1102
f 826/838/922 799/1045/1155 817/996/1102
f 1002/1046/1156 756/943/1048 757/1047/1157
f 1002/1046/1156 757/1047/1157 1012/1048/1158
f 759/931/1036 1013/1049/1159 758/945/1050
f 762/952/1057 711/946/1051 761/1050/1160
f 767/936/1041 765/1040/1150 766/1051/1161
f 809/1052/1162 769/1016/1126 770/1015/1125
f 774/957/1062 714/937/1042 773/1053/1163
f 778/1054/1164 777/919/1020 814/927/1032
f 780/1055/1165 1005/1056/1166 779/960/1065
f 1007/1057/1167 1018/1058/1168 781/972/1077
f 1007/1057/1167 781/972/1077 782/1059/1169
f 729/994/1100 1019/980/1087 1020/1060/1170
f 729/994/1100 1020/1060/1170 1021/1061/1171
f 820/1062/1172 733/1063/1173 818/1064/1174
f 785/992/1098 817/996/1102 816/993/1099
f 790/1013/1123 788/1029/1139 789/1027/1137
f 793/1021/1131 791/1024/1134 792/1032/1142
f 797/1020/1130 748/1002/1110 796/1022/1132
f 819/1065/1175 820/1062/1172 818/1064/1174
f 817/996/1102 800/1043/1153 816/993/1099
f 729/962/1067 1012/1048/1158 757/1047/1157
f 736/955/1060 763/990/1096 762/952/1057
f 763/990/1096 712/947/1052 711/946/1051
f 809/1052/1162 768/1014/1124 808/1066/1176
f 775/942/1047 771/1067/1177 714/937/1042
f 773/1053/1163 786/939/1044 736/955/1060
f 772/941/1046 710/934/1039 810/935/1040
f 776/963/1068 775/942/1047 774/957/1062
f 716/948/1053 756/943/1048 1011/949/1054
f 757/1047/1157 715/940/1045 776/963/1068
f 761/1050/1160 780/1055/1165 779/960/1065
f 780/1055/1165 1013/1049/1159 1015/1068/1178
f 759/931/1036 712/947/1052 767/936/1041
f 716/948/1053 1016/920/1021 777/919/1020
f 761/1050/1160 785/953/1058 762/952/1057
f 773/1053/1163 784/958/1063 774/957/1062
f 1007/1069/1179 779/960/1065 1005/1056/1166
f 808/1066/1176 765/1040/1150 807/1070/1180
f 796/1022/1132 835/701/774 825/732/810
f 743/1041/1151 789/1027/1137 787/1025/1135
f 744/1018/1128 746/1030/1140 788/1029/1139
f 770/1015/1125 744/1018/1128 790/1013/1123
f 766/1051/1161 745/1042/1152 793/1021/1131
f 821/827/911 796/1022/1132 830/731/809
f 834/849/933 792/1032/1142 824/837/921
f 794/1017/1127 831/829/913 746/1030/1140
f 798/1071/1181 789/1027/1137 788/1029/1139
f 800/1072/1182 792/1032/1142 791/1024/1134
f 797/1020/1130 747/1011/1121 815/1012/1122
f 747/1011/1121 769/1016/1126 810/935/1040
f 766/1051/1161 833/1009/1119 767/936/1041
f 745/1042/1152 787/1025/1135 791/1024/1134
f 801/922/1025 812/933/1038 811/928/1033
f 803/1001/1108 812/933/1038 802/921/1024
f 803/1001/1108 815/1012/1122 813/1010/1120
f 699/1073/1183 805/1074/1184 804/1075/1185
f 868/1076/1186 842/1077/1187 841/902/992
f 841/1078/1188 870/1079/1189 868/1080/1190
f 804/1081/1191 700/1082/1192 699/1083/1193
f 805/1074/1184 846/1084/1194 873/1085/1195
f 842/1077/1187 847/1086/1196 874/905/995
f 700/1082/1197 871/1087/1198 844/1088/1199
f 870/1079/1200 872/899/1201 845/1089/1202
f 764/989/1095 767/936/1041 712/947/1052
f 807/1070/1180 713/938/1043 808/1066/1176
f 809/1052/1162 713/938/1043 771/1067/1177
f 772/941/1046 809/1052/1162 771/1067/1177
f 811/928/1033 710/934/1039 814/927/1032
f 778/1054/1164 710/934/1039 760/944/1049
f 818/1064/1174 734/1090/1203 737/991/1097
f 818/1064/1174 755/1044/1154 819/1065/1175
f 798/1091/1204 754/1092/1205 753/1039/1149
f 731/987/1093 820/1062/1172 732/1038/1148
f 820/1062/1172 753/1039/1149 732/1038/1148
f 731/987/1093 730/986/1092 784/1093/1206
f 845/1089/1207 880/901/991 862/1094/1208
f 718/1095/1209 846/1084/1210 864/930/1035
f 874/905/1001 867/1008/1118 827/898/988
f 849/909/1008 879/1096/1211 876/1097/1212
f 850/1098/1213 878/1099/1214 877/1100/1215
f 850/1101/1216 861/1102/1217 875/1103/1218
f 862/1094/1219 849/910/1010 876/1104/1220
f 878/1099/1221 851/1105/1222 1033/1106/1223
f 851/1105/1222 857/908/1003 852/886/976
f 863/1107/1224 1040/1108/1225 858/1109/1226
f 860/1110/1227 858/1109/1226 859/890/980
f 1034/1111/1228 863/1107/1229 854/1112/1230
f 854/1112/1230 860/1110/1231 853/892/983
f 1037/1113/1232 854/1114/1230 855/1115/1233
f 856/894/986 854/1114/1230 853/1116/983
f 851/1105/1222 1040/1108/1225 1033/1106/1223
f 852/886/976 858/1109/1226 851/1105/1222
f 709/929/1034 767/936/1041 866/1007/1117
f 864/930/1035 1014/1117/1234 759/931/1036
f 1061/1118/1235 844/1088/1236 861/1102/1237
f 1022/1119/1238 865/1120/1239 699/1073/1183
f 1024/1121/1240 699/1083/1193 700/1082/1192
f 865/1120/1239 1055/1122/1241 846/1084/1194
f 844/1088/1199 1024/1121/1242 700/1082/1197
f 718/1095/1209 866/1007/1117 867/1008/1118
f 804/1075/1185 869/1123/1243 868/1076/1186
f 868/1080/1190 806/1124/1244 804/1081/1191
f 873/1085/1195 869/1123/1243 805/1074/1184
f 845/1089/1202 806/1124/1245 870/1079/1200
f 875/1103/1246 845/1089/1207 862/1094/1208
f 864/930/1035 1055/1122/1247 1008/1125/1248
f 867/1008/1118 873/1085/1249 718/1095/1209
f 1038/1126/1250 878/1099/1221 1033/1106/1223
f 717/1127/1251 879/1096/1252 851/1105/1222
f 876/1097/1212 717/1127/1253 850/1098/1213
f 877/1100/1215 1038/1126/1254 1030/1128/1255
f 861/1102/1217 1030/1129/1256 1061/1118/1257
f 875/1103/1218 876/1104/1220 850/1101/1216
f 844/1088/1236 875/1103/1246 861/1102/1237
f 721/1130/80 1010/1131/80 1277/257/80
f 829/912/80 721/1130/80 1277/257/80
f 1208/1132/1258 883/1133/1259 886/1134/1260
f 886/1134/1260 884/1135/1261 887/1136/1262
f 887/1136/1262 885/1137/1263 888/1138/1264
f 886/1134/1265 1221/1139/1266 1208/1132/1267
f 887/1136/1268 958/1140/1269 886/1134/1265
f 887/1136/1268 983/1141/1270 982/1142/1271
f 883/1133/1272 1209/1143/1273 2185/1144/1274
f 884/1135/1275 2185/1144/1274 2186/1145/1276
f 885/1137/1277 2186/1145/1276 2187/1146/1278
f 995/1147/1279 982/1142/1271 992/1148/1280
f 890/1149/1281 1045/1150/1282 940/1151/1283
f 889/1152/1284 992/1148/1280 993/1153/1285
f 891/1154/1286 889/1152/1284 991/1155/1287
f 948/1156/1288 890/1149/1281 940/1151/1283
f 895/1157/1289 894/1158/1290 967/1159/1291
f 896/1160/1292 953/1161/1293 956/1162/1294
f 937/1163/1295 941/1164/1296 896/1160/1292
f 939/1165/1297 892/1166/1298 893/1167/1299
f 897/1168/1300 1216/1169/1301 1211/1170/1302
f 915/1171/1303 943/1172/1304 966/1173/1305
f 914/1174/1306 917/1175/1307 915/1171/1303
f 911/1176/1308 955/1177/1309 965/1178/1310
f 916/1179/1311 960/1180/1312 963/1181/1313
f 910/1182/1314 957/1183/1315 911/1176/1308
f 1134/1184/1316 2188/1185/1317 2198/1186/1318
f 1029/1187/1319 2189/1188/1320 2188/1185/1317
f 1215/1189/1321 901/1190/1322 1214/1191/1323
f 962/1192/1324 1214/1191/1323 903/1193/1325
f 903/1193/1325 1214/1191/1323 901/1190/1322
f 904/1194/1326 1134/1184/1327 1135/1195/1328
f 905/1196/1329 1029/1187/1330 904/1194/1326
f 1136/1197/1331 904/1194/1332 1135/1195/1331
f 906/1198/1332 905/1196/1333 904/1194/1332
f 1224/1199/1334 906/1200/1335 1136/1201/1336
f 964/1202/1337 908/1203/1338 906/1200/1335
f 908/1203/1338 907/1204/80 906/1200/1335
f 911/1205/1339 912/1206/1340 908/1203/1338
f 912/1206/1340 909/1207/1341 908/1203/1338
f 967/1159/1291 945/1208/1342 944/1209/1343
f 918/1210/1344 966/1211/1345 997/1212/1346
f 910/1213/1347 908/1203/1338 964/1202/1337
f 916/1214/1348 962/1192/1324 903/1193/1325
f 916/1214/1348 903/1193/1325 998/1215/1349
f 885/1137/1263 921/1216/1350 888/1138/1264
f 921/1216/1350 920/1217/1351 922/1218/1352
f 922/1218/1352 1003/1219/1013 1004/913/1013
f 921/1216/1353 983/1141/1270 888/1138/1354
f 921/1216/1353 928/1220/1355 984/1221/1356
f 922/1218/1357 1016/920/1021 928/1220/1355
f 2190/1222/1358 885/1137/1277 2187/1146/1278
f 920/1217/1359 2190/1222/1358 2191/1223/1360
f 1003/1219/1361 2191/1223/1360 2192/923/1027
f 1047/1224/1362 1008/1125/1248 1048/1225/1363
f 1014/1117/1234 1047/1224/1362 948/1156/1288
f 994/1226/1364 889/1152/1284 993/1153/1285
f 889/1152/1284 927/1227/1365 991/1155/1287
f 927/1227/1365 994/1226/1364 996/1228/1366
f 971/1229/1367 949/1230/1368 951/1231/1369
f 950/1232/1370 975/1233/1371 924/1234/1372
f 1002/1046/1156 976/1235/1373 978/1236/1374
f 1013/1049/1159 974/1237/1375 1015/1068/1178
f 977/1238/1376 1006/950/1055 1011/949/1054
f 936/1239/1377 972/1240/1378 968/1241/1379
f 1000/1242/1380 968/1241/1379 970/1243/1381
f 935/1244/1382 969/1245/1383 926/1246/1384
f 980/1247/1385 1005/1056/1166 973/1248/1386
f 1021/1249/1387 926/1246/1384 1012/1048/1158
f 900/1250/1388 929/964/1069 2189/1188/1320
f 1010/969/1074 901/1190/1322 902/1251/1389
f 1009/971/1076 1017/1252/1390 901/1190/1322
f 1017/1252/1390 903/1193/1325 901/1190/1322
f 905/1196/1329 930/975/1080 900/1250/1391
f 932/977/1084 905/1196/1333 907/1253/1333
f 933/1254/1392 907/1204/80 909/1207/1341
f 1020/1060/1170 932/982/1089 933/1254/1392
f 913/1255/1393 934/1256/1394 909/1207/1341
f 934/1256/1394 933/1254/1392 909/1207/1341
f 946/1257/1395 923/1258/1396 925/1259/1397
f 918/1210/1344 981/1260/1398 936/1261/1399
f 933/1254/1392 1021/1061/1171 1020/1060/1170
f 903/1193/1325 1007/1057/1167 998/1215/1349
f 1007/1057/1167 980/1262/1400 998/1215/1349
f 1206/1263/1401 937/1163/1295 938/1264/1402
f 1206/1263/1401 938/1264/1402 1217/1265/1403
f 940/1151/1283 1218/1266/1404 939/1165/1297
f 943/1172/1304 892/1166/1298 942/1267/1405
f 948/1156/1288 946/1257/1395 947/1268/1406
f 990/1269/1407 950/1232/1370 951/1231/1369
f 955/1177/1309 895/1157/1289 954/1270/1408
f 959/1271/1409 958/1140/1269 995/1147/1279
f 1220/1272/1410 960/1180/1312 961/1273/1411
f 1212/1274/1412 1223/1275/1413 962/1192/1324
f 1212/1274/1412 962/1192/1324 963/1276/1414
f 910/1213/1347 1224/1199/1334 1225/1277/1415
f 910/1213/1347 1225/1277/1415 1226/1278/1416
f 1001/1279/1417 914/1280/1418 999/1281/1419
f 966/1211/1345 998/1215/1349 997/1212/1346
f 971/1229/1367 969/1245/1383 970/1243/1381
f 974/1237/1375 972/1240/1378 973/1248/1386
f 978/1236/1374 928/1220/1355 977/1238/1376
f 1000/1282/1420 1001/1279/1417 999/1281/1419
f 998/1215/1349 981/1260/1398 997/1212/1346
f 910/1182/1314 1217/1265/1403 938/1264/1402
f 917/1175/1307 944/1209/1343 943/1172/1304
f 944/1209/1343 893/1167/1299 892/1166/1298
f 990/1269/1407 949/1230/1368 989/1283/1421
f 956/1162/1294 952/1284/1422 895/1157/1289
f 954/1270/1408 967/1159/1291 917/1175/1307
f 953/1161/1293 891/1154/1286 991/1155/1287
f 957/1183/1315 956/1162/1294 955/1177/1309
f 897/1168/1300 937/1163/1295 1216/1169/1301
f 938/1264/1402 896/1160/1292 957/1183/1315
f 942/1267/1405 961/1273/1411 960/1180/1312
f 961/1273/1411 1218/1266/1404 1220/1272/1410
f 940/1151/1283 893/1167/1299 948/1156/1288
f 897/1168/1300 1221/1139/1266 958/1140/1269
f 942/1267/1405 966/1173/1305 943/1172/1304
f 954/1270/1408 965/1178/1310 955/1177/1309
f 1212/1285/1423 960/1180/1312 1210/1286/1424
f 988/1287/1425 949/1230/1368 946/1257/1395
f 977/1238/1376 1016/920/1021 1006/950/1055
f 923/1258/1396 970/1243/1381 968/1241/1379
f 924/1234/1372 926/1246/1384 969/1245/1383
f 951/1231/1369 924/1234/1372 971/1229/1367
f 947/1268/1406 925/1259/1397 974/1237/1375
f 1002/1046/1156 977/1238/1376 1011/949/1054
f 1015/1068/1178 973/1248/1386 1005/1056/1166
f 975/1233/1371 1012/1048/1158 926/1246/1384
f 979/1288/1426 970/1243/1381 969/1245/1383
f 981/1289/1427 973/1248/1386 972/1240/1378
f 978/1236/1374 927/1227/1365 996/1228/1366
f 927/1227/1365 950/1232/1370 991/1155/1287
f 947/1268/1406 1014/1117/1234 948/1156/1288
f 925/1259/1397 968/1241/1379 972/1240/1378
f 982/1142/1271 993/1153/1285 992/1148/1280
f 984/1221/1356 993/1153/1285 983/1141/1270
f 984/1221/1356 996/1228/1366 994/1226/1364
f 985/1290/1428 1046/1291/1429 986/1292/1430
f 1049/1293/1431 1023/1294/1432 1022/1119/1238
f 1022/1295/1433 1051/1296/1434 1049/1297/1435
f 881/1298/1436 987/1299/1437 882/1300/1438
f 1054/1301/1439 1046/1291/1429 1027/1302/1440
f 1023/1294/1432 1028/1303/1441 1055/1122/1241
f 987/1299/1442 1025/1304/1443 882/1300/1444
f 1051/1296/1445 1053/1305/1446 1026/1306/1447
f 945/1208/1342 948/1156/1288 893/1167/1299
f 988/1287/1425 894/1158/1290 989/1283/1421
f 990/1269/1407 894/1158/1290 952/1284/1422
f 953/1161/1293 990/1269/1407 952/1284/1422
f 992/1148/1280 891/1154/1286 995/1147/1279
f 959/1271/1409 891/1154/1286 941/1164/1296
f 999/1281/1419 915/1307/1448 918/1210/1344
f 1000/1282/1420 918/1210/1344 936/1261/1399
f 979/1308/1449 935/1309/1450 934/1256/1394
f 912/1206/1340 1001/1279/1417 913/1255/1393
f 1001/1279/1417 934/1256/1394 913/1255/1393
f 912/1206/1340 911/1205/1339 965/1310/1451
f 1026/1306/1452 1061/1118/1235 1043/1311/1453
f 1054/1301/1454 1045/1150/1282 899/1312/1455
f 1008/1125/1248 1028/1303/1456 1048/1225/1363
f 1030/1128/1255 1060/1313/1457 1057/1314/1458
f 1031/1315/1459 1059/1316/1460 1058/1317/1461
f 1058/1318/1462 1056/1319/1463 1031/1320/1464
f 1043/1311/1465 1030/1129/1256 1057/1321/1466
f 1059/1316/1467 1032/1322/1468 1240/1323/1469
f 1032/1322/1468 1038/1126/1250 1033/1106/1223
f 1044/1324/1470 1250/1325/1471 1039/1326/1472
f 1041/1327/1473 1039/1326/1472 1040/1108/1225
f 1241/1328/1474 1044/1324/1475 1035/1329/1476
f 1035/1329/1476 1041/1327/1477 1034/1111/1228
f 1245/1330/1478 1035/1331/1476 1036/1332/1479
f 1037/1113/1232 1035/1331/1476 1034/1333/1228
f 1032/1322/1468 1250/1325/1471 1240/1323/1469
f 1033/1106/1223 1039/1326/1472 1032/1322/1468
f 890/1149/1281 948/1156/1288 1047/1224/1362
f 1213/1334/1480 940/1151/1283 1045/1150/1282
f 1266/1335/1481 1042/1336/1482 1276/1337/1483
f 1227/1338/1484 1046/1291/1429 881/1339/1485
f 1229/1340/1486 881/1298/1436 882/1300/1438
f 1046/1291/1429 1269/1341/1487 1027/1302/1440
f 1025/1304/1443 1229/1340/1488 882/1300/1444
f 1048/1225/1363 890/1149/1281 1047/1224/1362
f 985/1290/1428 1050/1342/1489 1049/1293/1431
f 985/1343/1490 1051/1296/1434 987/1299/1437
f 1054/1301/1439 1050/1342/1489 986/1292/1430
f 1052/1344/1491 1051/1296/1445 1026/1306/1447
f 1056/1319/1492 1026/1306/1452 1043/1311/1453
f 1045/1150/1282 1269/1341/1493 1213/1334/1480
f 1048/1225/1363 1054/1301/1454 899/1312/1455
f 1247/1345/1494 1059/1316/1467 1240/1323/1469
f 898/1346/1495 1060/1313/1496 1032/1322/1468
f 1057/1314/1458 898/1346/1497 1031/1315/1459
f 1058/1317/1461 1247/1345/1498 1235/1347/1499
f 1042/1336/1500 1235/1348/1501 1276/1337/1502
f 1056/1319/1463 1057/1321/1466 1031/1320/1464
f 1042/1336/1482 1052/1344/1503 1056/1319/1492
f 902/1349/80 1215/1350/80 1277/257/80
f 1010/1131/80 902/1349/80 1277/257/80
f 1065/1351/1504 1086/1352/1505 1089/1353/1506
f 1089/1353/1506 1087/1354/1507 1090/1355/1508
f 1087/1354/1507 1091/1356/1509 1090/1355/1508
f 1089/1353/1510 1077/1357/1511 1065/1351/1512
f 1090/1355/1513 1162/1358/1514 1089/1353/1510
f 1091/1356/1515 1186/1359/1516 1090/1355/1513
f 1086/1352/1517 1066/1360/1518 1092/1361/1519
f 2193/1362/1520 1086/1352/1517 1092/1361/1519
f 2194/1363/1521 1087/1354/1522 2193/1362/1520
f 1199/1364/1523 1186/1359/1516 1196/1365/1524
f 1094/1366/1525 1255/1367/1526 1144/1368/1527
f 1093/1369/1528 1196/1365/1524 1197/1370/1529
f 1095/1371/1530 1093/1369/1528 1195/1372/1531
f 1152/1373/1532 1094/1366/1525 1144/1368/1527
f 1099/1374/1533 1098/1375/1534 1171/1376/1535
f 1100/1377/1536 1157/1378/1537 1160/1379/1538
f 1141/1380/1539 1145/1381/1540 1100/1377/1536
f 1143/1382/1541 1096/1383/1542 1097/1384/1543
f 1101/1385/1544 1073/1386/1545 1068/1387/1546
f 1119/1388/1547 1147/1389/1548 1170/1390/1549
f 1118/1391/1550 1121/1392/1551 1119/1388/1547
f 1115/1393/1552 1159/1394/1553 1169/1395/1554
f 1120/1396/1555 1164/1397/1556 1167/1398/1557
f 1114/1399/1558 1161/1400/1559 1115/1393/1552
f 2205/1401/1560 1234/1402/1561 2195/1403/1562
f 1234/1402/1561 2196/1404/1563 2195/1403/1562
f 1106/1405/1564 1071/1406/1565 1072/1407/1566
f 1166/1408/1567 1071/1406/1565 1107/1409/1568
f 1107/1409/1568 1071/1406/1565 1105/1410/1569
f 1108/1411/1570 1349/1412/1571 1350/1413/1572
f 1109/1414/1573 1234/1402/1574 1108/1411/1570
f 1351/1415/1575 1108/1411/1576 1350/1413/1575
f 1110/1416/1576 1109/1414/1577 1108/1411/1576
f 1080/1417/1578 1110/1418/1579 1351/1419/1580
f 1168/1420/1581 1112/1421/1582 1110/1418/1579
f 1112/1421/1582 1111/1422/80 1110/1418/1579
f 1115/1423/1583 1116/1424/1584 1112/1421/1582
f 1116/1424/1584 1113/1425/1585 1112/1421/1582
f 1171/1376/1535 1149/1426/1586 1148/1427/1587
f 1122/1428/1588 1170/1429/1589 1201/1430/1590
f 1114/1431/1591 1112/1421/1582 1168/1420/1581
f 1120/1432/1592 1166/1408/1567 1107/1409/1568
f 1120/1432/1592 1107/1409/1568 1202/1433/1593
f 1088/1434/1594 1125/1435/1595 1091/1356/1509
f 1125/1435/1595 1124/1436/1596 1126/1437/1597
f 1126/1437/1597 1207/1438/1598 1208/1132/1258
f 1091/1356/1515 1188/1439/1599 1187/1440/1600
f 1125/1435/1601 1133/1441/1602 1188/1439/1599
f 1208/1132/1267 1133/1441/1602 1126/1437/1603
f 2197/1442/1604 1088/1434/1605 2194/1363/1521
f 1124/1436/1606 2197/1442/1604 1127/1443/1607
f 1207/1438/1608 1127/1443/1607 1209/1143/1273
f 1259/1444/1609 1213/1334/1480 1260/1445/1610
f 1219/1446/1611 1259/1444/1609 1152/1373/1532
f 1198/1447/1612 1093/1369/1528 1197/1370/1529
f 1093/1369/1528 1132/1448/1613 1195/1372/1531
f 1132/1448/1613 1198/1447/1612 1200/1449/1614
f 1175/1450/1615 1153/1451/1616 1155/1452/1617
f 1154/1453/1618 1179/1454/1619 1129/1455/1620
f 1206/1263/1401 1180/1456/1621 1182/1457/1622
f 1218/1266/1404 1178/1458/1623 1220/1272/1410
f 1181/1459/1624 1211/1170/1302 1216/1169/1301
f 1140/1460/1625 1176/1461/1626 1172/1462/1627
f 1204/1463/1628 1172/1462/1627 1174/1464/1629
f 1139/1465/1630 1173/1466/1631 1131/1467/1632
f 1184/1468/1633 1210/1286/1424 1177/1469/1634
f 1226/1470/1635 1131/1467/1632 1217/1265/1403
f 1104/1471/1636 2198/1186/1318 2196/1404/1563
f 1215/1189/1321 1105/1410/1569 1106/1405/1564
f 1214/1191/1323 1222/1472/1637 1105/1410/1569
f 1222/1472/1637 1107/1409/1568 1105/1410/1569
f 1109/1414/1573 1134/1184/1327 1104/1471/1638
f 1136/1197/1331 1109/1414/1577 1111/1473/1577
f 1137/1474/1639 1111/1422/80 1113/1425/1585
f 1225/1277/1415 1136/1201/1336 1137/1474/1639
f 1117/1475/1640 1138/1476/1641 1113/1425/1585
f 1138/1476/1641 1137/1474/1639 1113/1425/1585
f 1150/1477/1642 1128/1478/1643 1130/1479/1644
f 1122/1428/1588 1185/1480/1645 1140/1481/1646
f 1137/1474/1639 1226/1278/1416 1225/1277/1415
f 1107/1409/1568 1212/1274/1412 1202/1433/1593
f 1212/1274/1412 1184/1482/1647 1202/1433/1593
f 1062/1483/1648 1141/1380/1539 1142/1484/1649
f 1062/1483/1648 1142/1484/1649 1074/1485/1650
f 1144/1368/1527 1075/1486/1651 1143/1382/1541
f 1147/1389/1548 1096/1383/1542 1146/1487/1652
f 1152/1373/1532 1150/1477/1642 1151/1488/1653
f 1194/1489/1654 1154/1453/1618 1155/1452/1617
f 1159/1394/1553 1099/1374/1533 1158/1490/1655
f 1163/1491/1656 1162/1358/1514 1199/1364/1523
f 1165/1492/1657 1067/1493/1658 1164/1397/1556
f 1079/1494/1659 1078/1495/1660 1166/1408/1567
f 1079/1494/1659 1166/1408/1567 1167/1496/1661
f 1114/1431/1591 1080/1417/1578 1081/1497/1662
f 1114/1431/1591 1081/1497/1662 1082/1498/1663
f 1205/1499/1664 1118/1500/1665 1203/1501/1666
f 1170/1429/1589 1202/1433/1593 1201/1430/1590
f 1175/1450/1615 1173/1466/1631 1174/1464/1629
f 1178/1458/1623 1176/1461/1626 1177/1469/1634
f 1182/1457/1622 1133/1441/1602 1181/1459/1624
f 1204/1502/1667 1205/1499/1664 1203/1501/1666
f 1202/1433/1593 1185/1480/1645 1201/1430/1590
f 1082/1503/1668 1142/1484/1649 1114/1399/1558
f 1121/1392/1551 1148/1427/1587 1147/1389/1548
f 1148/1427/1587 1097/1384/1543 1096/1383/1542
f 1193/1504/1669 1155/1452/1617 1153/1451/1616
f 1160/1379/1538 1156/1505/1670 1099/1374/1533
f 1158/1490/1655 1171/1376/1535 1121/1392/1551
f 1157/1378/1537 1095/1371/1530 1195/1372/1531
f 1161/1400/1559 1160/1379/1538 1159/1394/1553
f 1101/1385/1544 1141/1380/1539 1073/1386/1545
f 1142/1484/1649 1100/1377/1536 1161/1400/1559
f 1146/1487/1652 1165/1492/1657 1164/1397/1556
f 1076/1506/1671 1143/1382/1541 1075/1486/1651
f 1144/1368/1527 1097/1384/1543 1152/1373/1532
f 1101/1385/1544 1077/1357/1511 1162/1358/1514
f 1146/1487/1652 1170/1390/1549 1147/1389/1548
f 1158/1490/1655 1169/1395/1554 1159/1394/1553
f 1167/1398/1557 1067/1493/1658 1079/1507/1672
f 1192/1508/1673 1153/1451/1616 1150/1477/1642
f 1181/1459/1624 1221/1139/1266 1211/1170/1302
f 1128/1478/1643 1174/1464/1629 1172/1462/1627
f 1129/1455/1620 1131/1467/1632 1173/1466/1631
f 1155/1452/1617 1129/1455/1620 1175/1450/1615
f 1151/1488/1653 1130/1479/1644 1178/1458/1623
f 1206/1263/1401 1181/1459/1624 1216/1169/1301
f 1220/1272/1410 1177/1469/1634 1210/1286/1424
f 1179/1454/1619 1217/1265/1403 1131/1467/1632
f 1183/1509/1674 1174/1464/1629 1173/1466/1631
f 1185/1510/1675 1177/1469/1634 1176/1461/1626
f 1182/1457/1622 1132/1448/1613 1200/1449/1614
f 1132/1448/1613 1154/1453/1618 1195/1372/1531
f 1151/1488/1653 1219/1446/1611 1152/1373/1532
f 1130/1479/1644 1172/1462/1627 1176/1461/1626
f 1186/1359/1516 1197/1370/1529 1196/1365/1524
f 1188/1439/1599 1197/1370/1529 1187/1440/1600
f 1188/1439/1599 1200/1449/1614 1198/1447/1612
f 1083/1511/1676 1190/1512/1677 1189/1513/1678
f 1261/1514/1679 1228/1515/1680 1227/1338/1484
f 1227/1516/1681 1263/1517/1682 1261/1518/1683
f 1189/1519/1684 1085/1520/1685 1083/1521/1686
f 1190/1512/1677 1232/1522/1687 1268/1523/1688
f 1228/1515/1680 1233/1524/1689 1269/1341/1487
f 1191/1525/1690 1230/1526/1691 1085/1520/1692
f 1263/1517/1693 1266/1335/1694 1231/1527/1695
f 1149/1426/1586 1152/1373/1532 1097/1384/1543
f 1192/1508/1673 1098/1375/1534 1193/1504/1669
f 1194/1489/1654 1098/1375/1534 1156/1505/1670
f 1157/1378/1537 1194/1489/1654 1156/1505/1670
f 1196/1365/1524 1095/1371/1530 1199/1364/1523
f 1163/1491/1656 1095/1371/1530 1145/1381/1540
f 1203/1501/1666 1119/1528/1696 1122/1428/1588
f 1203/1501/1666 1140/1481/1646 1204/1502/1667
f 1183/1529/1697 1139/1530/1698 1138/1476/1641
f 1116/1424/1584 1205/1499/1664 1117/1475/1640
f 1205/1499/1664 1138/1476/1641 1117/1475/1640
f 1116/1424/1584 1115/1423/1583 1169/1531/1699
f 1266/1335/1481 1253/1532/1700 1231/1527/1701
f 1103/1533/1702 1232/1522/1703 1255/1367/1526
f 1213/1334/1480 1233/1524/1704 1260/1445/1610
f 1235/1347/1499 1274/1534/1705 1271/1535/1706
f 1272/1536/1707 1102/1537/1708 1273/1538/1709
f 1272/1539/1710 1270/1540/1711 1237/1541/1712
f 1253/1532/1713 1235/1348/1501 1271/1542/1714
f 1238/1543/1715 1102/1537/1716 1239/1544/1717
f 1274/1534/1718 1240/1323/1469 1239/1544/1717
f 1249/1545/1719 1438/1546/1720 1248/1547/1721
f 1251/1548/1722 1249/1545/1719 1250/1325/1471
f 1438/1546/1723 1243/1549/1724 1242/1550/1725
f 1241/1328/1474 1254/1551/1726 1251/1548/1727
f 1434/1552/1728 1243/1553/1724 1244/1554/1729
f 1244/1554/1729 1241/1555/1474 1245/1330/1478
f 1249/1545/1719 1238/1543/1715 1239/1544/1717
f 1240/1323/1469 1249/1545/1719 1239/1544/1717
f 1094/1366/1525 1152/1373/1532 1259/1444/1609
f 1255/1367/1526 1063/1556/1730 1144/1368/1527
f 1252/1557/1731 1264/1558/1732 1230/1526/1733
f 1256/1559/1734 1257/1560/1735 1083/1511/1676
f 1258/1561/1736 1083/1521/1686 1085/1520/1685
f 1257/1560/1735 1267/1562/1737 1232/1522/1687
f 1264/1558/1738 1085/1520/1692 1230/1526/1691
f 1260/1445/1610 1094/1366/1525 1259/1444/1609
f 1189/1513/1678 1262/1563/1739 1261/1514/1679
f 1261/1518/1683 1191/1525/1740 1189/1519/1684
f 1268/1523/1688 1262/1563/1739 1190/1512/1677
f 1231/1527/1695 1191/1525/1690 1263/1517/1693
f 1253/1532/1700 1265/1564/1741 1231/1527/1701
f 1255/1367/1526 1267/1562/1742 1070/1565/1743
f 1103/1533/1702 1233/1524/1704 1268/1523/1744
f 1246/1566/1745 1273/1538/1746 1238/1543/1715
f 1102/1537/1716 1274/1534/1718 1239/1544/1717
f 1271/1535/1706 1102/1537/1708 1237/1567/1747
f 1236/1568/1748 1273/1538/1709 1246/1566/1749
f 1252/1557/1750 1236/1569/1751 1275/1570/1752
f 1270/1540/1711 1271/1542/1714 1237/1541/1712
f 1252/1557/1731 1265/1564/1741 1270/1540/1753
f 1106/1571/80 1072/1572/80 1277/257/80
f 1215/1350/80 1106/1571/80 1277/257/80
f 1280/1573/1754 1304/1574/1755 1281/1575/1754
f 1301/1576/1756 1305/1577/1757 1304/1574/1755
f 1302/1578/1758 1306/1579/1759 1305/1577/1757
f 1304/1574/1760 1292/1580/1761 1281/1575/1762
f 1305/1577/1763 1377/1581/1764 1304/1574/1760
f 1305/1577/1763 1402/1582/1765 1401/1583/1766
f 1307/1584/1767 1280/1573/1768 2199/1585/1768
f 2200/1586/1769 1301/1576/1770 1307/1584/1767
f 2201/1587/1771 1302/1578/1772 2200/1586/1769
f 1414/1588/1773 1401/1583/1766 1411/1589/1774
f 1309/1590/1775 1443/1591/1776 1359/1592/1777
f 1308/1593/1778 1411/1589/1774 1412/1594/1779
f 1310/1595/1780 1308/1593/1778 1410/1596/1781
f 1367/1597/1782 1309/1590/1775 1359/1592/1777
f 1314/1598/1783 1313/1599/1784 1386/1600/1785
f 1315/1601/1786 1372/1602/1787 1375/1603/1788
f 1356/1604/1789 1360/1605/1790 1315/1601/1786
f 1358/1606/1791 1311/1607/1792 1312/1608/1793
f 1316/1609/1794 1288/1610/1795 1283/1611/1796
f 1335/1612/1797 1362/1613/1798 1385/1614/1799
f 1334/1615/1800 1337/1616/1801 1335/1612/1797
f 1331/1617/1802 1374/1618/1803 1384/1619/1804
f 1336/1620/1805 1379/1621/1806 1382/1622/1807
f 1330/1623/1808 1376/1624/1809 1331/1617/1802
f 1531/1625/1810 1319/1626/1811 2214/1627/1812
f 1425/1628/1813 2202/1629/1814 1319/1626/1811
f 1322/1630/1815 1286/1631/1816 1287/1632/1817
f 1381/1633/1818 1286/1631/1816 1323/1634/1819
f 1323/1634/1819 1286/1631/1816 1321/1635/1820
f 1324/1636/1821 1531/1625/1822 1532/1637/1823
f 1325/1638/1824 1425/1628/1825 1324/1636/1821
f 1326/1639/1826 1532/1637/1827 1533/1640/1827
f 1326/1639/1826 1325/1638/1828 1324/1636/1826
f 1295/1641/1829 1326/1642/1830 1533/1643/1831
f 1383/1644/1832 1328/1645/1833 1326/1642/1830
f 1328/1645/1833 1327/1646/80 1326/1642/1830
f 1331/1647/1834 1332/1648/1835 1328/1645/1833
f 1333/1649/1836 1328/1645/1833 1332/1648/1835
f 1386/1600/1785 1364/1650/1837 1363/1651/1838
f 1338/1652/1839 1385/1653/1840 1416/1654/1841
f 1330/1655/1842 1328/1645/1833 1383/1644/1832
f 1336/1656/1843 1381/1633/1818 1323/1634/1819
f 1336/1656/1843 1323/1634/1819 1417/1657/1844
f 1306/1579/1759 1339/1658/1845 1341/1659/1846
f 1341/1659/1846 1340/1660/1847 1342/1661/1848
f 1340/1660/1847 1065/1351/1504 1342/1661/1848
f 1341/1659/1849 1402/1582/1765 1306/1579/1850
f 1341/1659/1849 1348/1662/1851 1403/1663/1852
f 1342/1661/1853 1077/1357/1511 1348/1662/1851
f 2203/1664/1854 1303/1665/1855 2201/1587/1771
f 2204/1666/1856 1339/1658/1857 2203/1664/1854
f 1066/1360/1518 1340/1660/1858 2204/1666/1856
f 1447/1667/1859 1070/1565/1743 1448/1668/1860
f 1063/1556/1730 1447/1667/1859 1367/1597/1782
f 1413/1669/1861 1308/1593/1778 1412/1594/1779
f 1308/1593/1778 1347/1670/1862 1410/1596/1781
f 1347/1670/1862 1413/1669/1861 1415/1671/1863
f 1390/1672/1864 1368/1673/1865 1370/1674/1866
f 1369/1675/1867 1394/1676/1868 1344/1677/1869
f 1062/1483/1648 1395/1678/1870 1397/1679/1871
f 1075/1486/1651 1393/1680/1872 1076/1506/1671
f 1396/1681/1873 1068/1387/1546 1073/1386/1545
f 1355/1682/1874 1391/1683/1875 1387/1684/1876
f 1419/1685/1877 1387/1684/1876 1389/1686/1878
f 1354/1687/1879 1388/1688/1880 1346/1689/1881
f 1399/1690/1882 1067/1493/1658 1392/1691/1883
f 1082/1503/1668 1346/1689/1881 1074/1485/1650
f 2202/1629/1814 1349/1412/1884 2205/1401/1560
f 1322/1630/1815 1071/1406/1565 1321/1635/1820
f 1071/1406/1565 1069/1692/1885 1321/1635/1820
f 1069/1692/1885 1323/1634/1819 1321/1635/1820
f 1350/1413/1572 1320/1693/1886 1325/1638/1824
f 1351/1415/1575 1325/1638/1828 1327/1694/1828
f 1352/1695/1887 1327/1646/80 1329/1696/1888
f 1081/1497/1662 1351/1419/1580 1352/1695/1887
f 1333/1649/1836 1353/1697/1889 1329/1696/1888
f 1353/1697/1889 1352/1695/1887 1329/1696/1888
f 1365/1698/1890 1343/1699/1891 1345/1700/1892
f 1338/1652/1839 1400/1701/1893 1355/1702/1894
f 1352/1695/1887 1082/1498/1663 1081/1497/1662
f 1323/1634/1819 1079/1494/1659 1417/1657/1844
f 1079/1494/1659 1399/1703/1895 1417/1657/1844
f 1278/1704/1896 1356/1604/1789 1357/1705/1897
f 1278/1704/1896 1357/1705/1897 1289/1706/1898
f 1358/1606/1791 1279/1707/1899 1290/1708/1900
f 1362/1613/1798 1311/1607/1792 1361/1709/1901
f 1367/1597/1782 1365/1698/1890 1366/1710/1902
f 1409/1711/1903 1369/1675/1867 1370/1674/1866
f 1374/1618/1803 1314/1598/1783 1373/1712/1904
f 1378/1713/1905 1377/1581/1764 1414/1588/1773
f 1291/1714/1906 1379/1621/1806 1380/1715/1907
f 1294/1716/1908 1293/1717/1909 1381/1633/1818
f 1294/1716/1908 1381/1633/1818 1382/1718/1910
f 1330/1655/1842 1295/1641/1829 1296/1719/1911
f 1330/1655/1842 1296/1719/1911 1297/1720/1912
f 1420/1721/1913 1334/1722/1914 1418/1723/1915
f 1385/1653/1840 1417/1657/1844 1416/1654/1841
f 1390/1672/1864 1388/1688/1880 1389/1686/1878
f 1393/1680/1872 1391/1683/1875 1392/1691/1883
f 1397/1679/1871 1348/1662/1851 1396/1681/1873
f 1419/1724/1916 1420/1721/1913 1418/1723/1915
f 1417/1657/1844 1400/1701/1893 1416/1654/1841
f 1330/1623/1808 1289/1706/1898 1357/1705/1897
f 1337/1616/1801 1363/1651/1838 1362/1613/1798
f 1363/1651/1838 1312/1608/1793 1311/1607/1792
f 1409/1711/1903 1368/1673/1865 1408/1725/1917
f 1375/1603/1788 1371/1726/1918 1314/1598/1783
f 1373/1712/1904 1386/1600/1785 1337/1616/1801
f 1372/1602/1787 1310/1595/1780 1410/1596/1781
f 1376/1624/1809 1375/1603/1788 1374/1618/1803
f 1316/1609/1794 1356/1604/1789 1288/1610/1795
f 1357/1705/1897 1315/1601/1786 1376/1624/1809
f 1361/1709/1901 1380/1715/1907 1379/1621/1806
f 1291/1714/1906 1358/1606/1791 1290/1708/1900
f 1359/1592/1777 1312/1608/1793 1367/1597/1782
f 1316/1609/1794 1292/1580/1761 1377/1581/1764
f 1361/1709/1901 1385/1614/1799 1362/1613/1798
f 1373/1712/1904 1384/1619/1804 1374/1618/1803
f 1294/1727/1919 1379/1621/1806 1282/1728/1920
f 1407/1729/1921 1368/1673/1865 1365/1698/1890
f 1396/1681/1873 1077/1357/1511 1068/1387/1546
f 1343/1699/1891 1389/1686/1878 1387/1684/1876
f 1344/1677/1869 1346/1689/1881 1388/1688/1880
f 1370/1674/1866 1344/1677/1869 1390/1672/1864
f 1366/1710/1902 1345/1700/1892 1393/1680/1872
f 1062/1483/1648 1396/1681/1873 1073/1386/1545
f 1076/1506/1671 1392/1691/1883 1067/1493/1658
f 1394/1676/1868 1074/1485/1650 1346/1689/1881
f 1398/1730/1922 1389/1686/1878 1388/1688/1880
f 1400/1731/1923 1392/1691/1883 1391/1683/1875
f 1397/1679/1871 1347/1670/1862 1415/1671/1863
f 1347/1670/1862 1369/1675/1867 1410/1596/1781
f 1366/1710/1902 1063/1556/1730 1367/1597/1782
f 1345/1700/1892 1387/1684/1876 1391/1683/1875
f 1401/1583/1766 1412/1594/1779 1411/1589/1774
f 1403/1663/1852 1412/1594/1779 1402/1582/1765
f 1403/1663/1852 1415/1671/1863 1413/1669/1861
f 1404/1732/1924 1445/1733/1925 1405/1734/1926
f 1449/1735/1927 1084/1736/1928 1256/1559/1734
f 1256/1737/1929 1451/1738/1930 1449/1739/1931
f 1298/1740/1932 1406/1741/1933 1300/1742/1934
f 1455/1743/1935 1445/1733/1925 1423/1744/1936
f 1267/1562/1737 1450/1745/1937 1424/1746/1938
f 1406/1741/1939 1421/1747/1940 1300/1742/1941
f 1258/1561/1942 1422/1748/1943 1451/1738/1944
f 1364/1650/1837 1367/1597/1782 1312/1608/1793
f 1407/1729/1921 1313/1599/1784 1408/1725/1917
f 1409/1711/1903 1313/1599/1784 1371/1726/1918
f 1372/1602/1787 1409/1711/1903 1371/1726/1918
f 1411/1589/1774 1310/1595/1780 1414/1588/1773
f 1378/1713/1905 1310/1595/1780 1360/1605/1790
f 1418/1723/1915 1335/1749/1945 1338/1652/1839
f 1418/1723/1915 1355/1702/1894 1419/1724/1916
f 1398/1750/1946 1354/1751/1947 1353/1697/1889
f 1332/1648/1835 1420/1721/1913 1333/1649/1836
f 1420/1721/1913 1353/1697/1889 1333/1649/1836
f 1332/1648/1835 1331/1647/1834 1384/1752/1948
f 1264/1558/1732 1441/1753/1949 1422/1748/1950
f 1455/1743/1951 1443/1591/1776 1318/1754/1952
f 1267/1562/1742 1448/1668/1860 1070/1565/1743
f 1236/1568/1748 1460/1755/1953 1457/1756/1954
f 1458/1757/1955 1317/1758/1956 1459/1759/1957
f 1440/1760/1958 1427/1761/1959 1458/1762/1960
f 1236/1569/1751 1441/1753/1961 1275/1570/1752
f 1459/1759/1962 1429/1763/1963 1428/1764/1964
f 1460/1755/1965 1238/1543/1715 1429/1763/1963
f 1437/1765/1966 1439/1766/1967 1436/1767/1968
f 1442/1768/1969 1248/1547/1721 1438/1546/1720
f 1439/1766/1970 1431/1769/1971 1430/1770/1972
f 1242/1550/1725 1442/1768/1973 1438/1546/1723
f 1432/1771/1974 1431/1772/1971 1433/1773/1975
f 1434/1552/1728 1431/1772/1971 1242/1774/1725
f 1437/1765/1966 1428/1764/1964 1429/1763/1963
f 1248/1547/1721 1429/1763/1963 1238/1543/1715
f 1309/1590/1775 1367/1597/1782 1447/1667/1859
f 1443/1591/1776 1279/1707/1899 1359/1592/1777
f 1440/1760/1976 1452/1775/1977 1421/1747/1978
f 1444/1776/1979 1445/1733/1925 1298/1777/1980
f 1446/1778/1981 1298/1740/1932 1300/1742/1934
f 1445/1733/1925 1454/1779/1982 1423/1744/1936
f 1421/1747/1940 1446/1778/1983 1300/1742/1941
f 1318/1754/1952 1447/1667/1859 1448/1668/1860
f 1449/1735/1927 1405/1734/1926 1450/1745/1937
f 1404/1780/1984 1451/1738/1930 1406/1741/1933
f 1424/1746/1938 1405/1734/1926 1455/1743/1935
f 1453/1781/1985 1451/1738/1944 1422/1748/1943
f 1441/1753/1949 1453/1781/1986 1422/1748/1950
f 1443/1591/1776 1454/1779/1987 1285/1782/1988
f 1318/1754/1952 1424/1746/1989 1455/1743/1951
f 1435/1783/1990 1459/1759/1962 1428/1764/1964
f 1317/1758/1991 1460/1755/1965 1429/1763/1963
f 1427/1784/1992 1460/1755/1953 1317/1758/1956
f 1426/1785/1993 1459/1759/1957 1435/1783/1994
f 1440/1760/1958 1426/1786/1995 1461/1787/1996
f 1456/1788/1997 1457/1789/1998 1427/1761/1959
f 1440/1760/1976 1453/1781/1986 1456/1788/1999
f 1322/1790/80 1287/1791/80 1277/257/80
f 1072/1572/80 1322/1790/80 1277/257/80
f 1465/1792/2000 1485/1793/2001 1488/1794/2002
f 1485/1793/2001 1489/1795/2003 1488/1794/2002
f 1486/1796/2004 1490/1797/2005 1489/1795/2003
f 1488/1794/2006 1476/1798/2007 1465/1792/2008
f 1489/1795/2009 1559/1799/2010 1488/1794/2006
f 1489/1795/2009 1584/1800/2011 1583/1801/2012
f 1485/1793/2013 2206/1802/2014 2207/1803/2013
f 1486/1796/2015 2207/1803/2013 2208/1804/2016
f 2209/1805/2017 1486/1796/2015 2208/1804/2016
f 1596/1806/2018 1583/1801/2012 1593/1807/2019
f 1492/1808/2020 1623/1809/2021 1541/1810/2022
f 1491/1811/2023 1593/1807/2019 1594/1812/2024
f 1493/1813/2025 1491/1811/2023 1592/1814/2026
f 1549/1815/2027 1492/1808/2020 1541/1810/2022
f 1497/1816/2028 1496/1817/2029 1568/1818/2030
f 1498/1819/2031 1554/1820/2032 1557/1821/2033
f 1538/1822/2034 1542/1823/2035 1498/1819/2031
f 1540/1824/2036 1494/1825/2037 1495/1826/2038
f 1499/1827/2039 1472/1828/2040 1467/1829/2041
f 1517/1830/2042 1544/1831/2043 1567/1832/2044
f 1516/1833/2045 1519/1834/2046 1517/1830/2042
f 1513/1835/2047 1556/1836/2048 1566/1837/2049
f 1518/1838/2050 1561/1839/2051 1564/1840/2052
f 1512/1841/2053 1558/1842/2054 1513/1835/2047
f 2221/1843/2055 1607/1844/2056 2210/1845/2057
f 2210/1845/2057 1502/1846/2058 2211/1847/2059
f 1504/1848/2060 1470/1849/2061 1471/1850/2062
f 1563/1851/2063 1470/1849/2061 1505/1852/2064
f 1505/1852/2064 1470/1849/2061 1503/1853/2065
f 1506/1854/2066 1715/1855/2067 1716/1856/2068
f 1506/1854/2066 1502/1846/2069 1607/1844/2070
f 1508/1857/2071 1716/1856/2072 1717/1858/2072
f 1509/1859/2073 1506/1854/2071 1508/1857/2071
f 1479/1860/2074 1508/1861/2075 1717/1862/2076
f 1565/1863/2077 1510/1864/2078 1508/1861/2075
f 1511/1865/2079 1508/1861/2075 1510/1864/2078
f 1513/1866/2080 1514/1867/2081 1510/1864/2078
f 1514/1867/2081 1511/1865/2079 1510/1864/2078
f 1568/1818/2030 1546/1868/2082 1545/1869/2083
f 1520/1870/2084 1567/1871/2085 1598/1872/2086
f 1512/1873/2087 1510/1864/2078 1565/1863/2077
f 1518/1874/2088 1563/1851/2063 1505/1852/2064
f 1518/1874/2088 1505/1852/2064 1599/1875/2089
f 1490/1797/2005 1521/1876/2090 1523/1877/2091
f 1521/1876/2090 1524/1878/2092 1523/1877/2091
f 1522/1879/2093 1281/1575/1754 1524/1878/2092
f 1523/1877/2094 1584/1800/2011 1490/1797/2095
f 1523/1877/2094 1530/1880/2096 1585/1881/2097
f 1281/1575/1762 1530/1880/2096 1524/1878/2098
f 1521/1876/2099 2209/1805/2017 2212/1882/2100
f 2213/1883/2101 1521/1876/2099 2212/1882/2100
f 2199/1585/1768 1522/1879/2102 2213/1883/2101
f 1627/1884/2103 1285/1782/1988 1628/1885/2104
f 1279/1707/1899 1627/1884/2103 1549/1815/2027
f 1595/1886/2105 1491/1811/2023 1594/1812/2024
f 1491/1811/2023 1529/1887/2106 1592/1814/2026
f 1529/1887/2106 1595/1886/2105 1597/1888/2107
f 1572/1889/2108 1550/1890/2109 1552/1891/2110
f 1551/1892/2111 1576/1893/2112 1526/1894/2113
f 1278/1704/1896 1577/1895/2114 1579/1896/2115
f 1290/1708/1900 1575/1897/2116 1291/1714/1906
f 1578/1898/2117 1283/1611/1796 1288/1610/1795
f 1537/1899/2118 1573/1900/2119 1569/1901/2120
f 1601/1902/2121 1569/1901/2120 1571/1903/2122
f 1536/1904/2123 1570/1905/2124 1528/1906/2125
f 1581/1907/2126 1282/1728/1920 1574/1908/2127
f 1297/1909/2128 1528/1906/2125 1289/1706/1898
f 2211/1847/2059 1531/1625/1810 2214/1627/1812
f 1287/1632/1817 1503/1853/2065 1504/1848/2060
f 1286/1631/1816 1284/1910/2129 1503/1853/2065
f 1284/1910/2129 1505/1852/2064 1503/1853/2065
f 1507/1911/2130 1531/1625/1822 1502/1846/2069
f 1509/1859/2073 1532/1637/1827 1507/1911/2073
f 1534/1912/2131 1509/1913/80 1511/1865/2079
f 1296/1719/1911 1533/1643/1831 1534/1912/2131
f 1515/1914/2132 1535/1915/2133 1511/1865/2079
f 1535/1915/2133 1534/1912/2131 1511/1865/2079
f 1547/1916/2134 1525/1917/2135 1527/1918/2136
f 1520/1870/2084 1582/1919/2137 1537/1920/2138
f 1534/1912/2131 1297/1720/1912 1296/1719/1911
f 1505/1852/2064 1294/1716/1908 1599/1875/2089
f 1294/1716/1908 1581/1921/2139 1599/1875/2089
f 1462/1922/2140 1538/1822/2034 1539/1923/2141
f 1462/1922/2140 1539/1923/2141 1473/1924/2142
f 1540/1824/2036 1463/1925/2143 1474/1926/2144
f 1544/1831/2043 1494/1825/2037 1543/1927/2145
f 1549/1815/2027 1547/1916/2134 1548/1928/2146
f 1591/1929/2147 1551/1892/2111 1552/1891/2110
f 1556/1836/2048 1497/1816/2028 1555/1930/2148
f 1560/1931/2149 1559/1799/2010 1596/1806/2018
f 1475/1932/2150 1561/1839/2051 1562/1933/2151
f 1478/1934/2152 1477/1935/2153 1563/1851/2063
f 1478/1934/2152 1563/1851/2063 1564/1936/2154
f 1512/1873/2087 1479/1860/2074 1480/1937/2155
f 1512/1873/2087 1480/1937/2155 1481/1938/2156
f 1602/1939/2157 1516/1940/2158 1600/1941/2159
f 1567/1871/2085 1599/1875/2089 1598/1872/2086
f 1572/1889/2108 1570/1905/2124 1571/1903/2122
f 1575/1897/2116 1573/1900/2119 1574/1908/2127
f 1579/1896/2115 1530/1880/2096 1578/1898/2117
f 1601/1942/2160 1602/1939/2157 1600/1941/2159
f 1599/1875/2089 1582/1919/2137 1598/1872/2086
f 1512/1841/2053 1473/1924/2142 1539/1923/2141
f 1519/1834/2046 1545/1869/2083 1544/1831/2043
f 1545/1869/2083 1495/1826/2038 1494/1825/2037
f 1591/1929/2147 1550/1890/2109 1590/1943/2161
f 1557/1821/2033 1553/1944/2162 1497/1816/2028
f 1555/1930/2148 1568/1818/2030 1519/1834/2046
f 1554/1820/2032 1493/1813/2025 1592/1814/2026
f 1558/1842/2054 1557/1821/2033 1556/1836/2048
f 1499/1827/2039 1538/1822/2034 1472/1828/2040
f 1539/1923/2141 1498/1819/2031 1558/1842/2054
f 1543/1927/2145 1562/1933/2151 1561/1839/2051
f 1562/1933/2151 1474/1926/2144 1475/1932/2150
f 1541/1810/2022 1495/1826/2038 1549/1815/2027
f 1499/1827/2039 1476/1798/2007 1559/1799/2010
f 1543/1927/2145 1567/1832/2044 1544/1831/2043
f 1555/1930/2148 1566/1837/2049 1556/1836/2048
f 1478/1945/2163 1561/1839/2051 1466/1946/2164
f 1589/1947/2165 1550/1890/2109 1547/1916/2134
f 1578/1898/2117 1292/1580/1761 1283/1611/1796
f 1525/1917/2135 1571/1903/2122 1569/1901/2120
f 1526/1894/2113 1528/1906/2125 1570/1905/2124
f 1552/1891/2110 1526/1894/2113 1572/1889/2108
f 1548/1928/2146 1527/1918/2136 1575/1897/2116
f 1278/1704/1896 1578/1898/2117 1288/1610/1795
f 1291/1714/1906 1574/1908/2127 1282/1728/1920
f 1576/1893/2112 1289/1706/1898 1528/1906/2125
f 1580/1948/2166 1571/1903/2122 1570/1905/2124
f 1582/1949/2167 1574/1908/2127 1573/1900/2119
f 1579/1896/2115 1529/1887/2106 1597/1888/2107
f 1529/1887/2106 1551/1892/2111 1592/1814/2026
f 1548/1928/2146 1279/1707/1899 1549/1815/2027
f 1527/1918/2136 1569/1901/2120 1573/1900/2119
f 1583/1801/2012 1594/1812/2024 1593/1807/2019
f 1585/1881/2097 1594/1812/2024 1584/1800/2011
f 1585/1881/2097 1597/1888/2107 1595/1886/2105
f 1586/1950/2168 1625/1951/2169 1587/1952/2170
f 1629/1953/2171 1299/1954/2172 1444/1776/1979
f 1444/1955/2173 1631/1956/2174 1629/1957/2175
f 1482/1958/2176 1588/1959/2177 1484/1960/2178
f 1635/1961/2179 1625/1951/2169 1605/1962/2180
f 1299/1954/2172 1606/1963/2181 1454/1779/1982
f 1588/1959/2182 1603/1964/2183 1484/1960/2184
f 1631/1956/2185 1452/1775/2186 1604/1965/2187
f 1546/1868/2082 1549/1815/2027 1495/1826/2038
f 1589/1947/2165 1496/1817/2029 1590/1943/2161
f 1591/1929/2147 1496/1817/2029 1553/1944/2162
f 1554/1820/2032 1591/1929/2147 1553/1944/2162
f 1593/1807/2019 1493/1813/2025 1596/1806/2018
f 1560/1931/2149 1493/1813/2025 1542/1823/2035
f 1600/1941/2159 1517/1966/2188 1520/1870/2084
f 1600/1941/2159 1537/1920/2138 1601/1942/2160
f 1580/1967/2189 1536/1968/2190 1535/1915/2133
f 1514/1867/2081 1602/1939/2157 1515/1914/2132
f 1602/1939/2157 1535/1915/2133 1515/1914/2132
f 1514/1867/2081 1513/1866/2080 1566/1969/2191
f 1604/1965/2192 1461/1787/2193 1621/1970/2194
f 1501/1971/2195 1605/1962/2196 1623/1809/2021
f 1285/1782/1988 1606/1963/2197 1628/1885/2104
f 1637/1972/2198 1435/1783/1994 1640/1973/2199
f 1638/1974/2200 1500/1975/2201 1639/1976/2202
f 1638/1977/2203 1636/1978/2204 1609/1979/2205
f 1637/1980/2206 1461/1787/1996 1426/1786/1995
f 1610/1981/2207 1500/1975/2208 1611/1982/2209
f 1640/1973/2210 1428/1764/1964 1611/1982/2209
f 1622/1983/2211 1617/1984/2212 1618/1985/2213
f 1439/1766/1967 1618/1985/2213 1436/1767/1968
f 1612/1986/2214 1622/1983/2215 1613/1987/2216
f 1613/1987/2216 1439/1766/1970 1430/1770/1972
f 1615/1988/2217 1612/1989/2214 1613/1990/2216
f 1432/1771/1974 1613/1990/2216 1430/1991/1972
f 1618/1985/2213 1610/1981/2207 1611/1982/2209
f 1436/1767/1968 1611/1982/2209 1428/1764/1964
f 1492/1808/2020 1549/1815/2027 1627/1884/2103
f 1623/1809/2021 1463/1925/2143 1541/1810/2022
f 1641/1992/2218 1603/1964/2219 1620/1993/2220
f 1482/1994/2221 1483/1995/2222 1625/1951/2169
f 1484/1960/2178 1624/1996/2223 1482/1958/2176
f 1483/1995/2222 1605/1962/2180 1625/1951/2169
f 1632/1997/2224 1484/1960/2184 1603/1964/2183
f 1501/1971/2195 1627/1884/2103 1628/1885/2104
f 1629/1953/2171 1587/1952/2170 1630/1998/2225
f 1586/1999/2226 1631/1956/2174 1588/1959/2177
f 1635/1961/2179 1630/1998/2225 1587/1952/2170
f 1604/1965/2187 1588/1959/2182 1631/1956/2185
f 1636/1978/2227 1604/1965/2192 1621/1970/2194
f 1623/1809/2021 1634/2000/2228 1469/2001/2229
f 1628/1885/2104 1635/1961/2230 1501/1971/2195
f 1616/2002/2231 1639/1976/2232 1610/1981/2207
f 1500/1975/2208 1640/1973/2210 1611/1982/2209
f 1609/2003/2233 1640/1973/2199 1500/1975/2201
f 1608/2004/2234 1639/1976/2202 1616/2002/2235
f 1620/1993/2236 1608/2005/2237 1641/1992/2238
f 1621/1970/2239 1609/1979/2205 1636/1978/2204
f 1603/1964/2219 1636/1978/2227 1620/1993/2220
f 1504/2006/80 1471/2007/80 1277/257/80
f 1287/1791/80 1504/2006/80 1277/257/80
f 1644/2008/2240 1670/2009/2241 1645/91/96
f 1667/2010/2242 1671/2011/2243 1670/2009/2241
f 1671/2011/2243 1669/2012/2244 1672/2013/2245
f 1645/91/2246 1743/2014/2247 1657/94/102
f 1671/2011/2248 1743/2014/2247 1670/2009/2249
f 1672/2013/2250 1767/2015/2251 1671/2011/2248
f 1673/2016/2252 1644/2008/2253 2215/97/106
f 2216/2017/2254 1667/2010/2255 1673/2016/2252
f 1669/2012/2256 2216/2017/2254 2217/2018/2257
f 1780/2019/2258 1767/2015/2251 1777/2020/2259
f 1675/2021/2260 1806/2022/2261 1725/2023/2262
f 1674/2024/2263 1777/2020/2259 1778/2025/2264
f 1676/2026/2265 1674/2024/2263 1776/2027/2266
f 1733/2028/2267 1675/2021/2260 1725/2023/2262
f 1680/2029/2268 1679/2030/2269 1752/2031/2270
f 1681/2032/2271 1738/2033/2272 1741/2034/2273
f 1722/2035/2274 1726/2036/2275 1681/2032/2271
f 1724/2037/2276 1677/2038/2277 1678/2039/2278
f 1682/2040/2279 1653/119/129 1647/118/128
f 1701/2041/2280 1728/2042/2281 1751/2043/2282
f 1700/2044/2283 1703/2045/2284 1701/2041/2280
f 1697/2046/2285 1740/2047/2286 1750/2048/2287
f 1702/2049/2288 1745/2050/2289 1748/2051/2290
f 1696/2052/2291 1742/2053/2292 1697/2046/2285
f 2160/135/144 1791/2054/2293 2218/2055/2294
f 2218/2055/2294 1686/2056/2295 1685/2057/2296
f 1652/136/145 1687/2058/2297 1651/138/147
f 1747/2059/2298 1651/138/147 1689/2060/2299
f 1689/2060/2299 1651/138/147 1687/2058/2297
f 55/2061/2300 1791/2054/2301 54/134/150
f 1690/2062/2302 1686/2056/2303 1791/2054/2301
f 1692/2063/2304 55/2061/151 56/142/151
f 1693/2064/2305 1690/2062/2304 1692/2063/2304
f 1660/2065/2306 1692/2066/2307 56/147/155
f 1749/2067/2308 1694/2068/2309 1692/2066/2307
f 1695/2069/2310 1692/2066/2307 1694/2068/2309
f 1697/2070/2311 1698/2071/2312 1694/2068/2309
f 1698/2071/2312 1695/2069/2310 1694/2068/2309
f 1752/2031/2270 1730/2072/2313 1729/2073/2314
f 1704/2074/2315 1751/2075/2316 1782/2076/2317
f 1696/2077/2318 1694/2068/2309 1749/2067/2308
f 1702/2078/2319 1747/2059/2298 1689/2060/2299
f 1702/2078/2319 1689/2060/2299 1783/2079/2320
f 1672/2013/2245 1705/2080/2321 1707/2081/2322
f 1707/2081/2322 1706/2082/2323 1708/2083/2324
f 1706/2082/2323 1465/1792/2000 1708/2083/2324
f 1672/2013/2250 1769/2084/2325 1768/2085/2326
f 1707/2081/2327 1714/2086/2328 1769/2084/2325
f 1708/2083/2329 1476/1798/2007 1714/2086/2328
f 1705/2080/2330 2217/2018/2257 2219/2087/2331
f 2220/2088/2332 1705/2080/2330 2219/2087/2331
f 2206/1802/2014 1706/2082/2333 2220/2088/2332
f 1809/2089/2334 1469/2001/2229 1810/2090/2335
f 1463/1925/2143 1809/2089/2334 1733/2028/2267
f 1779/2091/2336 1674/2024/2263 1778/2025/2264
f 1674/2024/2263 1713/2092/2337 1776/2027/2266
f 1713/2092/2337 1779/2091/2336 1781/2093/2338
f 1756/2094/2339 1734/2095/2340 1736/2096/2341
f 1735/2097/2342 1760/2098/2343 1710/2099/2344
f 1462/1922/2140 1761/2100/2345 1763/2101/2346
f 1474/1926/2144 1759/2102/2347 1475/1932/2150
f 1762/2103/2348 1467/1829/2041 1472/1828/2040
f 1721/2104/2349 1757/2105/2350 1753/2106/2351
f 1785/2107/2352 1753/2106/2351 1755/2108/2353
f 1720/2109/2354 1754/2110/2355 1712/2111/2356
f 1765/2112/2357 1466/1946/2164 1758/2113/2358
f 1481/2114/2359 1712/2111/2356 1473/1924/2142
f 1686/2056/2295 2221/1843/2055 1685/2057/2296
f 1688/2115/2360 1470/1849/2061 1687/2058/2297
f 1470/1849/2061 1468/2116/2361 1687/2058/2297
f 1468/2116/2361 1689/2060/2299 1687/2058/2297
f 1691/2117/2362 1715/1855/2067 1686/2056/2303
f 1693/2064/2305 1716/1856/2072 1691/2117/2305
f 1718/2118/2363 1693/2119/80 1695/2069/2310
f 1480/1937/2155 1717/1862/2076 1718/2118/2363
f 1699/2120/2364 1719/2121/2365 1695/2069/2310
f 1719/2121/2365 1718/2118/2363 1695/2069/2310
f 1731/2122/2366 1709/2123/2367 1711/2124/2368
f 1704/2074/2315 1766/2125/2369 1721/2126/2370
f 1718/2118/2363 1481/1938/2156 1480/1937/2155
f 1689/2060/2299 1478/1934/2152 1783/2079/2320
f 1478/1934/2152 1765/2127/2371 1783/2079/2320
f 1642/111/121 1722/2035/2274 1723/2128/2372
f 1642/111/121 1723/2128/2372 1654/132/142
f 1724/2037/2276 1643/101/111 1655/114/124
f 1728/2042/2281 1677/2038/2277 1727/2129/2373
f 1733/2028/2267 1731/2122/2366 1732/2130/2374
f 1775/2131/2375 1735/2097/2342 1736/2096/2341
f 1740/2047/2286 1680/2029/2268 1739/2132/2376
f 1744/2133/2377 1743/2014/2247 1780/2019/2258
f 1746/2134/2378 1646/129/139 1745/2050/2289
f 1659/155/163 1658/2135/2379 1747/2059/2298
f 1659/155/163 1747/2059/2298 1748/2136/2380
f 1696/2077/2318 1660/2065/2306 1661/146/154
f 1696/2077/2318 1661/146/154 1662/154/162
f 1786/2137/2381 1700/2138/2382 1784/2139/2383
f 1751/2075/2316 1783/2079/2320 1782/2076/2317
f 1756/2094/2339 1754/2110/2355 1755/2108/2353
f 1759/2102/2347 1757/2105/2350 1758/2113/2358
f 1763/2101/2346 1714/2086/2328 1762/2103/2348
f 1785/2140/2384 1786/2137/2381 1784/2139/2383
f 1783/2079/2320 1766/2125/2369 1782/2076/2317
f 1662/131/141 1723/2128/2372 1696/2052/2291
f 1703/2045/2284 1729/2073/2314 1728/2042/2281
f 1729/2073/2314 1678/2039/2278 1677/2038/2277
f 1775/2131/2375 1734/2095/2340 1774/2141/2385
f 1741/2034/2273 1737/2142/2386 1680/2029/2268
f 1739/2132/2376 1752/2031/2270 1703/2045/2284
f 1738/2033/2272 1676/2026/2265 1776/2027/2266
f 1742/2053/2292 1741/2034/2273 1740/2047/2286
f 1682/2040/2279 1722/2035/2274 1653/119/129
f 1723/2128/2372 1681/2032/2271 1742/2053/2292
f 1727/2129/2373 1746/2134/2378 1745/2050/2289
f 1656/116/126 1724/2037/2276 1655/114/124
f 1725/2023/2262 1678/2039/2278 1733/2028/2267
f 1682/2040/2279 1657/94/102 1743/2014/2247
f 1727/2129/2373 1751/2043/2282 1728/2042/2281
f 1739/2132/2376 1750/2048/2287 1740/2047/2286
f 1748/2051/2290 1646/129/139 1659/2143/2387
f 1773/2144/2388 1734/2095/2340 1731/2122/2366
f 1762/2103/2348 1476/1798/2007 1467/1829/2041
f 1709/2123/2367 1755/2108/2353 1753/2106/2351
f 1710/2099/2344 1712/2111/2356 1754/2110/2355
f 1736/2096/2341 1710/2099/2344 1756/2094/2339
f 1732/2130/2374 1711/2124/2368 1759/2102/2347
f 1462/1922/2140 1762/2103/2348 1472/1828/2040
f 1475/1932/2150 1758/2113/2358 1466/1946/2164
f 1760/2098/2343 1473/1924/2142 1712/2111/2356
f 1764/2145/2389 1755/2108/2353 1754/2110/2355
f 1766/2146/2390 1758/2113/2358 1757/2105/2350
f 1763/2101/2346 1713/2092/2337 1781/2093/2338
f 1713/2092/2337 1735/2097/2342 1776/2027/2266
f 1732/2130/2374 1463/1925/2143 1733/2028/2267
f 1711/2124/2368 1753/2106/2351 1757/2105/2350
f 1767/2015/2251 1778/2025/2264 1777/2020/2259
f 1769/2084/2325 1778/2025/2264 1768/2085/2326
f 1769/2084/2325 1781/2093/2338 1779/2091/2336
f 1770/2147/2391 1807/2148/2392 1771/2149/2393
f 1624/2150/2394 1812/2151/2395 1483/1995/2222
f 1811/2152/2396 1626/2153/2397 1813/2154/2396
f 1664/2155/2398 1772/2156/2399 1666/2157/2400
f 1817/2158/2401 1807/2148/2392 1789/2159/2402
f 1634/2000/2403 1812/2151/2395 1790/2160/2404
f 1772/2156/2405 1787/2161/2406 1666/2157/2407
f 1813/2154/2408 1632/1997/2224 1788/2162/2409
f 1730/2072/2313 1733/2028/2267 1678/2039/2278
f 1773/2144/2388 1679/2030/2269 1774/2141/2385
f 1774/2141/2385 1737/2142/2386 1775/2131/2375
f 1738/2033/2272 1775/2131/2375 1737/2142/2386
f 1777/2020/2259 1676/2026/2265 1780/2019/2258
f 1744/2133/2377 1676/2026/2265 1726/2036/2275
f 1784/2139/2383 1701/2163/2410 1704/2074/2315
f 1784/2139/2383 1721/2126/2370 1785/2140/2384
f 1764/2164/2411 1720/2165/2412 1719/2121/2365
f 1698/2071/2312 1786/2137/2381 1699/2120/2364
f 1786/2137/2381 1719/2121/2365 1699/2120/2364
f 1698/2071/2312 1697/2070/2311 1750/2166/2413
f 1788/2162/2414 1641/1992/2218 1803/2167/2415
f 1817/2158/2416 1806/2022/2261 1684/2168/2417
f 1469/2001/2229 1790/2160/2418 1810/2090/2335
f 1820/2169/2419 1616/2002/2235 1823/2170/2420
f 1821/2171/2421 1683/2172/2422 1822/2173/2423
f 1821/2174/2424 1819/2175/2425 1793/2176/2426
f 1608/2005/2237 1803/2167/2427 1641/1992/2238
f 1794/225/242 1683/2172/2428 1795/2177/2429
f 1823/2170/2430 1610/1981/2207 1795/2177/2429
f 1801/2178/2431 1804/231/248 1800/230/247
f 1619/2179/2432 1801/2178/2431 1617/1984/2212
f 1796/234/252 1805/2180/2433 1797/2181/2434
f 1797/2181/2434 1619/2179/2435 1612/1986/2214
f 1799/2182/2436 1796/239/252 1797/2183/2434
f 1614/2184/2437 1797/2183/2434 1612/1989/2214
f 1795/2177/2429 1800/230/247 1794/225/242
f 1610/1981/2207 1801/2178/2431 1795/2177/2429
f 1675/2021/2260 1733/2028/2267 1809/2089/2334
f 1806/2022/2261 1643/101/111 1725/2023/2262
f 1818/209/220 1787/2161/2438 1802/2185/2439
f 1664/2186/2440 1665/190/198 1807/2148/2392
f 1666/2157/2400 1663/192/200 1664/2155/2398
f 1665/190/198 1789/2159/2402 1807/2148/2392
f 1814/203/214 1666/2157/2407 1787/2161/2406
f 1810/2090/2335 1675/2021/2260 1809/2089/2334
f 1811/2187/2441 1771/2149/2393 1812/2151/2395
f 1770/2188/2442 1813/2154/2396 1772/2156/2399
f 1790/2160/2404 1771/2149/2393 1817/2158/2401
f 1815/2189/2443 1813/2154/2408 1788/2162/2409
f 1819/2175/2444 1788/2162/2414 1803/2167/2415
f 1650/99/109 1789/2159/2445 1816/201/2446
f 1810/2090/2335 1817/2158/2416 1684/2168/2417
f 1649/212/2447 1822/2173/2448 1794/225/242
f 1683/2172/2428 1823/2170/2430 1795/2177/2429
f 1793/2190/2449 1823/2170/2420 1683/2172/2422
f 1792/2191/2450 1822/2173/2423 1649/212/227
f 1818/209/2451 1821/2174/2424 1792/221/236
f 1803/2167/2427 1793/2176/2426 1819/2175/2425
f 1787/2161/2438 1819/2175/2444 1802/2185/2439
f 1688/2192/80 1652/258/80 1277/257/80
f 1471/2007/80 1688/2192/80 1277/257/80
f 856/894/2452 674/676/2452 493/678/2452
f 312/460/2452 856/894/2452 493/678/2452
f 313/462/2452 855/1115/2452 312/460/2452
f 1036/1332/2452 313/462/2452 135/235/2452
f 136/237/2452 1036/1332/2452 135/235/2452
f 1244/1554/2452 136/237/2452 1798/238/2452
f 1799/2182/2452 1244/1554/2452 1798/238/2452
f 1433/1773/2452 1799/2182/2452 1614/2184/2452
f 1615/1988/2453 1433/1773/2452 1614/2184/2452
f 2252/2638/2868 2376/2639/2869 2253/2640/2869
f 2253/2640/2869 2377/2641/2870 2254/2642/2870
f 2254/2642/2870 2378/2643/2871 2255/2644/2871
f 2255/2644/2871 2379/2645/2872 2256/2646/2872
f 2256/2646/2872 2380/2647/2873 2257/2648/2873
f 2257/2648/2873 2381/2649/2874 2258/2650/2874
f 2259/2651/2875 2381/2649/2874 2382/2652/2876
f 2259/2651/2875 2383/2653/2877 2260/2654/2878
f 2260/2654/2878 2384/2655/2879 2261/2656/2879
f 2261/2656/2879 2385/2657/2880 2262/2658/2881
f 2262/2658/2881 2386/2659/2882 2263/2660/2883
f 2263/2660/2883 2387/2661/2884 2264/2662/2884
f 2265/2663/2885 2387/2661/2884 2388/2664/2885
f 2266/2665/2886 2388/2664/2885 2389/2666/2886
f 2267/2667/2887 2389/2666/2886 2390/2668/2887
f 2268/2669/2888 2390/2668/2887 2391/2670/2888
f 2268/2669/2888 2392/2671/2889 2269/2672/2889
f 2270/2673/2890 2392/2671/2889 2393/2674/2890
f 2271/2675/2891 2393/2674/2890 2394/2676/2891
f 2272/2677/2892 2394/2676/2891 2395/2678/2892
f 2273/2679/2893 2395/2678/2892 2396/2680/2893
f 2274/2681/2894 2396/2680/2893 2397/2682/2895
f 2275/2683/2896 2397/2682/2895 2398/2684/2896
f 2276/2685/2897 2398/2684/2896 2399/2686/2897
f 2277/2687/2898 2399/2686/2897 2400/2688/2898
f 2278/2689/2899 2400/2688/2898 2401/2690/2899
f 2279/2691/2900 2401/2690/2899 2402/2692/2900
f 2280/2693/2901 2402/2692/2900 2403/2694/2901
f 2281/2695/2902 2403/2694/2901 2251/2696/2903
f 2281/2695/2902 2222/2697/2868 2252/2638/2868
f 2375/2698/2452 2316/2699/2452 2223/2700/2452
f 2316/2699/2452 2224/2701/2452 2223/2700/2452
f 2224/2701/2452 2318/2702/2452 2225/2703/2452
f 2225/2703/2452 2319/2704/2452 2226/2705/2452
f 2319/2704/2452 2227/2706/2452 2226/2705/2452
f 2227/2706/2452 2321/2707/2452 2228/2708/2452
f 2321/2707/2452 2229/2709/2452 2228/2708/2452
f 2229/2709/2452 2323/2710/2452 2230/2711/2452
f 2230/2711/2452 2324/2712/2452 2231/2713/2452
f 2324/2712/2452 2232/2714/2452 2231/2713/2452
f 2232/2714/2452 2326/2715/2452 2233/2716/2452
f 2326/2715/2452 2234/2717/2452 2233/2716/2452
f 2327/2718/2452 2235/2719/2452 2234/2717/2452
f 2235/2719/2452 2329/2720/2452 2236/2721/2452
f 2329/2720/2452 2237/2722/2452 2236/2721/2452
f 2237/2722/2452 2331/2723/2452 2238/2724/2452
f 2331/2723/2452 2239/2725/2452 2238/2724/2452
f 2239/2725/2452 2333/2726/2452 2240/2727/2452
f 2333/2726/2452 2241/2728/2452 2240/2727/2452
f 2334/2729/2452 2242/2730/2452 2241/2728/2452
f 2335/2731/2452 2243/2732/2452 2242/2730/2452
f 2243/2732/2452 2337/2733/2452 2244/2734/2452
f 2337/2733/2452 2245/2735/2452 2244/2734/2452
f 2338/2736/2452 2246/2737/2452 2245/2735/2452
f 2246/2737/2452 2340/2738/2452 2247/2739/2452
f 2247/2739/2452 2341/2740/2452 2248/2741/2452
f 2248/2741/2452 2342/2742/2452 2249/2743/2452
f 2342/2742/2452 2250/2744/2452 2249/2743/2452
f 2250/2744/2452 2344/2745/2452 2404/2746/2452
f 2344/2745/2452 2375/2698/2452 2404/2746/2452
s 0
f 2285/2747/2904 2282/2748/2905 2284/2749/2906
f 2285/2747/2907 2407/2750/2908 2406/2751/2909
f 2287/2752/2910 2407/2750/2911 2286/2753/2912
f 2288/2754/2913 2408/2755/2914 2287/2752/2915
f 2289/2756/2916 2409/2757/2917 2288/2754/2918
f 2289/2756/2919 2411/2758/2920 2410/2759/2921
f 2290/2760/2922 2412/2761/2923 2411/2758/2924
f 2292/2762/2925 2412/2761/2926 2291/2763/2927
f 2293/2764/2928 2413/2765/2929 2292/2762/2930
f 2294/2766/2931 2414/2767/2932 2293/2764/2933
f 2294/2766/2934 2416/2768/2935 2415/2769/2936
f 2295/2770/2937 2417/2771/2938 2416/2768/2939
f 2296/2772/2940 2418/2773/2941 2417/2771/2942
f 2298/2774/2943 2418/2773/2944 2297/2775/2945
f 2298/2774/2946 2420/2776/2947 2419/2777/2948
f 2300/2778/2949 2420/2776/2950 2299/2779/2951
f 2301/2780/2952 2421/2781/2953 2300/2778/2954
f 2302/2782/2955 2422/2783/2956 2301/2780/2957
f 2303/2784/2958 2423/2785/2959 2302/2782/2960
f 2303/2784/2961 2425/2786/2962 2424/2787/2963
f 2304/2788/2964 2426/2789/2965 2425/2786/2966
f 2306/2790/2967 2426/2789/2968 2305/2791/2969
f 2306/2790/2970 2428/2792/2971 2427/2793/2972
f 2307/2794/2973 2429/2795/2974 2428/2792/2975
f 2309/2796/2976 2429/2795/2977 2308/2797/2978
f 2310/2798/2979 2430/2799/2980 2309/2796/2981
f 2310/2798/2982 2432/2800/2983 2431/2801/2984
f 2311/2802/2985 2433/2803/2986 2432/2800/2987
f 2312/2804/2988 2283/2805/2989 2433/2803/2990
f 2313/2806/2991 2282/2748/2992 2283/2805/2993
s 1
f 2285/2747/2452 2284/2749/2452 2314/2807/2452
f 2286/2753/2452 2285/2747/2452 2314/2807/2452
f 2287/2752/2452 2286/2753/2452 2314/2807/2452
f 2288/2754/2452 2287/2752/2452 2314/2807/2452
f 2289/2756/2452 2288/2754/2452 2314/2807/2452
f 2290/2760/2452 2289/2756/2452 2314/2807/2452
f 2291/2763/2452 2290/2760/2452 2314/2807/2452
f 2292/2762/2452 2291/2763/2452 2314/2807/2452
f 2293/2764/2452 2292/2762/2452 2314/2807/2452
f 2294/2766/2452 2293/2764/2452 2314/2807/2452
f 2295/2770/2452 2294/2766/2452 2314/2807/2452
f 2296/2772/2452 2295/2770/2452 2314/2807/2452
f 2297/2775/2452 2296/2772/2452 2314/2807/2452
f 2298/2774/2452 2297/2775/2452 2314/2807/2452
f 2299/2779/2452 2298/2774/2452 2314/2807/2452
f 2300/2778/2452 2299/2779/2452 2314/2807/2452
f 2301/2780/2452 2300/2778/2452 2314/2807/2452
f 2302/2782/2452 2301/2780/2452 2314/2807/2452
f 2303/2784/2452 2302/2782/2452 2314/2807/2452
f 2304/2788/2452 2303/2784/2452 2314/2807/2452
f 2305/2791/2452 2304/2788/2452 2314/2807/2452
f 2306/2790/2452 2305/2791/2452 2314/2807/2452
f 2307/2794/2452 2306/2790/2452 2314/2807/2452
f 2308/2797/2452 2307/2794/2452 2314/2807/2452
f 2309/2796/2452 2308/2797/2452 2314/2807/2452
f 2310/2798/2452 2309/2796/2452 2314/2807/2452
f 2311/2802/2452 2310/2798/2452 2314/2807/2452
f 2312/2804/2452 2311/2802/2452 2314/2807/2452
f 2313/2806/2452 2312/2804/2452 2314/2807/2452
f 2284/2749/2452 2313/2806/2452 2314/2807/2452
f 2434/2808/2994 2316/2809/2995 2315/2810/2996
f 2435/2811/2997 2317/2812/2998 2316/2809/2995
f 2436/2813/2999 2318/2814/3000 2317/2812/2998
f 2318/2814/3000 2438/2815/3001 2319/2816/3002
f 2438/2815/3001 2320/2817/3003 2319/2816/3002
f 2320/2817/3003 2440/2818/3004 2321/2819/3005
f 2321/2819/3005 2441/2820/3006 2322/2821/3007
f 2322/2821/3007 2442/2822/3008 2323/2823/3009
f 2442/2822/3008 2324/2824/3010 2323/2823/3009
f 2443/2825/3011 2325/2826/3012 2324/2824/3010
f 2325/2826/3012 2445/2827/3013 2326/2828/3014
f 2445/2827/3013 2327/2829/3015 2326/2828/3014
f 2327/2829/3015 2447/2830/3016 2328/2831/3017
f 2328/2831/3017 2448/2832/3018 2329/2833/3019
f 2329/2833/3019 2449/2834/3020 2330/2835/3021
f 2330/2835/3021 2450/2836/3022 2331/2837/3023
f 2331/2837/3023 2451/2838/3024 2332/2839/3025
f 2451/2838/3024 2333/2840/3026 2332/2839/3025
f 2452/2841/3027 2334/2842/3028 2333/2840/3026
f 2453/2843/3029 2335/2844/3030 2334/2842/3028
f 2454/2845/3031 2336/2846/3032 2335/2844/3030
f 2336/2846/3032 2456/2847/3033 2337/2848/3034
f 2337/2848/3034 2457/2849/3035 2338/2850/3036
f 2338/2850/3036 2458/2851/3037 2339/2852/3038
f 2339/2852/3038 2459/2853/3039 2340/2854/3040
f 2340/2854/3040 2460/2855/3041 2341/2856/3042
f 2341/2856/3042 2461/2857/3043 2342/2858/3044
f 2342/2858/3044 2462/2859/3045 2343/2860/3046
f 2462/2859/3045 2344/2861/3047 2343/2860/3046
f 2463/2862/3048 2315/2810/2996 2344/2861/3047
f 2346/2863/3049 2282/2748/2452 2406/2751/2452
f 2347/2864/3050 2406/2751/2452 2407/2750/2452
f 2348/2865/3051 2407/2750/2452 2408/2755/2452
f 2349/2866/3052 2408/2755/2452 2409/2757/2452
f 2350/2867/3053 2409/2757/2452 2410/2759/2452
f 2351/2868/3054 2410/2759/2452 2411/2758/2452
f 2351/2868/3054 2412/2761/2452 2352/2869/3055
f 2352/2869/3055 2413/2765/2452 2353/2822/3056
f 2354/2870/3057 2413/2765/2452 2414/2767/2452
f 2354/2870/3057 2415/2769/2452 2355/2871/3058
f 2355/2871/3058 2416/2768/2452 2356/2872/3059
f 2356/2872/3059 2417/2771/2452 2357/2873/3060
f 2357/2873/3060 2418/2773/2452 2358/2874/3061
f 2358/2874/3061 2419/2777/2452 2359/2875/3062
f 2359/2875/3062 2420/2776/2452 2360/2876/3063
f 2360/2876/3063 2421/2781/2452 2361/2877/3064
f 2361/2877/3064 2422/2783/2452 2362/2878/3065
f 2363/2879/3066 2422/2783/2452 2423/2785/2452
f 2364/2880/3067 2423/2785/2452 2424/2787/2452
f 2364/2880/3067 2425/2786/2452 2365/2881/3068
f 2365/2881/3068 2426/2789/2452 2366/2882/3069
f 2366/2882/3069 2427/2793/2452 2367/2847/3070
f 2368/2883/3071 2427/2793/2452 2428/2792/2452
f 2369/2884/3072 2428/2792/2452 2429/2795/2452
f 2370/2885/3073 2429/2795/2452 2430/2799/2452
f 2371/2886/3074 2430/2799/2452 2431/2801/2452
f 2371/2886/3074 2432/2800/2452 2372/2887/3075
f 2372/2887/3075 2433/2803/2452 2373/2888/3076
f 2374/2862/3077 2433/2803/2452 2283/2805/2452
f 2345/2889/3078 2283/2805/2452 2282/2748/2452
s 0
f 2375/2698/3079 2376/2639/3080 2222/2697/3081
f 2223/2700/3082 2377/2641/3083 2376/2639/3084
f 2224/2701/3085 2378/2643/3086 2377/2641/3087
f 2378/2643/3088 2226/2705/3089 2379/2645/3090
f 2379/2645/3091 2227/2706/3092 2380/2647/3093
f 2380/2647/3094 2228/2708/3095 2381/2649/3096
f 2381/2649/3097 2229/2709/3098 2382/2652/3099
f 2229/2709/3100 2383/2653/3101 2382/2652/3102
f 2230/2711/3103 2384/2655/3104 2383/2653/3105
f 2231/2713/3106 2385/2657/3107 2384/2655/3108
f 2232/2714/3109 2386/2659/3110 2385/2657/3111
f 2233/2716/3112 2387/2661/3113 2386/2659/3114
f 2387/2661/3115 2235/2719/3116 2388/2664/3117
f 2388/2664/3118 2236/2721/3119 2389/2666/3120
f 2389/2666/3121 2237/2722/3122 2390/2668/3123
f 2237/2722/3124 2391/2670/3125 2390/2668/3126
f 2238/2724/3127 2392/2671/3128 2391/2670/3129
f 2239/2725/3130 2393/2674/3131 2392/2671/3132
f 2393/2674/3133 2241/2728/3134 2394/2676/3135
f 2394/2676/3136 2242/2730/3137 2395/2678/3138
f 2242/2730/3139 2396/2680/3140 2395/2678/3141
f 2396/2680/3142 2244/2734/3143 2397/2682/3144
f 2244/2734/3145 2398/2684/3146 2397/2682/3147
f 2245/2735/3148 2399/2686/3149 2398/2684/3150
f 2399/2686/3151 2247/2739/3152 2400/2688/3153
f 2247/2739/3154 2401/2690/3155 2400/2688/3156
f 2248/2741/3157 2402/2692/3158 2401/2690/3159
f 2402/2692/3160 2250/2744/3161 2403/2694/3162
f 2403/2694/3163 2404/2746/3164 2251/2696/3165
f 2251/2696/3166 2375/2698/3167 2222/2697/3168
s 1
f 2252/2890/80 2253/2891/80 2405/2892/80
f 2253/2891/80 2254/2893/80 2405/2892/80
f 2254/2893/80 2255/2894/80 2405/2892/80
f 2255/2894/80 2256/2895/80 2405/2892/80
f 2256/2895/80 2257/2896/80 2405/2892/80
f 2257/2896/80 2258/2897/80 2405/2892/80
f 2258/2897/80 2259/2898/80 2405/2892/80
f 2259/2898/80 2260/2899/80 2405/2892/80
f 2260/2899/80 2261/2900/80 2405/2892/80
f 2261/2900/80 2262/2901/80 2405/2892/80
f 2262/2901/80 2263/2902/80 2405/2892/80
f 2263/2902/80 2264/2903/80 2405/2892/80
f 2264/2903/80 2265/2904/80 2405/2892/80
f 2265/2904/80 2266/2905/80 2405/2892/80
f 2266/2905/80 2267/2906/80 2405/2892/80
f 2267/2906/80 2268/2907/80 2405/2892/80
f 2268/2907/80 2269/2908/80 2405/2892/80
f 2269/2908/80 2270/2909/80 2405/2892/80
f 2270/2909/80 2271/2910/80 2405/2892/80
f 2271/2910/80 2272/2911/80 2405/2892/80
f 2272/2911/80 2273/2912/80 2405/2892/80
f 2273/2912/80 2274/2913/80 2405/2892/80
f 2274/2913/80 2275/2914/80 2405/2892/80
f 2275/2914/80 2276/2915/80 2405/2892/80
f 2276/2915/80 2277/2916/80 2405/2892/80
f 2277/2916/80 2278/2917/80 2405/2892/80
f 2278/2917/80 2279/2918/80 2405/2892/80
f 2279/2918/80 2280/2919/80 2405/2892/80
f 2280/2919/80 2281/2920/80 2405/2892/80
f 2281/2920/80 2252/2890/80 2405/2892/80
f 2346/2863/3049 2434/2808/2994 2345/2889/3078
f 2347/2864/3050 2435/2811/2997 2346/2863/3049
f 2348/2865/3051 2436/2813/2999 2347/2864/3050
f 2349/2866/3052 2437/2921/3169 2348/2865/3051
f 2350/2867/3053 2438/2815/3001 2349/2866/3052
f 2351/2868/3054 2439/2922/3170 2350/2867/3053
f 2352/2869/3055 2440/2818/3004 2351/2868/3054
f 2442/2822/3008 2352/2869/3055 2353/2822/3056
f 2443/2825/3011 2353/2822/3056 2354/2870/3057
f 2444/2923/3171 2354/2870/3057 2355/2871/3058
f 2445/2827/3013 2355/2871/3058 2356/2872/3059
f 2446/2924/3172 2356/2872/3059 2357/2873/3060
f 2447/2830/3016 2357/2873/3060 2358/2874/3061
f 2448/2832/3018 2358/2874/3061 2359/2875/3062
f 2449/2834/3020 2359/2875/3062 2360/2876/3063
f 2450/2836/3022 2360/2876/3063 2361/2877/3064
f 2451/2838/3024 2361/2877/3064 2362/2878/3065
f 2363/2879/3066 2451/2838/3024 2362/2878/3065
f 2364/2880/3067 2452/2841/3027 2363/2879/3066
f 2365/2881/3068 2453/2843/3029 2364/2880/3067
f 2366/2882/3069 2454/2845/3031 2365/2881/3068
f 2367/2847/3070 2455/2925/3173 2366/2882/3069
f 2368/2883/3071 2456/2847/3033 2367/2847/3070
f 2458/2851/3037 2368/2883/3071 2369/2884/3072
f 2459/2853/3039 2369/2884/3072 2370/2885/3073
f 2460/2855/3041 2370/2885/3073 2371/2886/3074
f 2461/2857/3043 2371/2886/3074 2372/2887/3075
f 2462/2859/3045 2372/2887/3075 2373/2888/3076
f 2374/2862/3077 2462/2859/3045 2373/2888/3076
f 2345/2889/3078 2463/2862/3048 2374/2862/3077
f 282/1/1 7/15/3174 10/2/2
f 10/2/2 7/15/3174 8/4/4
f 11/5/5 8/4/4 9/6/6
f 283/3/8 10/2/12 82/8/9
f 11/5/11 106/11/14 82/8/9
f 11/5/11 12/7/98 107/10/13
f 2154/12/15 7/15/19 282/1/16
f 2155/14/18 8/4/3175 7/15/19
f 9/6/20 8/4/3175 2155/14/18
f 119/17/21 82/8/9 106/11/14
f 14/19/23 23/210/224 141/20/24
f 13/22/26 15/24/28 116/18/22
f 19/27/31 76/180/188 18/28/32
f 20/30/34 65/34/38 77/31/35
f 61/33/37 83/166/174 65/34/38
f 63/35/39 85/168/176 16/36/40
f 39/41/45 41/45/49 67/42/46
f 38/44/48 78/165/173 41/45/49
f 35/46/50 81/53/57 79/47/51
f 40/49/53 66/162/170 84/50/54
f 34/52/56 62/158/166 81/53/57
f 209/54/58 210/64/3176 130/55/59
f 130/55/59 24/66/3177 2158/57/61
f 3/58/62 26/137/146 25/59/63
f 86/61/65 295/170/178 2/60/64
f 28/63/67 130/55/71 210/64/68
f 28/63/67 29/69/149 24/66/70
f 30/67/72 28/63/72 211/65/73
f 30/67/72 31/2926/74 29/69/74
f 296/70/75 88/73/78 30/71/76
f 32/74/79 33/145/153 31/75/80
f 37/78/83 33/145/153 32/74/79
f 91/29/33 18/28/32 69/79/84
f 42/81/86 39/205/216 90/82/87
f 34/84/89 35/76/81 32/74/79
f 40/85/90 87/171/179 86/61/65
f 9/6/6 43/88/93 45/87/92
f 43/88/93 44/90/95 46/89/94
f 44/90/95 1644/2008/2240 1645/91/96
f 45/87/97 108/93/100 107/10/13
f 45/87/97 46/89/101 53/92/99
f 46/89/101 1645/91/2246 1657/94/102
f 47/95/103 43/88/105 9/6/20
f 2159/96/104 44/90/107 43/88/105
f 2215/97/106 1644/2008/2253 44/90/107
f 143/98/108 1643/101/111 1650/99/109
f 118/102/112 52/103/113 13/22/26
f 95/105/115 48/150/158 73/106/116
f 74/108/118 100/112/122 99/109/119
f 1642/111/121 99/109/119 100/112/122
f 1655/114/124 71/163/171 98/115/125
f 60/120/130 105/185/193 96/121/131
f 124/123/133 60/120/130 92/122/132
f 59/125/135 103/184/192 93/126/136
f 104/128/138 1659/2143/2387 1646/129/139
f 1662/131/141 59/125/135 51/127/137
f 2158/133/61 24/141/3177 54/134/143
f 1652/136/145 1651/138/147 25/59/63
f 1651/138/147 1658/2135/2379 1648/139/148
f 29/140/149 55/2061/2300 54/134/150
f 56/142/151 55/2061/151 29/140/74
f 57/144/152 56/147/155 31/75/80
f 1661/146/154 1660/2065/2306 56/147/155
f 58/148/156 59/207/218 57/144/152
f 70/149/157 73/106/116 48/150/158
f 42/81/86 121/83/88 105/152/160
f 57/144/152 59/207/218 1662/154/162
f 27/62/66 1648/139/148 1659/155/163
f 1/157/165 289/39/43 61/33/37
f 63/35/39 64/21/25 291/160/168
f 67/42/46 68/80/85 16/36/40
f 72/26/30 112/183/191 70/149/157
f 114/164/172 115/25/29 74/108/118
f 79/47/51 80/32/36 19/27/31
f 83/166/174 21/38/42 82/8/9
f 292/167/175 285/181/189 84/50/54
f 287/169/177 294/380/413 295/170/178
f 34/84/89 88/73/78 296/70/75
f 125/174/182 89/208/219 38/175/183
f 90/82/87 40/85/90 122/86/91
f 95/105/115 49/110/120 93/126/136
f 98/115/125 50/151/159 96/121/131
f 102/113/123 120/104/114 53/92/99
f 124/177/185 103/206/217 125/174/182
f 122/86/91 104/156/164 105/152/160
f 298/178/186 4/159/167 62/158/166
f 41/45/49 91/29/33 68/80/85
f 68/80/85 69/79/84 17/37/41
f 114/164/172 75/107/117 73/106/116
f 80/32/36 77/31/35 76/180/188
f 78/165/173 19/27/31 91/29/33
f 77/31/35 65/34/38 15/24/28
f 81/53/57 20/30/34 80/32/36
f 21/38/42 83/166/174 61/33/37
f 62/158/166 61/33/37 20/30/34
f 66/162/170 16/36/40 85/168/176
f 292/167/175 85/168/176 63/35/39
f 64/21/25 63/35/39 17/37/41
f 21/38/42 286/40/44 293/9/10
f 66/162/170 40/49/53 90/43/47
f 78/165/173 38/44/48 89/48/52
f 87/51/55 84/50/54 285/181/189
f 112/183/191 113/179/187 73/106/116
f 101/117/127 53/92/99 1657/94/102
f 48/150/158 95/105/115 94/124/134
f 49/110/120 99/109/119 51/127/137
f 75/107/117 74/108/118 49/110/120
f 71/163/171 70/149/157 50/151/159
f 1642/111/121 102/113/123 101/117/127
f 1656/116/126 98/115/125 97/130/140
f 99/109/119 1642/111/121 1654/132/142
f 103/184/192 124/123/133 94/124/134
f 105/185/193 104/128/138 97/130/140
f 102/113/123 100/112/122 52/103/113
f 52/103/113 100/112/122 74/108/118
f 71/163/171 1655/114/124 1643/101/111
f 50/151/159 48/150/158 92/122/132
f 106/11/14 107/10/13 117/23/27
f 108/93/100 118/102/112 117/23/27
f 108/93/100 53/92/99 120/104/114
f 109/186/194 5/243/262 142/187/195
f 145/189/197 146/246/266 1665/190/198
f 1663/192/200 1808/2927/3178 147/193/201
f 5/195/203 109/247/267 111/196/204
f 150/198/206 110/188/196 142/187/195
f 1665/190/198 146/246/266 129/200/208
f 111/196/210 148/248/268 126/202/211
f 147/193/213 1808/2927/3179 1814/203/214
f 69/79/84 112/183/191 72/26/30
f 112/183/191 69/79/84 18/28/32
f 114/164/172 113/179/187 18/28/32
f 77/31/35 115/25/29 114/164/172
f 83/166/174 119/17/21 15/24/28
f 123/176/184 38/175/183 39/205/216
f 123/176/184 42/81/86 60/153/161
f 36/77/82 89/208/219 125/174/182
f 125/174/182 103/206/217 58/148/156
f 1818/209/220 139/220/270 127/204/221
f 150/198/223 128/199/271 141/20/24
f 1650/99/109 1816/201/2446 129/200/225
f 152/211/226 1792/2191/2450 1649/212/227
f 153/214/229 131/251/275 22/215/230
f 153/217/232 138/241/3180 151/218/233
f 139/220/235 1818/209/2451 1792/221/236
f 154/216/238 22/215/274 132/223/239
f 155/213/241 1649/212/2447 1794/225/242
f 137/226/243 140/229/246 318/227/244
f 140/229/246 137/226/243 1800/230/247
f 318/227/249 140/229/253 134/232/250
f 1796/234/252 134/232/250 140/229/253
f 135/235/255 133/463/251 134/236/250
f 1798/238/257 136/237/256 134/236/250
f 137/226/243 317/228/245 310/224/240
f 1800/230/247 137/226/243 132/223/239
f 288/240/258 291/160/168 64/21/25
f 138/241/259 156/253/3181 330/242/260
f 5/243/262 299/423/456 300/244/263
f 6/197/205 301/435/3182 299/245/264
f 300/244/263 149/249/462 128/199/207
f 330/242/265 301/435/468 6/197/212
f 144/100/110 23/210/224 14/19/23
f 145/189/197 109/186/194 110/188/196
f 109/247/267 145/194/202 147/193/201
f 150/198/206 129/200/208 146/246/266
f 148/248/268 111/196/210 147/193/213
f 151/218/269 148/248/280 127/204/221
f 288/240/258 141/20/24 128/199/271
f 144/100/110 129/200/225 150/198/223
f 131/251/275 152/211/226 155/213/228
f 153/214/229 154/216/231 314/250/276
f 156/253/278 138/241/3180 153/217/232
f 139/220/235 152/222/237 131/219/234
f 138/241/259 126/202/261 148/248/280
f 463/259/281 462/269/3183 161/260/282
f 161/260/282 162/263/285 165/262/284
f 162/263/285 163/272/3184 166/264/286
f 164/261/287 238/266/291 473/265/288
f 165/262/290 262/267/293 238/266/291
f 166/264/292 263/348/378 262/267/293
f 2161/268/294 161/260/3185 462/269/295
f 162/263/297 161/260/3185 2161/268/294
f 163/272/299 162/263/297 167/271/298
f 275/274/301 238/266/291 262/267/293
f 169/276/303 178/442/478 322/277/304
f 168/279/306 170/281/308 272/275/302
f 174/284/311 232/413/446 173/285/312
f 175/287/314 221/291/318 233/288/315
f 217/290/317 239/399/432 221/291/318
f 219/292/319 241/401/434 171/293/320
f 195/298/325 197/302/329 223/299/326
f 194/301/328 234/398/431 197/302/329
f 191/303/330 237/310/337 235/304/331
f 196/306/333 222/395/428 240/307/334
f 190/309/336 218/391/424 237/310/337
f 389/311/338 306/314/341 2163/312/339
f 306/314/341 180/378/411 179/315/342
f 157/316/343 182/379/412 181/317/344
f 242/319/346 475/403/436 467/318/345
f 184/321/348 306/314/352 389/311/349
f 185/323/351 180/378/414 306/314/352
f 391/324/353 186/326/354 184/321/354
f 187/325/355 185/323/355 184/321/354
f 476/327/356 244/330/359 186/328/357
f 189/332/361 187/382/80 186/328/357
f 193/335/364 189/332/361 188/331/360
f 247/286/313 173/285/312 225/336/365
f 198/338/367 195/437/471 246/339/368
f 190/341/370 191/333/362 188/331/360
f 196/342/371 243/404/437 242/319/346
f 166/264/286 163/272/3184 199/344/373
f 199/344/373 200/347/376 202/346/375
f 200/347/376 282/1/1 283/3/3
f 201/345/377 264/350/380 263/348/378
f 201/345/377 202/346/381 208/349/379
f 283/3/8 293/9/10 208/349/379
f 199/344/382 163/272/299 2162/273/300
f 200/347/384 199/344/382 2164/351/383
f 284/13/17 282/1/16 200/347/384
f 324/353/386 291/160/168 288/240/258
f 274/355/388 207/356/389 168/279/306
f 251/358/391 203/385/418 229/359/392
f 230/361/394 256/364/397 255/362/395
f 1/157/165 255/362/395 256/364/397
f 290/161/169 227/396/429 254/366/399
f 216/368/401 261/418/451 252/369/402
f 280/371/404 216/368/401 248/370/403
f 215/373/406 259/417/450 249/374/407
f 260/376/409 287/182/190 285/181/189
f 298/178/186 215/373/406 206/375/408
f 180/378/411 210/64/3176 209/54/58
f 3/58/62 2/60/64 181/317/344
f 2/60/64 295/170/178 294/380/413
f 185/323/351 211/65/69 210/64/68
f 187/325/355 212/68/73 211/65/73
f 213/381/415 212/72/77 187/382/80
f 297/172/180 296/70/75 212/72/77
f 214/383/416 215/439/473 213/381/415
f 226/384/417 229/359/392 203/385/418
f 198/338/367 277/340/369 261/387/420
f 213/381/415 215/439/473 298/173/181
f 183/320/347 294/380/413 287/169/177
f 461/390/423 468/296/323 217/290/317
f 219/292/319 220/278/305 471/393/426
f 223/299/326 224/337/366 171/293/320
f 228/283/310 268/416/449 226/384/417
f 270/397/430 271/282/309 230/361/394
f 235/304/331 236/289/316 174/284/311
f 239/399/432 176/295/322 238/266/291
f 472/400/433 464/414/447 240/307/334
f 158/402/435 474/597/654 475/403/436
f 190/341/370 244/330/359 476/327/356
f 281/407/440 245/440/474 194/408/441
f 246/339/368 196/342/371 278/343/372
f 251/358/391 204/363/396 249/374/407
f 254/366/399 205/386/419 252/369/402
f 258/365/398 276/357/390 208/349/379
f 280/410/443 259/438/472 281/407/440
f 278/343/372 260/389/422 261/387/420
f 478/411/444 469/392/425 218/391/424
f 197/302/329 247/286/313 224/337/366
f 224/337/366 225/336/365 172/294/321
f 270/397/430 231/360/393 229/359/392
f 236/289/316 233/288/315 232/413/446
f 234/398/431 174/284/311 247/286/313
f 233/288/315 221/291/318 170/281/308
f 237/310/337 175/287/314 236/289/316
f 176/295/322 239/399/432 217/290/317
f 218/391/424 217/290/317 175/287/314
f 222/395/428 171/293/320 241/401/434
f 241/401/434 219/292/319 470/394/427
f 220/278/305 219/292/319 172/294/321
f 176/295/322 465/297/324 473/265/288
f 222/395/428 196/306/333 246/300/327
f 234/398/431 194/301/328 245/305/332
f 243/308/335 240/307/334 464/414/447
f 268/416/449 269/412/445 229/359/392
f 257/367/400 208/349/379 293/9/10
f 203/385/418 251/358/391 250/372/405
f 204/363/396 255/362/395 206/375/408
f 231/360/393 230/361/394 204/363/396
f 227/396/429 226/384/417 205/386/419
f 1/157/165 258/365/398 257/367/400
f 292/167/175 254/366/399 253/377/410
f 255/362/395 1/157/165 4/159/167
f 259/417/450 280/371/404 250/372/405
f 261/418/451 260/376/409 253/377/410
f 258/365/398 256/364/397 207/356/389
f 207/356/389 256/364/397 230/361/394
f 227/396/429 290/161/169 291/160/168
f 205/386/419 203/385/418 248/370/403
f 262/267/293 263/348/378 273/280/307
f 264/350/380 274/355/388 273/280/307
f 264/350/380 208/349/379 276/357/390
f 265/419/452 159/467/506 323/420/453
f 326/422/455 327/431/463 300/244/263
f 299/245/264 301/435/3182 328/424/457
f 265/426/458 267/433/510 160/427/459
f 331/429/460 266/421/454 323/420/453
f 149/249/462 300/244/263 327/431/463
f 267/433/465 329/470/511 302/434/466
f 301/435/468 330/242/265 303/436/469
f 225/336/365 268/416/449 228/283/310
f 269/412/445 268/416/449 225/336/365
f 270/397/430 269/412/445 173/285/312
f 233/288/315 271/282/309 270/397/430
f 239/399/432 275/274/301 170/281/308
f 279/409/442 194/408/441 195/437/471
f 279/409/442 198/338/367 216/388/421
f 192/334/363 245/440/474 281/407/440
f 281/407/440 259/438/472 214/383/416
f 330/242/260 156/253/3181 320/441/475
f 331/429/477 304/430/514 322/277/304
f 149/249/272 305/432/516 325/354/387
f 307/252/277 314/250/276 336/443/479
f 334/445/481 308/474/519 177/446/482
f 334/448/484 319/465/484 332/449/485
f 333/451/487 320/441/524 156/253/278
f 335/447/488 177/446/518 309/452/489
f 336/443/491 314/250/273 310/224/240
f 316/454/492 321/457/495 496/455/493
f 321/457/495 316/454/492 317/228/245
f 496/455/496 321/457/499 311/458/497
f 133/233/251 311/458/497 321/457/499
f 312/460/500 491/679/498 311/461/497
f 135/235/255 313/462/501 311/461/497
f 316/454/492 315/456/494 490/453/490
f 317/228/245 316/454/492 309/452/489
f 322/277/304 466/471/513 471/393/426
f 516/464/502 508/650/3186 302/434/503
f 479/466/505 480/469/508 323/420/453
f 481/468/507 479/640/507 159/428/459
f 480/469/508 510/472/705 304/430/461
f 302/434/466 508/650/710 481/468/509
f 325/354/387 178/442/478 169/276/303
f 265/419/452 266/421/454 327/431/463
f 326/425/457 328/424/457 267/433/510
f 305/432/464 327/431/463 266/421/454
f 329/470/511 267/433/465 328/424/470
f 320/441/475 332/449/525 329/470/512
f 466/471/513 322/277/304 304/430/514
f 178/442/478 325/354/387 305/432/516
f 308/474/519 333/444/480 336/443/479
f 334/445/481 335/447/483 494/473/520
f 319/465/484 334/448/484 487/476/522
f 320/441/524 333/451/487 308/450/486
f 302/434/503 329/470/512 332/449/525
f 641/479/526 640/784/864 339/480/527
f 342/481/528 339/480/527 340/482/529
f 340/482/529 341/2928/3187 344/484/531
f 342/481/532 417/486/536 653/485/533
f 343/483/535 441/487/538 417/486/536
f 344/484/537 442/566/620 441/487/538
f 339/480/539 640/784/540 2177/488/540
f 340/482/542 339/480/539 345/489/541
f 2166/491/544 341/2928/3188 340/482/542
f 454/492/545 417/486/536 441/487/538
f 348/494/547 357/657/719 500/495/548
f 347/497/550 349/499/552 451/493/546
f 353/502/555 411/630/687 352/503/556
f 354/505/558 400/509/562 412/506/559
f 396/508/561 418/616/673 400/509/562
f 398/510/563 420/617/674 350/511/564
f 373/516/569 375/520/573 402/517/570
f 372/519/572 413/615/672 375/520/573
f 369/521/574 416/528/581 414/522/575
f 374/524/577 401/612/669 419/525/578
f 368/527/580 397/609/666 416/528/581
f 2176/529/582 567/539/900 486/530/583
f 486/530/583 358/595/652 2168/532/585
f 647/533/586 360/596/653 359/534/587
f 421/536/589 655/620/677 646/535/588
f 362/538/591 486/530/595 567/539/592
f 363/541/594 358/595/655 486/530/595
f 364/542/596 362/538/596 568/540/597
f 364/542/596 365/598/598 363/541/598
f 656/544/599 423/547/602 364/545/600
f 366/548/603 367/552/606 365/549/80
f 370/551/605 371/600/657 367/552/606
f 426/504/557 352/503/556 404/553/607
f 376/555/609 373/652/712 425/556/610
f 368/558/612 369/550/604 366/548/603
f 374/559/613 422/621/678 421/536/589
f 344/484/531 341/2928/3187 377/561/615
f 379/562/616 377/561/615 378/563/617
f 378/563/617 462/269/3183 463/259/281
f 344/484/537 379/562/621 443/565/619
f 379/562/621 380/564/623 387/567/622
f 380/564/623 463/259/289 473/265/288
f 377/561/624 341/2928/3188 2166/491/544
f 381/569/626 378/563/626 377/561/624
f 2170/270/296 462/269/295 378/563/626
f 502/570/627 471/393/426 466/471/513
f 453/572/629 386/573/630 347/497/550
f 430/575/632 382/603/660 408/576/633
f 409/578/635 435/581/638 434/579/636
f 461/390/423 434/579/636 435/581/638
f 470/394/427 406/613/670 433/583/640
f 395/585/642 440/635/692 431/586/643
f 459/588/645 395/585/642 427/587/644
f 394/590/647 438/634/691 428/591/648
f 439/593/650 158/415/448 464/414/447
f 478/411/444 394/590/647 385/592/649
f 358/595/652 389/311/338 388/313/340
f 360/596/653 157/316/343 467/318/345
f 467/318/345 475/403/436 474/597/654
f 363/541/594 390/322/350 389/311/349
f 365/598/598 391/324/353 390/322/353
f 392/599/656 391/329/358 365/549/80
f 477/405/438 476/327/356 391/329/358
f 393/601/658 394/654/714 392/599/656
f 405/602/659 408/576/633 382/603/660
f 376/555/609 456/557/611 440/605/662
f 392/599/656 394/654/714 478/406/439
f 361/537/590 474/597/654 158/402/435
f 639/608/665 648/514/567 396/508/561
f 399/496/549 651/792/876 650/611/668
f 402/517/570 403/554/608 350/511/564
f 407/501/554 447/633/690 405/602/659
f 449/614/671 450/500/553 409/578/635
f 414/522/575 415/507/560 353/502/555
f 418/616/673 355/513/566 417/486/536
f 420/617/674 652/631/688 642/618/675
f 644/619/676 654/816/901 655/620/677
f 368/558/612 423/547/602 656/544/599
f 460/624/681 424/655/715 372/625/682
f 425/556/610 374/559/613 457/560/614
f 430/575/632 383/580/637 428/591/648
f 433/583/640 384/604/661 431/586/643
f 437/582/639 455/574/631 387/567/622
f 459/627/684 438/653/713 460/624/681
f 457/560/614 439/607/664 440/605/662
f 658/628/685 649/610/667 397/609/666
f 375/520/573 426/504/557 403/554/608
f 403/554/608 404/553/607 351/512/565
f 448/629/686 449/614/671 410/577/634
f 415/507/560 412/506/559 411/630/687
f 413/615/672 353/502/555 426/504/557
f 412/506/559 400/509/562 349/499/552
f 416/528/581 354/505/558 415/507/560
f 355/513/566 418/616/673 396/508/561
f 397/609/666 396/508/561 354/505/558
f 401/612/669 350/511/564 420/617/674
f 420/617/674 398/510/563 650/611/668
f 399/496/549 398/510/563 351/512/565
f 355/513/566 643/515/568 653/485/533
f 401/612/669 374/524/577 425/518/571
f 413/615/672 372/519/572 424/523/576
f 644/632/689 422/526/579 419/525/578
f 448/629/686 408/576/633 405/602/659
f 436/584/641 387/567/622 473/265/288
f 382/603/660 430/575/632 429/589/646
f 383/580/637 434/579/636 385/592/649
f 410/577/634 409/578/635 383/580/637
f 406/613/670 405/602/659 384/604/661
f 461/390/423 437/582/639 436/584/641
f 472/400/433 433/583/640 432/594/651
f 434/579/636 461/390/423 469/392/425
f 438/634/691 459/588/645 429/589/646
f 440/635/692 439/593/650 432/594/651
f 437/582/639 435/581/638 386/573/630
f 386/573/630 435/581/638 409/578/635
f 406/613/670 470/394/427 471/393/426
f 384/604/661 382/603/660 427/587/644
f 441/487/538 442/566/620 452/498/551
f 443/565/619 453/572/629 452/498/551
f 443/565/619 387/567/622 455/574/631
f 444/636/693 337/683/747 501/637/694
f 504/639/696 505/686/751 480/469/508
f 479/640/507 481/468/507 506/641/697
f 337/643/699 444/687/752 446/644/700
f 509/646/702 445/638/695 501/637/694
f 480/469/508 505/686/751 485/648/704
f 446/644/706 507/688/753 482/649/707
f 506/641/709 481/468/509 508/650/710
f 404/553/607 447/633/690 407/501/554
f 448/629/686 447/633/690 404/553/607
f 449/614/671 448/629/686 352/503/556
f 412/506/559 450/500/553 449/614/671
f 418/616/673 454/492/545 349/499/552
f 458/626/683 372/625/682 373/652/712
f 458/626/683 376/555/609 395/606/663
f 370/551/605 424/655/715 460/624/681
f 460/624/681 438/653/713 393/601/658
f 483/651/716 508/650/3186 516/464/502
f 509/646/718 484/647/755 500/495/548
f 510/472/515 485/648/757 503/571/628
f 487/475/521 494/473/520 515/658/720
f 488/660/722 356/668/760 514/661/723
f 488/663/725 513/2929/3189 497/664/726
f 498/656/728 516/464/523 487/476/522
f 670/667/730 514/661/759 356/668/731
f 515/658/733 494/473/517 490/453/490
f 499/670/734 678/673/982 677/671/735
f 499/670/734 495/672/736 315/456/494
f 678/673/737 499/670/740 492/674/738
f 491/459/498 492/674/738 499/670/740
f 674/676/741 671/897/739 492/677/738
f 493/678/742 492/677/738 491/679/498
f 489/669/732 495/672/736 677/671/735
f 490/453/490 315/456/494 495/672/736
f 645/680/743 651/792/876 399/496/549
f 690/681/744 482/649/765 497/664/745
f 337/683/747 659/858/942 660/684/748
f 661/685/749 659/859/943 337/643/699
f 660/684/748 692/689/952 484/647/703
f 690/681/750 661/685/3190 338/645/708
f 357/657/719 348/494/547 502/570/627
f 504/639/696 444/636/693 445/638/695
f 444/687/752 504/642/698 506/641/697
f 485/648/704 505/686/751 445/638/695
f 507/688/753 446/644/706 506/641/709
f 498/656/717 511/665/766 507/688/754
f 645/680/743 500/495/548 484/647/755
f 357/657/719 503/571/628 485/648/757
f 512/659/721 515/658/720 356/668/760
f 667/691/761 513/662/724 514/661/723
f 497/664/726 513/2929/3189 667/692/763
f 511/665/727 498/656/728 512/666/729
f 482/649/765 507/688/754 511/665/766
f 823/695/767 822/1006/3191 519/696/768
f 519/696/768 520/699/771 523/698/770
f 520/699/771 521/707/3192 524/700/772
f 522/697/773 595/702/777 835/701/774
f 523/698/776 619/703/779 595/702/777
f 524/700/778 620/786/866 619/703/779
f 519/696/780 822/1006/1116 2184/704/781
f 520/699/783 519/696/780 2171/705/782
f 521/707/785 520/699/783 2172/706/784
f 632/709/787 595/702/777 619/703/779
f 526/711/789 535/876/964 682/712/790
f 525/714/792 527/716/794 629/710/788
f 531/719/797 589/848/932 530/720/798
f 532/722/800 578/726/804 590/723/801
f 574/725/803 596/835/919 578/726/804
f 576/727/805 598/836/920 528/728/806
f 552/733/811 554/737/815 580/734/812
f 551/736/814 591/834/918 554/737/815
f 548/738/816 594/745/823 592/739/817
f 553/741/819 579/831/915 597/742/820
f 547/744/822 575/828/912 594/745/823
f 749/746/824 666/759/3193 2174/747/825
f 2174/747/825 666/759/3193 537/749/827
f 539/751/829 538/756/834 828/752/830
f 599/754/832 837/839/923 828/752/830
f 541/757/835 666/759/839 749/746/836
f 541/757/835 542/762/902 537/749/838
f 751/760/840 543/761/841 541/757/841
f 543/761/841 544/817/842 542/762/842
f 838/763/843 601/766/846 543/764/844
f 546/768/848 544/819/80 543/764/844
f 550/771/851 546/768/848 545/767/847
f 604/721/799 530/720/798 582/772/852
f 555/774/854 552/871/958 603/775/855
f 547/777/857 548/769/849 545/767/847
f 553/778/858 600/840/924 599/754/832
f 524/700/772 521/707/3192 556/780/860
f 558/781/861 556/780/860 557/782/862
f 559/783/863 557/782/862 640/784/864
f 524/700/778 558/781/867 621/785/865
f 558/781/867 559/783/869 566/787/868
f 559/783/869 641/479/534 653/485/533
f 556/780/870 521/707/785 2173/708/786
f 557/782/872 556/780/870 2175/788/871
f 640/784/540 557/782/872 560/789/873
f 684/790/874 651/792/876 645/680/743
f 631/793/877 565/794/878 525/714/792
f 608/796/880 561/822/906 586/797/881
f 587/799/883 613/802/886 612/800/884
f 639/608/665 612/800/884 613/802/886
f 650/611/668 584/832/916 611/804/888
f 573/806/890 618/853/937 609/807/891
f 637/809/893 573/806/890 605/808/892
f 572/811/895 616/852/936 606/812/896
f 617/814/898 644/632/689 642/618/675
f 658/628/685 572/811/895 564/813/897
f 536/750/828 537/749/827 567/539/900
f 539/751/829 647/533/586 646/535/588
f 646/535/588 655/620/677 654/816/901
f 542/762/902 568/540/593 567/539/592
f 569/543/597 568/540/597 542/762/842
f 570/818/903 569/546/601 544/819/80
f 657/622/679 656/544/599 569/546/601
f 571/820/904 572/873/960 570/818/903
f 583/821/905 586/797/881 561/822/906
f 555/774/854 634/776/856 618/824/908
f 570/818/903 572/873/960 658/623/680
f 540/755/833 654/816/901 644/619/676
f 821/827/911 830/731/809 574/725/803
f 577/713/791 833/1009/1119 832/830/914
f 580/734/812 581/773/853 528/728/806
f 585/718/796 625/851/935 583/821/905
f 627/833/917 628/717/795 587/799/883
f 592/739/817 593/724/802 531/719/797
f 596/835/919 533/730/808 595/702/777
f 598/836/920 834/849/933 824/837/921
f 826/838/922 836/1035/1145 837/839/923
f 547/777/857 601/766/846 838/763/843
f 638/843/927 602/874/961 551/844/928
f 603/775/855 553/778/858 635/779/859
f 608/796/880 562/801/885 606/812/896
f 611/804/888 563/823/907 609/807/891
f 615/803/887 633/795/879 566/787/868
f 637/846/930 616/872/959 638/843/927
f 635/779/859 617/826/910 618/824/908
f 547/744/822 840/1033/1143 831/829/913
f 554/737/815 604/721/799 581/773/853
f 581/773/853 582/772/852 529/729/807
f 627/833/917 588/798/882 586/797/881
f 593/724/802 590/723/801 589/848/932
f 591/834/918 531/719/797 604/721/799
f 590/723/801 578/726/804 527/716/794
f 594/745/823 532/722/800 593/724/802
f 533/730/808 596/835/919 574/725/803
f 575/828/912 574/725/803 532/722/800
f 579/831/915 528/728/806 598/836/920
f 834/849/933 598/836/920 576/727/805
f 577/713/791 576/727/805 529/729/807
f 533/730/808 825/732/810 835/701/774
f 579/831/915 553/741/819 603/735/813
f 591/834/918 551/736/814 602/740/818
f 826/850/934 600/743/821 597/742/820
f 626/847/931 586/797/881 583/821/905
f 614/805/889 566/787/868 653/485/533
f 561/822/906 608/796/880 607/810/894
f 562/801/885 612/800/884 564/813/897
f 588/798/882 587/799/883 562/801/885
f 584/832/916 583/821/905 563/823/907
f 639/608/665 615/803/887 614/805/889
f 652/631/688 611/804/888 610/815/899
f 612/800/884 639/608/665 649/610/667
f 616/852/936 637/809/893 607/810/894
f 618/853/937 617/814/898 610/815/899
f 615/803/887 613/802/886 565/794/878
f 565/794/878 613/802/886 587/799/883
f 584/832/916 650/611/668 651/792/876
f 563/823/907 561/822/906 605/808/892
f 619/703/779 620/786/866 630/715/793
f 621/785/865 631/793/877 630/715/793
f 621/785/865 566/787/868 633/795/879
f 517/854/938 683/903/993 623/855/939
f 686/857/941 687/906/997 660/684/748
f 659/859/943 661/685/749 688/860/944
f 622/862/946 624/907/998 518/863/947
f 623/855/939 683/903/993 664/865/949
f 660/684/748 687/906/997 665/867/951
f 518/863/953 624/907/999 689/868/954
f 688/860/956 661/685/3190 690/681/750
f 582/772/852 625/851/935 585/718/796
f 626/847/931 625/851/935 582/772/852
f 627/833/917 626/847/931 530/720/798
f 590/723/801 628/717/795 627/833/917
f 596/835/919 632/709/787 527/716/794
f 636/845/929 551/844/928 552/871/958
f 636/845/929 555/774/854 573/825/909
f 549/770/850 602/874/961 638/843/927
f 638/843/927 616/872/959 571/820/904
f 690/681/744 698/682/746 680/875/962
f 535/876/964 691/866/1002 664/865/965
f 645/680/743 692/689/756 665/867/966
f 667/691/761 675/690/762 697/877/967
f 668/879/969 534/887/1006 696/880/970
f 695/882/972 679/900/3194 693/883/973
f 694/885/975 680/875/1011 698/682/764
f 852/886/976 696/880/1004 534/887/977
f 669/888/978 697/877/1005 675/690/758
f 681/889/979 860/1110/1227 859/890/980
f 678/673/982 681/889/979 676/891/981
f 853/892/983 860/1110/1231 681/889/984
f 672/893/985 681/889/984 678/673/737
f 856/894/986 853/1116/983 672/895/985
f 673/896/987 672/895/985 671/897/739
f 669/888/978 676/891/981 859/890/980
f 670/667/730 677/671/735 676/891/981
f 827/898/988 833/1009/1119 577/713/791
f 872/899/989 662/869/3195 679/900/990
f 841/902/992 842/1077/1187 683/903/993
f 843/904/994 841/1078/1188 517/864/948
f 683/903/993 842/1077/1187 874/905/995
f 662/869/955 872/899/1201 843/904/996
f 685/791/875 535/876/964 526/711/789
f 622/856/940 623/855/939 687/906/997
f 686/861/945 688/860/944 624/907/998
f 691/866/950 665/867/951 687/906/997
f 663/870/957 689/868/954 624/907/999
f 693/883/1000 689/868/1012 663/870/963
f 827/898/988 682/712/790 664/865/965
f 685/791/875 665/867/966 691/866/1002
f 694/878/968 697/877/967 534/887/1006
f 695/881/971 696/880/970 857/908/1007
f 880/901/1009 679/900/3194 695/882/972
f 680/875/1011 694/885/975 668/884/974
f 679/900/990 662/869/3195 689/868/1012
f 1004/913/1013 1003/1219/1013 701/914/1014
f 704/915/1015 701/914/1014 702/916/1016
f 702/916/1016 703/1004/3196 706/918/1018
f 1004/913/1019 704/915/1023 777/919/1020
f 705/917/1022 801/922/1025 777/919/1020
f 705/917/1022 706/918/1107 802/921/1024
f 701/914/1026 1003/1219/1361 2192/923/1027
f 2179/925/1029 702/916/1031 701/914/1026
f 707/926/1030 703/1004/1113 702/916/1031
f 814/927/1032 777/919/1020 801/922/1025
f 709/929/1034 718/1095/1209 864/930/1035
f 708/932/1037 710/934/1039 811/928/1033
f 714/937/1042 771/1067/1177 713/938/1043
f 715/940/1045 760/944/1049 772/941/1046
f 756/943/1048 778/1054/1164 760/944/1049
f 758/945/1050 780/1055/1165 711/946/1051
f 734/951/1056 736/955/1060 762/952/1057
f 733/954/1059 773/1053/1163 736/955/1060
f 730/956/1061 776/963/1068 774/957/1062
f 735/959/1064 761/1050/1160 779/960/1065
f 729/962/1067 757/1047/1157 776/963/1068
f 929/964/1069 930/975/3197 848/965/1070
f 2180/966/1071 848/965/1070 719/967/1072
f 1010/969/1074 721/1034/1144 720/970/1075
f 781/972/1077 1018/1058/1168 1009/971/1076
f 723/974/1079 848/965/1083 930/975/1080
f 723/974/1079 724/979/1146 719/967/1082
f 932/977/1084 725/978/1085 723/974/1085
f 725/978/1085 726/1036/1086 724/979/1086
f 1019/980/1087 783/983/1090 725/981/1088
f 727/984/1091 728/988/1094 726/985/80
f 731/987/1093 732/1038/1148 728/988/1094
f 786/939/1044 713/938/1043 764/989/1095
f 737/991/1097 734/1090/1203 785/992/1098
f 729/994/1100 730/986/1092 727/984/1091
f 735/995/1101 782/1059/1169 781/972/1077
f 706/918/1018 703/1004/3196 738/997/1103
f 740/998/1104 738/997/1103 739/999/1105
f 739/999/1105 822/1006/3191 823/695/767
f 706/918/1107 740/998/1109 803/1001/1108
f 740/998/1109 741/1000/1111 748/1002/1110
f 741/1000/1111 823/695/775 835/701/774
f 2182/1003/1112 738/997/1115 703/1004/1113
f 742/1005/1114 739/999/3198 738/997/1115
f 822/1006/1116 739/999/3198 742/1005/1114
f 866/1007/1117 833/1009/1119 827/898/988
f 813/1010/1120 747/1011/1121 708/932/1037
f 790/1013/1123 743/1041/1151 768/1014/1124
f 769/1016/1126 795/1019/1129 794/1017/1127
f 821/827/911 794/1017/1127 795/1019/1129
f 832/830/914 766/1051/1161 793/1021/1131
f 755/1023/1133 800/1072/1182 791/1024/1134
f 819/1026/1136 755/1023/1133 787/1025/1135
f 754/1028/1138 798/1071/1181 788/1029/1139
f 799/1031/1141 826/850/934 824/837/921
f 840/1033/1143 754/1028/1138 746/1030/1140
f 2181/968/1073 719/967/1072 749/746/824
f 829/753/831 828/752/830 720/970/1075
f 828/752/830 837/839/923 836/1035/1145
f 724/979/1146 750/758/837 749/746/836
f 751/760/840 750/758/840 724/979/1086
f 752/1037/1147 751/765/845 726/985/80
f 839/841/925 838/763/843 751/765/845
f 753/1039/1149 754/1092/1205 752/1037/1147
f 765/1040/1150 768/1014/1124 743/1041/1151
f 737/991/1097 816/993/1099 800/1043/1153
f 752/1037/1147 754/1092/1205 840/842/926
f 722/973/1078 836/1035/1145 826/838/922
f 1002/1046/1156 1011/949/1054 756/943/1048
f 759/931/1036 1014/1117/1234 1013/1049/1159
f 762/952/1057 763/990/1096 711/946/1051
f 767/936/1041 807/1070/1180 765/1040/1150
f 809/1052/1162 810/935/1040 769/1016/1126
f 774/957/1062 775/942/1047 714/937/1042
f 778/1054/1164 716/948/1053 777/919/1020
f 780/1055/1165 1015/1068/1178 1005/1056/1166
f 1007/1057/1167 1017/1252/1390 1018/1058/1168
f 729/994/1100 783/983/1090 1019/980/1087
f 820/1062/1172 784/1093/1206 733/1063/1173
f 785/992/1098 735/995/1101 817/996/1102
f 790/1013/1123 744/1018/1128 788/1029/1139
f 793/1021/1131 745/1042/1152 791/1024/1134
f 797/1020/1130 815/1012/1122 748/1002/1110
f 819/1065/1175 798/1091/1204 820/1062/1172
f 817/996/1102 799/1045/1155 800/1043/1153
f 729/962/1067 1021/1249/1387 1012/1048/1158
f 736/955/1060 786/939/1044 763/990/1096
f 763/990/1096 764/989/1095 712/947/1052
f 809/1052/1162 770/1015/1125 768/1014/1124
f 775/942/1047 772/941/1046 771/1067/1177
f 773/1053/1163 714/937/1042 786/939/1044
f 772/941/1046 760/944/1049 710/934/1039
f 776/963/1068 715/940/1045 775/942/1047
f 716/948/1053 778/1054/1164 756/943/1048
f 757/1047/1157 756/943/1048 715/940/1045
f 761/1050/1160 711/946/1051 780/1055/1165
f 780/1055/1165 758/945/1050 1013/1049/1159
f 759/931/1036 758/945/1050 712/947/1052
f 716/948/1053 1006/950/1055 1016/920/1021
f 761/1050/1160 735/959/1064 785/953/1058
f 773/1053/1163 733/954/1059 784/958/1063
f 1007/1069/1179 782/961/1066 779/960/1065
f 808/1066/1176 768/1014/1124 765/1040/1150
f 796/1022/1132 748/1002/1110 835/701/774
f 743/1041/1151 790/1013/1123 789/1027/1137
f 744/1018/1128 794/1017/1127 746/1030/1140
f 770/1015/1125 769/1016/1126 744/1018/1128
f 766/1051/1161 765/1040/1150 745/1042/1152
f 821/827/911 797/1020/1130 796/1022/1132
f 834/849/933 793/1021/1131 792/1032/1142
f 794/1017/1127 821/827/911 831/829/913
f 798/1071/1181 819/1026/1136 789/1027/1137
f 800/1072/1182 799/1031/1141 792/1032/1142
f 797/1020/1130 795/1019/1129 747/1011/1121
f 747/1011/1121 795/1019/1129 769/1016/1126
f 766/1051/1161 832/830/914 833/1009/1119
f 745/1042/1152 743/1041/1151 787/1025/1135
f 801/922/1025 802/921/1024 812/933/1038
f 803/1001/1108 813/1010/1120 812/933/1038
f 803/1001/1108 748/1002/1110 815/1012/1122
f 699/1073/1183 865/1120/1239 805/1074/1184
f 868/1076/1186 869/1123/1243 842/1077/1187
f 841/1078/1188 843/904/994 870/1079/1189
f 804/1081/1191 806/1124/1244 700/1082/1192
f 805/1074/1184 865/1120/1239 846/1084/1194
f 842/1077/1187 869/1123/1243 847/1086/1196
f 700/1082/1197 806/1124/1245 871/1087/1198
f 870/1079/1200 843/904/996 872/899/1201
f 764/989/1095 807/1070/1180 767/936/1041
f 807/1070/1180 764/989/1095 713/938/1043
f 809/1052/1162 808/1066/1176 713/938/1043
f 772/941/1046 810/935/1040 809/1052/1162
f 778/1054/1164 814/927/1032 710/934/1039
f 818/1064/1174 733/1063/1173 734/1090/1203
f 818/1064/1174 737/991/1097 755/1044/1154
f 731/987/1093 784/1093/1206 820/1062/1172
f 820/1062/1172 798/1091/1204 753/1039/1149
f 845/1089/1207 872/899/989 880/901/991
f 718/1095/1209 873/1085/1249 846/1084/1210
f 874/905/1001 847/1086/3199 867/1008/1118
f 849/909/1008 857/908/1007 879/1096/1211
f 850/1098/1213 717/1127/1253 878/1099/1214
f 850/1101/1216 877/2930/3200 861/1102/1217
f 862/1094/1219 880/901/1009 849/910/1010
f 878/1099/1221 717/1127/1251 851/1105/1222
f 851/1105/1222 879/1096/1252 857/908/1003
f 863/1107/1224 1041/1327/1473 1040/1108/1225
f 860/1110/1227 863/1107/1224 858/1109/1226
f 1034/1111/1228 1041/1327/1477 863/1107/1229
f 854/1112/1230 863/1107/1229 860/1110/1231
f 1037/1113/1232 1034/1333/1228 854/1114/1230
f 856/894/986 855/1115/1233 854/1114/1230
f 851/1105/1222 858/1109/1226 1040/1108/1225
f 852/886/976 859/890/980 858/1109/1226
f 864/930/1035 1008/1125/1248 1014/1117/1234
f 1061/1118/1235 1053/1305/3201 844/1088/1236
f 1022/1119/1238 1023/1294/1432 865/1120/1239
f 1024/1121/1240 1022/1295/1433 699/1083/1193
f 865/1120/1239 1023/1294/1432 1055/1122/1241
f 844/1088/1199 1053/1305/1446 1024/1121/1242
f 718/1095/1209 709/929/1034 866/1007/1117
f 804/1075/1185 805/1074/1184 869/1123/1243
f 868/1080/1190 870/1079/1189 806/1124/1244
f 873/1085/1195 847/1086/1196 869/1123/1243
f 845/1089/1202 871/1087/1198 806/1124/1245
f 875/1103/1246 871/1087/3202 845/1089/1207
f 864/930/1035 846/1084/1210 1055/1122/1247
f 867/1008/1118 847/1086/3199 873/1085/1249
f 876/1097/1212 879/1096/1211 717/1127/1253
f 877/1100/1215 878/1099/1214 1038/1126/1254
f 861/1102/1217 877/2930/3200 1030/1129/1256
f 875/1103/1218 862/1094/1219 876/1104/1220
f 844/1088/1236 871/1087/3202 875/1103/1246
f 1208/1132/1258 1207/1438/1598 883/1133/1259
f 886/1134/1260 883/1133/1259 884/1135/1261
f 887/1136/1262 884/1135/1261 885/1137/1263
f 886/1134/1265 958/1140/1269 1221/1139/1266
f 887/1136/1268 982/1142/1271 958/1140/1269
f 887/1136/1268 888/1138/1354 983/1141/1270
f 883/1133/1272 1207/1438/1608 1209/1143/1273
f 884/1135/1275 883/1133/1272 2185/1144/1274
f 885/1137/1277 884/1135/1275 2186/1145/1276
f 995/1147/1279 958/1140/1269 982/1142/1271
f 890/1149/1281 899/1312/1455 1045/1150/1282
f 889/1152/1284 891/1154/1286 992/1148/1280
f 895/1157/1289 952/1284/1422 894/1158/1290
f 896/1160/1292 941/1164/1296 953/1161/1293
f 937/1163/1295 959/1271/1409 941/1164/1296
f 939/1165/1297 961/1273/1411 892/1166/1298
f 915/1171/1303 917/1175/1307 943/1172/1304
f 914/1174/1306 954/1270/1408 917/1175/1307
f 911/1176/1308 957/1183/1315 955/1177/1309
f 916/1179/1311 942/1267/1405 960/1180/1312
f 910/1182/1314 938/1264/1402 957/1183/1315
f 1134/1184/1316 1029/1187/1319 2188/1185/1317
f 1029/1187/1319 900/1250/1388 2189/1188/1320
f 1215/1189/1321 902/1251/1389 901/1190/1322
f 962/1192/1324 1223/1275/1413 1214/1191/1323
f 904/1194/1326 1029/1187/1330 1134/1184/1327
f 905/1196/1329 900/1250/1391 1029/1187/1330
f 1136/1197/1331 906/1198/1332 904/1194/1332
f 906/1198/1332 907/1253/1333 905/1196/1333
f 1224/1199/1334 964/1202/1337 906/1200/1335
f 908/1203/1338 909/1207/1341 907/1204/80
f 912/1206/1340 913/1255/1393 909/1207/1341
f 967/1159/1291 894/1158/1290 945/1208/1342
f 918/1210/1344 915/1307/1448 966/1211/1345
f 910/1213/1347 911/1205/1339 908/1203/1338
f 916/1214/1348 963/1276/1414 962/1192/1324
f 885/1137/1263 919/2931/3203 921/1216/1350
f 921/1216/1350 919/2931/3203 920/1217/1351
f 922/1218/1352 920/1217/1351 1003/1219/1013
f 921/1216/1353 984/1221/1356 983/1141/1270
f 921/1216/1353 922/1218/1357 928/1220/1355
f 922/1218/1357 1004/913/1019 1016/920/1021
f 2190/1222/1358 919/2931/3204 885/1137/1277
f 920/1217/1359 919/2931/3204 2190/1222/1358
f 1003/1219/1361 920/1217/1359 2191/1223/1360
f 1047/1224/1362 1014/1117/1234 1008/1125/1248
f 994/1226/1364 927/1227/1365 889/1152/1284
f 971/1229/1367 923/1258/1396 949/1230/1368
f 950/1232/1370 976/1235/1373 975/1233/1371
f 1002/1046/1156 975/1233/1371 976/1235/1373
f 1013/1049/1159 947/1268/1406 974/1237/1375
f 936/1239/1377 981/1289/1427 972/1240/1378
f 1000/1242/1380 936/1239/1377 968/1241/1379
f 935/1244/1382 979/1288/1426 969/1245/1383
f 980/1247/1385 1007/1069/1179 1005/1056/1166
f 1021/1249/1387 935/1244/1382 926/1246/1384
f 900/1250/1388 930/975/3197 929/964/1069
f 1010/969/1074 1009/971/1076 901/1190/1322
f 1009/971/1076 1018/1058/1168 1017/1252/1390
f 905/1196/1329 931/976/1081 930/975/1080
f 932/977/1084 931/976/1084 905/1196/1333
f 933/1254/1392 932/982/1089 907/1204/80
f 1020/1060/1170 1019/980/1087 932/982/1089
f 934/1256/1394 935/1309/1450 933/1254/1392
f 946/1257/1395 949/1230/1368 923/1258/1396
f 918/1210/1344 997/1212/1346 981/1260/1398
f 933/1254/1392 935/1309/1450 1021/1061/1171
f 903/1193/1325 1017/1252/1390 1007/1057/1167
f 1206/1263/1401 1216/1169/1301 937/1163/1295
f 940/1151/1283 1219/1446/1611 1218/1266/1404
f 943/1172/1304 944/1209/1343 892/1166/1298
f 948/1156/1288 988/1287/1425 946/1257/1395
f 990/1269/1407 991/1155/1287 950/1232/1370
f 955/1177/1309 956/1162/1294 895/1157/1289
f 959/1271/1409 897/1168/1300 958/1140/1269
f 1220/1272/1410 1210/1286/1424 960/1180/1312
f 1212/1274/1412 1222/1472/1637 1223/1275/1413
f 910/1213/1347 964/1202/1337 1224/1199/1334
f 1001/1279/1417 965/1310/1451 914/1280/1418
f 966/1211/1345 916/1214/1348 998/1215/1349
f 971/1229/1367 924/1234/1372 969/1245/1383
f 974/1237/1375 925/1259/1397 972/1240/1378
f 978/1236/1374 996/1228/1366 928/1220/1355
f 1000/1282/1420 979/1308/1449 1001/1279/1417
f 998/1215/1349 980/1262/1400 981/1260/1398
f 910/1182/1314 1226/1470/1635 1217/1265/1403
f 917/1175/1307 967/1159/1291 944/1209/1343
f 944/1209/1343 945/1208/1342 893/1167/1299
f 990/1269/1407 951/1231/1369 949/1230/1368
f 956/1162/1294 953/1161/1293 952/1284/1422
f 954/1270/1408 895/1157/1289 967/1159/1291
f 953/1161/1293 941/1164/1296 891/1154/1286
f 957/1183/1315 896/1160/1292 956/1162/1294
f 897/1168/1300 959/1271/1409 937/1163/1295
f 938/1264/1402 937/1163/1295 896/1160/1292
f 942/1267/1405 892/1166/1298 961/1273/1411
f 961/1273/1411 939/1165/1297 1218/1266/1404
f 940/1151/1283 939/1165/1297 893/1167/1299
f 897/1168/1300 1211/1170/1302 1221/1139/1266
f 942/1267/1405 916/1179/1311 966/1173/1305
f 954/1270/1408 914/1174/1306 965/1178/1310
f 1212/1285/1423 963/1181/1313 960/1180/1312
f 988/1287/1425 989/1283/1421 949/1230/1368
f 977/1238/1376 928/1220/1355 1016/920/1021
f 923/1258/1396 971/1229/1367 970/1243/1381
f 924/1234/1372 975/1233/1371 926/1246/1384
f 951/1231/1369 950/1232/1370 924/1234/1372
f 947/1268/1406 946/1257/1395 925/1259/1397
f 1002/1046/1156 978/1236/1374 977/1238/1376
f 1015/1068/1178 974/1237/1375 973/1248/1386
f 975/1233/1371 1002/1046/1156 1012/1048/1158
f 979/1288/1426 1000/1242/1380 970/1243/1381
f 981/1289/1427 980/1247/1385 973/1248/1386
f 978/1236/1374 976/1235/1373 927/1227/1365
f 927/1227/1365 976/1235/1373 950/1232/1370
f 947/1268/1406 1013/1049/1159 1014/1117/1234
f 925/1259/1397 923/1258/1396 968/1241/1379
f 982/1142/1271 983/1141/1270 993/1153/1285
f 984/1221/1356 994/1226/1364 993/1153/1285
f 984/1221/1356 928/1220/1355 996/1228/1366
f 985/1290/1428 881/1339/1485 1046/1291/1429
f 1049/1293/1431 1050/1342/1489 1023/1294/1432
f 1022/1295/1433 1024/1121/1240 1051/1296/1434
f 881/1298/1436 985/1343/1490 987/1299/1437
f 1054/1301/1439 986/1292/1430 1046/1291/1429
f 1023/1294/1432 1050/1342/1489 1028/1303/1441
f 987/1299/1442 1052/1344/1491 1025/1304/1443
f 1051/1296/1445 1024/1121/1242 1053/1305/1446
f 945/1208/1342 988/1287/1425 948/1156/1288
f 988/1287/1425 945/1208/1342 894/1158/1290
f 990/1269/1407 989/1283/1421 894/1158/1290
f 953/1161/1293 991/1155/1287 990/1269/1407
f 959/1271/1409 995/1147/1279 891/1154/1286
f 999/1281/1419 914/1280/1418 915/1307/1448
f 1000/1282/1420 999/1281/1419 918/1210/1344
f 912/1206/1340 965/1310/1451 1001/1279/1417
f 1001/1279/1417 979/1308/1449 934/1256/1394
f 1026/1306/1452 1053/1305/3201 1061/1118/1235
f 1054/1301/1454 1027/1302/3205 1045/1150/1282
f 1008/1125/1248 1055/1122/1247 1028/1303/1456
f 1030/1128/1255 1038/1126/1254 1060/1313/1457
f 1031/1315/1459 898/1346/1497 1059/1316/1460
f 1058/1318/1462 1042/1336/1500 1056/1319/1463
f 1043/1311/1465 1061/1118/1257 1030/1129/1256
f 1059/1316/1467 898/1346/1495 1032/1322/1468
f 1032/1322/1468 1060/1313/1496 1038/1126/1250
f 1044/1324/1470 1251/1548/1722 1250/1325/1471
f 1041/1327/1473 1044/1324/1470 1039/1326/1472
f 1241/1328/1474 1251/1548/1727 1044/1324/1475
f 1035/1329/1476 1044/1324/1475 1041/1327/1477
f 1245/1330/1478 1241/1555/1474 1035/1331/1476
f 1037/1113/1232 1036/1332/1479 1035/1331/1476
f 1032/1322/1468 1039/1326/1472 1250/1325/1471
f 1033/1106/1223 1040/1108/1225 1039/1326/1472
f 1213/1334/1480 1219/1446/1611 940/1151/1283
f 1266/1335/1481 1025/1304/3206 1042/1336/1482
f 1227/1338/1484 1228/1515/1680 1046/1291/1429
f 1229/1340/1486 1227/1516/1681 881/1298/1436
f 1046/1291/1429 1228/1515/1680 1269/1341/1487
f 1025/1304/1443 1266/1335/1694 1229/1340/1488
f 1048/1225/1363 899/1312/1455 890/1149/1281
f 985/1290/1428 986/1292/1430 1050/1342/1489
f 985/1343/1490 1049/1297/1435 1051/1296/1434
f 1054/1301/1439 1028/1303/1441 1050/1342/1489
f 1052/1344/1491 987/1299/1442 1051/1296/1445
f 1056/1319/1492 1052/1344/1503 1026/1306/1452
f 1045/1150/1282 1027/1302/3205 1269/1341/1493
f 1048/1225/1363 1028/1303/1456 1054/1301/1454
f 1057/1314/1458 1060/1313/1457 898/1346/1497
f 1058/1317/1461 1059/1316/1460 1247/1345/1498
f 1042/1336/1500 1058/1318/1462 1235/1348/1501
f 1056/1319/1463 1043/1311/1465 1057/1321/1466
f 1042/1336/1482 1025/1304/3206 1052/1344/1503
f 1065/1351/1504 1064/2932/3207 1086/1352/1505
f 1089/1353/1506 1086/1352/1505 1087/1354/1507
f 1087/1354/1507 1088/1434/1594 1091/1356/1509
f 1089/1353/1510 1162/1358/1514 1077/1357/1511
f 1090/1355/1513 1186/1359/1516 1162/1358/1514
f 1091/1356/1515 1187/1440/1600 1186/1359/1516
f 1086/1352/1517 1064/2932/3208 1066/1360/1518
f 2193/1362/1520 1087/1354/1522 1086/1352/1517
f 2194/1363/1521 1088/1434/1605 1087/1354/1522
f 1199/1364/1523 1162/1358/1514 1186/1359/1516
f 1094/1366/1525 1103/1533/1702 1255/1367/1526
f 1093/1369/1528 1095/1371/1530 1196/1365/1524
f 1099/1374/1533 1156/1505/1670 1098/1375/1534
f 1100/1377/1536 1145/1381/1540 1157/1378/1537
f 1141/1380/1539 1163/1491/1656 1145/1381/1540
f 1143/1382/1541 1165/1492/1657 1096/1383/1542
f 1119/1388/1547 1121/1392/1551 1147/1389/1548
f 1118/1391/1550 1158/1490/1655 1121/1392/1551
f 1115/1393/1552 1161/1400/1559 1159/1394/1553
f 1120/1396/1555 1146/1487/1652 1164/1397/1556
f 1114/1399/1558 1142/1484/1649 1161/1400/1559
f 2205/1401/1560 1349/1412/1884 1234/1402/1561
f 1234/1402/1561 1104/1471/1636 2196/1404/1563
f 1106/1405/1564 1105/1410/1569 1071/1406/1565
f 1166/1408/1567 1078/1495/1660 1071/1406/1565
f 1108/1411/1570 1234/1402/1574 1349/1412/1571
f 1109/1414/1573 1104/1471/1638 1234/1402/1574
f 1351/1415/1575 1110/1416/1576 1108/1411/1576
f 1110/1416/1576 1111/1473/1577 1109/1414/1577
f 1080/1417/1578 1168/1420/1581 1110/1418/1579
f 1112/1421/1582 1113/1425/1585 1111/1422/80
f 1116/1424/1584 1117/1475/1640 1113/1425/1585
f 1171/1376/1535 1098/1375/1534 1149/1426/1586
f 1122/1428/1588 1119/1528/1696 1170/1429/1589
f 1114/1431/1591 1115/1423/1583 1112/1421/1582
f 1120/1432/1592 1167/1496/1661 1166/1408/1567
f 1088/1434/1594 1123/2933/3209 1125/1435/1595
f 1125/1435/1595 1123/2933/3209 1124/1436/1596
f 1126/1437/1597 1124/1436/1596 1207/1438/1598
f 1091/1356/1515 1125/1435/1601 1188/1439/1599
f 1125/1435/1601 1126/1437/1603 1133/1441/1602
f 1208/1132/1267 1221/1139/1266 1133/1441/1602
f 2197/1442/1604 1123/2933/3210 1088/1434/1605
f 1124/1436/1606 1123/2933/3210 2197/1442/1604
f 1207/1438/1608 1124/1436/1606 1127/1443/1607
f 1259/1444/1609 1219/1446/1611 1213/1334/1480
f 1198/1447/1612 1132/1448/1613 1093/1369/1528
f 1175/1450/1615 1128/1478/1643 1153/1451/1616
f 1154/1453/1618 1180/1456/1621 1179/1454/1619
f 1206/1263/1401 1179/1454/1619 1180/1456/1621
f 1218/1266/1404 1151/1488/1653 1178/1458/1623
f 1140/1460/1625 1185/1510/1675 1176/1461/1626
f 1204/1463/1628 1140/1460/1625 1172/1462/1627
f 1139/1465/1630 1183/1509/1674 1173/1466/1631
f 1184/1468/1633 1212/1285/1423 1210/1286/1424
f 1226/1470/1635 1139/1465/1630 1131/1467/1632
f 1104/1471/1636 1134/1184/1316 2198/1186/1318
f 1215/1189/1321 1214/1191/1323 1105/1410/1569
f 1214/1191/1323 1223/1275/1413 1222/1472/1637
f 1109/1414/1573 1135/1195/1328 1134/1184/1327
f 1136/1197/1331 1135/1195/1331 1109/1414/1577
f 1137/1474/1639 1136/1201/1336 1111/1422/80
f 1225/1277/1415 1224/1199/1334 1136/1201/1336
f 1138/1476/1641 1139/1530/1698 1137/1474/1639
f 1150/1477/1642 1153/1451/1616 1128/1478/1643
f 1122/1428/1588 1201/1430/1590 1185/1480/1645
f 1137/1474/1639 1139/1530/1698 1226/1278/1416
f 1107/1409/1568 1222/1472/1637 1212/1274/1412
f 1062/1483/1648 1073/1386/1545 1141/1380/1539
f 1144/1368/1527 1063/1556/1730 1075/1486/1651
f 1147/1389/1548 1148/1427/1587 1096/1383/1542
f 1152/1373/1532 1192/1508/1673 1150/1477/1642
f 1194/1489/1654 1195/1372/1531 1154/1453/1618
f 1159/1394/1553 1160/1379/1538 1099/1374/1533
f 1163/1491/1656 1101/1385/1544 1162/1358/1514
f 1165/1492/1657 1076/1506/1671 1067/1493/1658
f 1079/1494/1659 1069/1692/1885 1078/1495/1660
f 1114/1431/1591 1168/1420/1581 1080/1417/1578
f 1205/1499/1664 1169/1531/1699 1118/1500/1665
f 1170/1429/1589 1120/1432/1592 1202/1433/1593
f 1175/1450/1615 1129/1455/1620 1173/1466/1631
f 1178/1458/1623 1130/1479/1644 1176/1461/1626
f 1182/1457/1622 1200/1449/1614 1133/1441/1602
f 1204/1502/1667 1183/1529/1697 1205/1499/1664
f 1202/1433/1593 1184/1482/1647 1185/1480/1645
f 1082/1503/1668 1074/1485/1650 1142/1484/1649
f 1121/1392/1551 1171/1376/1535 1148/1427/1587
f 1148/1427/1587 1149/1426/1586 1097/1384/1543
f 1193/1504/1669 1194/1489/1654 1155/1452/1617
f 1160/1379/1538 1157/1378/1537 1156/1505/1670
f 1158/1490/1655 1099/1374/1533 1171/1376/1535
f 1157/1378/1537 1145/1381/1540 1095/1371/1530
f 1161/1400/1559 1100/1377/1536 1160/1379/1538
f 1101/1385/1544 1163/1491/1656 1141/1380/1539
f 1142/1484/1649 1141/1380/1539 1100/1377/1536
f 1146/1487/1652 1096/1383/1542 1165/1492/1657
f 1076/1506/1671 1165/1492/1657 1143/1382/1541
f 1144/1368/1527 1143/1382/1541 1097/1384/1543
f 1101/1385/1544 1068/1387/1546 1077/1357/1511
f 1146/1487/1652 1120/1396/1555 1170/1390/1549
f 1158/1490/1655 1118/1391/1550 1169/1395/1554
f 1167/1398/1557 1164/1397/1556 1067/1493/1658
f 1192/1508/1673 1193/1504/1669 1153/1451/1616
f 1181/1459/1624 1133/1441/1602 1221/1139/1266
f 1128/1478/1643 1175/1450/1615 1174/1464/1629
f 1129/1455/1620 1179/1454/1619 1131/1467/1632
f 1155/1452/1617 1154/1453/1618 1129/1455/1620
f 1151/1488/1653 1150/1477/1642 1130/1479/1644
f 1206/1263/1401 1182/1457/1622 1181/1459/1624
f 1220/1272/1410 1178/1458/1623 1177/1469/1634
f 1179/1454/1619 1206/1263/1401 1217/1265/1403
f 1183/1509/1674 1204/1463/1628 1174/1464/1629
f 1185/1510/1675 1184/1468/1633 1177/1469/1634
f 1182/1457/1622 1180/1456/1621 1132/1448/1613
f 1132/1448/1613 1180/1456/1621 1154/1453/1618
f 1151/1488/1653 1218/1266/1404 1219/1446/1611
f 1130/1479/1644 1128/1478/1643 1172/1462/1627
f 1186/1359/1516 1187/1440/1600 1197/1370/1529
f 1188/1439/1599 1198/1447/1612 1197/1370/1529
f 1188/1439/1599 1133/1441/1602 1200/1449/1614
f 1083/1511/1676 1257/1560/1735 1190/1512/1677
f 1261/1514/1679 1262/1563/1739 1228/1515/1680
f 1227/1516/1681 1229/1340/1486 1263/1517/1682
f 1189/1519/1684 1191/1525/1740 1085/1520/1685
f 1190/1512/1677 1257/1560/1735 1232/1522/1687
f 1228/1515/1680 1262/1563/1739 1233/1524/1689
f 1191/1525/1690 1265/1564/3211 1230/1526/1691
f 1263/1517/1693 1229/1340/1488 1266/1335/1694
f 1149/1426/1586 1192/1508/1673 1152/1373/1532
f 1192/1508/1673 1149/1426/1586 1098/1375/1534
f 1194/1489/1654 1193/1504/1669 1098/1375/1534
f 1157/1378/1537 1195/1372/1531 1194/1489/1654
f 1163/1491/1656 1199/1364/1523 1095/1371/1530
f 1203/1501/1666 1118/1500/1665 1119/1528/1696
f 1203/1501/1666 1122/1428/1588 1140/1481/1646
f 1116/1424/1584 1169/1531/1699 1205/1499/1664
f 1205/1499/1664 1183/1529/1697 1138/1476/1641
f 1266/1335/1481 1276/1337/1483 1253/1532/1700
f 1103/1533/1702 1268/1523/1744 1232/1522/1703
f 1213/1334/1480 1269/1341/1493 1233/1524/1704
f 1235/1347/1499 1247/1345/1498 1274/1534/1705
f 1272/1536/1707 1237/1567/1747 1102/1537/1708
f 1272/1539/1710 1252/1557/1750 1270/1540/1711
f 1253/1532/1713 1276/1337/1502 1235/1348/1501
f 1238/1543/1715 1273/1538/1746 1102/1537/1716
f 1274/1534/1718 1247/1345/1494 1240/1323/1469
f 1249/1545/1719 1254/1551/3212 1438/1546/1720
f 1251/1548/1722 1254/1551/3212 1249/1545/1719
f 1438/1546/1723 1254/1551/1726 1243/1549/1724
f 1241/1328/1474 1243/1549/1724 1254/1551/1726
f 1434/1552/1728 1242/1774/1725 1243/1553/1724
f 1244/1554/1729 1243/1553/1724 1241/1555/1474
f 1249/1545/1719 1248/1547/1721 1238/1543/1715
f 1240/1323/1469 1250/1325/1471 1249/1545/1719
f 1255/1367/1526 1070/1565/1743 1063/1556/1730
f 1252/1557/1731 1275/1570/3213 1264/1558/1732
f 1256/1559/1734 1084/1736/1928 1257/1560/1735
f 1258/1561/1736 1256/1737/1929 1083/1521/1686
f 1257/1560/1735 1084/1736/1928 1267/1562/1737
f 1264/1558/1738 1258/1561/1942 1085/1520/1692
f 1260/1445/1610 1103/1533/1702 1094/1366/1525
f 1189/1513/1678 1190/1512/1677 1262/1563/1739
f 1261/1518/1683 1263/1517/1682 1191/1525/1740
f 1268/1523/1688 1233/1524/1689 1262/1563/1739
f 1231/1527/1695 1265/1564/3211 1191/1525/1690
f 1253/1532/1700 1270/1540/1753 1265/1564/1741
f 1255/1367/1526 1232/1522/1703 1267/1562/1742
f 1103/1533/1702 1260/1445/1610 1233/1524/1704
f 1271/1535/1706 1274/1534/1705 1102/1537/1708
f 1236/1568/1748 1272/1536/1707 1273/1538/1709
f 1252/1557/1750 1272/1539/1710 1236/1569/1751
f 1270/1540/1711 1253/1532/1713 1271/1542/1714
f 1252/1557/1731 1230/1526/1733 1265/1564/1741
f 1280/1573/1754 1301/1576/1756 1304/1574/1755
f 1301/1576/1756 1302/1578/1758 1305/1577/1757
f 1302/1578/1758 1303/1665/3214 1306/1579/1759
f 1304/1574/1760 1377/1581/1764 1292/1580/1761
f 1305/1577/1763 1401/1583/1766 1377/1581/1764
f 1305/1577/1763 1306/1579/1850 1402/1582/1765
f 1307/1584/1767 1301/1576/1770 1280/1573/1768
f 2200/1586/1769 1302/1578/1772 1301/1576/1770
f 2201/1587/1771 1303/1665/1855 1302/1578/1772
f 1414/1588/1773 1377/1581/1764 1401/1583/1766
f 1309/1590/1775 1318/1754/1952 1443/1591/1776
f 1308/1593/1778 1310/1595/1780 1411/1589/1774
f 1314/1598/1783 1371/1726/1918 1313/1599/1784
f 1315/1601/1786 1360/1605/1790 1372/1602/1787
f 1356/1604/1789 1378/1713/1905 1360/1605/1790
f 1358/1606/1791 1380/1715/1907 1311/1607/1792
f 1335/1612/1797 1337/1616/1801 1362/1613/1798
f 1334/1615/1800 1373/1712/1904 1337/1616/1801
f 1331/1617/1802 1376/1624/1809 1374/1618/1803
f 1336/1620/1805 1361/1709/1901 1379/1621/1806
f 1330/1623/1808 1357/1705/1897 1376/1624/1809
f 1531/1625/1810 1425/1628/1813 1319/1626/1811
f 1425/1628/1813 1320/1693/3215 2202/1629/1814
f 1322/1630/1815 1321/1635/1820 1286/1631/1816
f 1381/1633/1818 1293/1717/1909 1286/1631/1816
f 1324/1636/1821 1425/1628/1825 1531/1625/1822
f 1325/1638/1824 1320/1693/1886 1425/1628/1825
f 1326/1639/1826 1324/1636/1826 1532/1637/1827
f 1326/1639/1826 1327/1694/1828 1325/1638/1828
f 1295/1641/1829 1383/1644/1832 1326/1642/1830
f 1328/1645/1833 1329/1696/1888 1327/1646/80
f 1333/1649/1836 1329/1696/1888 1328/1645/1833
f 1386/1600/1785 1313/1599/1784 1364/1650/1837
f 1338/1652/1839 1335/1749/1945 1385/1653/1840
f 1330/1655/1842 1331/1647/1834 1328/1645/1833
f 1336/1656/1843 1382/1718/1910 1381/1633/1818
f 1306/1579/1759 1303/1665/3214 1339/1658/1845
f 1341/1659/1846 1339/1658/1845 1340/1660/1847
f 1340/1660/1847 1064/2932/3207 1065/1351/1504
f 1341/1659/1849 1403/1663/1852 1402/1582/1765
f 1341/1659/1849 1342/1661/1853 1348/1662/1851
f 1342/1661/1853 1065/1351/1512 1077/1357/1511
f 2203/1664/1854 1339/1658/1857 1303/1665/1855
f 2204/1666/1856 1340/1660/1858 1339/1658/1857
f 1066/1360/1518 1064/2932/3208 1340/1660/1858
f 1447/1667/1859 1063/1556/1730 1070/1565/1743
f 1413/1669/1861 1347/1670/1862 1308/1593/1778
f 1390/1672/1864 1343/1699/1891 1368/1673/1865
f 1369/1675/1867 1395/1678/1870 1394/1676/1868
f 1062/1483/1648 1394/1676/1868 1395/1678/1870
f 1075/1486/1651 1366/1710/1902 1393/1680/1872
f 1355/1682/1874 1400/1731/1923 1391/1683/1875
f 1419/1685/1877 1355/1682/1874 1387/1684/1876
f 1354/1687/1879 1398/1730/1922 1388/1688/1880
f 1399/1690/1882 1079/1507/1672 1067/1493/1658
f 1082/1503/1668 1354/1687/1879 1346/1689/1881
f 2202/1629/1814 1320/1693/3215 1349/1412/1884
f 1322/1630/1815 1072/1407/1566 1071/1406/1565
f 1071/1406/1565 1078/1495/1660 1069/1692/1885
f 1350/1413/1572 1349/1412/1571 1320/1693/1886
f 1351/1415/1575 1350/1413/1575 1325/1638/1828
f 1352/1695/1887 1351/1419/1580 1327/1646/80
f 1081/1497/1662 1080/1417/1578 1351/1419/1580
f 1353/1697/1889 1354/1751/1947 1352/1695/1887
f 1365/1698/1890 1368/1673/1865 1343/1699/1891
f 1338/1652/1839 1416/1654/1841 1400/1701/1893
f 1352/1695/1887 1354/1751/1947 1082/1498/1663
f 1323/1634/1819 1069/1692/1885 1079/1494/1659
f 1278/1704/1896 1288/1610/1795 1356/1604/1789
f 1358/1606/1791 1359/1592/1777 1279/1707/1899
f 1362/1613/1798 1363/1651/1838 1311/1607/1792
f 1367/1597/1782 1407/1729/1921 1365/1698/1890
f 1409/1711/1903 1410/1596/1781 1369/1675/1867
f 1374/1618/1803 1375/1603/1788 1314/1598/1783
f 1378/1713/1905 1316/1609/1794 1377/1581/1764
f 1291/1714/1906 1282/1728/1920 1379/1621/1806
f 1294/1716/1908 1284/1910/2129 1293/1717/1909
f 1330/1655/1842 1383/1644/1832 1295/1641/1829
f 1420/1721/1913 1384/1752/1948 1334/1722/1914
f 1385/1653/1840 1336/1656/1843 1417/1657/1844
f 1390/1672/1864 1344/1677/1869 1388/1688/1880
f 1393/1680/1872 1345/1700/1892 1391/1683/1875
f 1397/1679/1871 1415/1671/1863 1348/1662/1851
f 1419/1724/1916 1398/1750/1946 1420/1721/1913
f 1417/1657/1844 1399/1703/1895 1400/1701/1893
f 1330/1623/1808 1297/1909/2128 1289/1706/1898
f 1337/1616/1801 1386/1600/1785 1363/1651/1838
f 1363/1651/1838 1364/1650/1837 1312/1608/1793
f 1409/1711/1903 1370/1674/1866 1368/1673/1865
f 1375/1603/1788 1372/1602/1787 1371/1726/1918
f 1373/1712/1904 1314/1598/1783 1386/1600/1785
f 1372/1602/1787 1360/1605/1790 1310/1595/1780
f 1376/1624/1809 1315/1601/1786 1375/1603/1788
f 1316/1609/1794 1378/1713/1905 1356/1604/1789
f 1357/1705/1897 1356/1604/1789 1315/1601/1786
f 1361/1709/1901 1311/1607/1792 1380/1715/1907
f 1291/1714/1906 1380/1715/1907 1358/1606/1791
f 1359/1592/1777 1358/1606/1791 1312/1608/1793
f 1316/1609/1794 1283/1611/1796 1292/1580/1761
f 1361/1709/1901 1336/1620/1805 1385/1614/1799
f 1373/1712/1904 1334/1615/1800 1384/1619/1804
f 1294/1727/1919 1382/1622/1807 1379/1621/1806
f 1407/1729/1921 1408/1725/1917 1368/1673/1865
f 1396/1681/1873 1348/1662/1851 1077/1357/1511
f 1343/1699/1891 1390/1672/1864 1389/1686/1878
f 1344/1677/1869 1394/1676/1868 1346/1689/1881
f 1370/1674/1866 1369/1675/1867 1344/1677/1869
f 1366/1710/1902 1365/1698/1890 1345/1700/1892
f 1062/1483/1648 1397/1679/1871 1396/1681/1873
f 1076/1506/1671 1393/1680/1872 1392/1691/1883
f 1394/1676/1868 1062/1483/1648 1074/1485/1650
f 1398/1730/1922 1419/1685/1877 1389/1686/1878
f 1400/1731/1923 1399/1690/1882 1392/1691/1883
f 1397/1679/1871 1395/1678/1870 1347/1670/1862
f 1347/1670/1862 1395/1678/1870 1369/1675/1867
f 1366/1710/1902 1075/1486/1651 1063/1556/1730
f 1345/1700/1892 1343/1699/1891 1387/1684/1876
f 1401/1583/1766 1402/1582/1765 1412/1594/1779
f 1403/1663/1852 1413/1669/1861 1412/1594/1779
f 1403/1663/1852 1348/1662/1851 1415/1671/1863
f 1404/1732/1924 1298/1777/1980 1445/1733/1925
f 1449/1735/1927 1450/1745/1937 1084/1736/1928
f 1256/1737/1929 1258/1561/1736 1451/1738/1930
f 1298/1740/1932 1404/1780/1984 1406/1741/1933
f 1455/1743/1935 1405/1734/1926 1445/1733/1925
f 1267/1562/1737 1084/1736/1928 1450/1745/1937
f 1406/1741/1939 1453/1781/1985 1421/1747/1940
f 1258/1561/1942 1264/1558/1738 1422/1748/1943
f 1364/1650/1837 1407/1729/1921 1367/1597/1782
f 1407/1729/1921 1364/1650/1837 1313/1599/1784
f 1409/1711/1903 1408/1725/1917 1313/1599/1784
f 1372/1602/1787 1410/1596/1781 1409/1711/1903
f 1378/1713/1905 1414/1588/1773 1310/1595/1780
f 1418/1723/1915 1334/1722/1914 1335/1749/1945
f 1418/1723/1915 1338/1652/1839 1355/1702/1894
f 1332/1648/1835 1384/1752/1948 1420/1721/1913
f 1420/1721/1913 1398/1750/1946 1353/1697/1889
f 1264/1558/1732 1275/1570/3213 1441/1753/1949
f 1455/1743/1951 1423/1744/3216 1443/1591/1776
f 1267/1562/1742 1424/1746/1989 1448/1668/1860
f 1236/1568/1748 1246/1566/1749 1460/1755/1953
f 1458/1757/1955 1427/1784/1992 1317/1758/1956
f 1440/1760/1958 1456/1788/1997 1427/1761/1959
f 1236/1569/1751 1457/1789/1998 1441/1753/1961
f 1459/1759/1962 1317/1758/1991 1429/1763/1963
f 1460/1755/1965 1246/1566/1745 1238/1543/1715
f 1437/1765/1966 1442/1768/1969 1439/1766/1967
f 1442/1768/1969 1437/1765/1966 1248/1547/1721
f 1439/1766/1970 1442/1768/1973 1431/1769/1971
f 1242/1550/1725 1431/1769/1971 1442/1768/1973
f 1432/1771/1974 1430/1991/1972 1431/1772/1971
f 1434/1552/1728 1433/1773/1975 1431/1772/1971
f 1437/1765/1966 1436/1767/1968 1428/1764/1964
f 1248/1547/1721 1437/1765/1966 1429/1763/1963
f 1443/1591/1776 1285/1782/1988 1279/1707/1899
f 1440/1760/1976 1461/1787/2193 1452/1775/1977
f 1444/1776/1979 1299/1954/2172 1445/1733/1925
f 1446/1778/1981 1444/1955/2173 1298/1740/1932
f 1445/1733/1925 1299/1954/2172 1454/1779/1982
f 1421/1747/1940 1452/1775/2186 1446/1778/1983
f 1318/1754/1952 1309/1590/1775 1447/1667/1859
f 1449/1735/1927 1404/1732/1924 1405/1734/1926
f 1404/1780/1984 1449/1739/1931 1451/1738/1930
f 1424/1746/1938 1450/1745/1937 1405/1734/1926
f 1453/1781/1985 1406/1741/1939 1451/1738/1944
f 1441/1753/1949 1456/1788/1999 1453/1781/1986
f 1443/1591/1776 1423/1744/3216 1454/1779/1987
f 1318/1754/1952 1448/1668/1860 1424/1746/1989
f 1427/1784/1992 1457/1756/1954 1460/1755/1953
f 1426/1785/1993 1458/1757/1955 1459/1759/1957
f 1440/1760/1958 1458/1762/1960 1426/1786/1995
f 1456/1788/1997 1441/1753/1961 1457/1789/1998
f 1440/1760/1976 1421/1747/1978 1453/1781/1986
f 1465/1792/2000 1464/2934/3217 1485/1793/2001
f 1485/1793/2001 1486/1796/2004 1489/1795/2003
f 1486/1796/2004 1487/2935/3218 1490/1797/2005
f 1488/1794/2006 1559/1799/2010 1476/1798/2007
f 1489/1795/2009 1583/1801/2012 1559/1799/2010
f 1489/1795/2009 1490/1797/2095 1584/1800/2011
f 1485/1793/2013 1464/2934/3219 2206/1802/2014
f 1486/1796/2015 1485/1793/2013 2207/1803/2013
f 2209/1805/2017 1487/2935/3220 1486/1796/2015
f 1596/1806/2018 1559/1799/2010 1583/1801/2012
f 1492/1808/2020 1501/1971/2195 1623/1809/2021
f 1491/1811/2023 1493/1813/2025 1593/1807/2019
f 1497/1816/2028 1553/1944/2162 1496/1817/2029
f 1498/1819/2031 1542/1823/2035 1554/1820/2032
f 1538/1822/2034 1560/1931/2149 1542/1823/2035
f 1540/1824/2036 1562/1933/2151 1494/1825/2037
f 1517/1830/2042 1519/1834/2046 1544/1831/2043
f 1516/1833/2045 1555/1930/2148 1519/1834/2046
f 1513/1835/2047 1558/1842/2054 1556/1836/2048
f 1518/1838/2050 1543/1927/2145 1561/1839/2051
f 1512/1841/2053 1539/1923/2141 1558/1842/2054
f 2221/1843/2055 1715/1855/3221 1607/1844/2056
f 2210/1845/2057 1607/1844/2056 1502/1846/2058
f 1504/1848/2060 1503/1853/2065 1470/1849/2061
f 1563/1851/2063 1477/1935/2153 1470/1849/2061
f 1506/1854/2066 1607/1844/2070 1715/1855/2067
f 1506/1854/2066 1507/1911/2130 1502/1846/2069
f 1508/1857/2071 1506/1854/2071 1716/1856/2072
f 1509/1859/2073 1507/1911/2073 1506/1854/2071
f 1479/1860/2074 1565/1863/2077 1508/1861/2075
f 1511/1865/2079 1509/1913/80 1508/1861/2075
f 1514/1867/2081 1515/1914/2132 1511/1865/2079
f 1568/1818/2030 1496/1817/2029 1546/1868/2082
f 1520/1870/2084 1517/1966/2188 1567/1871/2085
f 1512/1873/2087 1513/1866/2080 1510/1864/2078
f 1518/1874/2088 1564/1936/2154 1563/1851/2063
f 1490/1797/2005 1487/2935/3218 1521/1876/2090
f 1521/1876/2090 1522/1879/2093 1524/1878/2092
f 1522/1879/2093 1280/1573/1754 1281/1575/1754
f 1523/1877/2094 1585/1881/2097 1584/1800/2011
f 1523/1877/2094 1524/1878/2098 1530/1880/2096
f 1281/1575/1762 1292/1580/1761 1530/1880/2096
f 1521/1876/2099 1487/2935/3220 2209/1805/2017
f 2213/1883/2101 1522/1879/2102 1521/1876/2099
f 2199/1585/1768 1280/1573/1768 1522/1879/2102
f 1627/1884/2103 1279/1707/1899 1285/1782/1988
f 1595/1886/2105 1529/1887/2106 1491/1811/2023
f 1572/1889/2108 1525/1917/2135 1550/1890/2109
f 1551/1892/2111 1577/1895/2114 1576/1893/2112
f 1278/1704/1896 1576/1893/2112 1577/1895/2114
f 1290/1708/1900 1548/1928/2146 1575/1897/2116
f 1537/1899/2118 1582/1949/2167 1573/1900/2119
f 1601/1902/2121 1537/1899/2118 1569/1901/2120
f 1536/1904/2123 1580/1948/2166 1570/1905/2124
f 1581/1907/2126 1294/1727/1919 1282/1728/1920
f 1297/1909/2128 1536/1904/2123 1528/1906/2125
f 2211/1847/2059 1502/1846/2058 1531/1625/1810
f 1287/1632/1817 1286/1631/1816 1503/1853/2065
f 1286/1631/1816 1293/1717/1909 1284/1910/2129
f 1507/1911/2130 1532/1637/1823 1531/1625/1822
f 1509/1859/2073 1533/1640/1827 1532/1637/1827
f 1534/1912/2131 1533/1643/1831 1509/1913/80
f 1296/1719/1911 1295/1641/1829 1533/1643/1831
f 1535/1915/2133 1536/1968/2190 1534/1912/2131
f 1547/1916/2134 1550/1890/2109 1525/1917/2135
f 1520/1870/2084 1598/1872/2086 1582/1919/2137
f 1534/1912/2131 1536/1968/2190 1297/1720/1912
f 1505/1852/2064 1284/1910/2129 1294/1716/1908
f 1462/1922/2140 1472/1828/2040 1538/1822/2034
f 1540/1824/2036 1541/1810/2022 1463/1925/2143
f 1544/1831/2043 1545/1869/2083 1494/1825/2037
f 1549/1815/2027 1589/1947/2165 1547/1916/2134
f 1591/1929/2147 1592/1814/2026 1551/1892/2111
f 1556/1836/2048 1557/1821/2033 1497/1816/2028
f 1560/1931/2149 1499/1827/2039 1559/1799/2010
f 1475/1932/2150 1466/1946/2164 1561/1839/2051
f 1478/1934/2152 1468/2116/2361 1477/1935/2153
f 1512/1873/2087 1565/1863/2077 1479/1860/2074
f 1602/1939/2157 1566/1969/2191 1516/1940/2158
f 1567/1871/2085 1518/1874/2088 1599/1875/2089
f 1572/1889/2108 1526/1894/2113 1570/1905/2124
f 1575/1897/2116 1527/1918/2136 1573/1900/2119
f 1579/1896/2115 1597/1888/2107 1530/1880/2096
f 1601/1942/2160 1580/1967/2189 1602/1939/2157
f 1599/1875/2089 1581/1921/2139 1582/1919/2137
f 1512/1841/2053 1481/2114/2359 1473/1924/2142
f 1519/1834/2046 1568/1818/2030 1545/1869/2083
f 1545/1869/2083 1546/1868/2082 1495/1826/2038
f 1591/1929/2147 1552/1891/2110 1550/1890/2109
f 1557/1821/2033 1554/1820/2032 1553/1944/2162
f 1555/1930/2148 1497/1816/2028 1568/1818/2030
f 1554/1820/2032 1542/1823/2035 1493/1813/2025
f 1558/1842/2054 1498/1819/2031 1557/1821/2033
f 1499/1827/2039 1560/1931/2149 1538/1822/2034
f 1539/1923/2141 1538/1822/2034 1498/1819/2031
f 1543/1927/2145 1494/1825/2037 1562/1933/2151
f 1562/1933/2151 1540/1824/2036 1474/1926/2144
f 1541/1810/2022 1540/1824/2036 1495/1826/2038
f 1499/1827/2039 1467/1829/2041 1476/1798/2007
f 1543/1927/2145 1518/1838/2050 1567/1832/2044
f 1555/1930/2148 1516/1833/2045 1566/1837/2049
f 1478/1945/2163 1564/1840/2052 1561/1839/2051
f 1589/1947/2165 1590/1943/2161 1550/1890/2109
f 1578/1898/2117 1530/1880/2096 1292/1580/1761
f 1525/1917/2135 1572/1889/2108 1571/1903/2122
f 1526/1894/2113 1576/1893/2112 1528/1906/2125
f 1552/1891/2110 1551/1892/2111 1526/1894/2113
f 1548/1928/2146 1547/1916/2134 1527/1918/2136
f 1278/1704/1896 1579/1896/2115 1578/1898/2117
f 1291/1714/1906 1575/1897/2116 1574/1908/2127
f 1576/1893/2112 1278/1704/1896 1289/1706/1898
f 1580/1948/2166 1601/1902/2121 1571/1903/2122
f 1582/1949/2167 1581/1907/2126 1574/1908/2127
f 1579/1896/2115 1577/1895/2114 1529/1887/2106
f 1529/1887/2106 1577/1895/2114 1551/1892/2111
f 1548/1928/2146 1290/1708/1900 1279/1707/1899
f 1527/1918/2136 1525/1917/2135 1569/1901/2120
f 1583/1801/2012 1584/1800/2011 1594/1812/2024
f 1585/1881/2097 1595/1886/2105 1594/1812/2024
f 1585/1881/2097 1530/1880/2096 1597/1888/2107
f 1586/1950/2168 1482/1994/2221 1625/1951/2169
f 1629/1953/2171 1630/1998/2225 1299/1954/2172
f 1444/1955/2173 1446/1778/1981 1631/1956/2174
f 1482/1958/2176 1586/1999/2226 1588/1959/2177
f 1635/1961/2179 1587/1952/2170 1625/1951/2169
f 1299/1954/2172 1630/1998/2225 1606/1963/2181
f 1588/1959/2182 1633/2936/3222 1603/1964/2183
f 1631/1956/2185 1446/1778/1983 1452/1775/2186
f 1546/1868/2082 1589/1947/2165 1549/1815/2027
f 1589/1947/2165 1546/1868/2082 1496/1817/2029
f 1591/1929/2147 1590/1943/2161 1496/1817/2029
f 1554/1820/2032 1592/1814/2026 1591/1929/2147
f 1560/1931/2149 1596/1806/2018 1493/1813/2025
f 1600/1941/2159 1516/1940/2158 1517/1966/2188
f 1600/1941/2159 1520/1870/2084 1537/1920/2138
f 1514/1867/2081 1566/1969/2191 1602/1939/2157
f 1602/1939/2157 1580/1967/2189 1535/1915/2133
f 1604/1965/2192 1452/1775/1977 1461/1787/2193
f 1501/1971/2195 1635/1961/2230 1605/1962/2196
f 1285/1782/1988 1454/1779/1987 1606/1963/2197
f 1637/1972/2198 1426/1785/1993 1435/1783/1994
f 1638/1974/2200 1609/2003/2233 1500/1975/2201
f 1638/1977/2203 1620/1993/2236 1636/1978/2204
f 1637/1980/2206 1621/1970/2239 1461/1787/1996
f 1610/1981/2207 1639/1976/2232 1500/1975/2208
f 1640/1973/2210 1435/1783/1990 1428/1764/1964
f 1622/1983/2211 1619/2179/2432 1617/1984/2212
f 1439/1766/1967 1622/1983/2211 1618/1985/2213
f 1612/1986/2214 1619/2179/2435 1622/1983/2215
f 1613/1987/2216 1622/1983/2215 1439/1766/1970
f 1615/1988/2217 1614/2184/2437 1612/1989/2214
f 1432/1771/1974 1615/1988/2217 1613/1990/2216
f 1618/1985/2213 1617/1984/2212 1610/1981/2207
f 1436/1767/1968 1618/1985/2213 1611/1982/2209
f 1623/1809/2021 1469/2001/2229 1463/1925/2143
f 1641/1992/2218 1632/1997/3223 1603/1964/2219
f 1482/1994/2221 1624/2150/2394 1483/1995/2222
f 1484/1960/2178 1626/2153/2397 1624/1996/2223
f 1483/1995/2222 1634/2000/2403 1605/1962/2180
f 1632/1997/2224 1626/2153/3224 1484/1960/2184
f 1501/1971/2195 1492/1808/2020 1627/1884/2103
f 1629/1953/2171 1586/1950/2168 1587/1952/2170
f 1586/1999/2226 1629/1957/2175 1631/1956/2174
f 1635/1961/2179 1606/1963/2181 1630/1998/2225
f 1604/1965/2187 1633/2936/3222 1588/1959/2182
f 1636/1978/2227 1633/2936/3225 1604/1965/2192
f 1623/1809/2021 1605/1962/2196 1634/2000/2228
f 1628/1885/2104 1606/1963/2197 1635/1961/2230
f 1609/2003/2233 1637/1972/2198 1640/1973/2199
f 1608/2004/2234 1638/1974/2200 1639/1976/2202
f 1620/1993/2236 1638/1977/2203 1608/2005/2237
f 1621/1970/2239 1637/1980/2206 1609/1979/2205
f 1603/1964/2219 1633/2936/3225 1636/1978/2227
f 1644/2008/2240 1667/2010/2242 1670/2009/2241
f 1667/2010/2242 1668/2937/3226 1671/2011/2243
f 1671/2011/2243 1668/2937/3226 1669/2012/2244
f 1645/91/2246 1670/2009/2249 1743/2014/2247
f 1671/2011/2248 1767/2015/2251 1743/2014/2247
f 1672/2013/2250 1768/2085/2326 1767/2015/2251
f 1673/2016/2252 1667/2010/2255 1644/2008/2253
f 2216/2017/2254 1668/2937/3227 1667/2010/2255
f 1669/2012/2256 1668/2937/3227 2216/2017/2254
f 1780/2019/2258 1743/2014/2247 1767/2015/2251
f 1675/2021/2260 1684/2168/2417 1806/2022/2261
f 1674/2024/2263 1676/2026/2265 1777/2020/2259
f 1680/2029/2268 1737/2142/2386 1679/2030/2269
f 1681/2032/2271 1726/2036/2275 1738/2033/2272
f 1722/2035/2274 1744/2133/2377 1726/2036/2275
f 1724/2037/2276 1746/2134/2378 1677/2038/2277
f 1701/2041/2280 1703/2045/2284 1728/2042/2281
f 1700/2044/2283 1739/2132/2376 1703/2045/2284
f 1697/2046/2285 1742/2053/2292 1740/2047/2286
f 1702/2049/2288 1727/2129/2373 1745/2050/2289
f 1696/2052/2291 1723/2128/2372 1742/2053/2292
f 2160/135/144 54/134/143 1791/2054/2293
f 2218/2055/2294 1791/2054/2293 1686/2056/2295
f 1652/136/145 1688/2115/2360 1687/2058/2297
f 1747/2059/2298 1658/2135/2379 1651/138/147
f 55/2061/2300 1690/2062/2302 1791/2054/2301
f 1690/2062/2302 1691/2117/2362 1686/2056/2303
f 1692/2063/2304 1690/2062/2304 55/2061/151
f 1693/2064/2305 1691/2117/2305 1690/2062/2304
f 1660/2065/2306 1749/2067/2308 1692/2066/2307
f 1695/2069/2310 1693/2119/80 1692/2066/2307
f 1698/2071/2312 1699/2120/2364 1695/2069/2310
f 1752/2031/2270 1679/2030/2269 1730/2072/2313
f 1704/2074/2315 1701/2163/2410 1751/2075/2316
f 1696/2077/2318 1697/2070/2311 1694/2068/2309
f 1702/2078/2319 1748/2136/2380 1747/2059/2298
f 1672/2013/2245 1669/2012/2244 1705/2080/2321
f 1707/2081/2322 1705/2080/2321 1706/2082/2323
f 1706/2082/2323 1464/2934/3217 1465/1792/2000
f 1672/2013/2250 1707/2081/2327 1769/2084/2325
f 1707/2081/2327 1708/2083/2329 1714/2086/2328
f 1708/2083/2329 1465/1792/2008 1476/1798/2007
f 1705/2080/2330 1669/2012/2256 2217/2018/2257
f 2220/2088/2332 1706/2082/2333 1705/2080/2330
f 2206/1802/2014 1464/2934/3219 1706/2082/2333
f 1809/2089/2334 1463/1925/2143 1469/2001/2229
f 1779/2091/2336 1713/2092/2337 1674/2024/2263
f 1756/2094/2339 1709/2123/2367 1734/2095/2340
f 1735/2097/2342 1761/2100/2345 1760/2098/2343
f 1462/1922/2140 1760/2098/2343 1761/2100/2345
f 1474/1926/2144 1732/2130/2374 1759/2102/2347
f 1721/2104/2349 1766/2146/2390 1757/2105/2350
f 1785/2107/2352 1721/2104/2349 1753/2106/2351
f 1720/2109/2354 1764/2145/2389 1754/2110/2355
f 1765/2112/2357 1478/1945/2163 1466/1946/2164
f 1481/2114/2359 1720/2109/2354 1712/2111/2356
f 1686/2056/2295 1715/1855/3221 2221/1843/2055
f 1688/2115/2360 1471/1850/2062 1470/1849/2061
f 1470/1849/2061 1477/1935/2153 1468/2116/2361
f 1691/2117/2362 1716/1856/2068 1715/1855/2067
f 1693/2064/2305 1717/1858/2072 1716/1856/2072
f 1718/2118/2363 1717/1862/2076 1693/2119/80
f 1480/1937/2155 1479/1860/2074 1717/1862/2076
f 1719/2121/2365 1720/2165/2412 1718/2118/2363
f 1731/2122/2366 1734/2095/2340 1709/2123/2367
f 1704/2074/2315 1782/2076/2317 1766/2125/2369
f 1718/2118/2363 1720/2165/2412 1481/1938/2156
f 1689/2060/2299 1468/2116/2361 1478/1934/2152
f 1642/111/121 1653/119/129 1722/2035/2274
f 1724/2037/2276 1725/2023/2262 1643/101/111
f 1728/2042/2281 1729/2073/2314 1677/2038/2277
f 1733/2028/2267 1773/2144/2388 1731/2122/2366
f 1775/2131/2375 1776/2027/2266 1735/2097/2342
f 1740/2047/2286 1741/2034/2273 1680/2029/2268
f 1744/2133/2377 1682/2040/2279 1743/2014/2247
f 1746/2134/2378 1656/116/126 1646/129/139
f 1659/155/163 1648/139/148 1658/2135/2379
f 1696/2077/2318 1749/2067/2308 1660/2065/2306
f 1786/2137/2381 1750/2166/2413 1700/2138/2382
f 1751/2075/2316 1702/2078/2319 1783/2079/2320
f 1756/2094/2339 1710/2099/2344 1754/2110/2355
f 1759/2102/2347 1711/2124/2368 1757/2105/2350
f 1763/2101/2346 1781/2093/2338 1714/2086/2328
f 1785/2140/2384 1764/2164/2411 1786/2137/2381
f 1783/2079/2320 1765/2127/2371 1766/2125/2369
f 1662/131/141 1654/132/142 1723/2128/2372
f 1703/2045/2284 1752/2031/2270 1729/2073/2314
f 1729/2073/2314 1730/2072/2313 1678/2039/2278
f 1775/2131/2375 1736/2096/2341 1734/2095/2340
f 1741/2034/2273 1738/2033/2272 1737/2142/2386
f 1739/2132/2376 1680/2029/2268 1752/2031/2270
f 1738/2033/2272 1726/2036/2275 1676/2026/2265
f 1742/2053/2292 1681/2032/2271 1741/2034/2273
f 1682/2040/2279 1744/2133/2377 1722/2035/2274
f 1723/2128/2372 1722/2035/2274 1681/2032/2271
f 1727/2129/2373 1677/2038/2277 1746/2134/2378
f 1656/116/126 1746/2134/2378 1724/2037/2276
f 1725/2023/2262 1724/2037/2276 1678/2039/2278
f 1682/2040/2279 1647/118/128 1657/94/102
f 1727/2129/2373 1702/2049/2288 1751/2043/2282
f 1739/2132/2376 1700/2044/2283 1750/2048/2287
f 1748/2051/2290 1745/2050/2289 1646/129/139
f 1773/2144/2388 1774/2141/2385 1734/2095/2340
f 1762/2103/2348 1714/2086/2328 1476/1798/2007
f 1709/2123/2367 1756/2094/2339 1755/2108/2353
f 1710/2099/2344 1760/2098/2343 1712/2111/2356
f 1736/2096/2341 1735/2097/2342 1710/2099/2344
f 1732/2130/2374 1731/2122/2366 1711/2124/2368
f 1462/1922/2140 1763/2101/2346 1762/2103/2348
f 1475/1932/2150 1759/2102/2347 1758/2113/2358
f 1760/2098/2343 1462/1922/2140 1473/1924/2142
f 1764/2145/2389 1785/2107/2352 1755/2108/2353
f 1766/2146/2390 1765/2112/2357 1758/2113/2358
f 1763/2101/2346 1761/2100/2345 1713/2092/2337
f 1713/2092/2337 1761/2100/2345 1735/2097/2342
f 1732/2130/2374 1474/1926/2144 1463/1925/2143
f 1711/2124/2368 1709/2123/2367 1753/2106/2351
f 1767/2015/2251 1768/2085/2326 1778/2025/2264
f 1769/2084/2325 1779/2091/2336 1778/2025/2264
f 1769/2084/2325 1714/2086/2328 1781/2093/2338
f 1770/2147/2391 1664/2186/2440 1807/2148/2392
f 1624/2150/2394 1811/2187/2441 1812/2151/2395
f 1811/2152/2396 1624/1996/2223 1626/2153/2397
f 1664/2155/2398 1770/2188/2442 1772/2156/2399
f 1817/2158/2401 1771/2149/2393 1807/2148/2392
f 1634/2000/2403 1483/1995/2222 1812/2151/2395
f 1772/2156/2405 1815/2189/2443 1787/2161/2406
f 1813/2154/2408 1626/2153/3224 1632/1997/2224
f 1730/2072/2313 1773/2144/2388 1733/2028/2267
f 1773/2144/2388 1730/2072/2313 1679/2030/2269
f 1774/2141/2385 1679/2030/2269 1737/2142/2386
f 1738/2033/2272 1776/2027/2266 1775/2131/2375
f 1744/2133/2377 1780/2019/2258 1676/2026/2265
f 1784/2139/2383 1700/2138/2382 1701/2163/2410
f 1784/2139/2383 1704/2074/2315 1721/2126/2370
f 1698/2071/2312 1750/2166/2413 1786/2137/2381
f 1786/2137/2381 1764/2164/2411 1719/2121/2365
f 1788/2162/2414 1632/1997/3223 1641/1992/2218
f 1817/2158/2416 1789/2159/2445 1806/2022/2261
f 1469/2001/2229 1634/2000/2228 1790/2160/2418
f 1820/2169/2419 1608/2004/2234 1616/2002/2235
f 1821/2171/2421 1793/2190/2449 1683/2172/2422
f 1821/2174/2424 1802/2185/3228 1819/2175/2425
f 1608/2005/2237 1820/2938/3229 1803/2167/2427
f 1794/225/242 1822/2173/2448 1683/2172/2428
f 1823/2170/2430 1616/2002/2231 1610/1981/2207
f 1801/2178/2431 1805/2180/3230 1804/231/248
f 1619/2179/2432 1805/2180/3230 1801/2178/2431
f 1796/234/252 1804/231/254 1805/2180/2433
f 1797/2181/2434 1805/2180/2433 1619/2179/2435
f 1799/2182/2436 1798/238/257 1796/239/252
f 1614/2184/2437 1799/2182/2436 1797/2183/2434
f 1795/2177/2429 1801/2178/2431 1800/230/247
f 1610/1981/2207 1617/1984/2212 1801/2178/2431
f 1806/2022/2261 1650/99/109 1643/101/111
f 1818/209/220 1814/203/222 1787/2161/2438
f 1664/2186/2440 1663/191/199 1665/190/198
f 1666/2157/2400 1808/2927/3178 1663/192/200
f 1665/190/198 1816/201/209 1789/2159/2402
f 1814/203/214 1808/2927/3179 1666/2157/2407
f 1810/2090/2335 1684/2168/2417 1675/2021/2260
f 1811/2187/2441 1770/2147/2391 1771/2149/2393
f 1770/2188/2442 1811/2152/2396 1813/2154/2396
f 1790/2160/2404 1812/2151/2395 1771/2149/2393
f 1815/2189/2443 1772/2156/2405 1813/2154/2408
f 1819/2175/2444 1815/2189/3231 1788/2162/2414
f 1650/99/109 1806/2022/2261 1789/2159/2445
f 1810/2090/2335 1790/2160/2418 1817/2158/2416
f 1793/2190/2449 1820/2169/2419 1823/2170/2420
f 1792/2191/2450 1821/2171/2421 1822/2173/2423
f 1818/209/2451 1802/2185/3228 1821/2174/2424
f 1803/2167/2427 1820/2938/3229 1793/2176/2426
f 1787/2161/2438 1815/2189/3231 1819/2175/2444
f 856/894/2452 673/896/2452 674/676/2452
f 312/460/2452 855/1115/2452 856/894/2452
f 313/462/2452 1037/1113/2452 855/1115/2452
f 1036/1332/2452 1037/1113/2452 313/462/2452
f 136/237/2452 1245/1330/2452 1036/1332/2452
f 1244/1554/2452 1245/1330/2452 136/237/2452
f 1799/2182/2452 1434/1552/2452 1244/1554/2452
f 1433/1773/2452 1434/1552/2452 1799/2182/2452
f 1615/1988/2453 1432/1771/3232 1433/1773/2452
f 2252/2638/2868 2222/2697/2868 2376/2639/2869
f 2253/2640/2869 2376/2639/2869 2377/2641/2870
f 2254/2642/2870 2377/2641/2870 2378/2643/2871
f 2255/2644/2871 2378/2643/2871 2379/2645/2872
f 2256/2646/2872 2379/2645/2872 2380/2647/2873
f 2257/2648/2873 2380/2647/2873 2381/2649/2874
f 2259/2651/2875 2258/2650/2874 2381/2649/2874
f 2259/2651/2875 2382/2652/2876 2383/2653/2877
f 2260/2654/2878 2383/2653/2877 2384/2655/2879
f 2261/2656/2879 2384/2655/2879 2385/2657/2880
f 2262/2658/2881 2385/2657/2880 2386/2659/2882
f 2263/2660/2883 2386/2659/2882 2387/2661/2884
f 2265/2663/2885 2264/2662/2884 2387/2661/2884
f 2266/2665/2886 2265/2663/2885 2388/2664/2885
f 2267/2667/2887 2266/2665/2886 2389/2666/2886
f 2268/2669/2888 2267/2667/2887 2390/2668/2887
f 2268/2669/2888 2391/2670/2888 2392/2671/2889
f 2270/2673/2890 2269/2672/2889 2392/2671/2889
f 2271/2675/2891 2270/2673/2890 2393/2674/2890
f 2272/2677/2892 2271/2675/2891 2394/2676/2891
f 2273/2679/2893 2272/2677/2892 2395/2678/2892
f 2274/2681/2894 2273/2679/2893 2396/2680/2893
f 2275/2683/2896 2274/2681/2894 2397/2682/2895
f 2276/2685/2897 2275/2683/2896 2398/2684/2896
f 2277/2687/2898 2276/2685/2897 2399/2686/2897
f 2278/2689/2899 2277/2687/2898 2400/2688/2898
f 2279/2691/2900 2278/2689/2899 2401/2690/2899
f 2280/2693/2901 2279/2691/2900 2402/2692/2900
f 2281/2695/2902 2280/2693/2901 2403/2694/2901
f 2281/2695/2902 2251/2696/2903 2222/2697/2868
f 2375/2698/2452 2315/2954/2452 2316/2699/2452
f 2316/2699/2452 2317/2955/2452 2224/2701/2452
f 2224/2701/2452 2317/2955/2452 2318/2702/2452
f 2225/2703/2452 2318/2702/2452 2319/2704/2452
f 2319/2704/2452 2320/2956/2452 2227/2706/2452
f 2227/2706/2452 2320/2956/2452 2321/2707/2452
f 2321/2707/2452 2322/2957/2452 2229/2709/2452
f 2229/2709/2452 2322/2957/2452 2323/2710/2452
f 2230/2711/2452 2323/2710/2452 2324/2712/2452
f 2324/2712/2452 2325/2958/2452 2232/2714/2452
f 2232/2714/2452 2325/2958/2452 2326/2715/2452
f 2326/2715/2452 2327/2718/2452 2234/2717/2452
f 2327/2718/2452 2328/2959/2452 2235/2719/2452
f 2235/2719/2452 2328/2959/2452 2329/2720/2452
f 2329/2720/2452 2330/2960/2452 2237/2722/2452
f 2237/2722/2452 2330/2960/2452 2331/2723/2452
f 2331/2723/2452 2332/2961/2452 2239/2725/2452
f 2239/2725/2452 2332/2961/2452 2333/2726/2452
f 2333/2726/2452 2334/2729/2452 2241/2728/2452
f 2334/2729/2452 2335/2731/2452 2242/2730/2452
f 2335/2731/2452 2336/2962/2452 2243/2732/2452
f 2243/2732/2452 2336/2962/2452 2337/2733/2452
f 2337/2733/2452 2338/2736/2452 2245/2735/2452
f 2338/2736/2452 2339/2963/2452 2246/2737/2452
f 2246/2737/2452 2339/2963/2452 2340/2738/2452
f 2247/2739/2452 2340/2738/2452 2341/2740/2452
f 2248/2741/2452 2341/2740/2452 2342/2742/2452
f 2342/2742/2452 2343/2964/2452 2250/2744/2452
f 2250/2744/2452 2343/2964/2452 2344/2745/2452
f 2344/2745/2452 2315/2954/2452 2375/2698/2452
s 0
f 2285/2747/3239 2406/2751/3240 2282/2748/3241
f 2285/2747/3242 2286/2753/3243 2407/2750/3244
f 2287/2752/3245 2408/2755/3246 2407/2750/3247
f 2288/2754/3248 2409/2757/3249 2408/2755/3250
f 2289/2756/3251 2410/2759/3252 2409/2757/3253
f 2289/2756/3254 2290/2760/3255 2411/2758/3256
f 2290/2760/3257 2291/2763/3258 2412/2761/3259
f 2292/2762/3260 2413/2765/3261 2412/2761/3262
f 2293/2764/3263 2414/2767/3264 2413/2765/3265
f 2294/2766/3266 2415/2769/3267 2414/2767/3268
f 2294/2766/3269 2295/2770/3270 2416/2768/3271
f 2295/2770/3272 2296/2772/3273 2417/2771/3274
f 2296/2772/3275 2297/2775/3276 2418/2773/3277
f 2298/2774/3278 2419/2777/3279 2418/2773/3280
f 2298/2774/3281 2299/2779/3282 2420/2776/3283
f 2300/2778/3284 2421/2781/3285 2420/2776/3286
f 2301/2780/3287 2422/2783/3288 2421/2781/3289
f 2302/2782/3290 2423/2785/3291 2422/2783/3292
f 2303/2784/3293 2424/2787/3294 2423/2785/3295
f 2303/2784/3296 2304/2788/3297 2425/2786/3298
f 2304/2788/3299 2305/2791/3300 2426/2789/3301
f 2306/2790/3302 2427/2793/3303 2426/2789/3304
f 2306/2790/3305 2307/2794/3306 2428/2792/3307
f 2307/2794/3308 2308/2797/3309 2429/2795/3310
f 2309/2796/3311 2430/2799/3312 2429/2795/3313
f 2310/2798/3314 2431/2801/3315 2430/2799/3316
f 2310/2798/3317 2311/2802/3318 2432/2800/3319
f 2311/2802/3320 2312/2804/3321 2433/2803/3322
f 2312/2804/3323 2313/2806/3324 2283/2805/3325
f 2313/2806/3326 2284/2749/3327 2282/2748/3328
s 1
f 2434/2808/2994 2435/2811/2997 2316/2809/2995
f 2435/2811/2997 2436/2813/2999 2317/2812/2998
f 2436/2813/2999 2437/2921/3169 2318/2814/3000
f 2318/2814/3000 2437/2921/3169 2438/2815/3001
f 2438/2815/3001 2439/2922/3170 2320/2817/3003
f 2320/2817/3003 2439/2922/3170 2440/2818/3004
f 2321/2819/3005 2440/2818/3004 2441/2820/3006
f 2322/2821/3007 2441/2820/3006 2442/2822/3008
f 2442/2822/3008 2443/2825/3011 2324/2824/3010
f 2443/2825/3011 2444/2923/3171 2325/2826/3012
f 2325/2826/3012 2444/2923/3171 2445/2827/3013
f 2445/2827/3013 2446/2924/3172 2327/2829/3015
f 2327/2829/3015 2446/2924/3172 2447/2830/3016
f 2328/2831/3017 2447/2830/3016 2448/2832/3018
f 2329/2833/3019 2448/2832/3018 2449/2834/3020
f 2330/2835/3021 2449/2834/3020 2450/2836/3022
f 2331/2837/3023 2450/2836/3022 2451/2838/3024
f 2451/2838/3024 2452/2841/3027 2333/2840/3026
f 2452/2841/3027 2453/2843/3029 2334/2842/3028
f 2453/2843/3029 2454/2845/3031 2335/2844/3030
f 2454/2845/3031 2455/2925/3173 2336/2846/3032
f 2336/2846/3032 2455/2925/3173 2456/2847/3033
f 2337/2848/3034 2456/2847/3033 2457/2849/3035
f 2338/2850/3036 2457/2849/3035 2458/2851/3037
f 2339/2852/3038 2458/2851/3037 2459/2853/3039
f 2340/2854/3040 2459/2853/3039 2460/2855/3041
f 2341/2856/3042 2460/2855/3041 2461/2857/3043
f 2342/2858/3044 2461/2857/3043 2462/2859/3045
f 2462/2859/3045 2463/2862/3048 2344/2861/3047
f 2463/2862/3048 2434/2808/2994 2315/2810/2996
f 2346/2863/3049 2345/2889/3078 2282/2748/2452
f 2347/2864/3050 2346/2863/3049 2406/2751/2452
f 2348/2865/3051 2347/2864/3050 2407/2750/2452
f 2349/2866/3052 2348/2865/3051 2408/2755/2452
f 2350/2867/3053 2349/2866/3052 2409/2757/2452
f 2351/2868/3054 2350/2867/3053 2410/2759/2452
f 2351/2868/3054 2411/2758/2452 2412/2761/2452
f 2352/2869/3055 2412/2761/2452 2413/2765/2452
f 2354/2870/3057 2353/2822/3056 2413/2765/2452
f 2354/2870/3057 2414/2767/2452 2415/2769/2452
f 2355/2871/3058 2415/2769/2452 2416/2768/2452
f 2356/2872/3059 2416/2768/2452 2417/2771/2452
f 2357/2873/3060 2417/2771/2452 2418/2773/2452
f 2358/2874/3061 2418/2773/2452 2419/2777/2452
f 2359/2875/3062 2419/2777/2452 2420/2776/2452
f 2360/2876/3063 2420/2776/2452 2421/2781/2452
f 2361/2877/3064 2421/2781/2452 2422/2783/2452
f 2363/2879/3066 2362/2878/3065 2422/2783/2452
f 2364/2880/3067 2363/2879/3066 2423/2785/2452
f 2364/2880/3067 2424/2787/2452 2425/2786/2452
f 2365/2881/3068 2425/2786/2452 2426/2789/2452
f 2366/2882/3069 2426/2789/2452 2427/2793/2452
f 2368/2883/3071 2367/2847/3070 2427/2793/2452
f 2369/2884/3072 2368/2883/3071 2428/2792/2452
f 2370/2885/3073 2369/2884/3072 2429/2795/2452
f 2371/2886/3074 2370/2885/3073 2430/2799/2452
f 2371/2886/3074 2431/2801/2452 2432/2800/2452
f 2372/2887/3075 2432/2800/2452 2433/2803/2452
f 2374/2862/3077 2373/2888/3076 2433/2803/2452
f 2345/2889/3078 2374/2862/3077 2283/2805/2452
s 0
f 2375/2698/3329 2223/2700/3330 2376/2639/3331
f 2223/2700/3332 2224/2701/3333 2377/2641/3334
f 2224/2701/3335 2225/2703/3336 2378/2643/3337
f 2378/2643/3338 2225/2703/3339 2226/2705/3340
f 2379/2645/3341 2226/2705/3342 2227/2706/3343
f 2380/2647/3344 2227/2706/3345 2228/2708/3346
f 2381/2649/3347 2228/2708/3348 2229/2709/3349
f 2229/2709/3350 2230/2711/3351 2383/2653/3352
f 2230/2711/3353 2231/2713/3354 2384/2655/3355
f 2231/2713/3356 2232/2714/3357 2385/2657/3358
f 2232/2714/3359 2233/2716/3360 2386/2659/3361
f 2233/2716/3362 2234/2717/3363 2387/2661/3364
f 2387/2661/3365 2234/2717/3366 2235/2719/3367
f 2388/2664/3368 2235/2719/3369 2236/2721/3370
f 2389/2666/3371 2236/2721/3372 2237/2722/3373
f 2237/2722/3374 2238/2724/3375 2391/2670/3376
f 2238/2724/3377 2239/2725/3378 2392/2671/3379
f 2239/2725/3380 2240/2727/3381 2393/2674/3382
f 2393/2674/3383 2240/2727/3384 2241/2728/3385
f 2394/2676/3386 2241/2728/3387 2242/2730/3388
f 2242/2730/3389 2243/2732/3390 2396/2680/3391
f 2396/2680/3392 2243/2732/3393 2244/2734/3394
f 2244/2734/3395 2245/2735/3396 2398/2684/3397
f 2245/2735/3398 2246/2737/3399 2399/2686/3400
f 2399/2686/3401 2246/2737/3402 2247/2739/3403
f 2247/2739/3404 2248/2741/3405 2401/2690/3406
f 2248/2741/3407 2249/2743/3408 2402/2692/3409
f 2402/2692/3410 2249/2743/3411 2250/2744/3412
f 2403/2694/3413 2250/2744/3414 2404/2746/3415
f 2251/2696/3416 2404/2746/3417 2375/2698/3418
s 1
f 2346/2863/3049 2435/2811/2997 2434/2808/2994
f 2347/2864/3050 2436/2813/2999 2435/2811/2997
f 2348/2865/3051 2437/2921/3169 2436/2813/2999
f 2349/2866/3052 2438/2815/3001 2437/2921/3169
f 2350/2867/3053 2439/2922/3170 2438/2815/3001
f 2351/2868/3054 2440/2818/3004 2439/2922/3170
f 2352/2869/3055 2441/2820/3006 2440/2818/3004
f 2442/2822/3008 2441/2820/3006 2352/2869/3055
f 2443/2825/3011 2442/2822/3008 2353/2822/3056
f 2444/2923/3171 2443/2825/3011 2354/2870/3057
f 2445/2827/3013 2444/2923/3171 2355/2871/3058
f 2446/2924/3172 2445/2827/3013 2356/2872/3059
f 2447/2830/3016 2446/2924/3172 2357/2873/3060
f 2448/2832/3018 2447/2830/3016 2358/2874/3061
f 2449/2834/3020 2448/2832/3018 2359/2875/3062
f 2450/2836/3022 2449/2834/3020 2360/2876/3063
f 2451/2838/3024 2450/2836/3022 2361/2877/3064
f 2363/2879/3066 2452/2841/3027 2451/2838/3024
f 2364/2880/3067 2453/2843/3029 2452/2841/3027
f 2365/2881/3068 2454/2845/3031 2453/2843/3029
f 2366/2882/3069 2455/2925/3173 2454/2845/3031
f 2367/2847/3070 2456/2847/3033 2455/2925/3173
f 2368/2883/3071 2457/2849/3035 2456/2847/3033
f 2458/2851/3037 2457/2849/3035 2368/2883/3071
f 2459/2853/3039 2458/2851/3037 2369/2884/3072
f 2460/2855/3041 2459/2853/3039 2370/2885/3073
f 2461/2857/3043 2460/2855/3041 2371/2886/3074
f 2462/2859/3045 2461/2857/3043 2372/2887/3075
f 2374/2862/3077 2463/2862/3048 2462/2859/3045
f 2345/2889/3078 2434/2808/2994 2463/2862/3048
usemtl car_tire
f 1825/2193/2454 1875/2194/2455 1831/2195/2456
f 1826/2196/2457 1825/2193/2454 1831/2195/2456
f 1842/2197/2458 1831/2195/2456 1832/2198/2459
f 1827/2199/2460 1842/2197/2458 1832/2198/2459
f 1881/2200/2461 1839/2201/2462 1824/2202/2463
f 1839/2201/2462 1841/2203/2464 1824/2202/2463
f 1884/2204/2465 1828/2205/2466 1883/2206/2467
f 1833/2207/2468 1829/2208/2469 1828/2205/2466
f 1834/2209/2470 1830/2210/2471 1829/2208/2469
f 1828/2205/2466 284/2211/2472 1883/2206/2467
f 1828/2205/2466 2155/2212/2473 2154/2213/2474
f 1830/2210/2471 2155/2212/2473 1829/2208/2469
f 1881/2200/2461 1831/2195/2456 1875/2194/2455
f 1825/2193/2454 1885/2214/2475 1882/2215/2476
f 1837/2216/2477 1825/2193/2454 1826/2196/2457
f 1831/2195/2456 1841/2203/2464 1832/2198/2459
f 1838/2217/2478 1826/2196/2457 1842/2197/2458
f 1833/2207/2468 1885/2214/2475 1836/2218/2479
f 1837/2216/2477 1833/2207/2468 1836/2218/2479
f 1838/2217/2478 1834/2209/2470 1837/2216/2477
f 2157/2219/2480 1880/2220/2481 209/2221/2482
f 2158/2222/2483 1839/2223/2462 2157/2219/2480
f 1827/2199/2460 1846/2224/2484 1843/2225/2485
f 2122/2226/2486 1843/2225/2485 1846/2224/2484
f 1840/2227/2487 2121/2228/2488 1841/2203/2464
f 1830/2210/2471 1847/2229/2489 1844/2230/2490
f 1844/2230/2490 1848/2231/2491 1845/2232/2492
f 1848/2231/2491 2123/2233/2493 1845/2232/2492
f 1830/2210/2471 47/2234/2494 2156/2235/2495
f 1845/2232/2492 47/2234/2494 1844/2230/2490
f 1845/2232/2492 2215/2236/2496 2159/2237/2497
f 1849/2238/2498 1842/2197/2458 1827/2199/2460
f 1832/2198/2459 2121/2228/2488 1846/2224/2484
f 1850/2239/2499 1827/2199/2460 1843/2225/2485
f 2122/2226/2486 1850/2239/2499 1843/2225/2485
f 1847/2229/2489 1838/2217/2478 1849/2238/2498
f 1848/2231/2491 1849/2238/2498 1850/2239/2499
f 2125/2240/2500 1848/2231/2491 1850/2239/2499
f 2160/2241/2501 1840/2242/2487 2158/2243/2483
f 1915/2244/2502 1860/2245/2503 1854/2246/2504
f 1855/2247/2505 1854/2246/2504 1860/2245/2503
f 1871/2248/2506 1860/2245/2503 1861/2249/2507
f 1856/2250/2508 1871/2248/2506 1861/2249/2507
f 1913/2251/2509 1853/2252/2510 1914/2253/2511
f 1868/2254/2512 1870/2255/2513 1853/2252/2510
f 1916/2256/2514 1857/2257/2515 1852/2258/2516
f 1862/2259/2517 1858/2260/2518 1857/2257/2515
f 1858/2260/2518 1864/2261/2519 1859/2262/2520
f 1857/2257/2515 2170/2263/2521 1852/2258/2516
f 1858/2260/2518 2161/2264/2522 1857/2257/2515
f 1858/2260/2518 2162/2265/2523 167/2266/2524
f 1908/2267/2525 1853/2252/2510 1860/2245/2503
f 1865/2268/2526 1915/2244/2502 1854/2246/2504
f 1866/2269/2527 1854/2246/2504 1855/2247/2505
f 1853/2252/2510 1861/2249/2507 1860/2245/2503
f 1871/2248/2506 1866/2269/2527 1855/2247/2505
f 1862/2259/2517 1917/2270/2528 1865/2268/2526
f 1866/2269/2527 1862/2259/2517 1865/2268/2526
f 1864/2261/2519 1866/2269/2527 1867/2271/2529
f 2163/2272/2530 1913/2273/2509 388/2274/2531
f 179/2275/2532 1868/2276/2512 2163/2272/2530
f 1872/2277/2533 1861/2249/2507 1875/2194/2455
f 1882/2215/2476 1872/2277/2533 1875/2194/2455
f 1870/2255/2513 1880/2278/2481 1881/2200/2461
f 1859/2262/2520 1876/2279/2534 1873/2280/2535
f 1876/2279/2534 1874/2281/2536 1873/2280/2535
f 1874/2281/2536 1884/2204/2465 1883/2206/2467
f 1873/2280/2535 2162/2265/2523 1859/2262/2520
f 1874/2281/2536 2164/2282/2537 1873/2280/2535
f 1883/2206/2467 2165/2283/2538 1874/2281/2536
f 1856/2250/2508 1867/2271/2529 1871/2248/2506
f 1861/2249/2507 1881/2200/2461 1875/2194/2455
f 1872/2277/2533 1878/2284/2539 1856/2250/2508
f 1882/2215/2476 1879/2285/2540 1872/2277/2533
f 1876/2279/2534 1867/2271/2529 1878/2284/2539
f 1877/2286/2541 1878/2284/2539 1879/2285/2540
f 1885/2214/2475 1877/2286/2541 1879/2285/2540
f 179/2275/2532 1880/2220/2481 1869/2287/2542
f 1947/2288/2543 1893/2289/2544 1887/2290/2545
f 1888/2291/2546 1887/2290/2545 1893/2289/2544
f 1904/2292/2547 1893/2289/2544 1894/2293/2548
f 1889/2294/2549 1904/2292/2547 1894/2293/2548
f 1945/2295/2550 1886/2296/2551 1946/2297/2552
f 1901/2298/2553 1903/2299/2554 1886/2296/2551
f 1949/2300/2555 1890/2301/2556 1948/2302/2557
f 1895/2303/2558 1891/2304/2559 1890/2301/2556
f 1891/2304/2559 1897/2305/2560 1892/2306/2561
f 1890/2301/2556 2177/2307/2562 1948/2302/2557
f 1890/2301/2556 346/2308/2563 345/2309/2564
f 1891/2304/2559 2166/2310/2565 346/2308/2563
f 1940/2311/2566 1886/2296/2551 1893/2289/2544
f 1898/2312/2567 1947/2288/2543 1887/2290/2545
f 1899/2313/2568 1887/2290/2545 1888/2291/2546
f 1886/2296/2551 1894/2293/2548 1893/2289/2544
f 1904/2292/2547 1899/2313/2568 1888/2291/2546
f 1898/2312/2567 1949/2300/2555 1950/2314/2569
f 1899/2313/2568 1895/2303/2558 1898/2312/2567
f 1900/2315/2570 1896/2316/2571 1899/2313/2568
f 2167/2317/2572 1945/2318/2550 2176/2319/2573
f 2167/2317/2572 1902/2320/2574 1901/2321/2553
f 1889/2294/2549 1908/2267/2525 1905/2322/2575
f 1915/2244/2502 1905/2322/2575 1908/2267/2525
f 1902/2323/2574 1914/2253/2511 1903/2299/2554
f 1892/2306/2561 1909/2324/2576 1906/2325/2577
f 1909/2324/2576 1907/2326/2578 1906/2325/2577
f 1910/2327/2579 1852/2258/2516 1907/2326/2578
f 1906/2325/2577 2166/2310/2565 1892/2306/2561
f 1907/2326/2578 2169/2328/2580 1906/2325/2577
f 1852/2258/2516 381/2329/2581 1907/2326/2578
f 1889/2294/2549 1900/2315/2570 1904/2292/2547
f 1894/2293/2548 1914/2253/2511 1908/2267/2525
f 1912/2330/2582 1889/2294/2549 1905/2322/2575
f 1917/2270/2528 1905/2322/2575 1915/2244/2502
f 1909/2324/2576 1900/2315/2570 1911/2331/2583
f 1910/2327/2579 1911/2331/2583 1912/2330/2582
f 1917/2270/2528 1910/2327/2579 1912/2330/2582
f 2168/2332/2584 1913/2273/2509 1902/2320/2574
f 1919/2333/2585 1973/2334/2586 1925/2335/2587
f 1920/2336/2588 1919/2333/2585 1925/2335/2587
f 1920/2336/2588 1926/2337/2589 1936/2338/2590
f 1921/2339/2591 1936/2338/2590 1926/2337/2589
f 1979/2340/2592 1933/2341/2593 1918/2342/2594
f 1918/2342/2594 1934/2343/2595 1935/2344/2596
f 1981/2345/2597 1927/2346/2598 1922/2347/2599
f 1922/2347/2599 1928/2348/2600 1923/2349/2601
f 1928/2348/2600 1924/2350/2602 1923/2349/2601
f 1981/2345/2597 2171/2351/2603 2184/2352/2604
f 1922/2347/2599 2172/2353/2605 2171/2351/2603
f 1923/2349/2601 2173/2354/2606 2172/2353/2605
f 1979/2340/2592 1925/2335/2587 1973/2334/2586
f 1919/2333/2585 1983/2355/2607 1980/2356/2608
f 1931/2357/2609 1919/2333/2585 1920/2336/2588
f 1925/2335/2587 1935/2344/2596 1926/2337/2589
f 1932/2358/2610 1920/2336/2588 1936/2338/2590
f 1927/2346/2598 1983/2355/2607 1930/2359/2611
f 1931/2357/2609 1927/2346/2598 1930/2359/2611
f 1932/2358/2610 1928/2348/2600 1931/2357/2609
f 2174/2360/2612 1978/2361/2613 2183/2362/2614
f 536/2363/2615 1933/2364/2593 2174/2360/2612
f 1937/2365/2616 1926/2337/2589 1940/2311/2566
f 1947/2288/2543 1937/2365/2616 1940/2311/2566
f 1934/2343/2595 1946/2297/2552 1935/2344/2596
f 1924/2350/2602 1941/2366/2617 1938/2367/2618
f 1938/2367/2618 1942/2368/2619 1939/2369/2620
f 1939/2369/2620 1949/2300/2555 1948/2302/2557
f 1938/2367/2618 2173/2354/2606 1924/2350/2602
f 1939/2369/2620 2175/2370/2621 1938/2367/2618
f 1948/2302/2557 560/2371/2622 1939/2369/2620
f 1943/2372/2623 1936/2338/2590 1921/2339/2591
f 1926/2337/2589 1946/2297/2552 1940/2311/2566
f 1937/2365/2616 1943/2372/2623 1921/2339/2591
f 1947/2288/2543 1944/2373/2624 1937/2365/2616
f 1941/2366/2617 1932/2358/2610 1943/2372/2623
f 1942/2368/2619 1943/2372/2623 1944/2373/2624
f 1949/2300/2555 1944/2373/2624 1950/2314/2569
f 2176/2319/2573 1934/2374/2595 536/2363/2615
f 2013/2375/2625 1958/2376/2626 1952/2377/2627
f 1953/2378/2628 1952/2377/2627 1958/2376/2626
f 1969/2379/2629 1958/2376/2626 1959/2380/2630
f 1954/2381/2631 1969/2379/2629 1959/2380/2630
f 2012/2382/2632 1966/2383/2633 1951/2384/2634
f 1951/2384/2634 1967/2385/2635 1968/2386/2636
f 2015/2387/2637 1955/2388/2638 2014/2389/2639
f 1955/2388/2638 1961/2390/2640 1956/2391/2641
f 1956/2391/2641 1962/2392/2642 1957/2393/2643
f 2014/2389/2639 2178/2394/2644 2192/2395/2645
f 1955/2388/2638 2179/2396/2646 2178/2394/2644
f 1956/2391/2641 707/2397/2647 2179/2396/2646
f 2006/2398/2648 1951/2384/2634 1958/2376/2626
f 1963/2399/2649 2013/2375/2625 1952/2377/2627
f 1964/2400/2650 1952/2377/2627 1953/2378/2628
f 1951/2384/2634 1959/2380/2630 1958/2376/2626
f 1965/2401/2651 1953/2378/2628 1969/2379/2629
f 1963/2399/2649 2015/2387/2637 2016/2402/2652
f 1964/2400/2650 1960/2403/2653 1963/2399/2649
f 1965/2401/2651 1961/2390/2640 1964/2400/2650
f 929/2404/2654 1966/2405/2633 2011/2406/2655
f 2180/2407/2656 1967/2408/2635 1966/2405/2633
f 1954/2381/2631 1973/2334/2586 1970/2409/2657
f 1980/2356/2608 1970/2409/2657 1973/2334/2586
f 1968/2386/2636 1978/2410/2613 1979/2340/2592
f 1962/2392/2642 1971/2411/2658 1957/2393/2643
f 1974/2412/2659 1972/2413/2660 1971/2411/2658
f 1975/2414/2661 1981/2345/2597 1972/2413/2660
f 1971/2411/2658 707/2397/2647 1957/2393/2643
f 1971/2411/2658 742/2415/2662 2182/2416/2663
f 1972/2413/2660 2184/2352/2604 742/2415/2662
f 1976/2417/2664 1969/2379/2629 1954/2381/2631
f 1968/2386/2636 1973/2334/2586 1959/2380/2630
f 1977/2418/2665 1954/2381/2631 1970/2409/2657
f 1980/2356/2608 1977/2418/2665 1970/2409/2657
f 1976/2417/2664 1962/2392/2642 1965/2401/2651
f 1977/2418/2665 1974/2412/2659 1976/2417/2664
f 1983/2355/2607 1975/2414/2661 1977/2418/2665
f 2181/2419/2666 1978/2361/2613 1967/2408/2635
f 2051/2420/2667 1991/2421/2668 1985/2422/2669
f 1986/2423/2670 1985/2422/2669 1991/2421/2668
f 1986/2423/2670 1992/2424/2671 2002/2425/2672
f 1987/2426/2673 2002/2427/2672 1992/2428/2671
f 2050/2429/2674 1999/2430/2675 1984/2431/2676
f 1999/2430/2675 2001/2432/2677 1984/2431/2676
f 2052/2433/2678 1993/2434/2679 1988/2435/2680
f 1993/2434/2679 1989/2436/2681 1988/2435/2680
f 1994/2437/2682 1990/2438/2683 1989/2436/2681
f 2052/2433/2678 2185/2439/2684 1209/2440/2685
f 1988/2435/2680 2186/2441/2686 2185/2439/2684
f 1990/2438/2683 2186/2441/2686 1989/2436/2681
f 2050/2429/2674 1991/2421/2668 2044/2442/2687
f 1996/2443/2688 2051/2420/2667 1985/2422/2669
f 1986/2423/2670 1996/2443/2688 1985/2422/2669
f 1984/2431/2676 1992/2424/2671 1991/2421/2668
f 2002/2425/2672 1997/2444/2689 1986/2423/2670
f 1993/2434/2679 2054/2445/2690 1996/2443/2688
f 1997/2444/2689 1993/2434/2679 1996/2443/2688
f 1998/2446/2691 1994/2437/2682 1997/2444/2689
f 2188/2447/2692 2049/2448/2693 2198/2449/2694
f 2188/2447/2692 2000/2450/2695 1999/2451/2675
f 2003/2452/2696 1992/2428/2671 2006/2398/2648
f 2013/2375/2625 2003/2452/2696 2006/2398/2648
f 2001/2453/2677 2011/2454/2655 2012/2382/2632
f 1990/2455/2683 2007/2456/2697 2004/2457/2698
f 2004/2457/2698 2008/2458/2699 2005/2459/2700
f 2005/2459/2700 2015/2387/2637 2014/2389/2639
f 1990/2455/2683 2190/2460/2701 2187/2461/2702
f 2005/2459/2700 2190/2460/2701 2004/2457/2698
f 2014/2389/2639 2191/2462/2703 2005/2459/2700
f 1987/2426/2673 1998/2463/2691 2002/2427/2672
f 1992/2428/2671 2012/2382/2632 2006/2398/2648
f 2003/2452/2696 2009/2464/2704 1987/2426/2673
f 2016/2402/2652 2003/2452/2696 2013/2375/2625
f 2007/2456/2697 1998/2463/2691 2009/2464/2704
f 2008/2458/2699 2009/2464/2704 2010/2465/2705
f 2016/2402/2652 2008/2458/2699 2010/2465/2705
f 2189/2466/2706 2011/2406/2655 2000/2450/2695
f 2023/2467/2707 2082/2468/2708 2029/2469/2709
f 2024/2470/2710 2023/2467/2707 2029/2469/2709
f 2024/2470/2710 2030/2471/2711 2040/2472/2712
f 2025/2473/2713 2040/2472/2712 2030/2471/2711
f 2087/2474/2714 2022/2475/2715 2017/2476/2716
f 2037/2477/2717 2039/2478/2718 2022/2475/2715
f 2019/2479/2719 2031/2480/2720 2026/2481/2721
f 2026/2481/2721 2032/2482/2722 2027/2483/2723
f 2032/2482/2722 2028/2484/2724 2027/2483/2723
f 2026/2481/2721 1066/2485/2725 2019/2479/2719
f 2027/2483/2723 1092/2486/2726 2026/2481/2721
f 2027/2483/2723 2194/2487/2727 2193/2488/2728
f 2017/2476/2716 2029/2469/2709 2082/2468/2708
f 2023/2467/2707 2021/2489/2729 2018/2490/2730
f 2024/2470/2710 2034/2491/2731 2023/2467/2707
f 2029/2469/2709 2039/2478/2718 2030/2471/2711
f 2040/2472/2712 2035/2492/2732 2024/2470/2710
f 2031/2480/2720 2021/2489/2729 2034/2491/2731
f 2032/2482/2722 2034/2491/2731 2035/2492/2732
f 2033/2493/2733 2035/2492/2732 2036/2494/2734
f 2205/2495/2735 2037/2496/2717 2087/2497/2714
f 2196/2498/2736 2037/2496/2717 2195/2499/2737
f 2025/2473/2713 2044/2442/2687 2041/2500/2738
f 2051/2420/2667 2041/2500/2738 2044/2442/2687
f 2038/2501/2739 2050/2429/2674 2039/2478/2718
f 2028/2484/2724 2045/2502/2740 2042/2503/2741
f 2042/2503/2741 2046/2504/2742 2043/2505/2743
f 2043/2505/2743 2053/2506/2744 2052/2433/2678
f 2028/2484/2724 2197/2507/2745 2194/2487/2727
f 2042/2503/2741 1127/2508/2746 2197/2507/2745
f 2052/2433/2678 1127/2508/2746 2043/2505/2743
f 2025/2473/2713 2036/2494/2734 2040/2472/2712
f 2030/2471/2711 2050/2429/2674 2044/2442/2687
f 2048/2509/2747 2025/2473/2713 2041/2500/2738
f 2054/2445/2690 2041/2500/2738 2051/2420/2667
f 2045/2502/2740 2036/2494/2734 2047/2510/2748
f 2048/2509/2747 2045/2502/2740 2047/2510/2748
f 2054/2445/2690 2046/2504/2742 2048/2509/2747
f 2198/2449/2694 2038/2511/2739 2196/2498/2736
f 2056/2512/2749 2067/2513/2750 2061/2514/2751
f 2062/2515/2752 2061/2514/2751 2067/2513/2750
f 2078/2516/2753 2067/2513/2750 2068/2517/2754
f 2063/2518/2755 2078/2516/2753 2068/2517/2754
f 2055/2519/2756 2075/2520/2757 2060/2521/2758
f 2060/2521/2758 2076/2522/2759 2077/2523/2760
f 2058/2524/2761 2064/2525/2762 2057/2526/2763
f 2069/2527/2764 2065/2528/2765 2064/2525/2762
f 2065/2528/2765 2071/2529/2766 2066/2530/2767
f 2064/2525/2762 2199/2531/2768 2057/2526/2763
f 2064/2525/2762 2200/2532/2769 1307/2533/2770
f 2065/2528/2765 2201/2534/2771 2200/2532/2769
f 2115/2535/2772 2060/2521/2758 2067/2513/2750
f 2072/2536/2773 2056/2512/2749 2061/2514/2751
f 2073/2537/2774 2061/2514/2751 2062/2515/2752
f 2060/2521/2758 2068/2517/2754 2067/2513/2750
f 2078/2516/2753 2073/2537/2774 2062/2515/2752
f 2072/2536/2773 2058/2524/2761 2059/2538/2775
f 2073/2537/2774 2069/2527/2764 2072/2536/2773
f 2074/2539/2776 2070/2540/2777 2073/2537/2774
f 1319/2541/2778 2120/2542/2779 2214/2543/2780
f 2202/2544/2781 2075/2545/2757 1319/2541/2778
f 2079/2546/2782 2068/2517/2754 2082/2468/2708
f 2018/2490/2730 2079/2546/2782 2082/2468/2708
f 2077/2523/2760 2087/2474/2714 2017/2476/2716
f 2066/2530/2767 2083/2547/2783 2080/2548/2784
f 2083/2547/2783 2081/2549/2785 2080/2548/2784
f 2084/2550/2786 2019/2479/2719 2081/2549/2785
f 2066/2530/2767 2203/2551/2787 2201/2534/2771
f 2081/2549/2785 2203/2551/2787 2080/2548/2784
f 2019/2479/2719 2204/2552/2788 2081/2549/2785
f 2063/2518/2755 2074/2539/2776 2078/2516/2753
f 2077/2523/2760 2082/2468/2708 2068/2517/2754
f 2079/2546/2782 2085/2553/2789 2063/2518/2755
f 2018/2490/2730 2086/2554/2790 2079/2546/2782
f 2083/2547/2783 2074/2539/2776 2085/2553/2789
f 2084/2550/2786 2085/2553/2789 2086/2554/2790
f 2021/2489/2729 2084/2550/2786 2086/2554/2790
f 2202/2544/2781 2087/2497/2714 2076/2555/2759
f 2094/2556/2791 2148/2557/2792 2100/2558/2793
f 2095/2559/2794 2094/2556/2791 2100/2558/2793
f 2095/2559/2794 2101/2560/2795 2111/2561/2796
f 2096/2562/2797 2111/2561/2796 2101/2560/2795
f 2153/2563/2798 2093/2564/2799 2088/2565/2800
f 2108/2566/2801 2110/2567/2802 2093/2564/2799
f 2090/2568/2803 2102/2569/2804 2097/2570/2805
f 2097/2570/2805 2103/2571/2806 2098/2572/2807
f 2103/2571/2806 2099/2573/2808 2098/2572/2807
f 2090/2568/2803 2207/2574/2809 2206/2575/2810
f 2097/2570/2805 2208/2576/2811 2207/2574/2809
f 2098/2572/2807 2209/2577/2812 2208/2576/2811
f 2148/2557/2792 2093/2564/2799 2100/2558/2793
f 2094/2556/2791 2092/2578/2813 2089/2579/2814
f 2095/2559/2794 2105/2580/2815 2094/2556/2791
f 2093/2564/2799 2101/2560/2795 2100/2558/2793
f 2107/2581/2816 2095/2559/2794 2111/2561/2796
f 2102/2569/2804 2092/2578/2813 2105/2580/2815
f 2106/2582/2817 2102/2569/2804 2105/2580/2815
f 2107/2581/2816 2103/2571/2806 2106/2582/2817
f 2221/2583/2818 2108/2584/2801 2153/2585/2798
f 2211/2586/2819 2108/2584/2801 2210/2587/2820
f 2096/2562/2797 2115/2535/2772 2112/2588/2821
f 2056/2512/2749 2112/2588/2821 2115/2535/2772
f 2110/2567/2802 2120/2589/2779 2055/2519/2756
f 2104/2590/2822 2113/2591/2823 2099/2573/2808
f 2116/2592/2824 2114/2593/2825 2113/2591/2823
f 2114/2593/2825 2058/2524/2761 2057/2526/2763
f 2113/2591/2823 2209/2577/2812 2099/2573/2808
f 2114/2593/2825 2212/2594/2826 2113/2591/2823
f 2114/2593/2825 2199/2531/2768 2213/2595/2827
f 2118/2596/2828 2111/2561/2796 2096/2562/2797
f 2101/2560/2795 2055/2519/2756 2115/2535/2772
f 2112/2588/2821 2118/2596/2828 2096/2562/2797
f 2056/2512/2749 2119/2597/2829 2112/2588/2821
f 2116/2592/2824 2107/2581/2816 2118/2596/2828
f 2117/2598/2830 2118/2596/2828 2119/2597/2829
f 2058/2524/2761 2119/2597/2829 2059/2538/2775
f 2211/2586/2819 2120/2542/2779 2109/2599/2831
f 2127/2600/2832 1846/2224/2484 2133/2601/2833
f 2128/2602/2834 2127/2600/2832 2133/2601/2833
f 2128/2602/2834 2134/2603/2835 2144/2604/2836
f 2129/2605/2837 2144/2604/2836 2134/2603/2835
f 2121/2228/2488 2141/2606/2838 2126/2607/2839
f 2126/2607/2839 2142/2608/2840 2143/2609/2841
f 2124/2610/2842 2130/2611/2843 2123/2233/2493
f 2135/2612/2844 2131/2613/2845 2130/2611/2843
f 2136/2614/2846 2132/2615/2847 2131/2613/2845
f 2130/2611/2843 2215/2236/2496 2123/2233/2493
f 2131/2613/2845 1673/2616/2848 2130/2611/2843
f 2132/2615/2847 2216/2617/2849 2131/2613/2845
f 2121/2228/2488 2133/2601/2833 1846/2224/2484
f 2127/2600/2832 2125/2240/2500 2122/2226/2486
f 2128/2602/2834 2138/2618/2850 2127/2600/2832
f 2126/2607/2839 2134/2603/2835 2133/2601/2833
f 2140/2619/2851 2128/2602/2834 2144/2604/2836
f 2135/2612/2844 2125/2240/2500 2138/2618/2850
f 2139/2620/2852 2135/2612/2844 2138/2618/2850
f 2140/2619/2851 2136/2614/2846 2139/2620/2852
f 2160/2241/2501 2141/2621/2838 1851/2622/2853
f 2218/2623/2854 2142/2624/2840 2141/2621/2838
f 2145/2625/2855 2134/2603/2835 2148/2557/2792
f 2089/2579/2814 2145/2625/2855 2148/2557/2792
f 2142/2608/2840 2088/2565/2800 2143/2609/2841
f 2132/2615/2847 2149/2626/2856 2146/2627/2857
f 2146/2627/2857 2150/2628/2858 2147/2629/2859
f 2147/2629/2859 2091/2630/2860 2090/2568/2803
f 2146/2627/2857 2217/2631/2861 2132/2615/2847
f 2146/2627/2857 2220/2632/2862 2219/2633/2863
f 2147/2629/2859 2206/2575/2810 2220/2632/2862
f 2151/2634/2864 2144/2604/2836 2129/2605/2837
f 2134/2603/2835 2088/2565/2800 2148/2557/2792
f 2152/2635/2865 2129/2605/2837 2145/2625/2855
f 2092/2578/2813 2145/2625/2855 2089/2579/2814
f 2151/2634/2864 2137/2636/2866 2140/2619/2851
f 2150/2628/2858 2151/2634/2864 2152/2635/2865
f 2092/2578/2813 2150/2628/2858 2152/2635/2865
f 1685/2637/2867 2153/2585/2798 2142/2624/2840
f 1825/2193/2454 1882/2215/2476 1875/2194/2455
f 1842/2197/2458 1826/2196/2457 1831/2195/2456
f 1881/2200/2461 1880/2278/2481 1839/2201/2462
f 1839/2201/2462 1840/2227/2487 1841/2203/2464
f 1884/2204/2465 1833/2207/2468 1828/2205/2466
f 1833/2207/2468 1834/2209/2470 1829/2208/2469
f 1834/2209/2470 1835/2939/3233 1830/2210/2471
f 1828/2205/2466 2154/2213/2474 284/2211/2472
f 1828/2205/2466 1829/2208/2469 2155/2212/2473
f 1830/2210/2471 2156/2235/2495 2155/2212/2473
f 1881/2200/2461 1824/2202/2463 1831/2195/2456
f 1825/2193/2454 1836/2218/2479 1885/2214/2475
f 1837/2216/2477 1836/2218/2479 1825/2193/2454
f 1831/2195/2456 1824/2202/2463 1841/2203/2464
f 1838/2217/2478 1837/2216/2477 1826/2196/2457
f 1833/2207/2468 1884/2204/2465 1885/2214/2475
f 1837/2216/2477 1834/2209/2470 1833/2207/2468
f 1838/2217/2478 1835/2939/3233 1834/2209/2470
f 2157/2219/2480 1839/2223/2462 1880/2220/2481
f 2158/2222/2483 1840/2940/2487 1839/2223/2462
f 1827/2199/2460 1832/2198/2459 1846/2224/2484
f 1840/2227/2487 1851/2941/2853 2121/2228/2488
f 1830/2210/2471 1835/2939/3233 1847/2229/2489
f 1844/2230/2490 1847/2229/2489 1848/2231/2491
f 1848/2231/2491 2124/2610/2842 2123/2233/2493
f 1830/2210/2471 1844/2230/2490 47/2234/2494
f 1845/2232/2492 2159/2237/2497 47/2234/2494
f 1845/2232/2492 2123/2233/2493 2215/2236/2496
f 1849/2238/2498 1838/2217/2478 1842/2197/2458
f 1832/2198/2459 1841/2203/2464 2121/2228/2488
f 1850/2239/2499 1849/2238/2498 1827/2199/2460
f 2122/2226/2486 2125/2240/2500 1850/2239/2499
f 1847/2229/2489 1835/2939/3233 1838/2217/2478
f 1848/2231/2491 1847/2229/2489 1849/2238/2498
f 2125/2240/2500 2124/2610/2842 1848/2231/2491
f 2160/2241/2501 1851/2622/2853 1840/2242/2487
f 1915/2244/2502 1908/2267/2525 1860/2245/2503
f 1871/2248/2506 1855/2247/2505 1860/2245/2503
f 1913/2251/2509 1868/2254/2512 1853/2252/2510
f 1868/2254/2512 1869/2942/2542 1870/2255/2513
f 1916/2256/2514 1862/2259/2517 1857/2257/2515
f 1862/2259/2517 1863/2943/3234 1858/2260/2518
f 1858/2260/2518 1863/2943/3234 1864/2261/2519
f 1857/2257/2515 2161/2264/2522 2170/2263/2521
f 1858/2260/2518 167/2266/2524 2161/2264/2522
f 1858/2260/2518 1859/2262/2520 2162/2265/2523
f 1908/2267/2525 1914/2253/2511 1853/2252/2510
f 1865/2268/2526 1917/2270/2528 1915/2244/2502
f 1866/2269/2527 1865/2268/2526 1854/2246/2504
f 1853/2252/2510 1870/2255/2513 1861/2249/2507
f 1871/2248/2506 1867/2271/2529 1866/2269/2527
f 1862/2259/2517 1916/2256/2514 1917/2270/2528
f 1866/2269/2527 1863/2943/3234 1862/2259/2517
f 1864/2261/2519 1863/2943/3234 1866/2269/2527
f 2163/2272/2530 1868/2276/2512 1913/2273/2509
f 179/2275/2532 1869/2287/2542 1868/2276/2512
f 1872/2277/2533 1856/2250/2508 1861/2249/2507
f 1870/2255/2513 1869/2942/2542 1880/2278/2481
f 1859/2262/2520 1864/2261/2519 1876/2279/2534
f 1876/2279/2534 1877/2286/2541 1874/2281/2536
f 1874/2281/2536 1877/2286/2541 1884/2204/2465
f 1873/2280/2535 2164/2282/2537 2162/2265/2523
f 1874/2281/2536 2165/2283/2538 2164/2282/2537
f 1883/2206/2467 284/2211/2472 2165/2283/2538
f 1856/2250/2508 1878/2284/2539 1867/2271/2529
f 1861/2249/2507 1870/2255/2513 1881/2200/2461
f 1872/2277/2533 1879/2285/2540 1878/2284/2539
f 1882/2215/2476 1885/2214/2475 1879/2285/2540
f 1876/2279/2534 1864/2261/2519 1867/2271/2529
f 1877/2286/2541 1876/2279/2534 1878/2284/2539
f 1885/2214/2475 1884/2204/2465 1877/2286/2541
f 179/2275/2532 209/2221/2482 1880/2220/2481
f 1947/2288/2543 1940/2311/2566 1893/2289/2544
f 1904/2292/2547 1888/2291/2546 1893/2289/2544
f 1945/2295/2550 1901/2298/2553 1886/2296/2551
f 1901/2298/2553 1902/2323/2574 1903/2299/2554
f 1949/2300/2555 1895/2303/2558 1890/2301/2556
f 1895/2303/2558 1896/2316/2571 1891/2304/2559
f 1891/2304/2559 1896/2316/2571 1897/2305/2560
f 1890/2301/2556 345/2309/2564 2177/2307/2562
f 1890/2301/2556 1891/2304/2559 346/2308/2563
f 1891/2304/2559 1892/2306/2561 2166/2310/2565
f 1940/2311/2566 1946/2297/2552 1886/2296/2551
f 1898/2312/2567 1950/2314/2569 1947/2288/2543
f 1899/2313/2568 1898/2312/2567 1887/2290/2545
f 1886/2296/2551 1903/2299/2554 1894/2293/2548
f 1904/2292/2547 1900/2315/2570 1899/2313/2568
f 1898/2312/2567 1895/2303/2558 1949/2300/2555
f 1899/2313/2568 1896/2316/2571 1895/2303/2558
f 1900/2315/2570 1897/2305/2560 1896/2316/2571
f 2167/2317/2572 1901/2321/2553 1945/2318/2550
f 2167/2317/2572 2168/2332/2584 1902/2320/2574
f 1889/2294/2549 1894/2293/2548 1908/2267/2525
f 1902/2323/2574 1913/2251/2509 1914/2253/2511
f 1892/2306/2561 1897/2305/2560 1909/2324/2576
f 1909/2324/2576 1910/2327/2579 1907/2326/2578
f 1910/2327/2579 1916/2256/2514 1852/2258/2516
f 1906/2325/2577 2169/2328/2580 2166/2310/2565
f 1907/2326/2578 381/2329/2581 2169/2328/2580
f 1852/2258/2516 2170/2263/2521 381/2329/2581
f 1889/2294/2549 1911/2331/2583 1900/2315/2570
f 1894/2293/2548 1903/2299/2554 1914/2253/2511
f 1912/2330/2582 1911/2331/2583 1889/2294/2549
f 1917/2270/2528 1912/2330/2582 1905/2322/2575
f 1909/2324/2576 1897/2305/2560 1900/2315/2570
f 1910/2327/2579 1909/2324/2576 1911/2331/2583
f 1917/2270/2528 1916/2256/2514 1910/2327/2579
f 2168/2332/2584 388/2274/2531 1913/2273/2509
f 1919/2333/2585 1980/2356/2608 1973/2334/2586
f 1920/2336/2588 1925/2335/2587 1926/2337/2589
f 1979/2340/2592 1978/2410/2613 1933/2341/2593
f 1918/2342/2594 1933/2341/2593 1934/2343/2595
f 1981/2345/2597 1982/2944/3235 1927/2346/2598
f 1922/2347/2599 1927/2346/2598 1928/2348/2600
f 1928/2348/2600 1929/2945/3236 1924/2350/2602
f 1981/2345/2597 1922/2347/2599 2171/2351/2603
f 1922/2347/2599 1923/2349/2601 2172/2353/2605
f 1923/2349/2601 1924/2350/2602 2173/2354/2606
f 1979/2340/2592 1918/2342/2594 1925/2335/2587
f 1919/2333/2585 1930/2359/2611 1983/2355/2607
f 1931/2357/2609 1930/2359/2611 1919/2333/2585
f 1925/2335/2587 1918/2342/2594 1935/2344/2596
f 1932/2358/2610 1931/2357/2609 1920/2336/2588
f 1927/2346/2598 1982/2944/3235 1983/2355/2607
f 1931/2357/2609 1928/2348/2600 1927/2346/2598
f 1932/2358/2610 1929/2945/3236 1928/2348/2600
f 2174/2360/2612 1933/2364/2593 1978/2361/2613
f 536/2363/2615 1934/2374/2595 1933/2364/2593
f 1937/2365/2616 1921/2339/2591 1926/2337/2589
f 1934/2343/2595 1945/2295/2550 1946/2297/2552
f 1924/2350/2602 1929/2945/3236 1941/2366/2617
f 1938/2367/2618 1941/2366/2617 1942/2368/2619
f 1939/2369/2620 1942/2368/2619 1949/2300/2555
f 1938/2367/2618 2175/2370/2621 2173/2354/2606
f 1939/2369/2620 560/2371/2622 2175/2370/2621
f 1948/2302/2557 2177/2307/2562 560/2371/2622
f 1943/2372/2623 1932/2358/2610 1936/2338/2590
f 1926/2337/2589 1935/2344/2596 1946/2297/2552
f 1937/2365/2616 1944/2373/2624 1943/2372/2623
f 1947/2288/2543 1950/2314/2569 1944/2373/2624
f 1941/2366/2617 1929/2945/3236 1932/2358/2610
f 1942/2368/2619 1941/2366/2617 1943/2372/2623
f 1949/2300/2555 1942/2368/2619 1944/2373/2624
f 2176/2319/2573 1945/2318/2550 1934/2374/2595
f 2013/2375/2625 2006/2398/2648 1958/2376/2626
f 1969/2379/2629 1953/2378/2628 1958/2376/2626
f 2012/2382/2632 2011/2454/2655 1966/2383/2633
f 1951/2384/2634 1966/2383/2633 1967/2385/2635
f 2015/2387/2637 1960/2403/2653 1955/2388/2638
f 1955/2388/2638 1960/2403/2653 1961/2390/2640
f 1956/2391/2641 1961/2390/2640 1962/2392/2642
f 2014/2389/2639 1955/2388/2638 2178/2394/2644
f 1955/2388/2638 1956/2391/2641 2179/2396/2646
f 1956/2391/2641 1957/2393/2643 707/2397/2647
f 2006/2398/2648 2012/2382/2632 1951/2384/2634
f 1963/2399/2649 2016/2402/2652 2013/2375/2625
f 1964/2400/2650 1963/2399/2649 1952/2377/2627
f 1951/2384/2634 1968/2386/2636 1959/2380/2630
f 1965/2401/2651 1964/2400/2650 1953/2378/2628
f 1963/2399/2649 1960/2403/2653 2015/2387/2637
f 1964/2400/2650 1961/2390/2640 1960/2403/2653
f 1965/2401/2651 1962/2392/2642 1961/2390/2640
f 929/2404/2654 2180/2407/2656 1966/2405/2633
f 2180/2407/2656 2181/2419/2666 1967/2408/2635
f 1954/2381/2631 1959/2380/2630 1973/2334/2586
f 1968/2386/2636 1967/2385/2635 1978/2410/2613
f 1962/2392/2642 1974/2412/2659 1971/2411/2658
f 1974/2412/2659 1975/2414/2661 1972/2413/2660
f 1975/2414/2661 1982/2944/3235 1981/2345/2597
f 1971/2411/2658 2182/2416/2663 707/2397/2647
f 1971/2411/2658 1972/2413/2660 742/2415/2662
f 1972/2413/2660 1981/2345/2597 2184/2352/2604
f 1976/2417/2664 1965/2401/2651 1969/2379/2629
f 1968/2386/2636 1979/2340/2592 1973/2334/2586
f 1977/2418/2665 1976/2417/2664 1954/2381/2631
f 1980/2356/2608 1983/2355/2607 1977/2418/2665
f 1976/2417/2664 1974/2412/2659 1962/2392/2642
f 1977/2418/2665 1975/2414/2661 1974/2412/2659
f 1983/2355/2607 1982/2944/3235 1975/2414/2661
f 2181/2419/2666 2183/2362/2614 1978/2361/2613
f 2051/2420/2667 2044/2442/2687 1991/2421/2668
f 1986/2423/2670 1991/2421/2668 1992/2424/2671
f 2050/2429/2674 2049/2946/2693 1999/2430/2675
f 1999/2430/2675 2000/2947/2695 2001/2432/2677
f 2052/2433/2678 2053/2506/2744 1993/2434/2679
f 1993/2434/2679 1994/2437/2682 1989/2436/2681
f 1994/2437/2682 1995/2948/3237 1990/2438/2683
f 2052/2433/2678 1988/2435/2680 2185/2439/2684
f 1988/2435/2680 1989/2436/2681 2186/2441/2686
f 1990/2438/2683 2187/2949/2702 2186/2441/2686
f 2050/2429/2674 1984/2431/2676 1991/2421/2668
f 1996/2443/2688 2054/2445/2690 2051/2420/2667
f 1986/2423/2670 1997/2444/2689 1996/2443/2688
f 1984/2431/2676 2001/2432/2677 1992/2424/2671
f 2002/2425/2672 1998/2446/2691 1997/2444/2689
f 1993/2434/2679 2053/2506/2744 2054/2445/2690
f 1997/2444/2689 1994/2437/2682 1993/2434/2679
f 1998/2446/2691 1995/2948/3237 1994/2437/2682
f 2188/2447/2692 1999/2451/2675 2049/2448/2693
f 2188/2447/2692 2189/2466/2706 2000/2450/2695
f 2003/2452/2696 1987/2426/2673 1992/2428/2671
f 2001/2453/2677 2000/2950/2695 2011/2454/2655
f 1990/2455/2683 1995/2951/3237 2007/2456/2697
f 2004/2457/2698 2007/2456/2697 2008/2458/2699
f 2005/2459/2700 2008/2458/2699 2015/2387/2637
f 1990/2455/2683 2004/2457/2698 2190/2460/2701
f 2005/2459/2700 2191/2462/2703 2190/2460/2701
f 2014/2389/2639 2192/2395/2645 2191/2462/2703
f 1987/2426/2673 2009/2464/2704 1998/2463/2691
f 1992/2428/2671 2001/2453/2677 2012/2382/2632
f 2003/2452/2696 2010/2465/2705 2009/2464/2704
f 2016/2402/2652 2010/2465/2705 2003/2452/2696
f 2007/2456/2697 1995/2951/3237 1998/2463/2691
f 2008/2458/2699 2007/2456/2697 2009/2464/2704
f 2016/2402/2652 2015/2387/2637 2008/2458/2699
f 2189/2466/2706 929/2404/2654 2011/2406/2655
f 2023/2467/2707 2018/2490/2730 2082/2468/2708
f 2024/2470/2710 2029/2469/2709 2030/2471/2711
f 2087/2474/2714 2037/2477/2717 2022/2475/2715
f 2037/2477/2717 2038/2501/2739 2039/2478/2718
f 2019/2479/2719 2020/2952/3238 2031/2480/2720
f 2026/2481/2721 2031/2480/2720 2032/2482/2722
f 2032/2482/2722 2033/2493/2733 2028/2484/2724
f 2026/2481/2721 1092/2486/2726 1066/2485/2725
f 2027/2483/2723 2193/2488/2728 1092/2486/2726
f 2027/2483/2723 2028/2484/2724 2194/2487/2727
f 2017/2476/2716 2022/2475/2715 2029/2469/2709
f 2023/2467/2707 2034/2491/2731 2021/2489/2729
f 2024/2470/2710 2035/2492/2732 2034/2491/2731
f 2029/2469/2709 2022/2475/2715 2039/2478/2718
f 2040/2472/2712 2036/2494/2734 2035/2492/2732
f 2031/2480/2720 2020/2952/3238 2021/2489/2729
f 2032/2482/2722 2031/2480/2720 2034/2491/2731
f 2033/2493/2733 2032/2482/2722 2035/2492/2732
f 2205/2495/2735 2195/2499/2737 2037/2496/2717
f 2196/2498/2736 2038/2511/2739 2037/2496/2717
f 2025/2473/2713 2030/2471/2711 2044/2442/2687
f 2038/2501/2739 2049/2946/2693 2050/2429/2674
f 2028/2484/2724 2033/2493/2733 2045/2502/2740
f 2042/2503/2741 2045/2502/2740 2046/2504/2742
f 2043/2505/2743 2046/2504/2742 2053/2506/2744
f 2028/2484/2724 2042/2503/2741 2197/2507/2745
f 2042/2503/2741 2043/2505/2743 1127/2508/2746
f 2052/2433/2678 1209/2440/2685 1127/2508/2746
f 2025/2473/2713 2047/2510/2748 2036/2494/2734
f 2030/2471/2711 2039/2478/2718 2050/2429/2674
f 2048/2509/2747 2047/2510/2748 2025/2473/2713
f 2054/2445/2690 2048/2509/2747 2041/2500/2738
f 2045/2502/2740 2033/2493/2733 2036/2494/2734
f 2048/2509/2747 2046/2504/2742 2045/2502/2740
f 2054/2445/2690 2053/2506/2744 2046/2504/2742
f 2198/2449/2694 2049/2448/2693 2038/2511/2739
f 2056/2512/2749 2115/2535/2772 2067/2513/2750
f 2078/2516/2753 2062/2515/2752 2067/2513/2750
f 2055/2519/2756 2120/2589/2779 2075/2520/2757
f 2060/2521/2758 2075/2520/2757 2076/2522/2759
f 2058/2524/2761 2069/2527/2764 2064/2525/2762
f 2069/2527/2764 2070/2540/2777 2065/2528/2765
f 2065/2528/2765 2070/2540/2777 2071/2529/2766
f 2064/2525/2762 1307/2533/2770 2199/2531/2768
f 2064/2525/2762 2065/2528/2765 2200/2532/2769
f 2065/2528/2765 2066/2530/2767 2201/2534/2771
f 2115/2535/2772 2055/2519/2756 2060/2521/2758
f 2072/2536/2773 2059/2538/2775 2056/2512/2749
f 2073/2537/2774 2072/2536/2773 2061/2514/2751
f 2060/2521/2758 2077/2523/2760 2068/2517/2754
f 2078/2516/2753 2074/2539/2776 2073/2537/2774
f 2072/2536/2773 2069/2527/2764 2058/2524/2761
f 2073/2537/2774 2070/2540/2777 2069/2527/2764
f 2074/2539/2776 2071/2529/2766 2070/2540/2777
f 1319/2541/2778 2075/2545/2757 2120/2542/2779
f 2202/2544/2781 2076/2555/2759 2075/2545/2757
f 2079/2546/2782 2063/2518/2755 2068/2517/2754
f 2077/2523/2760 2076/2522/2759 2087/2474/2714
f 2066/2530/2767 2071/2529/2766 2083/2547/2783
f 2083/2547/2783 2084/2550/2786 2081/2549/2785
f 2084/2550/2786 2020/2952/3238 2019/2479/2719
f 2066/2530/2767 2080/2548/2784 2203/2551/2787
f 2081/2549/2785 2204/2552/2788 2203/2551/2787
f 2019/2479/2719 1066/2485/2725 2204/2552/2788
f 2063/2518/2755 2085/2553/2789 2074/2539/2776
f 2077/2523/2760 2017/2476/2716 2082/2468/2708
f 2079/2546/2782 2086/2554/2790 2085/2553/2789
f 2018/2490/2730 2021/2489/2729 2086/2554/2790
f 2083/2547/2783 2071/2529/2766 2074/2539/2776
f 2084/2550/2786 2083/2547/2783 2085/2553/2789
f 2021/2489/2729 2020/2952/3238 2084/2550/2786
f 2202/2544/2781 2205/2495/2735 2087/2497/2714
f 2094/2556/2791 2089/2579/2814 2148/2557/2792
f 2095/2559/2794 2100/2558/2793 2101/2560/2795
f 2153/2563/2798 2108/2566/2801 2093/2564/2799
f 2108/2566/2801 2109/2953/2831 2110/2567/2802
f 2090/2568/2803 2091/2630/2860 2102/2569/2804
f 2097/2570/2805 2102/2569/2804 2103/2571/2806
f 2103/2571/2806 2104/2590/2822 2099/2573/2808
f 2090/2568/2803 2097/2570/2805 2207/2574/2809
f 2097/2570/2805 2098/2572/2807 2208/2576/2811
f 2098/2572/2807 2099/2573/2808 2209/2577/2812
f 2148/2557/2792 2088/2565/2800 2093/2564/2799
f 2094/2556/2791 2105/2580/2815 2092/2578/2813
f 2095/2559/2794 2106/2582/2817 2105/2580/2815
f 2093/2564/2799 2110/2567/2802 2101/2560/2795
f 2107/2581/2816 2106/2582/2817 2095/2559/2794
f 2102/2569/2804 2091/2630/2860 2092/2578/2813
f 2106/2582/2817 2103/2571/2806 2102/2569/2804
f 2107/2581/2816 2104/2590/2822 2103/2571/2806
f 2221/2583/2818 2210/2587/2820 2108/2584/2801
f 2211/2586/2819 2109/2599/2831 2108/2584/2801
f 2096/2562/2797 2101/2560/2795 2115/2535/2772
f 2110/2567/2802 2109/2953/2831 2120/2589/2779
f 2104/2590/2822 2116/2592/2824 2113/2591/2823
f 2116/2592/2824 2117/2598/2830 2114/2593/2825
f 2114/2593/2825 2117/2598/2830 2058/2524/2761
f 2113/2591/2823 2212/2594/2826 2209/2577/2812
f 2114/2593/2825 2213/2595/2827 2212/2594/2826
f 2114/2593/2825 2057/2526/2763 2199/2531/2768
f 2118/2596/2828 2107/2581/2816 2111/2561/2796
f 2101/2560/2795 2110/2567/2802 2055/2519/2756
f 2112/2588/2821 2119/2597/2829 2118/2596/2828
f 2056/2512/2749 2059/2538/2775 2119/2597/2829
f 2116/2592/2824 2104/2590/2822 2107/2581/2816
f 2117/2598/2830 2116/2592/2824 2118/2596/2828
f 2058/2524/2761 2117/2598/2830 2119/2597/2829
f 2211/2586/2819 2214/2543/2780 2120/2542/2779
f 2127/2600/2832 2122/2226/2486 1846/2224/2484
f 2128/2602/2834 2133/2601/2833 2134/2603/2835
f 2121/2228/2488 1851/2941/2853 2141/2606/2838
f 2126/2607/2839 2141/2606/2838 2142/2608/2840
f 2124/2610/2842 2135/2612/2844 2130/2611/2843
f 2135/2612/2844 2136/2614/2846 2131/2613/2845
f 2136/2614/2846 2137/2636/2866 2132/2615/2847
f 2130/2611/2843 1673/2616/2848 2215/2236/2496
f 2131/2613/2845 2216/2617/2849 1673/2616/2848
f 2132/2615/2847 2217/2631/2861 2216/2617/2849
f 2121/2228/2488 2126/2607/2839 2133/2601/2833
f 2127/2600/2832 2138/2618/2850 2125/2240/2500
f 2128/2602/2834 2139/2620/2852 2138/2618/2850
f 2126/2607/2839 2143/2609/2841 2134/2603/2835
f 2140/2619/2851 2139/2620/2852 2128/2602/2834
f 2135/2612/2844 2124/2610/2842 2125/2240/2500
f 2139/2620/2852 2136/2614/2846 2135/2612/2844
f 2140/2619/2851 2137/2636/2866 2136/2614/2846
f 2160/2241/2501 2218/2623/2854 2141/2621/2838
f 2218/2623/2854 1685/2637/2867 2142/2624/2840
f 2145/2625/2855 2129/2605/2837 2134/2603/2835
f 2142/2608/2840 2153/2563/2798 2088/2565/2800
f 2132/2615/2847 2137/2636/2866 2149/2626/2856
f 2146/2627/2857 2149/2626/2856 2150/2628/2858
f 2147/2629/2859 2150/2628/2858 2091/2630/2860
f 2146/2627/2857 2219/2633/2863 2217/2631/2861
f 2146/2627/2857 2147/2629/2859 2220/2632/2862
f 2147/2629/2859 2090/2568/2803 2206/2575/2810
f 2151/2634/2864 2140/2619/2851 2144/2604/2836
f 2134/2603/2835 2143/2609/2841 2088/2565/2800
f 2152/2635/2865 2151/2634/2864 2129/2605/2837
f 2092/2578/2813 2152/2635/2865 2145/2625/2855
f 2151/2634/2864 2149/2626/2856 2137/2636/2866
f 2150/2628/2858 2149/2626/2856 2151/2634/2864
f 2092/2578/2813 2091/2630/2860 2150/2628/2858
f 1685/2637/2867 2221/2583/2818 2153/2585/2798
