# Blender 5.0.1
# www.blender.org
mtllib Coche_llanta_TI.mtl
g car_wheel_BL_Malla
v -0.172590 -0.180644 -0.302387
v 0.146258 -0.209465 -0.312204
v 0.146258 -0.175712 -0.332481
v 0.146258 -0.102687 -0.361855
v 0.195466 -0.181639 -0.270698
v 0.195466 -0.152362 -0.288266
v 0.195466 -0.121357 -0.302669
v -0.128546 -0.192588 -0.322342
v -0.128546 -0.121341 -0.355431
v 0.190303 -0.196474 -0.292897
v 0.190303 -0.164813 -0.311879
v 0.190303 -0.131305 -0.327402
v 0.174814 -0.205795 -0.306751
v 0.174814 -0.172688 -0.326656
v 0.174813 -0.137558 -0.342945
v -0.177964 -0.154133 -0.258082
v -0.177964 -0.097089 -0.284548
v -0.172590 -0.113844 -0.333403
v 0.146258 -0.139996 -0.349006
v 0.146258 -0.064295 -0.370598
v 0.195466 -0.089015 -0.313748
v 0.195466 -0.055727 -0.321345
v -0.128546 -0.044762 -0.373003
v 0.190303 -0.096383 -0.339405
v 0.190303 -0.060298 -0.347673
v 0.174814 -0.100934 -0.355519
v 0.174814 -0.063167 -0.364123
v -0.177964 -0.035735 -0.298608
v 0.195466 -0.316122 -0.079291
v -0.172590 -0.323906 -0.138171
v 0.146258 -0.353004 -0.129192
v 0.146258 -0.337577 -0.165382
v 0.146258 -0.295794 -0.232048
v 0.195466 -0.306089 -0.111947
v 0.195466 -0.292610 -0.143378
v 0.195466 -0.276036 -0.173327
v -0.128546 -0.345291 -0.147288
v -0.128546 -0.307083 -0.215923
v 0.190303 -0.331152 -0.121174
v 0.190303 -0.316660 -0.155169
v 0.190303 -0.298624 -0.187411
v 0.174814 -0.346856 -0.126896
v 0.174813 -0.331662 -0.162536
v 0.174813 -0.312788 -0.196365
v -0.177964 -0.276339 -0.117894
v -0.177964 -0.245795 -0.172828
v -0.172590 -0.288009 -0.202527
v 0.146258 -0.318371 -0.199797
v 0.146258 -0.269926 -0.261762
v 0.195466 -0.256464 -0.201189
v 0.195466 -0.233993 -0.226924
v -0.128546 -0.255502 -0.275173
v 0.190303 -0.277393 -0.217643
v 0.190303 -0.253185 -0.245553
v 0.174814 -0.290543 -0.228028
v 0.174814 -0.265143 -0.257212
v -0.177964 -0.204395 -0.220260
v -0.172590 -0.239610 -0.258112
v 0.146258 -0.241078 -0.288584
v 0.195466 -0.208934 -0.250178
v 0.190303 -0.226036 -0.270670
v 0.174813 -0.236763 -0.283505
v -0.172590 -0.343180 0.078899
v 0.146258 -0.361477 0.103296
v 0.146258 -0.370317 0.064942
v 0.146258 -0.375654 -0.013549
v 0.195466 -0.313369 0.089623
v 0.195466 -0.321104 0.056277
v 0.195466 -0.325200 0.022376
v -0.128546 -0.365897 0.084118
v -0.128546 -0.375342 0.006144
v 0.190303 -0.339066 0.096893
v 0.190303 -0.347295 0.060906
v 0.190303 -0.351729 0.024188
v 0.174814 -0.355141 0.101542
v 0.174814 -0.363745 0.063775
v 0.174814 -0.368417 0.025335
v -0.177964 -0.292858 0.067346
v -0.177964 -0.300423 0.004913
v -0.172590 -0.352048 0.005747
v 0.146258 -0.375030 0.025837
v 0.146258 -0.372169 -0.052884
v 0.195466 -0.325638 -0.011747
v 0.195466 -0.322632 -0.045780
v -0.128546 -0.368352 -0.072195
v 0.190303 -0.352368 -0.012694
v 0.190303 -0.349132 -0.049544
v 0.174814 -0.369099 -0.013346
v 0.174814 -0.365632 -0.051880
v -0.177964 -0.294802 -0.057770
v -0.172590 -0.345577 -0.067670
v 0.146258 -0.364534 -0.091504
v 0.190303 -0.342022 -0.085796
v 0.174813 -0.358191 -0.089853
v -0.172590 -0.231289 0.265868
v 0.146258 -0.231709 0.296305
v 0.146258 -0.261423 0.270436
v 0.146258 -0.311923 0.210112
v 0.195466 -0.200850 0.256975
v 0.195466 -0.226585 0.234503
v 0.195466 -0.249898 0.209581
v -0.128546 -0.246566 0.283370
v -0.128546 -0.300084 0.225850
v 0.190303 -0.217363 0.278040
v 0.190303 -0.245214 0.253695
v 0.190303 -0.270292 0.226643
v 0.174813 -0.227649 0.291151
v 0.174814 -0.256833 0.265751
v 0.174814 -0.283127 0.237372
v -0.177964 -0.197269 0.226913
v -0.177964 -0.240160 0.180848
v -0.172590 -0.281406 0.211863
v 0.146258 -0.288245 0.241588
v 0.146259 -0.332103 0.176320
v 0.195466 -0.270457 0.182189
v 0.195466 -0.287928 0.152872
v -0.128546 -0.340434 0.158433
v 0.190303 -0.292519 0.197082
v 0.190303 -0.311501 0.165421
v 0.174814 -0.306373 0.206403
v 0.174814 -0.326317 0.173197
v -0.177964 -0.272501 0.126848
v -0.172590 -0.319282 0.148618
v 0.146258 -0.348765 0.140546
v 0.195466 -0.302330 0.121867
v 0.190303 -0.327063 0.131816
v 0.174814 -0.342606 0.138067
v -0.172590 -0.030829 0.351280
v 0.146258 -0.013308 0.376203
v 0.146258 -0.052506 0.372777
v 0.146258 -0.128814 0.353612
v 0.195466 -0.011467 0.326285
v 0.195466 -0.045500 0.323279
v 0.195466 -0.078952 0.316632
v -0.128546 -0.032907 0.374490
v -0.128546 -0.109970 0.359377
v 0.190303 -0.012453 0.352917
v 0.190303 -0.049206 0.349642
v 0.190303 -0.085457 0.342531
v 0.174814 -0.013007 0.369608
v 0.174814 -0.051502 0.366239
v 0.174814 -0.089476 0.358800
v -0.177964 -0.026242 0.299860
v -0.177964 -0.087950 0.287769
v -0.172590 -0.103146 0.337097
v 0.146258 -0.091126 0.365142
v 0.146258 -0.165043 0.338087
v 0.195466 -0.111609 0.306600
v 0.195466 -0.143098 0.293257
v -0.128546 -0.182231 0.328533
v 0.190303 -0.120835 0.331662
v 0.190303 -0.154831 0.317170
v 0.174814 -0.126557 0.347365
v 0.174814 -0.162158 0.332270
v -0.177964 -0.145817 0.263061
v -0.172590 -0.170980 0.308220
v 0.146258 -0.199419 0.318979
v 0.195466 -0.172949 0.276644
v 0.190303 -0.187130 0.299270
v 0.174813 -0.195986 0.313395
v -0.172590 0.181581 0.302637
v 0.146258 0.210451 0.312433
v 0.146258 0.176698 0.332711
v 0.146258 0.103674 0.362084
v 0.195466 0.182527 0.270966
v 0.195466 0.153250 0.288535
v 0.195466 0.122245 0.302939
v -0.128546 0.193575 0.322572
v -0.128546 0.122279 0.355680
v 0.190303 0.197460 0.293127
v 0.190303 0.165701 0.312148
v 0.190303 0.132194 0.327671
v 0.174814 0.206782 0.306981
v 0.174814 0.173576 0.326925
v 0.174814 0.138446 0.343214
v -0.177964 0.155051 0.258281
v -0.177964 0.097957 0.284769
v -0.172590 0.114732 0.333672
v 0.146258 0.140884 0.349275
v 0.146258 0.065281 0.370827
v 0.195466 0.089904 0.314017
v 0.195466 0.056616 0.321614
v -0.128546 0.045680 0.373203
v 0.190303 0.097271 0.339673
v 0.190303 0.061284 0.347903
v 0.174814 0.101822 0.355787
v 0.174814 0.064153 0.364352
v -0.177964 0.036721 0.298838
v -0.172590 0.042925 0.350120
v 0.146258 0.026079 0.375579
v 0.195466 0.022715 0.325711
v 0.190303 0.024566 0.352338
v 0.174814 0.025714 0.369025
v -0.172590 0.346465 0.067939
v 0.146258 0.365520 0.091735
v 0.195466 0.317011 0.079560
v 0.190303 0.342910 0.086064
v 0.174814 0.359080 0.090123
v -0.172590 0.324756 0.138343
v 0.146258 0.353951 0.129325
v 0.146258 0.338466 0.165651
v 0.146258 0.296683 0.232317
v 0.195466 0.306978 0.112216
v 0.195466 0.293596 0.143608
v 0.195466 0.276983 0.173459
v -0.128546 0.346208 0.147488
v -0.128546 0.308020 0.216172
v 0.190303 0.332001 0.121345
v 0.190303 0.317509 0.155340
v 0.190303 0.299610 0.187640
v 0.174814 0.347744 0.127165
v 0.174813 0.332512 0.162708
v 0.174814 0.313774 0.196595
v -0.177964 0.277277 0.118143
v -0.177964 0.246683 0.173097
v -0.172590 0.288994 0.202757
v 0.146258 0.319357 0.200027
v 0.146258 0.270775 0.261932
v 0.195466 0.257353 0.201458
v 0.195466 0.234881 0.227193
v -0.128546 0.256351 0.275344
v 0.190303 0.278380 0.217873
v 0.190303 0.254034 0.245724
v 0.174814 0.291529 0.228257
v 0.174814 0.266090 0.257344
v -0.177964 0.205332 0.220509
v -0.172590 0.240528 0.258313
v 0.146258 0.241927 0.288755
v 0.195466 0.209822 0.250447
v 0.190303 0.227022 0.270901
v 0.174814 0.237750 0.283735
v -0.172590 0.320249 -0.148438
v 0.146258 0.349614 -0.140374
v 0.195466 0.303277 -0.121735
v 0.190303 0.328010 -0.131684
v 0.174814 0.343553 -0.137936
v -0.172590 0.344167 -0.078669
v 0.146258 0.362463 -0.103066
v 0.146258 0.371206 -0.064673
v 0.146258 0.376542 0.013818
v 0.195466 0.314355 -0.089394
v 0.195466 0.321953 -0.056105
v 0.195466 0.326089 -0.022106
v -0.128546 0.366834 -0.083870
v -0.128546 0.376230 -0.005875
v 0.190303 0.340052 -0.096663
v 0.190303 0.348281 -0.060676
v 0.190303 0.352715 -0.023959
v 0.174814 0.356029 -0.101273
v 0.174814 0.364731 -0.063545
v 0.174813 0.369403 -0.025106
v -0.177964 0.293726 -0.067126
v -0.177964 0.301361 -0.004664
v -0.172590 0.352986 -0.005498
v 0.146258 0.375919 -0.025568
v 0.146258 0.373116 0.053017
v 0.195466 0.326624 0.011977
v 0.195466 0.323618 0.046010
v -0.128546 0.369318 0.072376
v 0.190303 0.353257 0.012962
v 0.190303 0.350021 0.049813
v 0.174814 0.369987 0.013616
v 0.174814 0.366520 0.052148
v -0.177964 0.295768 0.057951
v -0.172590 0.171849 -0.308000
v 0.146258 0.200406 -0.318749
v 0.195466 0.173838 -0.276375
v 0.190303 0.188019 -0.299002
v 0.174814 0.196875 -0.313126
v -0.172590 0.232177 -0.265599
v 0.146258 0.232656 -0.296173
v 0.146258 0.262311 -0.270167
v 0.146258 0.312812 -0.209843
v 0.195466 0.201837 -0.256745
v 0.195466 0.227571 -0.234273
v 0.195466 0.250786 -0.209312
v -0.128546 0.247484 -0.283170
v -0.128546 0.300973 -0.225581
v 0.190303 0.218252 -0.277772
v 0.190303 0.246103 -0.253426
v 0.190303 0.271279 -0.226414
v 0.174814 0.228538 -0.290882
v 0.174814 0.257722 -0.265482
v 0.174813 0.284113 -0.237142
v -0.177964 0.198255 -0.226684
v -0.177964 0.241049 -0.180580
v -0.172590 0.282392 -0.211633
v 0.146258 0.289134 -0.241319
v 0.146259 0.333089 -0.176091
v 0.195466 0.271306 -0.182017
v 0.195466 0.288914 -0.152642
v -0.128546 0.341352 -0.158232
v 0.190303 0.293505 -0.196852
v 0.190303 0.312487 -0.165191
v 0.174814 0.307360 -0.206173
v 0.174814 0.327206 -0.172929
v -0.177964 0.273350 -0.126677
v -0.172590 -0.041939 -0.349890
v 0.146258 -0.025230 -0.375408
v 0.195466 -0.021826 -0.325441
v 0.190303 -0.023580 -0.352107
v 0.174813 -0.024727 -0.368796
v -0.172590 0.031747 -0.351079
v 0.146258 0.014157 -0.376032
v 0.146258 0.053395 -0.372508
v 0.146258 0.129703 -0.353343
v 0.195466 0.012356 -0.326016
v 0.195466 0.046388 -0.323010
v 0.195466 0.079899 -0.316500
v -0.128546 0.033776 -0.374270
v -0.128546 0.110908 -0.359128
v 0.190303 0.013302 -0.352747
v 0.190303 0.050192 -0.349413
v 0.190303 0.086443 -0.342302
v 0.174814 0.013955 -0.369476
v 0.174814 0.052488 -0.366011
v 0.174813 0.090462 -0.358570
v -0.177964 0.027131 -0.299591
v -0.177964 0.088887 -0.287520
v -0.172590 0.104063 -0.336897
v 0.146258 0.092113 -0.364912
v 0.146259 0.165990 -0.337956
v 0.195466 0.112595 -0.306369
v 0.195466 0.143986 -0.292988
v -0.128546 0.183198 -0.328352
v 0.190303 0.121684 -0.331491
v 0.190303 0.155679 -0.316999
v 0.174814 0.127406 -0.347195
v 0.174814 0.163047 -0.332002
v -0.177964 0.146735 -0.262860
v 0.192410 -0.140677 -0.266276
v 0.192410 -0.082218 -0.289792
v 0.192410 -0.051434 -0.296837
v -0.183549 -0.035268 -0.294765
v 0.192410 -0.254898 -0.160024
v -0.183549 -0.272756 -0.116327
v -0.183549 -0.242572 -0.170604
v -0.183549 -0.201768 -0.217399
v 0.192410 -0.192989 -0.231151
v 0.192410 -0.289453 0.082728
v 0.192410 -0.297951 -0.042306
v -0.183549 -0.290985 -0.057034
v 0.192410 -0.209244 0.216624
v -0.183549 -0.194692 0.224002
v -0.183549 -0.237015 0.178504
v 0.192410 -0.249704 0.168275
v 0.192410 -0.265938 0.141187
v 0.192410 -0.041928 0.298559
v 0.192410 -0.072874 0.292494
v 0.192410 -0.132105 0.270891
v 0.192410 0.141565 0.266546
v -0.183549 0.153029 0.254949
v -0.183549 0.096718 0.281121
v 0.192410 0.052323 0.297105
v 0.192410 0.021003 0.300844
v 0.192410 0.292873 0.073481
v 0.192410 0.283559 0.103691
v 0.192410 0.255884 0.160253
v 0.192410 0.237756 0.186059
v 0.192410 0.217003 0.209852
v 0.192410 0.193839 0.231322
v 0.192410 0.280109 -0.112416
v 0.192410 0.290302 -0.082557
v 0.192410 0.297444 -0.051812
v 0.192410 0.301183 -0.020493
v -0.183549 0.289971 -0.066296
v 0.192410 0.301734 0.011086
v 0.192410 0.186436 -0.237148
v 0.192410 0.210230 -0.216395
v 0.192410 0.231661 -0.193328
v -0.183549 0.195678 -0.223773
v 0.192410 0.250690 -0.168046
v 0.192410 0.073861 -0.292266
v -0.183549 0.026815 -0.295716
v -0.183549 0.087730 -0.283761
v 0.192410 0.132994 -0.270621
v 0.148155 -0.171427 -0.200982
v 0.044787 -0.075886 -0.091084
v -0.030025 -0.074807 -0.089815
v 0.142992 -0.169550 -0.201396
v 0.088463 -0.053963 -0.076677
v 0.095049 -0.053727 -0.076374
v 0.195466 -0.167589 -0.249887
v 0.195466 -0.140559 -0.265984
v 0.195466 -0.111959 -0.279306
v 0.197889 -0.165528 -0.246740
v 0.197889 -0.138792 -0.262719
v 0.197889 -0.110543 -0.275785
v 0.192410 -0.167765 -0.250043
v 0.192410 -0.112077 -0.279598
v 0.157744 -0.091118 -0.227493
v 0.100528 -0.045288 -0.093512
v 0.158587 -0.117354 -0.215918
v 0.096103 -0.069796 -0.118862
v 0.105585 -0.055212 -0.125522
v 0.118335 -0.066727 -0.161210
v 0.112434 -0.102401 -0.173096
v 0.129715 -0.137578 -0.191656
v 0.183032 -0.159428 -0.228750
v 0.088200 -0.022590 -0.046119
v 0.098631 -0.042418 -0.086375
v -0.183549 -0.152160 -0.254730
v -0.183549 -0.095829 -0.280853
v -0.172064 -0.090634 -0.265679
v 0.044787 -0.043970 -0.110283
v -0.030026 -0.043341 -0.108719
v 0.055851 -0.045347 -0.113704
v -0.140136 -0.141354 -0.236759
v -0.140137 -0.089050 -0.261035
v 0.129715 -0.141354 -0.236759
v 0.129715 -0.089050 -0.261035
v 0.129715 -0.136171 -0.228111
v 0.129715 -0.085784 -0.251502
v 0.127924 -0.168320 -0.203140
v 0.104848 -0.138788 -0.190147
v 0.104532 -0.109903 -0.208126
v 0.104532 -0.087540 -0.218598
v 0.083036 -0.104257 -0.171782
v 0.071130 -0.089244 -0.148859
v 0.062278 -0.071908 -0.118465
v 0.097788 -0.087969 -0.147101
v 0.071130 -0.064693 -0.161801
v 0.195466 -0.082100 -0.289498
v 0.195466 -0.051355 -0.296641
v 0.197889 -0.081115 -0.285920
v 0.197889 -0.050761 -0.292904
v 0.101792 -0.039795 -0.166819
v 0.114437 -0.044733 -0.200836
v 0.096734 -0.034183 -0.138752
v 0.125290 -0.030864 -0.233558
v 0.158586 -0.064076 -0.237348
v 0.187142 -0.048189 -0.278039
v -0.171958 -0.033378 -0.278772
v -0.140137 -0.032733 -0.273921
v 0.129715 -0.032733 -0.273921
v 0.129715 -0.045360 -0.262254
v 0.104532 -0.064153 -0.226528
v 0.104848 -0.030864 -0.233558
v 0.070813 -0.038019 -0.169464
v 0.148155 -0.167110 -0.204649
v 0.142992 -0.167870 -0.202867
v 0.099579 -0.067871 -0.084996
v 0.100528 -0.064676 -0.081851
v 0.155952 -0.119442 -0.212920
v 0.091361 -0.072006 -0.118426
v 0.092520 -0.072758 -0.123121
v 0.096735 -0.070745 -0.124045
v 0.107482 -0.054831 -0.131354
v 0.107482 -0.050726 -0.133006
v 0.105585 -0.046316 -0.129101
v 0.107588 -0.050891 -0.127488
v 0.118335 -0.062817 -0.162782
v 0.136038 -0.075074 -0.197490
v 0.133403 -0.074654 -0.192775
v 0.133404 -0.078955 -0.191045
v 0.136038 -0.081819 -0.194777
v 0.108009 -0.104080 -0.171626
v 0.110011 -0.107922 -0.174963
v 0.114436 -0.106026 -0.176180
v 0.125290 -0.138789 -0.190147
v 0.187142 -0.157090 -0.234233
v 0.181662 -0.154616 -0.229777
v 0.085881 -0.077913 -0.096970
v 0.089886 -0.076207 -0.095271
v 0.055851 -0.076011 -0.095351
v 0.056589 -0.077579 -0.096423
v 0.129505 -0.168208 -0.205684
v 0.085354 -0.107648 -0.174847
v 0.063437 -0.072758 -0.123121
v 0.101792 -0.086034 -0.148220
v 0.097683 -0.037761 -0.167410
v 0.110011 -0.042620 -0.201231
v 0.108009 -0.042982 -0.196202
v 0.112434 -0.045212 -0.196100
v 0.092520 -0.032091 -0.139479
v 0.091361 -0.029383 -0.135572
v 0.096102 -0.031279 -0.134354
v 0.129715 -0.032782 -0.233809
v 0.155952 -0.060494 -0.236632
v 0.183032 -0.042608 -0.275742
v 0.181662 -0.046888 -0.273111
v 0.085355 -0.042737 -0.200957
v 0.062279 -0.029384 -0.135571
v 0.063437 -0.032091 -0.139479
v 0.186825 -0.131584 -0.249037
v 0.186825 -0.104802 -0.261513
v 0.186826 -0.076840 -0.271057
v 0.088463 -0.041513 -0.084126
v 0.095681 -0.041671 -0.084517
v 0.095049 -0.041356 -0.083735
v 0.107482 -0.052779 -0.132180
v 0.118335 -0.064772 -0.161996
v 0.133403 -0.076805 -0.191910
v 0.137829 -0.078849 -0.196993
v 0.184086 -0.130131 -0.245987
v 0.184086 -0.103544 -0.258385
v 0.184086 -0.075778 -0.267851
v 0.184824 -0.152804 -0.233460
v 0.183980 -0.051115 -0.273455
v 0.063437 -0.053014 -0.132767
v 0.062278 -0.051599 -0.129248
v 0.083458 -0.074603 -0.186436
v 0.082931 -0.043022 -0.196299
v 0.086303 -0.076529 -0.191226
v 0.096418 -0.052688 -0.075202
v 0.096418 -0.026787 -0.087892
v 0.097683 -0.054159 -0.076883
v 0.097683 -0.027612 -0.089945
v -0.172063 -0.143876 -0.240912
v 0.083300 -0.022872 -0.046820
v 0.092414 -0.014400 -0.036769
v 0.088937 -0.018364 -0.022341
v 0.088937 -0.010468 -0.026992
v 0.092204 -0.016422 -0.020055
v 0.092204 -0.009367 -0.024257
v 0.092204 -0.013928 -0.035596
v 0.088726 -0.011293 -0.029046
v 0.088568 -0.030477 -0.043420
v 0.088568 -0.015503 -0.050806
v 0.088726 -0.011687 -0.030023
v 0.098737 -0.055492 -0.078504
v 0.095681 -0.054198 -0.076980
v 0.100528 -0.031309 -0.099134
v 0.098631 -0.028438 -0.091998
v 0.088463 -0.027534 -0.089750
v 0.095681 -0.027691 -0.090141
v 0.095049 -0.027376 -0.089359
v 0.096418 -0.040766 -0.082269
v 0.097683 -0.065723 -0.067233
v 0.097683 -0.041592 -0.084322
v 0.088568 -0.023226 -0.047699
v 0.083300 -0.015149 -0.049926
v 0.083300 -0.029810 -0.042609
v 0.088200 -0.029353 -0.042036
v 0.088200 -0.014868 -0.049225
v 0.088568 -0.036875 -0.038007
v -0.030025 -0.113274 -0.028457
v 0.056589 -0.120493 -0.028053
v 0.088463 -0.088701 -0.030051
v 0.095049 -0.088330 -0.029973
v 0.195466 -0.282397 -0.103305
v 0.195466 -0.270106 -0.132327
v 0.195466 -0.254721 -0.159868
v 0.197889 -0.278813 -0.102022
v 0.197889 -0.266698 -0.130632
v 0.197889 -0.251528 -0.157859
v 0.192410 -0.282671 -0.103422
v 0.192410 -0.270282 -0.132484
v 0.157744 -0.207352 -0.130198
v 0.100528 -0.091574 -0.048771
v 0.158587 -0.221900 -0.105379
v 0.096102 -0.126298 -0.054906
v 0.105585 -0.118459 -0.068734
v 0.118335 -0.148752 -0.090964
v 0.112434 -0.184576 -0.079506
v 0.129715 -0.223894 -0.073912
v 0.183032 -0.263394 -0.091075
v 0.088200 -0.045375 -0.023704
v 0.098631 -0.085149 -0.044654
v -0.172063 -0.229444 -0.161404
v 0.044787 -0.100290 -0.063096
v -0.030026 -0.098899 -0.062180
v 0.055851 -0.103483 -0.065106
v -0.140137 -0.253447 -0.108136
v -0.140137 -0.225398 -0.158545
v 0.129715 -0.253447 -0.108136
v 0.129715 -0.225398 -0.158545
v 0.129715 -0.244194 -0.104192
v 0.129715 -0.217238 -0.152798
v 0.127924 -0.255575 -0.065144
v 0.104848 -0.224008 -0.071936
v 0.104532 -0.211272 -0.103522
v 0.104532 -0.199261 -0.125048
v 0.083037 -0.185355 -0.077489
v 0.071130 -0.159586 -0.067639
v 0.062279 -0.127801 -0.053279
v 0.097788 -0.157647 -0.067055
v 0.071130 -0.147346 -0.092551
v 0.195466 -0.236594 -0.185672
v 0.195466 -0.215840 -0.209466
v 0.197889 -0.233615 -0.183349
v 0.197890 -0.213174 -0.206791
v 0.192410 -0.236770 -0.185829
v 0.192410 -0.216017 -0.209623
v 0.101792 -0.130222 -0.111251
v 0.114436 -0.154220 -0.135898
v 0.096735 -0.109150 -0.091901
v 0.125290 -0.162230 -0.170495
v 0.158586 -0.191275 -0.154042
v 0.187142 -0.202392 -0.196362
v -0.171958 -0.190856 -0.205660
v -0.140137 -0.187464 -0.202027
v 0.129715 -0.187464 -0.202027
v 0.129715 -0.190865 -0.185212
v 0.104532 -0.185036 -0.145308
v 0.104848 -0.162231 -0.170495
v 0.070813 -0.130385 -0.114479
v 0.148155 -0.255422 -0.067022
v 0.142992 -0.255008 -0.065145
v 0.099580 -0.104802 -0.028572
v 0.100528 -0.100457 -0.027935
v 0.155952 -0.221776 -0.101682
v 0.091361 -0.127762 -0.053182
v 0.092520 -0.131173 -0.056580
v 0.096735 -0.130120 -0.058480
v 0.107482 -0.121599 -0.073719
v 0.107482 -0.119160 -0.077540
v 0.105586 -0.113348 -0.076924
v 0.107588 -0.116080 -0.072986
v 0.118335 -0.146528 -0.094470
v 0.136038 -0.176740 -0.115368
v 0.133403 -0.173680 -0.111714
v 0.133403 -0.176119 -0.107894
v 0.136038 -0.180700 -0.109118
v 0.108009 -0.185080 -0.077373
v 0.110011 -0.190149 -0.077832
v 0.114436 -0.189272 -0.079889
v 0.125290 -0.224008 -0.071936
v 0.187142 -0.264715 -0.096902
v 0.181662 -0.260113 -0.094779
v 0.085882 -0.120051 -0.032319
v 0.089886 -0.117664 -0.032030
v 0.055851 -0.117508 -0.032207
v 0.056589 -0.119503 -0.032084
v 0.129505 -0.256968 -0.067195
v 0.085355 -0.189856 -0.077950
v 0.063437 -0.131173 -0.056580
v 0.101792 -0.156732 -0.069014
v 0.097683 -0.128856 -0.112936
v 0.110011 -0.152716 -0.137524
v 0.108009 -0.150144 -0.133107
v 0.112434 -0.151765 -0.131773
v 0.092520 -0.107961 -0.093743
v 0.091361 -0.103457 -0.092147
v 0.096103 -0.104333 -0.090090
v 0.129715 -0.163911 -0.169592
v 0.155952 -0.188030 -0.155575
v 0.183032 -0.196564 -0.197685
v 0.181663 -0.198355 -0.193103
v 0.085355 -0.152696 -0.137192
v 0.062278 -0.103457 -0.092146
v 0.063437 -0.107921 -0.093645
v 0.186826 -0.252871 -0.123927
v 0.186826 -0.238481 -0.149705
v 0.186826 -0.221524 -0.173903
v 0.088463 -0.083033 -0.043348
v 0.095681 -0.083347 -0.043562
v 0.095049 -0.082719 -0.043133
v 0.107482 -0.120350 -0.075697
v 0.118335 -0.147620 -0.092667
v 0.133403 -0.174871 -0.109872
v 0.137829 -0.179553 -0.112760
v 0.184086 -0.249835 -0.122309
v 0.184086 -0.235601 -0.147910
v 0.184086 -0.218761 -0.171834
v 0.184824 -0.260786 -0.098711
v 0.183980 -0.201990 -0.190846
v 0.063437 -0.120899 -0.075931
v 0.062279 -0.117706 -0.073923
v 0.083458 -0.169973 -0.106732
v 0.082931 -0.150183 -0.133205
v 0.086303 -0.174244 -0.109443
v 0.195466 -0.192774 -0.230897
v 0.197889 -0.190361 -0.228006
v 0.085882 -0.081253 -0.094264
v 0.183032 -0.178810 -0.214254
v 0.056589 -0.080822 -0.093755
v 0.098737 -0.067057 -0.068854
v 0.149946 -0.170749 -0.204662
v 0.099579 -0.071270 -0.082151
v 0.100528 -0.068680 -0.078537
v 0.089886 -0.079860 -0.092212
v 0.187142 -0.180712 -0.216441
v 0.055851 -0.080016 -0.092036
v 0.053428 -0.077690 -0.093312
v 0.129505 -0.172005 -0.206088
v 0.129504 -0.172271 -0.202232
v 0.127924 -0.169785 -0.201983
v 0.088463 -0.065528 -0.067028
v 0.095681 -0.065763 -0.067330
v 0.095049 -0.065292 -0.066725
v 0.096418 -0.086802 -0.029565
v 0.096418 -0.073331 -0.055086
v 0.097683 -0.088936 -0.030070
v 0.097683 -0.075270 -0.056238
v -0.172064 -0.257971 -0.110064
v 0.083300 -0.036296 -0.037275
v 0.083300 -0.045995 -0.024116
v 0.092414 -0.033271 -0.021002
v 0.092414 -0.025032 -0.030448
v 0.088937 -0.024318 -0.015402
v 0.092204 -0.024966 -0.006283
v 0.092204 -0.021752 -0.013823
v 0.088199 -0.035806 -0.036714
v 0.092204 -0.036926 -0.009195
v 0.092204 -0.032193 -0.020299
v 0.092204 -0.024267 -0.029393
v 0.088726 -0.020060 -0.024441
v 0.088726 -0.026160 -0.016592
v 0.088568 -0.050130 -0.016888
v 0.088568 -0.042449 -0.031676
v 0.088726 -0.031034 -0.007817
v 0.088726 -0.027061 -0.017140
v 0.098737 -0.091070 -0.030575
v 0.095681 -0.089073 -0.030128
v 0.100528 -0.083636 -0.061504
v 0.098631 -0.077112 -0.057428
v 0.088463 -0.075045 -0.056101
v 0.095681 -0.075408 -0.056296
v 0.095049 -0.074683 -0.055906
v 0.096418 -0.081368 -0.042314
v 0.096418 -0.064213 -0.065455
v 0.097683 -0.083307 -0.043464
v 0.088568 -0.046828 -0.024633
v 0.083300 -0.041548 -0.031130
v 0.083300 -0.049180 -0.016646
v 0.088200 -0.048452 -0.016484
v 0.088200 -0.040940 -0.030750
v 0.088463 -0.089371 0.028142
v 0.095049 -0.088980 0.027984
v 0.195466 -0.289218 0.082747
v 0.195466 -0.296263 0.051963
v 0.195466 -0.300002 0.020645
v 0.197889 -0.285581 0.081625
v 0.197889 -0.292527 0.051369
v 0.197889 -0.296245 0.020383
v 0.192410 -0.296458 0.052042
v 0.192410 -0.300334 0.020664
v 0.157744 -0.244283 0.016859
v 0.100528 -0.102702 0.014764
v 0.158586 -0.241410 0.045458
v 0.096102 -0.134449 0.030147
v 0.105585 -0.136182 0.014262
v 0.118335 -0.173711 0.014139
v 0.112434 -0.196037 0.044471
v 0.129715 -0.224571 0.072076
v 0.183032 -0.266562 0.081471
v 0.088200 -0.050584 0.007769
v 0.098631 -0.095092 0.014201
v -0.183549 -0.289054 0.066497
v -0.183549 -0.296491 0.004808
v -0.172064 -0.280466 0.004553
v 0.044787 -0.118251 0.008298
v -0.030025 -0.116627 0.008100
v 0.055851 -0.121910 0.008520
v -0.140136 -0.268625 0.061801
v -0.140136 -0.275545 0.004504
v 0.129715 -0.268625 0.061801
v 0.129715 -0.275545 0.004503
v 0.129715 -0.258797 0.059551
v 0.129715 -0.265508 0.004328
v 0.127924 -0.245105 0.097826
v 0.104848 -0.223569 0.073718
v 0.104532 -0.231754 0.040665
v 0.104532 -0.234677 0.016174
v 0.083037 -0.195407 0.046602
v 0.071130 -0.168908 0.039351
v 0.062279 -0.134719 0.032300
v 0.097788 -0.166913 0.038662
v 0.071130 -0.173637 0.012064
v 0.195466 -0.300512 -0.010837
v 0.195466 -0.297717 -0.042287
v 0.197890 -0.296736 -0.010767
v 0.197890 -0.293979 -0.041746
v 0.192410 -0.300747 -0.010857
v 0.101792 -0.170731 -0.013182
v 0.114437 -0.204632 -0.018967
v 0.096734 -0.142255 -0.009872
v 0.125290 -0.231425 -0.042376
v 0.158586 -0.245298 -0.011922
v 0.187141 -0.279123 -0.039544
v -0.171958 -0.275257 -0.053932
v -0.140136 -0.270442 -0.052974
v 0.129715 -0.270442 -0.052975
v 0.129715 -0.263270 -0.037403
v 0.104532 -0.235077 -0.008537
v 0.104848 -0.231425 -0.042376
v 0.070813 -0.172791 -0.015761
v 0.148155 -0.245969 0.096243
v 0.142992 -0.244597 0.097395
v 0.099580 -0.101541 0.038830
v 0.100528 -0.097690 0.036825
v 0.155952 -0.239135 0.048292
v 0.091361 -0.134679 0.032398
v 0.092520 -0.139396 0.031682
v 0.096734 -0.139636 0.029393
v 0.107482 -0.141724 0.012062
v 0.107482 -0.142026 0.007640
v 0.105585 -0.136866 0.004656
v 0.107588 -0.136837 0.009528
v 0.118335 -0.174033 0.009952
v 0.136037 -0.210796 0.010884
v 0.133403 -0.206157 0.011971
v 0.133403 -0.205913 0.016529
v 0.136038 -0.210254 0.018162
v 0.108009 -0.195211 0.046524
v 0.110011 -0.199628 0.049096
v 0.114436 -0.200161 0.046925
v 0.125290 -0.223569 0.073717
v 0.187142 -0.271109 0.077508
v 0.181663 -0.266063 0.076500
v 0.085882 -0.116106 0.044688
v 0.089886 -0.113937 0.043588
v 0.055851 -0.113918 0.043353
v 0.056589 -0.115481 0.044550
v 0.129504 -0.247396 0.096931
v 0.085355 -0.199374 0.048880
v 0.063437 -0.139299 0.031643
v 0.101792 -0.167309 0.036549
v 0.097683 -0.170657 -0.015257
v 0.110011 -0.204362 -0.021119
v 0.108009 -0.199741 -0.019231
v 0.112434 -0.200206 -0.016999
v 0.092520 -0.142358 -0.012103
v 0.091361 -0.137801 -0.013481
v 0.096102 -0.137269 -0.011310
v 0.129715 -0.232282 -0.040554
v 0.155952 -0.243484 -0.015038
v 0.183032 -0.275160 -0.044091
v 0.181663 -0.274035 -0.039320
v 0.085355 -0.204186 -0.020964
v 0.062279 -0.137859 -0.013343
v 0.063438 -0.142357 -0.012102
v 0.186826 -0.277368 0.048679
v 0.186825 -0.280888 0.019316
v 0.186825 -0.281375 -0.010132
v 0.088463 -0.092598 0.014050
v 0.095681 -0.092999 0.014041
v 0.095049 -0.092197 0.014059
v 0.107482 -0.141826 0.009831
v 0.118335 -0.173872 0.012045
v 0.133403 -0.206055 0.014201
v 0.137829 -0.211572 0.014603
v 0.184086 -0.274023 0.048242
v 0.184086 -0.277464 0.019074
v 0.184086 -0.277970 -0.010138
v 0.184824 -0.269003 0.073708
v 0.183981 -0.275632 -0.035383
v 0.063438 -0.142393 0.009832
v 0.062279 -0.138598 0.009668
v 0.083458 -0.200166 0.013877
v 0.082931 -0.199741 -0.019231
v 0.086303 -0.205390 0.014161
v 0.148155 -0.256762 -0.061600
v 0.195466 -0.291652 -0.073233
v 0.197889 -0.287991 -0.072321
v 0.192410 -0.291887 -0.073252
v 0.085882 -0.121100 -0.028149
v 0.183032 -0.270529 -0.067874
v 0.098737 -0.094759 -0.016030
v 0.044787 -0.114898 -0.028826
v 0.149946 -0.258392 -0.064806
v 0.142992 -0.255473 -0.062913
v 0.099579 -0.105909 -0.024265
v 0.100528 -0.101719 -0.022884
v 0.089886 -0.118848 -0.027351
v 0.187142 -0.273446 -0.068631
v 0.055851 -0.118769 -0.027155
v 0.053428 -0.117678 -0.029525
v 0.129505 -0.260291 -0.065291
v 0.129505 -0.258191 -0.062047
v 0.127924 -0.256061 -0.063245
v 0.088463 -0.092351 -0.015408
v 0.095681 -0.092723 -0.015486
v 0.095049 -0.091979 -0.015331
v 0.096418 -0.087514 0.027395
v 0.096418 -0.091717 -0.001125
v 0.097683 -0.089665 0.028260
v 0.097683 -0.093948 -0.001024
v -0.172063 -0.273417 0.062876
v 0.083300 -0.051258 -0.008541
v 0.083300 -0.051363 0.007856
v 0.092414 -0.039231 0.002862
v 0.092414 -0.038082 -0.009525
v 0.088937 -0.027981 -0.007001
v 0.088937 -0.028726 0.002157
v 0.092203 -0.025771 0.001877
v 0.088200 -0.050530 -0.008380
v 0.092204 -0.037940 0.002683
v 0.088726 -0.030016 -0.007545
v 0.088568 -0.050477 0.016131
v 0.088568 -0.052915 -0.000378
v 0.088726 -0.031455 0.002290
v 0.098737 -0.091620 0.029047
v 0.095681 -0.089762 0.028299
v 0.100528 -0.103788 -0.000359
v 0.098631 -0.096041 -0.000862
v 0.088463 -0.093664 -0.001024
v 0.095681 -0.094045 -0.000985
v 0.095049 -0.093283 -0.001064
v 0.096419 -0.090671 0.013900
v 0.096418 -0.090453 -0.014923
v 0.097683 -0.092862 0.014100
v 0.097683 -0.092586 -0.015427
v 0.088568 -0.052361 0.007916
v 0.083300 -0.051917 -0.000439
v 0.083300 -0.049548 0.015758
v 0.088200 -0.048847 0.015476
v 0.088200 -0.051187 -0.000506
v 0.088568 -0.052207 -0.008784
v 0.088463 -0.055742 0.075604
v 0.095049 -0.055528 0.075290
v 0.195466 -0.185294 0.237202
v 0.195466 -0.209088 0.216448
v 0.195466 -0.230519 0.193381
v 0.197889 -0.182971 0.234223
v 0.197889 -0.206412 0.213782
v 0.197889 -0.227628 0.190969
v 0.192410 -0.185450 0.237378
v 0.192410 -0.230812 0.193500
v 0.157744 -0.187698 0.157530
v 0.100528 -0.074454 0.072568
v 0.158586 -0.168540 0.178900
v 0.096102 -0.091025 0.103653
v 0.105585 -0.101790 0.091855
v 0.118335 -0.132233 0.113868
v 0.112434 -0.132454 0.151437
v 0.129715 -0.139285 0.190642
v 0.183032 -0.167770 0.222884
v 0.088200 -0.036376 0.036316
v 0.098631 -0.068476 0.067665
v -0.172063 -0.224178 0.168911
v 0.044787 -0.090843 0.076434
v -0.030026 -0.089574 0.075356
v 0.055851 -0.093637 0.078808
v -0.140137 -0.180967 0.208146
v -0.140137 -0.220270 0.165919
v 0.129715 -0.180967 0.208146
v 0.129716 -0.220270 0.165919
v 0.129715 -0.174349 0.200601
v 0.129715 -0.212191 0.159887
v 0.127924 -0.140728 0.223477
v 0.104848 -0.137405 0.191362
v 0.104532 -0.163510 0.169380
v 0.104532 -0.180294 0.151373
v 0.083036 -0.130768 0.152803
v 0.071130 -0.113473 0.131422
v 0.062279 -0.090004 0.105627
v 0.097788 -0.112244 0.129679
v 0.071130 -0.133410 0.112070
v 0.195466 -0.249508 0.168197
v 0.195466 -0.265742 0.141109
v 0.197889 -0.246401 0.166038
v 0.197889 -0.262380 0.139302
v 0.101792 -0.145799 0.090023
v 0.114437 -0.176685 0.105286
v 0.096734 -0.120918 0.075926
v 0.125290 -0.212166 0.102067
v 0.158586 -0.205430 0.134907
v 0.187142 -0.249049 0.132349
v -0.183549 -0.268962 0.125198
v -0.171958 -0.254349 0.118467
v -0.140136 -0.249902 0.116395
v 0.129715 -0.249902 0.116395
v 0.129715 -0.234917 0.124848
v 0.104532 -0.195144 0.131678
v 0.104848 -0.212166 0.102068
v 0.070813 -0.148990 0.089149
v 0.148155 -0.142373 0.222776
v 0.142992 -0.140534 0.222831
v 0.099579 -0.059390 0.091382
v 0.100528 -0.057324 0.087484
v 0.155952 -0.165036 0.179988
v 0.091361 -0.089906 0.105587
v 0.092520 -0.094109 0.107846
v 0.096734 -0.095580 0.106166
v 0.107482 -0.107540 0.093373
v 0.107482 -0.110384 0.089974
v 0.105586 -0.107909 0.084549
v 0.107588 -0.105104 0.088418
v 0.118335 -0.134900 0.110625
v 0.136038 -0.164050 0.133027
v 0.133403 -0.159788 0.131198
v 0.133403 -0.156807 0.134656
v 0.136037 -0.159402 0.138653
v 0.108009 -0.130612 0.152626
v 0.110011 -0.132599 0.157287
v 0.114437 -0.134284 0.155921
v 0.125290 -0.137405 0.191362
v 0.187141 -0.173778 0.222348
v 0.181662 -0.170263 0.218662
v 0.085881 -0.067661 0.104703
v 0.089886 -0.066589 0.102568
v 0.055851 -0.066707 0.102275
v 0.056589 -0.067290 0.104214
v 0.129505 -0.143094 0.224089
v 0.085355 -0.132580 0.157053
v 0.063437 -0.094148 0.107748
v 0.101792 -0.113832 0.128272
v 0.097683 -0.146977 0.088225
v 0.110011 -0.177804 0.103351
v 0.108009 -0.172837 0.102148
v 0.112434 -0.172011 0.104202
v 0.092520 -0.122291 0.074207
v 0.091361 -0.119383 0.070425
v 0.096102 -0.117658 0.071888
v 0.129715 -0.211751 0.103945
v 0.155952 -0.205790 0.131190
v 0.183032 -0.248513 0.126342
v 0.181663 -0.244750 0.129485
v 0.085355 -0.177472 0.103331
v 0.062279 -0.119383 0.070424
v 0.063438 -0.122193 0.074167
v 0.186826 -0.195770 0.202687
v 0.186826 -0.215848 0.181007
v 0.186825 -0.233602 0.157482
v 0.088463 -0.066669 0.066087
v 0.095681 -0.066952 0.066371
v 0.095049 -0.066386 0.065802
v 0.107482 -0.108913 0.091654
v 0.118335 -0.133567 0.112247
v 0.133403 -0.158317 0.132878
v 0.137829 -0.162537 0.136506
v 0.184086 -0.193309 0.200334
v 0.184086 -0.213211 0.178810
v 0.184086 -0.230886 0.155482
v 0.184824 -0.174276 0.218005
v 0.183980 -0.243764 0.133631
v 0.063437 -0.109362 0.091948
v 0.062279 -0.106471 0.089536
v 0.083458 -0.153805 0.129133
v 0.082931 -0.172837 0.102148
v 0.086303 -0.157810 0.132447
v 0.148155 -0.243885 0.101424
v 0.195466 -0.278966 0.112469
v 0.197889 -0.275544 0.111092
v 0.192410 -0.279259 0.112586
v 0.085882 -0.114494 0.048697
v 0.183032 -0.258828 0.104368
v 0.056589 -0.113947 0.048362
v 0.098737 -0.085997 0.043026
v 0.044787 -0.109943 0.044481
v -0.030026 -0.108379 0.043851
v 0.149946 -0.247195 0.099689
v 0.142992 -0.243732 0.099546
v 0.099580 -0.099928 0.042837
v 0.100528 -0.095763 0.041616
v 0.089886 -0.112167 0.047987
v 0.187142 -0.261565 0.105470
v 0.055851 -0.111991 0.048143
v 0.053428 -0.112583 0.045542
v 0.129505 -0.248954 0.100397
v 0.129504 -0.245430 0.101819
v 0.127924 -0.244397 0.099586
v 0.088463 -0.083748 0.042121
v 0.095681 -0.084139 0.042279
v 0.095049 -0.083357 0.041964
v 0.096418 -0.054708 0.073939
v 0.096418 -0.074824 0.053296
v 0.097683 -0.055898 0.075780
v 0.097683 -0.076543 0.054669
v -0.172064 -0.184179 0.211880
v 0.083300 -0.046441 0.023480
v 0.083300 -0.036935 0.036806
v 0.092414 -0.030069 0.025640
v 0.092414 -0.036430 0.014910
v 0.088937 -0.026752 0.011017
v 0.088937 -0.022002 0.018874
v 0.092204 -0.019716 0.016932
v 0.092204 -0.023917 0.009877
v 0.088200 -0.045741 0.023198
v 0.092204 -0.029054 0.024777
v 0.092204 -0.035257 0.014439
v 0.088726 -0.028707 0.011804
v 0.088726 -0.023681 0.020344
v 0.088568 -0.031367 0.043028
v 0.088568 -0.043041 0.031085
v 0.088726 -0.029685 0.012197
v 0.088726 -0.024444 0.020992
v 0.098737 -0.057089 0.077622
v 0.095681 -0.055957 0.075918
v 0.100528 -0.084103 0.061004
v 0.098631 -0.078223 0.056140
v 0.088463 -0.076318 0.054522
v 0.095681 -0.076602 0.054807
v 0.095049 -0.076035 0.054237
v 0.096419 -0.065175 0.064861
v 0.096418 -0.081891 0.041374
v 0.097683 -0.066894 0.066234
v 0.097683 -0.084041 0.042239
v 0.088568 -0.037697 0.037453
v 0.083300 -0.042280 0.030438
v 0.083300 -0.030849 0.042195
v 0.088200 -0.030450 0.041542
v 0.088200 -0.041671 0.029928
v 0.088568 -0.047370 0.023854
v 0.088463 -0.000665 0.094223
v 0.095049 -0.000725 0.093792
v 0.195466 -0.010459 0.301120
v 0.195466 -0.041909 0.298325
v 0.195466 -0.072855 0.292260
v 0.197889 -0.010388 0.297344
v 0.197890 -0.041368 0.294586
v 0.197889 -0.071942 0.288600
v 0.192410 -0.010479 0.301355
v 0.157744 -0.059224 0.238054
v 0.100528 -0.017574 0.102728
v 0.158586 -0.031115 0.244124
v 0.096102 -0.012713 0.137684
v 0.105585 -0.028294 0.134525
v 0.118335 -0.040082 0.170159
v 0.112435 -0.018030 0.200699
v 0.129715 -0.000605 0.236394
v 0.183032 -0.004710 0.279272
v 0.088200 -0.008040 0.051040
v 0.098631 -0.015651 0.095367
v -0.183549 -0.025878 0.295965
v -0.183549 -0.086841 0.284030
v -0.172063 -0.082048 0.268700
v 0.044787 -0.028448 0.115506
v -0.030026 -0.028079 0.113882
v 0.055851 -0.029400 0.119069
v -0.140137 -0.024010 0.275055
v -0.140136 -0.080648 0.263991
v 0.129715 -0.024011 0.275055
v 0.129715 -0.080649 0.263991
v 0.129715 -0.023130 0.265103
v 0.129715 -0.077713 0.254349
v 0.127924 0.017586 0.263831
v 0.104848 0.001233 0.235882
v 0.104532 -0.032661 0.233501
v 0.104532 -0.056953 0.228735
v 0.083036 -0.015858 0.200734
v 0.071130 -0.014483 0.173377
v 0.062279 -0.010617 0.138659
v 0.097788 -0.014546 0.171245
v 0.071130 -0.042001 0.169341
v 0.195466 -0.103025 0.283044
v 0.195466 -0.131988 0.270616
v 0.197890 -0.101741 0.279461
v 0.197889 -0.130293 0.267209
v 0.192410 -0.103084 0.283180
v 0.101792 -0.065071 0.158859
v 0.114437 -0.081018 0.189238
v 0.096734 -0.053166 0.132832
v 0.125290 -0.111585 0.207552
v 0.158587 -0.086946 0.230124
v 0.187142 -0.123666 0.253753
v -0.183549 -0.143886 0.259672
v -0.171958 -0.136126 0.245647
v -0.140136 -0.133718 0.241329
v 0.129715 -0.133718 0.241328
v 0.129715 -0.116630 0.239338
v 0.104532 -0.080525 0.221522
v 0.104848 -0.111585 0.207552
v 0.070813 -0.068141 0.159980
v 0.148155 0.015708 0.264246
v 0.142992 0.017350 0.263244
v 0.099579 0.005684 0.109160
v 0.100528 0.005049 0.104758
v 0.155952 -0.027751 0.242884
v 0.091361 -0.010656 0.138561
v 0.092520 -0.012761 0.142929
v 0.096734 -0.014895 0.142424
v 0.107482 -0.032061 0.138994
v 0.107482 -0.036466 0.137926
v 0.105585 -0.037651 0.132156
v 0.107588 -0.032992 0.133576
v 0.118335 -0.044115 0.169169
v 0.136037 -0.054593 0.204390
v 0.133403 -0.052135 0.200334
v 0.133403 -0.047731 0.201402
v 0.136037 -0.047409 0.206156
v 0.108009 -0.015937 0.200539
v 0.110011 -0.014734 0.205507
v 0.114437 -0.016984 0.205276
v 0.125290 0.001233 0.235882
v 0.187142 -0.009830 0.282355
v 0.181663 -0.009175 0.277208
v 0.085882 0.006869 0.124811
v 0.089886 0.006453 0.122366
v 0.055851 0.006178 0.122249
v 0.056589 0.006828 0.124146
v 0.129505 0.015965 0.265732
v 0.085354 -0.014949 0.205252
v 0.063437 -0.012800 0.142831
v 0.101792 -0.016699 0.170975
v 0.097683 -0.067088 0.158080
v 0.110011 -0.083074 0.188361
v 0.108009 -0.079736 0.184519
v 0.112434 -0.077894 0.185710
v 0.092520 -0.055242 0.132190
v 0.091361 -0.055133 0.127376
v 0.096102 -0.052883 0.127607
v 0.129715 -0.110134 0.208901
v 0.155952 -0.089377 0.227468
v 0.183032 -0.126748 0.248633
v 0.181663 -0.121855 0.248936
v 0.085355 -0.082820 0.188145
v 0.062279 -0.055094 0.127474
v 0.063437 -0.055242 0.132190
v 0.186826 -0.039225 0.279301
v 0.186826 -0.068175 0.273682
v 0.186826 -0.096446 0.264952
v 0.088463 -0.015078 0.092979
v 0.095681 -0.015205 0.093371
v 0.095049 -0.014952 0.092588
v 0.107482 -0.034195 0.138489
v 0.118335 -0.042118 0.169615
v 0.133403 -0.049865 0.200898
v 0.137829 -0.051244 0.206223
v 0.184086 -0.038625 0.275993
v 0.184086 -0.067380 0.270296
v 0.184086 -0.095337 0.261780
v 0.184824 -0.012830 0.279132
v 0.183980 -0.118582 0.251709
v 0.063437 -0.034429 0.139037
v 0.062279 -0.033516 0.135377
v 0.083458 -0.048546 0.195142
v 0.082931 -0.079833 0.184559
v 0.086303 -0.049710 0.200154
v 0.148155 -0.137651 0.225761
v 0.195466 -0.159490 0.255329
v 0.197889 -0.157480 0.252136
v 0.192410 -0.159646 0.255505
v 0.085882 -0.064017 0.106986
v 0.183032 -0.147961 0.236835
v 0.056589 -0.063783 0.106438
v 0.098737 -0.044315 0.085659
v 0.044787 -0.062718 0.100898
v -0.030026 -0.061801 0.099507
v 0.149946 -0.141329 0.226219
v 0.142992 -0.138653 0.224119
v 0.099579 -0.055609 0.093723
v 0.100528 -0.052916 0.090253
v 0.089886 -0.062495 0.105124
v 0.187142 -0.149541 0.239402
v 0.055851 -0.062299 0.105045
v 0.053428 -0.064239 0.103327
v 0.129504 -0.142363 0.227883
v 0.129505 -0.138647 0.226957
v 0.127924 -0.139063 0.224511
v 0.088463 -0.042989 0.083592
v 0.095681 -0.043184 0.083954
v 0.095049 -0.042794 0.083230
v 0.096418 -0.000786 0.092227
v 0.096418 -0.029227 0.087313
v 0.097683 -0.000684 0.094458
v 0.097683 -0.029789 0.089583
v -0.172064 -0.024461 0.280005
v 0.083300 -0.023738 0.046603
v 0.083300 -0.008202 0.051768
v 0.092414 -0.009245 0.038729
v 0.092414 -0.020662 0.033781
v 0.088937 -0.015122 0.024966
v 0.088937 -0.006662 0.028490
v 0.092204 -0.005905 0.025573
v 0.092204 -0.013444 0.022360
v 0.088200 -0.023339 0.045950
v 0.092204 -0.008954 0.037476
v 0.092204 -0.020057 0.032743
v 0.088726 -0.016214 0.026768
v 0.088726 -0.007167 0.030624
v 0.088568 -0.000069 0.053494
v 0.088568 -0.016510 0.050737
v 0.088726 -0.016760 0.027669
v 0.088726 -0.007439 0.031642
v 0.098737 -0.000484 0.096648
v 0.095681 -0.000605 0.094653
v 0.100528 -0.032119 0.099038
v 0.098631 -0.030333 0.091619
v 0.088463 -0.029692 0.089261
v 0.095681 -0.029750 0.089681
v 0.095049 -0.029634 0.088840
v 0.096418 -0.014544 0.091061
v 0.096418 -0.041936 0.081976
v 0.097683 -0.015146 0.093234
v 0.097683 -0.043125 0.083818
v 0.088568 -0.008494 0.052737
v 0.083300 -0.016267 0.049788
v 0.083300 -0.000159 0.052565
v 0.088200 -0.000206 0.051788
v 0.088200 -0.016106 0.049061
v 0.088568 -0.024275 0.047387
v 0.088463 0.054851 0.076946
v 0.095049 0.054616 0.076643
v 0.195466 0.168536 0.250019
v 0.195466 0.141448 0.266253
v 0.195466 0.112848 0.279573
v 0.197890 0.166377 0.246911
v 0.197889 0.139680 0.262988
v 0.197889 0.111432 0.276055
v 0.192410 0.168654 0.250312
v 0.192410 0.112926 0.279769
v 0.157744 0.091967 0.227664
v 0.100528 0.046275 0.093741
v 0.158586 0.118340 0.216148
v 0.096102 0.070684 0.119131
v 0.105585 0.056198 0.125752
v 0.118335 0.067616 0.161479
v 0.112434 0.103348 0.173227
v 0.129715 0.138427 0.191827
v 0.183032 0.160414 0.228980
v 0.088200 0.023564 0.046316
v 0.098631 0.043404 0.086604
v -0.172063 0.091523 0.265948
v 0.044787 0.044820 0.110454
v -0.030025 0.044230 0.108987
v 0.055851 0.046235 0.113973
v -0.140137 0.142252 0.236911
v -0.140137 0.089919 0.261255
v 0.129715 0.142252 0.236911
v 0.129715 0.089919 0.261255
v 0.129715 0.137089 0.228311
v 0.129715 0.086653 0.251723
v 0.127924 0.169307 0.203370
v 0.104848 0.139677 0.190415
v 0.104532 0.110792 0.208394
v 0.104532 0.088389 0.218768
v 0.083037 0.105145 0.172051
v 0.071130 0.090133 0.149127
v 0.062279 0.072894 0.118695
v 0.097788 0.088857 0.147370
v 0.071130 0.065582 0.162070
v 0.195466 0.082989 0.289767
v 0.195466 0.052302 0.296773
v 0.197889 0.082004 0.286188
v 0.197890 0.051610 0.293076
v 0.192410 0.083107 0.290060
v 0.101792 0.040781 0.167049
v 0.114436 0.045719 0.201065
v 0.096734 0.035072 0.139021
v 0.125290 0.031753 0.233827
v 0.158586 0.065063 0.237578
v 0.187142 0.049077 0.278308
v -0.183549 0.036186 0.294964
v -0.171958 0.034266 0.279041
v -0.140136 0.033699 0.274102
v 0.129716 0.033700 0.274102
v 0.129715 0.046346 0.262484
v 0.104532 0.065042 0.226797
v 0.104848 0.031753 0.233827
v 0.070813 0.038908 0.169733
v 0.148155 0.168057 0.204781
v 0.142992 0.168719 0.203039
v 0.099580 0.068760 0.085264
v 0.100528 0.065662 0.082081
v 0.155952 0.120428 0.213150
v 0.091361 0.072855 0.118598
v 0.092520 0.073647 0.123390
v 0.096735 0.071633 0.124314
v 0.107482 0.055720 0.131623
v 0.107482 0.051614 0.133274
v 0.105585 0.047302 0.129331
v 0.107588 0.051780 0.127757
v 0.118335 0.063705 0.163051
v 0.136037 0.076060 0.197720
v 0.133403 0.075542 0.193044
v 0.133403 0.079844 0.191314
v 0.136038 0.082806 0.195005
v 0.108009 0.105067 0.171855
v 0.110011 0.108811 0.175232
v 0.114436 0.107013 0.176410
v 0.125290 0.139677 0.190415
v 0.187141 0.157979 0.234504
v 0.181663 0.155505 0.230046
v 0.085882 0.078899 0.097200
v 0.089886 0.077193 0.095501
v 0.055851 0.076900 0.095619
v 0.056589 0.078565 0.096653
v 0.129505 0.169155 0.205816
v 0.085355 0.108536 0.175116
v 0.063438 0.073608 0.123292
v 0.101792 0.087020 0.148449
v 0.097683 0.038610 0.167581
v 0.110011 0.043508 0.201500
v 0.108009 0.043969 0.196431
v 0.112434 0.046159 0.196231
v 0.092520 0.032980 0.139748
v 0.091361 0.030233 0.135743
v 0.096102 0.032167 0.134623
v 0.129715 0.033632 0.233980
v 0.155952 0.061480 0.236861
v 0.183032 0.043594 0.275970
v 0.181662 0.047776 0.273379
v 0.085355 0.043625 0.201225
v 0.062279 0.030370 0.135801
v 0.063438 0.032940 0.139650
v 0.186826 0.132473 0.249306
v 0.186826 0.105691 0.261782
v 0.186826 0.077729 0.271327
v 0.088463 0.042499 0.084356
v 0.095681 0.042657 0.084747
v 0.095049 0.042343 0.083965
v 0.107482 0.053667 0.132449
v 0.118335 0.065660 0.162265
v 0.133403 0.077693 0.192179
v 0.137829 0.079738 0.197262
v 0.184086 0.131019 0.246256
v 0.184086 0.104393 0.258556
v 0.184086 0.076666 0.268119
v 0.184824 0.153653 0.233631
v 0.183980 0.051964 0.273626
v 0.063437 0.053903 0.133036
v 0.062279 0.052488 0.129516
v 0.083458 0.075491 0.186704
v 0.082931 0.044008 0.196529
v 0.086303 0.077418 0.191494
v 0.148155 0.021323 0.263805
v 0.195466 0.021022 0.300609
v 0.197889 0.020761 0.296853
v 0.085882 0.011153 0.124450
v 0.183032 0.019532 0.278835
v 0.056589 0.011015 0.123825
v 0.098736 0.014541 0.095602
v 0.044787 0.008540 0.118800
v -0.030025 0.008438 0.117138
v 0.149946 0.018608 0.266373
v 0.142992 0.019541 0.263043
v 0.099579 0.010105 0.108858
v 0.100528 0.010233 0.104377
v 0.089886 0.011207 0.122043
v 0.187142 0.019714 0.281828
v 0.055851 0.011403 0.121965
v 0.053428 0.008780 0.121657
v 0.129504 0.018827 0.268329
v 0.129504 0.021248 0.265311
v 0.127924 0.019444 0.263651
v 0.088463 0.014380 0.093225
v 0.095681 0.014420 0.093607
v 0.095049 0.014340 0.092844
v 0.096419 0.053537 0.075373
v 0.096418 0.027773 0.088122
v 0.097683 0.055047 0.077151
v 0.097683 0.028599 0.090175
v -0.172063 0.144765 0.241181
v 0.083300 0.008214 0.051922
v 0.083300 0.023839 0.047000
v 0.092414 0.015288 0.037037
v 0.092414 0.003201 0.039741
v 0.088937 0.002438 0.029373
v 0.088937 0.011356 0.027262
v 0.092203 0.010255 0.024524
v 0.092204 0.002256 0.026379
v 0.088200 0.008148 0.051192
v 0.092204 0.014817 0.035865
v 0.092204 0.003062 0.038549
v 0.088726 0.002668 0.032063
v 0.088726 0.012182 0.029315
v 0.088568 0.031463 0.043649
v 0.088568 0.016489 0.051035
v 0.088726 0.012575 0.030293
v 0.098737 0.056381 0.078772
v 0.095681 0.055086 0.077249
v 0.100528 0.032295 0.099364
v 0.098631 0.029425 0.092228
v 0.088463 0.028520 0.089979
v 0.095681 0.028677 0.090371
v 0.095049 0.028363 0.089589
v 0.096418 0.041752 0.082499
v 0.096418 0.014239 0.091182
v 0.097683 0.042578 0.084552
v 0.097683 0.014380 0.093510
v 0.088568 0.024212 0.047929
v 0.083300 0.016116 0.050107
v 0.083300 0.030797 0.042839
v 0.088200 0.030306 0.042279
v 0.088200 0.015841 0.049422
v 0.088568 0.008295 0.052969
v 0.148155 0.257748 0.061829
v 0.100528 0.102705 0.023113
v 0.195466 0.292638 0.073463
v 0.197890 0.288978 0.072550
v 0.085881 0.121988 0.028418
v 0.183032 0.271516 0.068103
v 0.055851 0.119717 0.027287
v 0.098737 0.095609 0.016201
v 0.044787 0.115885 0.029056
v -0.030025 0.114260 0.028687
v 0.149946 0.259280 0.065075
v 0.142992 0.256459 0.063143
v 0.099580 0.106797 0.024534
v 0.089886 0.119737 0.027620
v 0.187142 0.274335 0.068900
v 0.053428 0.118665 0.029755
v 0.056589 0.121382 0.028322
v 0.129505 0.261180 0.065561
v 0.129504 0.259177 0.062277
v 0.127924 0.256949 0.063513
v 0.088463 0.089619 0.030252
v 0.095681 0.093710 0.015715
v 0.095049 0.089179 0.030145
v 0.195466 0.283383 0.103535
v 0.195466 0.270995 0.132596
v 0.195466 0.255610 0.160136
v 0.197889 0.279800 0.102250
v 0.197890 0.267587 0.130900
v 0.197890 0.252416 0.158128
v 0.192410 0.271229 0.132616
v 0.157744 0.208338 0.130428
v 0.100528 0.092522 0.048902
v 0.158586 0.222749 0.105551
v 0.096102 0.127284 0.055136
v 0.105585 0.119347 0.069005
v 0.118335 0.149640 0.091232
v 0.112435 0.185464 0.079775
v 0.129715 0.224783 0.074181
v 0.183032 0.264379 0.091304
v 0.088200 0.046296 0.023959
v 0.098631 0.085998 0.044826
v -0.183549 0.273693 0.116575
v -0.183549 0.243509 0.170853
v -0.172063 0.230381 0.161653
v 0.044787 0.101276 0.063326
v -0.030026 0.099885 0.062409
v 0.055851 0.104430 0.065237
v -0.140137 0.254433 0.108366
v -0.140137 0.226335 0.158795
v 0.129715 0.254433 0.108366
v 0.129715 0.226335 0.158794
v 0.129715 0.245180 0.104421
v 0.129715 0.218106 0.153018
v 0.127924 0.256561 0.065373
v 0.104848 0.224994 0.072165
v 0.104532 0.212161 0.103790
v 0.104532 0.200149 0.125317
v 0.083037 0.186204 0.077661
v 0.071130 0.160572 0.067868
v 0.062279 0.128788 0.053508
v 0.097788 0.158536 0.067324
v 0.071130 0.148333 0.092781
v 0.195466 0.237580 0.185902
v 0.195466 0.216827 0.209696
v 0.197890 0.234601 0.183579
v 0.197890 0.214063 0.207060
v 0.101792 0.131209 0.111480
v 0.114437 0.155166 0.136029
v 0.096734 0.110137 0.092130
v 0.125290 0.163119 0.170764
v 0.158586 0.192261 0.154272
v 0.187141 0.203281 0.196632
v -0.183549 0.202705 0.217647
v -0.171958 0.191745 0.205929
v -0.140136 0.188401 0.202277
v 0.129715 0.188401 0.202276
v 0.129715 0.191754 0.185481
v 0.104532 0.186022 0.145537
v 0.104848 0.163119 0.170764
v 0.070813 0.131274 0.114747
v 0.148155 0.256408 0.067252
v 0.142992 0.255896 0.065414
v 0.099579 0.105788 0.028801
v 0.100528 0.101443 0.028164
v 0.155952 0.222664 0.101950
v 0.091361 0.128748 0.053411
v 0.092520 0.132159 0.056809
v 0.096735 0.131009 0.058748
v 0.107482 0.122488 0.073988
v 0.107482 0.120147 0.077769
v 0.105585 0.114237 0.077193
v 0.107588 0.117066 0.073216
v 0.118335 0.147417 0.094739
v 0.136037 0.177727 0.115596
v 0.133403 0.174569 0.111984
v 0.133403 0.177008 0.108163
v 0.136037 0.181589 0.109387
v 0.108009 0.186067 0.077602
v 0.110011 0.191135 0.078062
v 0.114437 0.190259 0.080118
v 0.125290 0.224994 0.072165
v 0.187141 0.265702 0.097132
v 0.181662 0.261060 0.094911
v 0.085881 0.120940 0.032587
v 0.089886 0.118650 0.032259
v 0.055851 0.118357 0.032377
v 0.056589 0.120392 0.032355
v 0.129505 0.257857 0.067465
v 0.085355 0.190705 0.078121
v 0.063438 0.132062 0.056848
v 0.101792 0.157620 0.069283
v 0.097683 0.129842 0.113165
v 0.110011 0.153702 0.137754
v 0.108009 0.151033 0.133376
v 0.112434 0.152752 0.132003
v 0.092520 0.108849 0.094011
v 0.091361 0.104306 0.092318
v 0.096102 0.105183 0.090262
v 0.129715 0.164800 0.169861
v 0.155953 0.188879 0.155746
v 0.183032 0.197452 0.197954
v 0.181663 0.199341 0.193333
v 0.085355 0.153584 0.137461
v 0.062279 0.104444 0.092376
v 0.063437 0.108810 0.093913
v 0.186826 0.253721 0.124099
v 0.186826 0.239369 0.149974
v 0.186826 0.222471 0.174034
v 0.088463 0.083951 0.043548
v 0.095681 0.084333 0.043792
v 0.095049 0.083569 0.043304
v 0.107482 0.121337 0.075927
v 0.118335 0.148509 0.092936
v 0.133403 0.175857 0.110103
v 0.137829 0.180539 0.112989
v 0.184086 0.250821 0.122539
v 0.184086 0.236450 0.148083
v 0.184086 0.219650 0.172103
v 0.184824 0.261675 0.098979
v 0.183980 0.202976 0.191076
v 0.063437 0.121787 0.076200
v 0.062278 0.118594 0.074191
v 0.083458 0.170822 0.106903
v 0.082931 0.151072 0.133474
v 0.086303 0.175230 0.109673
v 0.148155 0.172316 0.201251
v 0.195466 0.193760 0.231127
v 0.197889 0.191347 0.228236
v 0.085882 0.082239 0.094493
v 0.183032 0.179757 0.214385
v 0.056589 0.081710 0.094025
v 0.098737 0.068044 0.069083
v 0.044787 0.076774 0.091354
v -0.030026 0.075695 0.090083
v 0.149946 0.171696 0.204794
v 0.142992 0.170536 0.201626
v 0.099579 0.072159 0.082420
v 0.100528 0.069667 0.078767
v 0.089886 0.080846 0.092442
v 0.187141 0.181601 0.216711
v 0.055851 0.080865 0.092206
v 0.053428 0.078676 0.093541
v 0.129505 0.172991 0.206318
v 0.129505 0.173159 0.202502
v 0.127924 0.170772 0.202212
v 0.088463 0.066445 0.067228
v 0.095681 0.066749 0.067560
v 0.095049 0.066141 0.066896
v 0.096418 0.087691 0.029834
v 0.096418 0.074318 0.055316
v 0.097683 0.089824 0.030339
v 0.097683 0.076159 0.056506
v -0.172063 0.258957 0.110294
v 0.083300 0.037185 0.037543
v 0.083300 0.052146 0.008810
v 0.083300 0.046933 0.024366
v 0.092414 0.039068 0.009755
v 0.092414 0.034159 0.021270
v 0.092414 0.025979 0.030580
v 0.088937 0.019252 0.022609
v 0.088937 0.028869 0.007271
v 0.088937 0.025304 0.015632
v 0.092204 0.022738 0.014052
v 0.092204 0.017311 0.020324
v 0.088200 0.051406 0.008616
v 0.088200 0.036681 0.036951
v 0.092204 0.037815 0.009464
v 0.092204 0.033082 0.020567
v 0.092204 0.025155 0.029661
v 0.088726 0.021046 0.024671
v 0.088568 0.051096 0.017069
v 0.088568 0.043318 0.031896
v 0.088726 0.032021 0.008047
v 0.088726 0.027548 0.017115
v 0.098737 0.091958 0.030844
v 0.088463 0.093289 0.015657
v 0.095681 0.090059 0.030358
v 0.095049 0.092868 0.015599
v 0.100528 0.084524 0.061774
v 0.098631 0.078001 0.057696
v 0.088463 0.075934 0.056370
v 0.095681 0.076296 0.056565
v 0.095049 0.075571 0.056175
v 0.096419 0.091341 0.015192
v 0.096418 0.082217 0.042485
v 0.096419 0.065200 0.065685
v 0.097683 0.093573 0.015656
v 0.097683 0.084196 0.043734
v 0.097683 0.066573 0.067405
v 0.088568 0.047765 0.024883
v 0.083300 0.042534 0.031360
v 0.083300 0.050166 0.016875
v 0.088200 0.049426 0.016681
v 0.088200 0.041848 0.030973
v 0.088568 0.053096 0.009053
v 0.088568 0.037812 0.038256
v -0.030026 0.000425 0.000085
v 0.148155 0.244871 -0.101195
v 0.100528 0.096652 -0.041347
v 0.195466 0.279913 -0.112338
v 0.197889 0.276394 -0.110922
v 0.085882 0.115481 -0.048468
v 0.183032 0.259677 -0.104198
v 0.055851 0.112977 -0.047914
v 0.098737 0.086983 -0.042796
v 0.044787 0.110793 -0.044310
v -0.030026 0.109326 -0.043720
v 0.149946 0.248044 -0.099518
v 0.142992 0.244581 -0.099375
v 0.099579 0.100915 -0.042608
v 0.089886 0.113154 -0.047758
v 0.187142 0.262414 -0.105299
v 0.053428 0.113530 -0.045410
v 0.056589 0.114933 -0.048134
v 0.129505 0.249804 -0.100226
v 0.129504 0.246279 -0.101647
v 0.127924 0.245246 -0.099415
v 0.088463 0.090358 -0.027912
v 0.095681 0.085126 -0.042049
v 0.095049 0.089967 -0.027755
v 0.195466 0.290106 -0.082479
v 0.195466 0.297151 -0.051694
v 0.195466 0.300988 -0.020415
v 0.197889 0.286527 -0.081493
v 0.197889 0.293415 -0.051100
v 0.197890 0.297232 -0.020153
v 0.157744 0.245172 -0.016589
v 0.100528 0.103591 -0.014495
v 0.158587 0.242299 -0.045190
v 0.096102 0.135435 -0.029917
v 0.105585 0.137168 -0.014032
v 0.118335 0.174698 -0.013909
v 0.112435 0.196925 -0.044202
v 0.129715 0.225420 -0.071904
v 0.183032 0.267548 -0.081241
v 0.088200 0.051557 -0.007572
v 0.098631 0.095981 -0.013933
v -0.183549 0.297477 -0.004578
v -0.172064 0.281433 -0.004371
v 0.044787 0.119140 -0.008029
v -0.030025 0.117477 -0.007929
v 0.055851 0.122896 -0.008292
v -0.140136 0.269514 -0.061532
v -0.140136 0.276463 -0.004303
v 0.129715 0.269514 -0.061531
v 0.129715 0.276463 -0.004303
v 0.129715 0.259735 -0.059302
v 0.129715 0.266445 -0.004078
v 0.127924 0.245954 -0.097655
v 0.104848 0.224419 -0.073548
v 0.104532 0.232642 -0.040398
v 0.104532 0.235664 -0.015944
v 0.083036 0.196393 -0.046373
v 0.071130 0.169855 -0.039219
v 0.062279 0.135568 -0.032128
v 0.097788 0.167860 -0.038530
v 0.071130 0.174526 -0.011795
v 0.195466 0.301499 0.011067
v 0.195466 0.298703 0.042517
v 0.197889 0.297722 0.010996
v 0.197889 0.294965 0.041976
v 0.192410 0.298938 0.042535
v 0.101792 0.171718 0.013411
v 0.114437 0.205520 0.019236
v 0.096734 0.143242 0.010101
v 0.125290 0.232411 0.042606
v 0.158586 0.246244 0.012055
v 0.187141 0.280012 0.039813
v -0.183549 0.291971 0.057262
v -0.171958 0.276195 0.054182
v -0.140136 0.271360 0.053174
v 0.129715 0.271360 0.053175
v 0.129715 0.264119 0.037574
v 0.104532 0.236024 0.008669
v 0.104848 0.232411 0.042606
v 0.070813 0.173640 0.015933
v 0.148155 0.246955 -0.096013
v 0.142992 0.245446 -0.097223
v 0.099579 0.102527 -0.038600
v 0.100528 0.098578 -0.036557
v 0.155952 0.240082 -0.048160
v 0.091361 0.135568 -0.032128
v 0.092520 0.140285 -0.031413
v 0.096735 0.140485 -0.029222
v 0.107482 0.142613 -0.011793
v 0.107482 0.142915 -0.007371
v 0.105585 0.137813 -0.004524
v 0.107588 0.137726 -0.009259
v 0.118335 0.175019 -0.009722
v 0.136038 0.211685 -0.010615
v 0.133403 0.207144 -0.011742
v 0.133403 0.206802 -0.016261
v 0.136037 0.211240 -0.017932
v 0.108009 0.196100 -0.046255
v 0.110011 0.200517 -0.048827
v 0.114437 0.201049 -0.046656
v 0.125290 0.224419 -0.073547
v 0.187142 0.271998 -0.077239
v 0.181662 0.267010 -0.076368
v 0.085882 0.117093 -0.044459
v 0.089886 0.114923 -0.043358
v 0.055851 0.114904 -0.043124
v 0.056589 0.116467 -0.044320
v 0.129505 0.248245 -0.096759
v 0.085355 0.200263 -0.048611
v 0.063437 0.140285 -0.031413
v 0.101792 0.168295 -0.036320
v 0.097683 0.171545 0.015525
v 0.110011 0.205348 0.021350
v 0.108009 0.200590 0.019402
v 0.112435 0.201095 0.017268
v 0.092520 0.143344 0.012331
v 0.091361 0.138650 0.013652
v 0.096102 0.138216 0.011442
v 0.129715 0.233171 0.040824
v 0.155952 0.244470 0.015266
v 0.183032 0.276146 0.044321
v 0.181662 0.274924 0.039589
v 0.085355 0.205074 0.021233
v 0.062279 0.138748 0.013613
v 0.063437 0.143207 0.012274
v 0.186826 0.278256 -0.048410
v 0.186826 0.281874 -0.019086
v 0.186826 0.282264 0.010400
v 0.088463 0.093535 -0.013801
v 0.095681 0.093985 -0.013812
v 0.095049 0.093085 -0.013790
v 0.107482 0.142812 -0.009602
v 0.118335 0.174858 -0.011815
v 0.133403 0.206904 -0.014030
v 0.137829 0.212460 -0.014334
v 0.184086 0.274911 -0.047973
v 0.184086 0.278411 -0.018943
v 0.184086 0.278859 0.010406
v 0.184824 0.269892 -0.073438
v 0.183981 0.276521 0.035653
v 0.063437 0.143340 -0.009700
v 0.062279 0.139584 -0.009439
v 0.083458 0.201055 -0.013608
v 0.082931 0.200727 0.019461
v 0.086303 0.206239 -0.013990
v 0.096418 0.088500 -0.027166
v 0.096418 0.092606 0.001394
v 0.097683 0.090553 -0.027991
v 0.097683 0.094797 0.001194
v -0.172063 0.274354 -0.062627
v 0.083300 0.047379 -0.023231
v 0.083300 0.052301 -0.007606
v 0.092414 0.037377 -0.014778
v 0.092414 0.040120 -0.002594
v 0.088937 0.027601 -0.010846
v 0.088937 0.029614 -0.001889
v 0.092204 0.024864 -0.009745
v 0.092204 0.026621 -0.001707
v 0.092204 0.025952 0.006513
v 0.088200 0.046662 -0.022942
v 0.092204 0.036204 -0.014307
v 0.092204 0.038888 -0.002552
v 0.088726 0.031003 0.007775
v 0.088726 0.029654 -0.011672
v 0.088568 0.051414 -0.015881
v 0.088568 0.053852 0.000628
v 0.088726 0.030632 -0.012065
v 0.088726 0.032344 -0.002021
v 0.098737 0.092606 -0.028817
v 0.088463 0.084734 -0.041891
v 0.095681 0.090749 -0.028069
v 0.095049 0.084344 -0.041734
v 0.100528 0.104638 0.000529
v 0.098631 0.097027 0.001093
v 0.088463 0.094582 0.001224
v 0.095681 0.095032 0.001213
v 0.095049 0.094132 0.001235
v 0.096418 0.082877 -0.041144
v 0.096418 0.091559 -0.013631
v 0.097683 0.084930 -0.041970
v 0.097683 0.093848 -0.013870
v 0.088568 0.053250 -0.007648
v 0.083300 0.052904 0.000669
v 0.083300 0.050485 -0.015508
v 0.088200 0.049768 -0.015220
v 0.088200 0.052095 0.000729
v 0.088568 0.048307 -0.023604
v 0.148155 0.138638 -0.225531
v 0.100528 0.053902 -0.090025
v 0.195466 0.160476 -0.255099
v 0.197889 0.158467 -0.251906
v 0.192410 0.160632 -0.255276
v 0.085882 0.064906 -0.106717
v 0.183032 0.148948 -0.236606
v 0.055851 0.063148 -0.104874
v 0.098737 0.045204 -0.085390
v 0.044787 0.063704 -0.100668
v -0.030025 0.062787 -0.099277
v 0.149946 0.142218 -0.225949
v 0.142992 0.139541 -0.223850
v 0.099580 0.056596 -0.093493
v 0.089886 0.063481 -0.104894
v 0.187142 0.150430 -0.239134
v 0.053428 0.065226 -0.103097
v 0.056589 0.064672 -0.106169
v 0.129505 0.143252 -0.227614
v 0.129505 0.139536 -0.226688
v 0.127924 0.140049 -0.224281
v 0.088463 0.056680 -0.075355
v 0.095681 0.044170 -0.083725
v 0.095049 0.056416 -0.075022
v 0.195466 0.186280 -0.236972
v 0.195466 0.210074 -0.216219
v 0.195466 0.231505 -0.193152
v 0.197889 0.183957 -0.233994
v 0.197890 0.207399 -0.213552
v 0.197890 0.228614 -0.190739
v 0.157744 0.188587 -0.157262
v 0.100528 0.075303 -0.072397
v 0.158586 0.169487 -0.178768
v 0.096102 0.091972 -0.103521
v 0.105585 0.102737 -0.091724
v 0.118335 0.133219 -0.113638
v 0.112434 0.133342 -0.151168
v 0.129715 0.140173 -0.190373
v 0.183032 0.168757 -0.222654
v 0.088200 0.037283 -0.036093
v 0.098631 0.069462 -0.067436
v -0.183549 0.237952 -0.178255
v -0.172063 0.225115 -0.168662
v 0.044787 0.091732 -0.076167
v -0.030026 0.090423 -0.075186
v 0.055851 0.094623 -0.078579
v -0.140136 0.181885 -0.207946
v -0.140136 0.221159 -0.165650
v 0.129715 0.181885 -0.207947
v 0.129715 0.221159 -0.165650
v 0.129715 0.175266 -0.200400
v 0.129715 0.213128 -0.159637
v 0.127924 0.141616 -0.223208
v 0.104848 0.138391 -0.191132
v 0.104532 0.164497 -0.169151
v 0.104532 0.181280 -0.151143
v 0.083037 0.131617 -0.152632
v 0.071130 0.114460 -0.131193
v 0.062279 0.090893 -0.105358
v 0.097788 0.113230 -0.129448
v 0.071130 0.134299 -0.111801
v 0.195466 0.250397 -0.167928
v 0.195466 0.266630 -0.140839
v 0.197890 0.247290 -0.165770
v 0.197889 0.263327 -0.139170
v 0.192410 0.266787 -0.141016
v 0.101792 0.146786 -0.089793
v 0.114437 0.177574 -0.105017
v 0.096734 0.121768 -0.075755
v 0.125290 0.213015 -0.101896
v 0.158587 0.206319 -0.134638
v 0.187142 0.249938 -0.132081
v -0.183549 0.269861 -0.125046
v -0.171958 0.255267 -0.118267
v -0.140137 0.250820 -0.116194
v 0.129715 0.250820 -0.116194
v 0.129715 0.235806 -0.124579
v 0.104532 0.196033 -0.131409
v 0.104848 0.213015 -0.101896
v 0.070813 0.149879 -0.088880
v 0.148155 0.143359 -0.222547
v 0.142992 0.141520 -0.222602
v 0.099579 0.060279 -0.091113
v 0.100528 0.058310 -0.087255
v 0.155952 0.166022 -0.179759
v 0.091361 0.090756 -0.105417
v 0.092520 0.095095 -0.107617
v 0.096735 0.096566 -0.105936
v 0.107482 0.108429 -0.093104
v 0.107482 0.111273 -0.089705
v 0.105585 0.108896 -0.084320
v 0.107588 0.105992 -0.088149
v 0.118335 0.135886 -0.110395
v 0.136038 0.165036 -0.132797
v 0.133403 0.160677 -0.130929
v 0.133403 0.157793 -0.134426
v 0.136037 0.160290 -0.138384
v 0.108009 0.131461 -0.152455
v 0.110011 0.133585 -0.157057
v 0.114436 0.135173 -0.155652
v 0.125290 0.138391 -0.191132
v 0.187141 0.174667 -0.222078
v 0.181663 0.171152 -0.218393
v 0.085882 0.068549 -0.104434
v 0.089886 0.067477 -0.102300
v 0.055851 0.067654 -0.102144
v 0.056589 0.068178 -0.103944
v 0.129504 0.144081 -0.223858
v 0.085355 0.133468 -0.156783
v 0.063437 0.094998 -0.107577
v 0.101792 0.114818 -0.128043
v 0.097683 0.147963 -0.087996
v 0.110011 0.178693 -0.103083
v 0.108009 0.173725 -0.101878
v 0.112435 0.172899 -0.103933
v 0.092520 0.123180 -0.073938
v 0.091361 0.120272 -0.070155
v 0.096102 0.118645 -0.071659
v 0.129715 0.212601 -0.103774
v 0.155952 0.206736 -0.131058
v 0.183032 0.249499 -0.126112
v 0.181662 0.245697 -0.129353
v 0.085354 0.178360 -0.103062
v 0.062279 0.120232 -0.070253
v 0.063437 0.123180 -0.073938
v 0.186826 0.196658 -0.202417
v 0.186826 0.216795 -0.180875
v 0.186826 0.234490 -0.157213
v 0.088463 0.067587 -0.065886
v 0.095681 0.067939 -0.066141
v 0.095049 0.067235 -0.065631
v 0.107482 0.109900 -0.091424
v 0.118336 0.134553 -0.112017
v 0.133403 0.159167 -0.132707
v 0.137829 0.163425 -0.136238
v 0.184086 0.194197 -0.200065
v 0.184086 0.214158 -0.178679
v 0.184086 0.231774 -0.155213
v 0.184824 0.175262 -0.217776
v 0.183981 0.244711 -0.133499
v 0.063437 0.110309 -0.091816
v 0.062279 0.107458 -0.089306
v 0.083458 0.154693 -0.128864
v 0.082931 0.173823 -0.101918
v 0.086303 0.158659 -0.132276
v 0.096418 0.055597 -0.073670
v 0.096418 0.075713 -0.053027
v 0.097683 0.056885 -0.075551
v 0.097683 0.077529 -0.054439
v -0.172063 0.185145 -0.211699
v 0.083300 0.024725 -0.046374
v 0.083300 0.037922 -0.036577
v 0.092414 0.021648 -0.033551
v 0.092414 0.030958 -0.025371
v 0.088937 0.016010 -0.024697
v 0.088937 0.022890 -0.018605
v 0.092204 0.014430 -0.022130
v 0.092204 0.020565 -0.016762
v 0.088200 0.024312 -0.045753
v 0.092204 0.020946 -0.032474
v 0.092204 0.030001 -0.024645
v 0.088726 0.017201 -0.026538
v 0.088568 0.032255 -0.042759
v 0.088569 0.043930 -0.030816
v 0.088726 0.017747 -0.027439
v 0.088726 0.024951 -0.020399
v 0.098737 0.057938 -0.077451
v 0.088463 0.043907 -0.083391
v 0.095681 0.056943 -0.075688
v 0.095049 0.043643 -0.083059
v 0.100528 0.084992 -0.060735
v 0.098631 0.079112 -0.055872
v 0.088463 0.077256 -0.054272
v 0.095681 0.077588 -0.054577
v 0.095049 0.076924 -0.053968
v 0.096418 0.042824 -0.081706
v 0.096418 0.066063 -0.064592
v 0.097683 0.044014 -0.083549
v 0.097683 0.067743 -0.066062
v 0.088568 0.038635 -0.037204
v 0.083300 0.043217 -0.030188
v 0.083300 0.031738 -0.041926
v 0.088200 0.031325 -0.041305
v 0.088200 0.042644 -0.029731
v 0.088568 0.025242 -0.047206
v 0.148155 -0.020376 -0.263672
v 0.100528 -0.009247 -0.104147
v 0.195466 -0.020036 -0.300381
v 0.197889 -0.019774 -0.296624
v 0.192410 -0.020154 -0.300674
v 0.085881 -0.010167 -0.124220
v 0.183032 -0.018585 -0.278703
v 0.055851 -0.010514 -0.121696
v 0.088200 -0.007194 -0.050949
v 0.098736 -0.013652 -0.095334
v 0.044787 -0.007651 -0.118532
v -0.030025 -0.007550 -0.116869
v 0.149946 -0.017759 -0.266201
v 0.142992 -0.018692 -0.262873
v 0.099580 -0.009217 -0.108589
v 0.089886 -0.010221 -0.121814
v 0.187141 -0.018826 -0.281559
v 0.053428 -0.007794 -0.121427
v 0.056588 -0.010028 -0.123595
v 0.129504 -0.017841 -0.268099
v 0.129504 -0.020301 -0.265179
v 0.127924 -0.018458 -0.263422
v 0.088463 -0.013491 -0.092956
v 0.088463 0.001583 -0.094023
v 0.095681 -0.013531 -0.093338
v 0.095049 0.001574 -0.093622
v 0.195466 0.011446 -0.300891
v 0.195466 0.042895 -0.298095
v 0.195466 0.073743 -0.291991
v 0.197889 0.011277 -0.297075
v 0.197889 0.042354 -0.294357
v 0.197890 0.072831 -0.288331
v 0.192410 0.011465 -0.301127
v 0.192410 0.042914 -0.298330
v 0.157744 0.060210 -0.237824
v 0.100528 0.018423 -0.102557
v 0.158586 0.032101 -0.243894
v 0.096102 0.013562 -0.137514
v 0.105585 0.029182 -0.134256
v 0.118335 0.040971 -0.169891
v 0.112434 0.019017 -0.200470
v 0.129715 0.001494 -0.236125
v 0.183032 0.005598 -0.279004
v 0.088200 0.008948 -0.050817
v 0.098631 0.016540 -0.095098
v -0.172063 0.083034 -0.268470
v 0.044787 0.029434 -0.115277
v -0.030026 0.029066 -0.113652
v 0.055851 0.030347 -0.118939
v -0.140136 0.024948 -0.274805
v -0.140137 0.081586 -0.263742
v 0.129715 0.024948 -0.274805
v 0.129715 0.081586 -0.263742
v 0.129715 0.024018 -0.264834
v 0.129715 0.078630 -0.254149
v 0.127924 -0.016600 -0.263601
v 0.104848 -0.000344 -0.235613
v 0.104532 0.033648 -0.233272
v 0.104532 0.057841 -0.228467
v 0.083036 0.016844 -0.200505
v 0.071130 0.015469 -0.173148
v 0.062279 0.011603 -0.138429
v 0.097788 0.015532 -0.171015
v 0.071130 0.042988 -0.169112
v 0.195466 0.103914 -0.282775
v 0.195466 0.132975 -0.270387
v 0.197890 0.102629 -0.279191
v 0.197890 0.131279 -0.266979
v 0.192410 0.104031 -0.283049
v 0.101792 0.065959 -0.158590
v 0.114437 0.082004 -0.189009
v 0.096734 0.054055 -0.132562
v 0.125290 0.112571 -0.207322
v 0.158586 0.087795 -0.229953
v 0.187142 0.124652 -0.253524
v -0.183549 0.144873 -0.259443
v -0.171958 0.137063 -0.245397
v -0.140137 0.134685 -0.241147
v 0.129715 0.134685 -0.241148
v 0.129715 0.117616 -0.239109
v 0.104532 0.081414 -0.221253
v 0.104848 0.112571 -0.207322
v 0.070813 0.069029 -0.159711
v 0.148155 -0.014820 -0.263977
v 0.142992 -0.016364 -0.263015
v 0.099580 -0.004795 -0.108891
v 0.100528 -0.004063 -0.104530
v 0.155952 0.028601 -0.242713
v 0.091361 0.011506 -0.138390
v 0.092520 0.013649 -0.142659
v 0.096734 0.015881 -0.142194
v 0.107482 0.033048 -0.138764
v 0.107482 0.037355 -0.137657
v 0.105585 0.038540 -0.131887
v 0.107588 0.033978 -0.133346
v 0.118335 0.045003 -0.168900
v 0.136037 0.055482 -0.204121
v 0.133404 0.053024 -0.200067
v 0.133403 0.048620 -0.201134
v 0.136037 0.048395 -0.205927
v 0.108009 0.016826 -0.200270
v 0.110011 0.015720 -0.205277
v 0.114437 0.017931 -0.205143
v 0.125290 -0.000344 -0.235613
v 0.187141 0.010719 -0.282086
v 0.181662 0.010161 -0.276978
v 0.085882 -0.005882 -0.124581
v 0.089886 -0.005466 -0.122136
v 0.055851 -0.005329 -0.122078
v 0.056589 -0.005939 -0.123876
v 0.129505 -0.015077 -0.265463
v 0.085355 0.015838 -0.204983
v 0.063437 0.013689 -0.142562
v 0.101792 0.017685 -0.170746
v 0.097683 0.067976 -0.157811
v 0.110011 0.084060 -0.188131
v 0.108009 0.080722 -0.184290
v 0.112434 0.078783 -0.185441
v 0.092520 0.056228 -0.131961
v 0.091361 0.056120 -0.127146
v 0.096102 0.053869 -0.127378
v 0.129715 0.111023 -0.208631
v 0.155952 0.090266 -0.227199
v 0.183032 0.127734 -0.248403
v 0.181663 0.122803 -0.248805
v 0.085355 0.083669 -0.187974
v 0.062279 0.056080 -0.127245
v 0.063437 0.056130 -0.131921
v 0.186826 0.040172 -0.279169
v 0.186825 0.069064 -0.273414
v 0.186826 0.097296 -0.264780
v 0.088463 0.015967 -0.092710
v 0.095681 0.016093 -0.093102
v 0.095049 0.015840 -0.092319
v 0.107482 0.035181 -0.138260
v 0.118336 0.043007 -0.169346
v 0.133403 0.050851 -0.200668
v 0.137829 0.052230 -0.205993
v 0.184086 0.039514 -0.275723
v 0.184086 0.068229 -0.270125
v 0.184086 0.096324 -0.261550
v 0.184824 0.013817 -0.278903
v 0.183980 0.119569 -0.251479
v 0.063437 0.035317 -0.138768
v 0.062278 0.034405 -0.135108
v 0.083458 0.049395 -0.194972
v 0.082931 0.080722 -0.184290
v 0.086303 0.050696 -0.199924
v 0.096418 0.001773 -0.091998
v 0.096418 0.030076 -0.087141
v 0.097683 0.001534 -0.094287
v 0.097683 0.030678 -0.089314
v -0.172064 0.025350 -0.279737
v 0.083300 -0.007228 -0.051693
v 0.083300 0.009188 -0.051538
v 0.092414 -0.002254 -0.039610
v 0.092414 0.010133 -0.038460
v 0.088937 -0.001550 -0.029104
v 0.088937 0.007648 -0.028261
v 0.092204 -0.001367 -0.026111
v 0.092204 0.006891 -0.025344
v 0.092204 -0.002174 -0.038280
v 0.092204 0.009843 -0.037207
v 0.088568 0.001006 -0.053245
v 0.088568 0.017447 -0.050488
v 0.088726 -0.001682 -0.031834
v 0.088726 0.008240 -0.030884
v 0.098736 0.001471 -0.096419
v 0.095681 0.001592 -0.094424
v 0.095049 -0.013451 -0.092575
v 0.100528 0.033066 -0.098907
v 0.098631 0.031182 -0.091448
v 0.088463 0.030610 -0.089060
v 0.095681 0.030736 -0.089451
v 0.095049 0.030484 -0.088668
v 0.096418 -0.013390 -0.091009
v 0.096418 0.015531 -0.090831
v 0.097683 -0.013492 -0.093240
v 0.097683 0.016035 -0.092964
v 0.088568 -0.007309 -0.052740
v 0.088568 0.009363 -0.052517
v 0.083300 0.017205 -0.049539
v 0.083300 0.001047 -0.052295
v 0.088200 0.001081 -0.051552
v 0.088200 0.017027 -0.048804
v -0.060477 0.088353 0.215579
v -0.058370 0.129932 0.190984
v -0.058370 0.166763 0.160178
v -0.058370 0.196371 0.122282
v -0.058370 0.217509 0.079173
v -0.058370 0.229257 0.032595
v -0.058370 0.231037 -0.015471
v -0.058370 0.222723 -0.062848
v -0.058370 0.204816 -0.107367
v -0.058370 0.178007 -0.147305
v -0.058369 0.143440 -0.180751
v -0.058370 0.102712 -0.206221
v -0.058370 0.057610 -0.222685
v -0.058370 0.010008 -0.229523
v -0.058370 -0.037896 -0.226244
v -0.058370 -0.084059 -0.213047
v -0.058370 -0.126611 -0.190559
v -0.058370 -0.163442 -0.159752
v -0.058370 -0.193050 -0.121857
v -0.058370 -0.214188 -0.078749
v -0.058370 -0.225936 -0.032170
v -0.058370 -0.227608 0.015851
v -0.058369 -0.219402 0.063272
v -0.058370 -0.201495 0.107792
v -0.058370 -0.174578 0.147687
v -0.058370 -0.140119 0.181175
v -0.058370 -0.099391 0.206645
v -0.058370 -0.054289 0.223109
v -0.058370 -0.006687 0.229947
v -0.060477 0.041609 0.228885
v -0.088716 0.088353 0.215580
v -0.088716 0.131184 0.192854
v -0.088716 0.168402 0.161768
v -0.088716 0.198396 0.123591
v -0.088716 0.219685 0.079922
v -0.088716 0.231518 0.032936
v -0.088716 0.233340 -0.015647
v -0.088716 0.224961 -0.063498
v -0.088716 0.206880 -0.108447
v -0.088716 0.179790 -0.148773
v -0.088716 0.144835 -0.182561
v -0.088716 0.103762 -0.208267
v -0.088716 0.058165 -0.225031
v -0.088716 0.010090 -0.231804
v -0.088716 -0.038288 -0.228460
v -0.088716 -0.084925 -0.215198
v -0.088716 -0.127863 -0.192430
v -0.088716 -0.165081 -0.161342
v -0.088716 -0.195076 -0.123166
v -0.088716 -0.216364 -0.079497
v -0.088716 -0.228197 -0.032510
v -0.088716 -0.229911 0.016027
v -0.088716 -0.221639 0.063923
v -0.088716 -0.203559 0.108872
v -0.088716 -0.176362 0.149154
v -0.088716 -0.141515 0.182986
v -0.088716 -0.100441 0.208691
v -0.088716 -0.054844 0.225455
v -0.088716 -0.006769 0.232230
v -0.088716 0.041609 0.228885
v -0.053733 0.049943 0.120090
v -0.053733 0.023958 0.127544
v -0.029815 0.045618 0.109337
v -0.029815 0.067356 0.097844
v -0.029815 0.086115 0.082052
v -0.029815 0.101316 0.062695
v -0.029815 0.112164 0.040592
v -0.029815 0.118058 0.016732
v -0.029815 0.119066 -0.007785
v -0.029815 0.114800 -0.032055
v -0.029815 0.105630 -0.054852
v -0.029815 0.091902 -0.075316
v -0.029815 0.074198 -0.092305
v -0.029814 0.053424 -0.105438
v -0.029815 0.030292 -0.113874
v -0.029815 0.005921 -0.117314
v -0.029815 -0.018548 -0.115716
v -0.029815 -0.042189 -0.108955
v -0.029815 -0.063927 -0.097462
v -0.029815 -0.082794 -0.081628
v -0.029814 -0.097995 -0.062271
v -0.029815 -0.108736 -0.040210
v -0.029815 -0.114738 -0.016308
v -0.029815 -0.115637 0.008166
v -0.029815 -0.111479 0.032480
v -0.029815 -0.102309 0.055276
v -0.029815 -0.088473 0.075697
v -0.029815 -0.070877 0.092731
v -0.029815 -0.049996 0.105819
v -0.029815 -0.026971 0.114299
v -0.029815 -0.002600 0.117738
v -0.029815 0.021976 0.116098
v -0.029815 0.001714 0.000191
v -0.058370 0.057296 0.138371
v -0.058370 0.084797 0.123811
v -0.058370 0.108628 0.103856
v -0.058370 0.127887 0.079368
v -0.058370 0.141607 0.051362
v -0.058370 0.149061 0.021128
v -0.058370 0.150292 -0.009976
v -0.058370 0.144938 -0.040679
v -0.058369 0.133346 -0.069498
v -0.058369 0.115948 -0.095358
v -0.058370 0.093522 -0.116945
v -0.058370 0.067209 -0.133596
v -0.058369 0.037917 -0.144301
v -0.058370 0.007066 -0.148632
v -0.058370 -0.023945 -0.146528
v -0.058369 -0.053868 -0.137989
v -0.058370 -0.081476 -0.123386
v -0.058370 -0.105307 -0.103431
v -0.058370 -0.124566 -0.078944
v -0.058370 -0.138179 -0.050979
v -0.058369 -0.145740 -0.020704
v -0.058370 -0.146863 0.010357
v -0.058370 -0.141509 0.041061
v -0.058370 -0.129917 0.069880
v -0.058369 -0.112519 0.095738
v -0.058369 -0.090200 0.117370
v -0.058370 -0.063781 0.133977
v -0.058370 -0.034596 0.144725
v -0.058369 -0.003745 0.149057
v -0.058370 0.027267 0.146952
v -0.053733 0.056821 0.137188
v -0.053733 0.083998 0.122758
v -0.053733 0.107765 0.102953
v -0.053733 0.126745 0.078702
v -0.053733 0.140337 0.050997
v -0.053733 0.147877 0.020980
v -0.053733 0.148979 -0.009823
v -0.053733 0.143712 -0.040311
v -0.053733 0.132206 -0.068914
v -0.053733 0.114894 -0.094559
v -0.053733 0.092770 -0.116018
v -0.053733 0.066544 -0.132454
v -0.053733 0.037554 -0.143031
v -0.053733 0.007068 -0.147384
v -0.053733 -0.023793 -0.145215
v -0.053733 -0.053392 -0.136807
v -0.053733 -0.080677 -0.122332
v -0.053733 -0.104444 -0.102529
v -0.053733 -0.123423 -0.078278
v -0.053733 -0.137016 -0.050573
v -0.053733 -0.144555 -0.020554
v -0.053733 -0.145658 0.010248
v -0.053733 -0.140391 0.040736
v -0.053733 -0.128885 0.069340
v -0.053733 -0.111574 0.094984
v -0.053733 -0.089449 0.116443
v -0.053733 -0.063224 0.132879
v -0.053733 -0.034232 0.143455
v -0.053733 -0.003747 0.147808
v -0.053733 0.027113 0.145639
v -0.058370 0.087488 0.213429
v -0.060477 0.131184 0.192854
v -0.060477 0.168402 0.161768
v -0.060477 0.198396 0.123591
v -0.060477 0.219685 0.079923
v -0.060477 0.231518 0.032936
v -0.060477 0.233339 -0.015647
v -0.060477 0.224961 -0.063498
v -0.060477 0.206880 -0.108447
v -0.060477 0.179790 -0.148773
v -0.060477 0.144835 -0.182561
v -0.060477 0.103762 -0.208267
v -0.060477 0.058165 -0.225031
v -0.060477 0.010090 -0.231804
v -0.060477 -0.038288 -0.228460
v -0.060477 -0.084925 -0.215198
v -0.060477 -0.127863 -0.192429
v -0.060477 -0.165081 -0.161343
v -0.060477 -0.195075 -0.123166
v -0.060477 -0.216364 -0.079497
v -0.060477 -0.228197 -0.032510
v -0.060477 -0.229911 0.016028
v -0.060477 -0.221640 0.063923
v -0.060477 -0.203559 0.108872
v -0.060477 -0.176362 0.149154
v -0.060477 -0.141515 0.182986
v -0.060477 -0.100441 0.208691
v -0.060477 -0.054844 0.225456
v -0.060477 -0.006769 0.232229
v -0.058369 0.041217 0.226669
v -0.088716 0.001714 0.000191
v -0.053733 0.073853 0.107474
v -0.053733 0.094503 0.090173
v -0.053733 0.111164 0.068854
v -0.053733 0.123127 0.044552
v -0.053733 0.129727 0.018411
v -0.053733 0.130622 -0.008560
v -0.053733 0.126029 -0.035197
v -0.053733 0.115908 -0.060360
v -0.053733 0.100777 -0.082757
v -0.053733 0.081455 -0.101597
v -0.053733 0.058591 -0.115887
v -0.053733 0.033133 -0.125135
v -0.053733 0.006350 -0.128980
v -0.053733 -0.020529 -0.127163
v -0.053733 -0.046514 -0.119709
v -0.053733 -0.070424 -0.107093
v -0.053733 -0.091182 -0.089748
v -0.053733 -0.107843 -0.068429
v -0.053733 -0.119699 -0.044172
v -0.053733 -0.126299 -0.018029
v -0.053733 -0.127301 0.008984
v -0.053733 -0.122708 0.035622
v -0.053733 -0.112587 0.060784
v -0.053733 -0.097456 0.083184
v -0.053733 -0.078027 0.101978
v -0.053733 -0.055163 0.116268
v -0.053733 -0.029811 0.125560
v -0.053733 -0.003029 0.129405
v -0.054787 0.057253 0.138263
v -0.054787 0.084753 0.123704
v -0.054787 0.108584 0.103747
v -0.054787 0.127736 0.079304
v -0.054787 0.141457 0.051297
v -0.054787 0.149061 0.021127
v -0.054787 0.150184 -0.009932
v -0.054787 0.144830 -0.040636
v -0.054787 0.133238 -0.069455
v -0.054787 0.115840 -0.095314
v -0.054787 0.093522 -0.116945
v -0.054787 0.067145 -0.133445
v -0.054787 0.037853 -0.144150
v -0.054787 0.007109 -0.148524
v -0.054787 -0.023902 -0.146419
v -0.054787 -0.053825 -0.137882
v -0.054787 -0.081325 -0.123322
v -0.054787 -0.105263 -0.103323
v -0.054787 -0.124415 -0.078879
v -0.054787 -0.138136 -0.050873
v -0.054787 -0.145740 -0.020703
v -0.054787 -0.146863 0.010358
v -0.054787 -0.141509 0.041060
v -0.054787 -0.129917 0.069880
v -0.054787 -0.112519 0.095738
v -0.054787 -0.090200 0.117370
v -0.054787 -0.063824 0.133870
v -0.054787 -0.034532 0.144574
v -0.054787 -0.003788 0.148949
v -0.054787 0.027331 0.146802
vn 0.0693 -0.4818 -0.8735
vn -0.0839 -0.6783 -0.7300
vn -0.0832 -0.5117 -0.8551
vn 0.0160 -0.4467 -0.8946
vn 0.0684 -0.2904 -0.9544
vn -0.0843 -0.3231 -0.9426
vn 0.0160 -0.2511 -0.9678
vn -0.8170 -0.3882 -0.4263
vn -0.9835 -0.0929 -0.1553
vn -0.8183 -0.2952 -0.4931
vn -0.8185 -0.1862 -0.5435
vn 0.8972 -0.2940 -0.3295
vn 0.9989 -0.0263 -0.0390
vn 0.9989 -0.0302 -0.0362
vn 0.8951 -0.2330 -0.3802
vn 0.9989 -0.0220 -0.0415
vn 0.8952 -0.1915 -0.4024
vn 0.9989 -0.0176 -0.0437
vn 0.9925 0.0785 0.0935
vn 0.9925 0.0571 0.1076
vn 0.9925 0.0679 0.1012
vn 0.4642 -0.5674 -0.6802
vn 0.1411 -0.5588 -0.8172
vn 0.4696 -0.3934 -0.7904
vn 0.4693 -0.3082 -0.8275
vn 0.4955 -0.5166 -0.6983
vn -0.5715 -0.4216 -0.7040
vn -0.8389 -0.5356 -0.0969
vn -0.5711 -0.5593 -0.6008
vn -0.5729 -0.2657 -0.7753
vn -0.0832 -0.1202 -0.9893
vn 0.0163 -0.1955 -0.9806
vn 0.0165 -0.0448 -0.9989
vn -0.9035 -0.3708 -0.2147
vn -0.8186 -0.0692 -0.5701
vn 0.8994 -0.1200 -0.4204
vn 0.9989 -0.0129 -0.0452
vn 0.8993 -0.0751 -0.4309
vn 0.9989 -0.0080 -0.0464
vn 0.9989 -0.0032 -0.0469
vn 0.9925 0.0333 0.1172
vn 0.9925 0.0455 0.1131
vn 0.9925 0.0083 0.1217
vn 0.9925 0.0210 0.1201
vn 0.4696 -0.2202 -0.8550
vn 0.4694 -0.1294 -0.8734
vn 0.4683 -0.0801 -0.8799
vn -0.5700 -0.0987 -0.8157
vn 0.0256 -0.9564 -0.2911
vn -0.0828 -0.9168 -0.3907
vn 0.0165 -0.9471 -0.3204
vn 0.0161 -0.8870 -0.4616
vn 0.0685 -0.7960 -0.6014
vn -0.0834 -0.8156 -0.5726
vn 0.0162 -0.7727 -0.6346
vn -0.9566 -0.1851 -0.2249
vn -0.8186 -0.5284 -0.2254
vn -0.8185 -0.5638 -0.1104
vn -0.9039 -0.4070 0.1314
vn -0.8187 -0.4698 -0.3302
vn 0.8969 -0.4323 -0.0933
vn 0.9989 -0.0442 -0.0163
vn 0.9989 -0.0457 -0.0114
vn 0.8951 -0.4117 -0.1709
vn 0.9989 -0.0421 -0.0207
vn 0.8992 -0.3705 -0.2326
vn 0.9989 -0.0401 -0.0251
vn 0.9926 0.1178 0.0295
vn 0.9926 0.1144 0.0418
vn 0.9926 0.1030 0.0645
vn 0.9925 0.1096 0.0538
vn -0.1080 -0.9553 -0.2752
vn 0.4692 -0.8215 -0.3240
vn 0.4972 -0.7612 -0.4164
vn 0.4968 -0.8315 -0.2484
vn 0.8827 -0.4310 -0.1871
vn 0.4961 -0.7552 -0.4284
vn -0.5737 -0.7535 -0.3211
vn -0.5713 -0.8055 -0.1575
vn -0.5740 -0.6698 -0.4710
vn 0.0687 -0.6533 -0.7540
vn 0.8993 -0.3446 -0.2693
vn 0.9989 -0.0371 -0.0291
vn 0.9989 -0.0338 -0.0327
vn 0.9926 0.0956 0.0750
vn 0.9926 0.0874 0.0847
vn 0.4982 -0.6583 -0.5643
vn 0.4976 -0.5957 -0.6305
vn 0.8826 -0.3527 -0.3109
vn -0.6771 -0.6034 -0.4213
vn 0.0261 -0.9449 0.3263
vn -0.0832 -0.9713 0.2227
vn 0.0159 -0.9549 0.2965
vn 0.0172 -0.9887 0.1488
vn 0.0698 -0.9974 -0.0199
vn -0.0840 -0.9963 0.0157
vn 0.0155 -0.9981 -0.0602
vn -0.9563 -0.2844 -0.0684
vn -0.8186 -0.5599 0.1284
vn -0.8186 -0.5210 0.2420
vn -0.9039 -0.2587 0.3405
vn -0.8186 -0.5743 0.0094
vn 0.8972 -0.4042 0.1781
vn 0.9989 -0.0451 0.0130
vn 0.9989 -0.0438 0.0176
vn 0.8951 -0.4337 0.1039
vn 0.9989 -0.0465 0.0080
vn 0.8990 -0.4370 0.0301
vn 0.9989 -0.0469 0.0033
vn 0.9925 0.1131 -0.0455
vn 0.9926 0.1196 -0.0211
vn 0.9925 0.1172 -0.0333
vn 0.9926 0.1213 -0.0081
vn -0.1091 -0.9344 0.3391
vn 0.4700 -0.8549 0.2196
vn 0.4703 -0.8730 0.1293
vn 0.4988 -0.8176 0.2876
vn 0.4683 -0.8799 0.0801
vn 0.8767 -0.4739 0.0827
vn -0.5725 -0.7993 0.1828
vn -0.5731 -0.7433 0.3451
vn -0.8141 -0.4899 -0.3118
vn 0.0164 -0.9930 -0.1171
vn 0.8995 -0.4366 -0.0154
vn 0.9989 -0.0468 -0.0018
vn 0.9989 -0.0464 -0.0065
vn 0.8950 -0.4384 -0.0820
vn 0.9926 0.1217 0.0046
vn 0.9926 0.1204 0.0170
vn 0.4691 -0.8708 -0.1469
vn 0.4954 -0.8686 0.0073
vn -0.5758 -0.8175 0.0126
vn 0.0684 -0.6811 0.7290
vn -0.0828 -0.4845 0.8708
vn -0.0838 -0.6547 0.7513
vn 0.0157 -0.7124 0.7016
vn -0.0833 -0.7967 0.5987
vn 0.0165 -0.7511 0.6599
vn 0.0172 -0.8431 0.5376
vn -0.8167 -0.2856 0.5014
vn -0.9837 -0.1183 0.1357
vn -0.8184 -0.3778 0.4330
vn -0.9836 -0.1441 0.1082
vn -0.8186 -0.4592 0.3449
vn 0.9990 -0.0283 0.0340
vn 0.8993 -0.2698 0.3442
vn 0.9989 -0.0290 0.0368
vn 0.8995 -0.3043 0.3134
vn 0.9989 -0.0325 0.0337
vn 0.9989 -0.0361 0.0301
vn 0.9926 0.0751 -0.0957
vn 0.9926 0.0646 -0.1029
vn 0.9926 0.0846 -0.0875
vn 0.9926 0.0932 -0.0781
vn 0.4622 -0.4712 0.7512
vn 0.1390 -0.6026 0.7858
vn 0.4693 -0.6308 0.6179
vn 0.4702 -0.6916 0.5483
vn 0.4948 -0.5048 0.7073
vn -0.5715 -0.5393 0.6185
vn -0.8391 0.0728 0.5391
vn -0.5726 -0.3984 0.7165
vn -0.5747 -0.6540 0.4920
vn 0.0692 -0.9190 0.3882
vn 0.8989 -0.3636 0.2445
vn 0.9989 -0.0391 0.0263
vn 0.8992 -0.3867 0.2047
vn 0.9989 -0.0416 0.0219
vn 0.9926 0.1009 -0.0676
vn 0.9926 0.1076 -0.0571
vn 0.4704 -0.7447 0.4734
vn 0.4977 -0.7835 0.3721
vn 0.0258 0.0188 0.9995
vn -0.0832 -0.0881 0.9926
vn 0.0164 -0.0120 0.9998
vn 0.0162 -0.1644 0.9863
vn 0.0686 -0.3269 0.9425
vn -0.0845 -0.2931 0.9524
vn 0.0163 -0.3659 0.9305
vn -0.8168 0.0635 0.5735
vn -0.9838 -0.0159 0.1787
vn -0.8186 -0.0509 0.5722
vn -0.9837 -0.0529 0.1718
vn -0.8185 -0.1689 0.5491
vn 0.9990 -0.0032 0.0442
vn 0.8991 -0.0158 0.4375
vn 0.9989 -0.0017 0.0471
vn 0.8993 -0.0616 0.4331
vn 0.9989 -0.0066 0.0466
vn 0.8993 -0.1067 0.4240
vn 0.9989 -0.0115 0.0454
vn 0.9926 0.0044 -0.1215
vn 0.9926 -0.0082 -0.1214
vn 0.9926 0.0170 -0.1203
vn 0.9926 0.0297 -0.1180
vn -0.1088 0.0338 0.9935
vn 0.4697 -0.0543 0.8812
vn 0.4705 -0.1460 0.8702
vn 0.4700 -0.2374 0.8502
vn 0.8875 0.0068 0.4608
vn 0.4973 0.0204 0.8673
vn -0.5736 0.0979 0.8133
vn -0.8435 0.3699 0.3895
vn -0.5737 -0.0724 0.8158
vn 0.0155 -0.4193 0.9077
vn 0.9989 -0.0161 0.0441
vn 0.8951 -0.1705 0.4120
vn 0.9989 -0.0207 0.0423
vn 0.8953 -0.2127 0.3914
vn 0.9926 0.0535 -0.1093
vn 0.9926 0.0417 -0.1143
vn 0.4703 -0.3234 0.8211
vn 0.4695 -0.4087 0.7826
vn -0.5726 -0.2410 0.7836
vn 0.0256 0.6030 0.7973
vn -0.0835 0.5122 0.8548
vn 0.0166 0.5782 0.8157
vn 0.0160 0.4465 0.8946
vn -0.0828 0.3229 0.9428
vn 0.0160 0.3949 0.9186
vn 0.0160 0.2508 0.9679
vn -0.8169 0.3885 0.4264
vn -0.9825 0.0957 0.1598
vn -0.8186 0.2952 0.4928
vn -0.8186 0.1861 0.5434
vn 0.9990 0.0233 0.0375
vn 0.8993 0.2442 0.3629
vn 0.9989 0.0263 0.0390
vn 0.9989 0.0220 0.0415
vn 0.8952 0.1915 0.4024
vn 0.9989 0.0175 0.0436
vn 0.9925 -0.0681 -0.1011
vn 0.9926 -0.0781 -0.0933
vn 0.9926 -0.0570 -0.1076
vn -0.2335 0.5373 0.8104
vn 0.4690 0.4743 0.7450
vn 0.4974 0.3717 0.7838
vn 0.4969 0.5268 0.6896
vn 0.4675 0.3480 0.8126
vn -0.5721 0.4213 0.7037
vn -0.8399 0.5334 0.0999
vn -0.5711 0.5587 0.6014
vn -0.8108 -0.1477 0.5664
vn 0.0685 0.0847 0.9940
vn 0.8994 0.1198 0.4204
vn 0.9989 0.0128 0.0451
vn 0.8992 0.0750 0.4310
vn 0.9989 0.0080 0.0463
vn 0.9926 -0.0334 -0.1171
vn 0.9926 -0.0453 -0.1127
vn 0.9925 -0.0209 -0.1200
vn 0.4973 0.2003 0.8441
vn 0.4955 0.1868 0.8483
vn -0.5681 0.2671 0.7784
vn 0.0688 0.9034 0.4233
vn -0.0835 0.9779 0.1914
vn -0.0841 0.9167 0.3907
vn 0.0163 0.8872 0.4610
vn -0.0835 0.8153 0.5730
vn 0.0160 0.8597 0.5105
vn 0.0156 0.7715 0.6360
vn -0.9558 0.1917 0.2229
vn -0.8186 0.5283 0.2252
vn -0.8186 0.5637 0.1106
vn -0.9034 0.4063 -0.1370
vn -0.8186 0.4701 0.3301
vn 0.9990 0.0409 0.0166
vn 0.8994 0.4106 0.1501
vn 0.9989 0.0443 0.0162
vn 0.8991 0.3932 0.1924
vn 0.9989 0.0423 0.0207
vn 0.9989 0.0398 0.0249
vn 0.9926 -0.1181 -0.0297
vn 0.9926 -0.1093 -0.0535
vn 0.9926 -0.1143 -0.0419
vn 0.9926 -0.1032 -0.0647
vn 0.4634 0.8595 0.2157
vn 0.1409 0.9329 0.3315
vn 0.4980 0.8005 0.3335
vn 0.4983 0.7608 0.4158
vn 0.8830 0.4090 0.2303
vn 0.4957 0.7561 0.4274
vn -0.5687 0.8072 0.1581
vn -0.5714 0.6715 0.4717
vn -0.5737 0.7534 0.3214
vn 0.0161 0.7339 0.6790
vn -0.9032 0.4269 -0.0438
vn 0.8994 0.3439 0.2699
vn 0.9989 0.0370 0.0291
vn 0.8993 0.3141 0.3044
vn 0.9989 0.0338 0.0327
vn 0.8886 0.3130 0.3353
vn 0.9926 -0.0958 -0.0751
vn 0.9926 -0.0874 -0.0848
vn 0.4697 0.6179 0.6305
vn 0.4959 0.7060 0.5056
vn 0.0255 0.9448 -0.3266
vn -0.0829 0.9714 -0.2223
vn 0.0169 0.9545 -0.2977
vn 0.0163 0.9889 -0.1474
vn 0.0683 0.9975 0.0188
vn -0.0834 0.9964 -0.0159
vn 0.0158 0.9981 0.0591
vn -0.8170 0.5255 -0.2375
vn -0.9837 0.1754 -0.0402
vn -0.8187 0.5598 -0.1282
vn -0.9825 0.1862 -0.0029
vn -0.8185 0.5745 -0.0091
vn 0.8971 0.4043 -0.1783
vn 0.9989 0.0452 -0.0129
vn 0.9989 0.0436 -0.0175
vn 0.8946 0.4345 -0.1041
vn 0.9989 0.0462 -0.0081
vn 0.8993 0.4364 -0.0294
vn 0.9989 0.0470 -0.0032
vn 0.9926 -0.1126 0.0453
vn 0.9926 -0.1199 0.0209
vn 0.9926 -0.1166 0.0334
vn 0.9926 -0.1213 0.0084
vn -0.1083 0.9345 -0.3392
vn 0.4696 0.8548 -0.2207
vn 0.4691 0.8736 -0.1294
vn 0.4971 0.8184 -0.2881
vn 0.4671 0.8807 -0.0794
vn 0.8765 0.4742 -0.0827
vn -0.5672 0.8028 -0.1839
vn -0.8387 0.2560 -0.4806
vn -0.5677 0.7466 -0.3468
vn -0.5709 0.8209 -0.0132
vn 0.0692 0.9716 0.2261
vn 0.8993 0.4371 0.0158
vn 0.9989 0.0470 0.0017
vn 0.9989 0.0466 0.0066
vn 0.8948 0.4388 0.0819
vn 0.9926 -0.1216 -0.0044
vn 0.9926 -0.1205 -0.0172
vn 0.4975 0.8646 0.0702
vn 0.4978 0.8523 0.1606
vn 0.0702 0.6827 -0.7273
vn -0.0838 0.4843 -0.8709
vn -0.0849 0.6553 -0.7506
vn 0.0156 0.7131 -0.7009
vn -0.0832 0.7966 -0.5987
vn 0.0160 0.7515 -0.6596
vn 0.0156 0.8421 -0.5391
vn -0.9562 0.2704 -0.1119
vn -0.8186 0.3775 -0.4329
vn -0.8186 0.2792 -0.5019
vn -0.9030 -0.0046 -0.4296
vn -0.8184 0.4593 -0.3453
vn 0.9990 0.0284 -0.0338
vn 0.8990 0.2701 -0.3446
vn 0.9989 0.0291 -0.0370
vn 0.8993 0.3044 -0.3141
vn 0.9989 0.0328 -0.0338
vn 0.9989 0.0361 -0.0302
vn 0.9926 -0.0751 0.0958
vn 0.9926 -0.0647 0.1032
vn 0.9926 -0.0847 0.0874
vn 0.9926 -0.0933 0.0781
vn 0.4636 0.4708 -0.7506
vn 0.1404 0.6034 -0.7849
vn 0.4982 0.5649 -0.6578
vn 0.4689 0.6917 -0.5493
vn 0.4675 0.6007 -0.6486
vn -0.5717 0.3988 -0.7170
vn -0.5698 0.6571 -0.4934
vn -0.5713 0.5396 -0.6184
vn 0.0169 0.8722 -0.4889
vn 0.8951 0.3536 -0.2716
vn 0.9989 0.0389 -0.0262
vn 0.8951 0.3804 -0.2327
vn 0.9989 0.0415 -0.0220
vn 0.9926 -0.1010 0.0679
vn 0.9926 -0.1073 0.0567
vn 0.4691 0.7453 -0.4738
vn 0.4977 0.7841 -0.3708
vn 0.8821 0.4056 -0.2395
vn -0.6735 0.5911 -0.4439
vn 0.0685 0.1233 -0.9900
vn -0.0844 0.0886 -0.9925
vn 0.0156 0.1647 -0.9862
vn -0.0828 0.2927 -0.9526
vn 0.0160 0.2205 -0.9753
vn 0.0161 0.3649 -0.9309
vn -0.9837 0.0159 -0.1792
vn -0.8186 0.0509 -0.5721
vn -0.9837 0.0529 -0.1717
vn -0.8184 0.1689 -0.5492
vn 0.8953 -0.0116 -0.4454
vn 0.9989 0.0016 -0.0469
vn 0.8953 0.0353 -0.4441
vn 0.9989 0.0066 -0.0465
vn 0.8952 0.0815 -0.4381
vn 0.9989 0.0114 -0.0457
vn 0.9926 -0.0045 0.1217
vn 0.9926 -0.0171 0.1204
vn 0.4974 0.0695 -0.8647
vn 0.4696 0.2370 -0.8505
vn 0.4680 0.1056 -0.8774
vn -0.6742 -0.0889 -0.7332
vn -0.5715 0.0731 -0.8173
vn 0.0691 0.5154 -0.8542
vn 0.8992 0.1503 -0.4109
vn 0.9989 0.0162 -0.0440
vn 0.8992 0.1926 -0.3928
vn 0.9989 0.0207 -0.0423
vn 0.8882 0.2228 -0.4019
vn 0.9926 -0.0296 0.1179
vn 0.9926 -0.0536 0.1094
vn 0.9925 -0.0420 0.1146
vn 0.4693 0.3247 -0.8212
vn 0.4702 0.4085 -0.7823
vn 0.8770 0.1169 -0.4660
vn -0.5757 0.2403 -0.7815
vn 0.8409 -0.3476 -0.4149
vn 0.8405 -0.3024 -0.4496
vn 0.8409 -0.3476 -0.4147
vn 0.8375 -0.2559 -0.4827
vn 0.8376 -0.2556 -0.4827
vn 0.8423 -0.2012 -0.5001
vn 0.8428 -0.2009 -0.4993
vn 0.8139 0.3729 0.4456
vn 0.7908 0.3388 0.5097
vn 0.7727 0.4074 0.4868
vn 0.8132 0.2726 0.5142
vn 0.8145 0.3236 0.4816
vn 0.8059 0.2209 0.5493
vn 0.7954 0.3007 0.5262
vn 0.0755 -0.5573 -0.8269
vn 0.1072 -0.6373 -0.7631
vn 0.1072 -0.6374 -0.7631
vn 0.1012 -0.4652 -0.8794
vn 0.0753 -0.5573 -0.8269
vn 0.1028 -0.3712 -0.9228
vn 0.7230 0.3028 0.6209
vn 0.7847 0.2834 0.5513
vn 0.9749 0.1055 0.1960
vn 0.9604 0.1582 0.2295
vn 0.9895 0.0077 0.1440
vn 0.8149 0.1992 0.5442
vn 0.7842 0.2315 0.5757
vn 0.7156 0.2510 0.6519
vn 0.8198 0.2128 0.5316
vn 0.9923 0.0446 0.1151
vn 0.6892 -0.2299 0.6871
vn 0.8194 -0.3031 0.4866
vn 0.7694 -0.3864 0.5087
vn 0.5051 0.0430 0.8620
vn 0.6714 -0.0398 0.7400
vn 0.6416 -0.0712 0.7638
vn 0.6612 0.1859 0.7269
vn 0.6915 0.0051 0.7224
vn 0.8132 -0.5432 -0.2091
vn 0.7429 -0.6691 -0.0195
vn 0.8230 -0.5675 0.0261
vn 0.4464 0.4900 0.7488
vn 0.5299 0.5435 0.6510
vn 0.4081 0.5858 0.7002
vn 0.0031 -0.8395 0.5434
vn 0.0665 -0.8656 0.4964
vn -0.0000 -0.8675 0.4975
vn 0.0031 -0.8170 0.5767
vn 0.2579 -0.8633 0.4338
vn -0.0003 -0.4251 0.9051
vn 0.0685 -0.4425 0.8941
vn 0.0004 -0.4761 0.8794
vn -0.0095 -0.9831 -0.1828
vn 0.0613 -0.9391 -0.3381
vn -0.0145 -0.9407 -0.3391
vn -0.0034 -0.3604 0.9328
vn 0.1882 -0.4386 0.8788
vn -0.8110 0.3983 0.4285
vn -0.8138 0.2986 0.4987
vn -0.8143 0.2983 0.4980
vn -0.8130 0.1892 0.5506
vn -0.0224 -0.6421 -0.7663
vn -0.0560 -0.3677 -0.9283
vn -0.0574 -0.6372 -0.7686
vn -0.7245 -0.2858 -0.6273
vn -0.7553 -0.2719 -0.5963
vn -0.1513 0.5079 0.8481
vn -0.1536 0.6730 0.7235
vn -0.1543 0.6731 0.7233
vn -0.1517 0.3203 0.9351
vn -0.1505 0.5078 0.8482
vn -0.0000 0.6813 0.7320
vn -0.0000 0.5142 0.8577
vn -0.0000 0.3238 0.9461
vn -0.9974 0.0070 -0.0715
vn -1.0000 -0.0026 -0.0057
vn -0.9999 -0.0076 -0.0075
vn -0.8869 -0.1418 -0.4397
vn -0.8419 -0.2631 -0.4712
vn -1.0000 -0.0000 -0.0000
vn -0.7907 -0.3380 -0.5104
vn -0.8007 -0.2770 -0.5312
vn -0.8112 -0.2219 -0.5410
vn 0.8654 -0.3284 0.3784
vn 0.7875 -0.4544 0.4163
vn -0.9413 -0.1301 -0.3115
vn -0.9715 -0.1088 -0.2104
vn -0.9672 -0.0959 -0.2351
vn -0.7744 -0.3416 -0.5325
vn -0.9439 -0.1651 -0.2861
vn -0.9394 -0.1083 -0.3254
vn 0.8376 -0.1499 -0.5254
vn 0.8375 -0.1496 -0.5255
vn 0.8418 -0.0932 -0.5316
vn 0.8419 -0.0934 -0.5314
vn 0.8410 -0.0360 -0.5398
vn 0.8132 0.1594 0.5597
vn 0.8118 0.2179 0.5417
vn 0.7896 0.1081 0.6041
vn 0.7949 0.1851 0.5779
vn 0.8145 0.0997 0.5716
vn 0.7724 0.0432 0.6336
vn 0.1027 -0.2723 -0.9567
vn 0.0686 -0.1737 -0.9824
vn 0.1017 -0.2721 -0.9569
vn 0.0968 -0.0663 -0.9931
vn 0.0686 -0.1740 -0.9824
vn 0.9757 0.0637 0.2096
vn 0.9603 0.0447 0.2753
vn 0.9631 0.0755 0.2584
vn 0.9937 0.0296 0.1083
vn 0.7814 0.1819 0.5969
vn 0.7442 0.2283 0.6278
vn 0.7637 0.2062 0.6117
vn 0.7135 0.6971 0.0703
vn 0.8200 0.5545 0.1419
vn 0.8266 0.5208 0.2133
vn 0.6724 0.4894 0.5553
vn 0.6129 0.5588 0.5587
vn 0.6393 0.5826 0.5019
vn 0.4438 0.5773 0.6854
vn 0.7031 0.4789 0.5257
vn 0.6050 0.4811 0.6345
vn 0.8665 0.3612 -0.3446
vn 0.7423 0.4697 -0.4780
vn 0.7034 0.4231 -0.5712
vn 0.4466 0.1653 0.8793
vn 0.4065 0.0615 0.9116
vn 0.5309 0.0563 0.8456
vn 0.0035 0.9820 -0.1890
vn 0.0686 0.9682 -0.2407
vn 0.0708 0.9828 -0.1703
vn 0.0014 0.9890 -0.1482
vn 0.0777 0.9898 -0.1198
vn -0.0001 0.9331 0.3597
vn 0.0656 0.9399 0.3352
vn 0.0818 0.9147 0.3959
vn -0.0074 0.5770 -0.8167
vn 0.0586 0.4467 -0.8927
vn 0.0536 0.5883 -0.8068
vn -0.0021 0.9102 0.4142
vn 0.0815 0.8699 0.4865
vn -0.8118 0.0700 0.5797
vn -0.8118 0.0699 0.5798
vn -0.0224 -0.0680 -0.9974
vn -0.0225 -0.3731 -0.9275
vn -0.1572 0.0514 -0.9862
vn -0.6928 -0.3268 -0.6428
vn -0.1519 0.3201 0.9351
vn -0.1520 0.1190 0.9812
vn -0.0000 0.1198 0.9928
vn -0.9788 -0.1511 -0.1382
vn -0.9286 0.0988 -0.3578
vn -0.9246 -0.2739 -0.2648
vn -0.9999 -0.0017 -0.0105
vn -0.8072 -0.1534 -0.5700
vn 0.8736 0.4518 0.1809
vn 0.5562 0.8072 0.1977
vn 0.7883 0.6151 -0.0129
vn -0.9724 -0.0709 -0.2222
vn -0.9429 -0.1060 -0.3159
vn -0.7747 -0.0787 -0.6274
vn -0.9356 -0.1631 -0.3133
vn -0.9548 -0.0812 -0.2859
vn 0.4718 0.8588 0.1996
vn 0.1371 0.7199 0.6804
vn 0.0782 0.9887 -0.1278
vn 0.9896 0.1404 0.0323
vn 0.8372 0.0291 -0.5461
vn 0.3982 -0.9044 0.1533
vn 0.9320 0.3596 -0.0455
vn 0.8942 0.1980 0.4014
vn 0.3798 -0.5151 0.7684
vn 0.5963 0.3561 0.7195
vn 0.7809 -0.0704 -0.6207
vn 0.6024 -0.6151 -0.5087
vn -0.9356 -0.3166 -0.1561
vn -0.4313 -0.6003 -0.6735
vn -0.9326 -0.2066 -0.2959
vn -0.8596 -0.3918 -0.3281
vn -0.7713 -0.4350 -0.4647
vn -0.8551 -0.1957 -0.4801
vn -0.9077 -0.1791 -0.3796
vn -0.9055 -0.1607 -0.3928
vn -0.9043 -0.1383 -0.4040
vn -0.0041 0.9820 -0.1890
vn 0.9274 0.1396 0.3471
vn 0.9305 -0.1133 0.3483
vn 0.0484 -0.4889 -0.8710
vn -0.0159 -0.1741 -0.9846
vn 0.9859 0.1172 0.1195
vn -0.0002 0.9524 0.3049
vn 0.0012 0.9689 -0.2476
vn 0.0574 0.4436 0.8944
vn 0.0335 0.5791 0.8146
vn 0.0188 0.4448 0.8954
vn 0.0574 0.2991 0.9525
vn 0.0345 0.1457 0.9887
vn 0.0531 0.1451 0.9880
vn 0.0591 -0.1453 -0.9876
vn 0.0630 -0.3004 -0.9517
vn 0.0637 -0.3000 -0.9518
vn 0.0588 -0.5784 -0.8136
vn 0.0630 -0.4421 -0.8948
vn 0.0580 -0.5782 -0.8138
vn -0.1024 0.4421 0.8911
vn -0.0510 0.5771 0.8151
vn -0.1028 0.2978 0.9491
vn -0.0514 0.1471 0.9878
vn 0.7545 -0.2891 -0.5892
vn 0.7517 -0.3844 -0.5358
vn 0.7521 -0.3845 -0.5352
vn 0.7546 -0.1990 -0.6252
vn 0.7522 -0.0950 -0.6521
vn 0.7549 -0.1992 -0.6248
vn -0.9423 -0.1505 -0.2991
vn -0.8482 -0.1467 -0.5090
vn -0.7908 -0.1128 -0.6016
vn -0.8492 -0.2457 -0.4674
vn 0.9801 0.0288 0.1962
vn 0.9801 0.0603 0.1892
vn 0.9801 0.0292 0.1964
vn 0.9179 0.1794 0.3541
vn 0.9508 0.0971 0.2942
vn 0.9179 0.1157 0.3797
vn 0.1514 -0.2950 -0.9434
vn 0.7972 -0.0962 -0.5960
vn 0.8004 -0.1711 -0.5746
vn 0.1488 -0.5732 -0.8058
vn 0.7978 -0.2765 -0.5359
vn 0.7985 -0.3413 -0.4959
vn 0.1878 0.5691 0.8005
vn 0.1799 0.4380 0.8808
vn 0.1765 0.4404 0.8803
vn 0.1800 0.2941 0.9387
vn 0.1915 0.1464 0.9705
vn 0.1766 0.2920 0.9400
vn 0.9597 -0.1053 -0.2607
vn 0.9590 -0.1816 -0.2177
vn 0.9583 -0.0194 -0.2852
vn 0.8968 0.0623 0.4380
vn 0.9014 0.2781 0.3317
vn 0.8971 0.1647 0.4100
vn 0.9047 0.0237 0.4253
vn 0.9380 0.0153 0.3462
vn 0.9009 -0.1638 -0.4020
vn 0.9973 -0.0272 -0.0677
vn 0.8478 -0.1979 -0.4920
vn 0.8585 -0.0097 -0.5127
vn 0.6758 -0.4737 -0.5647
vn 0.6701 -0.2770 -0.6887
vn 0.6755 -0.0505 -0.7357
vn 0.9697 0.0415 0.2408
vn 0.9588 0.2129 0.1879
vn 0.9801 0.1154 0.1614
vn 0.9801 0.1389 0.1420
vn 0.9801 0.1155 0.1614
vn 0.0530 0.5791 0.8136
vn 0.0327 0.6978 0.7155
vn 0.0583 -0.6975 -0.7142
vn 0.7709 -0.4433 -0.4573
vn -0.0241 0.3375 0.9410
vn 0.0637 -0.4423 -0.8946
vn 0.9801 0.0606 0.1890
vn 0.9801 0.0875 0.1782
vn 0.8930 0.2596 0.3678
vn 0.8941 0.3104 0.3228
vn 0.7985 -0.4267 -0.4246
vn 0.1519 -0.4408 -0.8847
vn 0.1490 -0.6902 -0.7081
vn 0.1813 0.6883 0.7024
vn 0.1735 0.6894 0.7033
vn 0.9801 0.0876 0.1781
vn 0.8415 -0.5240 -0.1317
vn 0.8434 -0.5047 -0.1842
vn 0.8435 -0.5045 -0.1843
vn 0.8435 -0.4826 -0.2357
vn 0.8434 -0.4827 -0.2360
vn 0.8415 -0.4575 -0.2874
vn 0.8129 0.5471 0.1997
vn 0.7750 0.6130 0.1537
vn 0.8130 0.5647 0.1421
vn 0.8118 0.5249 0.2559
vn 0.7358 0.6420 0.2153
vn 0.8118 0.4945 0.3105
vn 0.7972 0.5493 0.2503
vn 0.0955 -0.9353 -0.3408
vn 0.0765 -0.9673 -0.2418
vn 0.0759 -0.9673 -0.2420
vn 0.0749 -0.8953 -0.4392
vn 0.0744 -0.8953 -0.4392
vn 0.0758 -0.8443 -0.5305
vn 0.0758 -0.8441 -0.5308
vn 0.7229 0.6068 0.3304
vn 0.7857 0.5521 0.2789
vn 0.9748 0.2012 0.0966
vn 0.9610 0.2610 0.0914
vn 0.9896 0.0900 0.1124
vn 0.8149 0.4808 0.3238
vn 0.7841 0.5257 0.3300
vn 0.7184 0.5855 0.3757
vn 0.8206 0.4825 0.3062
vn 0.9923 0.1055 0.0654
vn 0.6869 0.2209 0.6924
vn 0.8180 0.0381 0.5740
vn 0.7681 -0.0140 0.6402
vn 0.5071 0.5417 0.6704
vn 0.6716 0.4042 0.6209
vn 0.6402 0.3903 0.6617
vn 0.6589 0.5800 0.4791
vn 0.6950 0.4279 0.5779
vn 0.8145 -0.5609 0.1485
vn 0.7414 -0.5538 0.3791
vn 0.8243 -0.4420 0.3536
vn 0.4453 0.8380 0.3155
vn 0.5300 0.8232 0.2034
vn 0.4144 0.8829 0.2210
vn 0.0041 -0.3600 0.9329
vn 0.0660 -0.4074 0.9109
vn 0.0009 -0.4119 0.9112
vn 0.0017 -0.3215 0.9469
vn 0.2503 -0.4420 0.8614
vn -0.0008 0.1881 0.9821
vn 0.0652 0.1673 0.9838
vn -0.0016 0.1348 0.9909
vn -0.0072 -0.9056 0.4241
vn 0.0651 -0.9586 0.2771
vn -0.0127 -0.9607 0.2773
vn -0.0057 0.2583 0.9660
vn 0.1902 0.1626 0.9682
vn -0.8110 0.5742 0.1127
vn -0.8130 0.5356 0.2284
vn -0.8134 0.5352 0.2280
vn -0.8129 0.4766 0.3346
vn -0.0223 -0.9693 -0.2447
vn -0.0565 -0.8432 -0.5347
vn -0.0578 -0.9670 -0.2483
vn -0.7257 -0.5982 -0.3400
vn -0.7559 -0.5698 -0.3224
vn -0.1523 0.9090 0.3879
vn -0.1524 0.9698 0.1903
vn -0.1525 0.9698 0.1902
vn -0.1533 0.8087 0.5678
vn -0.1524 0.9090 0.3879
vn -0.0000 0.9198 0.3925
vn -0.0000 0.9813 0.1925
vn -0.0000 0.8182 0.5750
vn -0.9975 -0.0365 -0.0610
vn -1.0000 -0.0054 -0.0031
vn -0.9999 -0.0105 -0.0016
vn -0.8842 -0.3759 -0.2775
vn -0.8430 -0.4882 -0.2258
vn -0.9166 -0.3997 -0.0081
vn -0.7906 -0.5738 -0.2139
vn -0.8002 -0.5366 -0.2680
vn -0.8111 -0.4978 -0.3071
vn 0.8664 -0.0432 0.4975
vn 0.7860 -0.1219 0.6060
vn -0.9417 -0.2878 -0.1743
vn -0.9714 -0.2122 -0.1065
vn -0.9672 -0.2160 -0.1339
vn -0.7729 -0.5903 -0.2327
vn -0.9438 -0.3018 -0.1347
vn -0.9392 -0.2792 -0.1997
vn 0.8416 -0.4250 -0.3331
vn 0.8417 -0.4250 -0.3332
vn 0.8416 -0.3881 -0.3755
vn 0.8416 -0.3878 -0.3760
vn 0.8116 0.4596 0.3607
vn 0.7952 0.5217 0.3090
vn 0.7895 0.4425 0.4254
vn 0.7970 0.4845 0.3607
vn 0.8129 0.4184 0.4052
vn 0.0769 -0.7848 -0.6150
vn 0.0769 -0.7846 -0.6152
vn 0.0779 -0.7169 -0.6928
vn 0.0769 -0.7171 -0.6927
vn 0.9757 0.1747 0.1320
vn 0.9625 0.2156 0.1646
vn 0.7833 0.4943 0.3769
vn 0.7419 0.5571 0.3732
vn 0.7659 0.5236 0.3731
vn 0.7107 0.6058 -0.3578
vn 0.8192 0.5324 -0.2133
vn 0.8268 0.5473 -0.1299
vn 0.6727 0.7215 0.1640
vn 0.6110 0.7821 0.1226
vn 0.6443 0.7624 0.0612
vn 0.6994 0.7005 0.1422
vn 0.6052 0.7622 0.2299
vn 0.7417 0.0998 -0.6632
vn 0.4496 0.6510 0.6116
vn 0.0018 0.6828 -0.7306
vn 0.0646 0.6431 -0.7630
vn 0.0756 0.6945 -0.7155
vn 0.0027 0.7105 -0.7037
vn 0.0686 0.7332 -0.6766
vn -0.0008 0.9660 -0.2585
vn 0.0659 0.9582 -0.2785
vn 0.0791 0.9726 -0.2188
vn -0.0083 -0.0164 -0.9998
vn 0.0503 0.0034 -0.9987
vn -0.8126 0.4770 0.3348
vn -0.0223 -0.8471 -0.5310
vn -0.6594 -0.6550 -0.3689
vn -0.1533 0.8088 0.5677
vn -0.9790 -0.2025 -0.0222
vn -0.8073 -0.4592 -0.3706
vn 0.8743 0.4705 -0.1194
vn 0.5592 0.7680 -0.3122
vn 0.7877 0.4901 -0.3733
vn -0.9723 -0.1887 -0.1379
vn -0.9430 -0.2714 -0.1924
vn -0.9546 -0.2347 -0.1836
vn 0.4655 0.8146 -0.3461
vn 0.1339 0.9844 0.1143
vn 0.0741 0.7219 -0.6881
vn 0.9895 0.1329 -0.0568
vn 0.8350 -0.2971 -0.4632
vn 0.3988 -0.6447 0.6521
vn 0.9317 0.2659 -0.2475
vn 0.8942 0.3942 0.2123
vn 0.3715 0.0305 0.9279
vn 0.5938 0.7110 0.3767
vn 0.7777 -0.4280 -0.4604
vn 0.6019 -0.7968 -0.0525
vn -0.9369 -0.3444 0.0601
vn -0.4328 -0.8832 -0.1806
vn -0.9347 -0.3340 -0.1216
vn -0.8597 -0.5096 -0.0351
vn -0.7706 -0.6257 -0.1213
vn -0.8541 -0.4416 -0.2749
vn -0.9084 -0.3664 -0.2014
vn -0.9049 -0.3618 -0.2241
vn -0.9053 -0.3477 -0.2441
vn -0.0057 0.6807 -0.7325
vn 0.9276 0.3154 0.2001
vn 0.9306 0.1161 0.3472
vn 0.0372 -0.9099 -0.4133
vn -0.0177 -0.7213 -0.6924
vn 0.9855 0.1666 0.0308
vn -0.0003 0.9481 -0.3180
vn 0.0002 0.6352 -0.7724
vn 0.0522 0.9473 0.3162
vn 0.0364 0.8852 0.4639
vn 0.0529 0.8849 0.4628
vn 0.0558 0.8024 0.5942
vn 0.0527 0.6976 0.7145
vn 0.0612 -0.8023 -0.5937
vn 0.0611 -0.8023 -0.5937
vn 0.0572 -0.8841 -0.4638
vn 0.0572 -0.9472 -0.3156
vn -0.0418 0.8847 0.4643
vn -0.0092 0.9375 0.3478
vn -0.0741 0.9467 0.3134
vn -0.0493 0.6973 0.7151
vn -0.0066 0.7846 0.6199
vn -0.0710 0.8029 0.5919
vn 0.7553 -0.6220 -0.2065
vn 0.7550 -0.5801 -0.3057
vn 0.7553 -0.6219 -0.2067
vn 0.7709 -0.4435 -0.4571
vn 0.7549 -0.5275 -0.3897
vn 0.7544 -0.5280 -0.3900
vn -0.9425 -0.2971 -0.1532
vn -0.8492 -0.4170 -0.3239
vn -0.7910 -0.4443 -0.4206
vn -0.8493 -0.4732 -0.2341
vn 0.9801 0.1594 0.1181
vn 0.9801 0.1592 0.1186
vn 0.9166 0.3561 0.1819
vn 0.9502 0.2540 0.1808
vn 0.7997 -0.4779 -0.3635
vn 0.1443 -0.7969 -0.5867
vn 0.1486 -0.8751 -0.4605
vn 0.8004 -0.5654 -0.1992
vn 0.1495 -0.9369 -0.3160
vn 0.1848 0.8710 0.4551
vn 0.1824 0.9313 0.3152
vn 0.1824 0.8722 0.4538
vn 0.1912 0.7869 0.5868
vn 0.9588 -0.2408 -0.1506
vn 0.9601 -0.2712 -0.0678
vn 0.9132 0.2795 0.2964
vn 0.8916 0.4402 0.1059
vn 0.8943 0.4348 0.1059
vn 0.9932 0.0675 0.0953
vn 0.9976 -0.0657 -0.0226
vn 0.8429 -0.4564 -0.2850
vn 0.8449 -0.5184 -0.1318
vn 0.9986 -0.0520 -0.0025
vn 0.6869 -0.7034 -0.1827
vn 0.6781 -0.6248 -0.3870
vn 0.9802 0.1954 0.0335
vn 0.9801 0.1882 0.0628
vn 0.9801 0.1879 0.0633
vn 0.0525 0.9844 0.1682
vn 0.0576 -0.9840 -0.1684
vn 0.0237 0.9846 0.1732
vn 0.7544 -0.6469 -0.1113
vn 0.0579 -0.8839 -0.4640
vn 0.9801 0.1756 0.0923
vn 0.9511 0.3088 0.0014
vn 0.9007 0.4121 0.1375
vn 0.9053 0.4185 0.0732
vn 0.9178 0.3191 0.2361
vn 0.7991 -0.5941 -0.0922
vn 0.4163 -0.7923 -0.4461
vn 0.1496 -0.9747 -0.1659
vn 0.1831 0.9694 0.1637
vn 0.1823 0.9693 0.1647
vn 0.1928 0.7861 0.5872
vn 0.9801 0.1757 0.0920
vn 0.8361 -0.5086 0.2056
vn 0.8431 -0.5172 0.1469
vn 0.8434 -0.5169 0.1467
vn 0.8420 -0.5315 0.0924
vn 0.8420 -0.5314 0.0929
vn 0.8410 -0.5398 0.0365
vn 0.8138 0.5590 -0.1590
vn 0.7738 0.5877 -0.2363
vn 0.8141 0.5388 -0.2167
vn 0.8124 0.5744 -0.1007
vn 0.7383 0.6434 -0.2024
vn 0.8119 0.5824 -0.0396
vn 0.7949 0.5945 -0.1216
vn 0.0729 -0.9593 0.2729
vn 0.1018 -0.9224 0.3726
vn 0.0721 -0.9594 0.2728
vn 0.0686 -0.9826 0.1723
vn 0.0674 -0.9828 0.1722
vn 0.1061 -0.9921 0.0671
vn 0.7251 0.6822 -0.0937
vn 0.7837 0.6132 -0.0988
vn 0.9748 0.2192 -0.0401
vn 0.9607 0.2662 -0.0792
vn 0.9895 0.1393 0.0372
vn 0.8147 0.5794 -0.0211
vn 0.7853 0.6177 -0.0418
vn 0.7195 0.6934 -0.0396
vn 0.8218 0.5683 -0.0402
vn 0.9923 0.1238 -0.0073
vn 0.6868 0.5828 0.4343
vn 0.8194 0.3697 0.4381
vn 0.7656 0.3664 0.5288
vn 0.5011 0.8361 0.2233
vn 0.6719 0.6926 0.2624
vn 0.6416 0.7031 0.3065
vn 0.6577 0.7515 0.0524
vn 0.6951 0.6848 0.2189
vn 0.8109 -0.3686 0.4546
vn 0.7429 -0.2262 0.6301
vn 0.8224 -0.1527 0.5480
vn 0.4483 0.8630 -0.2331
vn 0.5336 0.7855 -0.3135
vn 0.4107 0.8459 -0.3403
vn 0.0039 0.2574 0.9663
vn 0.0704 0.2046 0.9763
vn 0.0004 0.2012 0.9795
vn 0.0024 0.2995 0.9541
vn 0.2506 0.1476 0.9568
vn -0.0001 0.7294 0.6841
vn 0.0687 0.7115 0.6993
vn 0.0009 0.6907 0.7231
vn -0.0088 -0.4819 0.8762
vn 0.0582 -0.6072 0.7924
vn -0.0140 -0.6191 0.7852
vn -0.0060 0.7831 0.6219
vn 0.1852 0.7017 0.6880
vn -0.8116 0.5301 -0.2457
vn -0.8130 0.5676 -0.1297
vn -0.8132 0.5673 -0.1298
vn -0.8129 0.5824 -0.0091
vn -0.0223 -0.9276 0.3730
vn -0.0547 -0.9966 0.0623
vn -0.0573 -0.9281 0.3678
vn -0.7228 -0.6876 0.0691
vn -0.7549 -0.6516 0.0740
vn -0.1521 0.9634 -0.2208
vn -0.1523 0.8964 -0.4163
vn -0.1524 0.8964 -0.4163
vn -0.1523 0.9882 -0.0157
vn -0.1521 0.9634 -0.2206
vn -0.0000 0.9747 -0.2234
vn -0.0000 0.9070 -0.4212
vn -0.0000 0.9999 -0.0158
vn -0.9974 -0.0661 -0.0297
vn -1.0000 -0.0062 0.0007
vn -0.9999 -0.0094 0.0049
vn -0.8827 -0.4699 -0.0007
vn -0.8404 -0.5319 0.1044
vn -0.7906 -0.5902 0.1632
vn -0.8002 -0.5916 0.0984
vn -0.9293 -0.2957 0.2212
vn 0.8659 0.2581 0.4285
vn 0.7905 0.2539 0.5573
vn -0.9415 -0.3359 0.0282
vn -0.9713 -0.2347 0.0385
vn -0.9675 -0.2520 0.0189
vn -0.7705 -0.6173 0.1587
vn -0.9437 -0.3239 0.0679
vn -0.9396 -0.3422 0.0027
vn 0.8415 -0.5398 -0.0194
vn 0.8416 -0.5397 -0.0200
vn 0.8416 -0.5347 -0.0760
vn 0.8416 -0.5347 -0.0759
vn 0.8061 0.5914 0.0215
vn 0.7970 0.6013 -0.0571
vn 0.8119 0.5834 0.0218
vn 0.7890 0.6087 0.0836
vn 0.8131 0.5764 0.0815
vn 0.0777 -0.9963 -0.0378
vn 0.0768 -0.9963 -0.0378
vn 0.0767 -0.9872 -0.1401
vn 0.0767 -0.9871 -0.1404
vn 0.9759 0.2184 0.0039
vn 0.9610 0.2763 0.0072
vn 0.7817 0.6236 0.0122
vn 0.7446 0.6672 -0.0228
vn 0.7643 0.6448 -0.0088
vn 0.7144 0.2821 -0.6403
vn 0.8169 0.3043 -0.4900
vn 0.8277 0.3663 -0.4252
vn 0.6721 0.6810 -0.2906
vn 0.6151 0.7036 -0.3558
vn 0.6386 0.6574 -0.4000
vn 0.7036 0.6471 -0.2936
vn 0.6047 0.7528 -0.2600
vn 0.7425 -0.3091 -0.5942
vn 0.4469 0.8867 0.1188
vn 0.0062 0.1232 -0.9924
vn 0.0710 0.0685 -0.9951
vn 0.0706 0.1408 -0.9875
vn 0.0036 0.1646 -0.9864
vn 0.0810 0.1939 -0.9777
vn -0.0005 0.6300 -0.7766
vn 0.0659 0.6115 -0.7885
vn 0.0854 0.6600 -0.7464
vn -0.0095 -0.5932 -0.8050
vn 0.0510 -0.5858 -0.8088
vn -0.8126 0.5828 -0.0092
vn -0.0221 -0.9975 0.0677
vn -0.6635 -0.7420 0.0961
vn -0.9790 -0.1771 0.1012
vn -0.8052 -0.5912 0.0467
vn -0.8070 -0.5899 -0.0300
vn 0.8740 0.3095 -0.3747
vn 0.5531 0.4370 -0.7093
vn 0.7900 0.1757 -0.5874
vn -0.9723 -0.2336 -0.0004
vn -0.9429 -0.3331 0.0039
vn -0.9548 -0.2970 -0.0097
vn 0.4692 0.4542 -0.7573
vn 0.1255 0.8844 -0.4496
vn 0.0781 0.1890 -0.9789
vn 0.9895 0.0751 -0.1237
vn 0.8367 -0.5113 -0.1964
vn 0.4002 -0.1335 0.9067
vn 0.9337 0.0636 -0.3524
vn 0.8947 0.4429 -0.0583
vn 0.3742 0.5636 0.7365
vn 0.6006 0.7910 -0.1171
vn 0.7801 -0.6133 -0.1240
vn 0.6045 -0.6730 0.4261
vn -0.9367 -0.2434 0.2516
vn -0.4288 -0.8263 0.3651
vn -0.9348 -0.3412 0.0990
vn -0.8598 -0.4319 0.2725
vn -0.7712 -0.5762 0.2708
vn -0.8551 -0.5170 0.0378
vn -0.9076 -0.4164 0.0532
vn -0.9059 -0.4224 0.0312
vn -0.9048 -0.4258 0.0067
vn -0.0051 0.1154 -0.9933
vn 0.9273 0.3732 -0.0283
vn 0.9297 0.2986 0.2155
vn -0.0133 -0.9891 -0.1466
vn 0.0454 -0.9796 0.1959
vn 0.9864 0.1453 -0.0771
vn 0.0003 0.5853 -0.8108
vn 0.0008 0.0710 -0.9975
vn 0.0553 0.9879 -0.1450
vn 0.0338 0.9535 -0.2996
vn 0.0275 0.9890 -0.1452
vn 0.0531 0.9986 0.0090
vn 0.0581 -0.9983 -0.0080
vn 0.0578 -0.9983 -0.0080
vn 0.0632 -0.9516 0.3009
vn 0.0604 -0.9875 0.1458
vn 0.0637 -0.9514 0.3012
vn -0.0628 0.9874 -0.1452
vn -0.0523 0.9530 -0.2985
vn -0.0502 0.9987 0.0091
vn -0.0723 0.9829 0.1695
vn 0.7460 -0.6587 0.0980
vn 0.7545 -0.6255 0.1988
vn 0.7547 -0.6251 0.1990
vn 0.7521 -0.6590 -0.0054
vn 0.7543 -0.6470 -0.1113
vn 0.7523 -0.6588 -0.0055
vn -0.9424 -0.3305 0.0507
vn -0.8486 -0.5287 -0.0179
vn -0.7911 -0.6066 -0.0792
vn -0.8489 -0.5210 0.0896
vn 0.9801 0.1984 0.0015
vn 0.9801 0.1983 0.0015
vn 0.9186 0.3903 -0.0622
vn 0.9513 0.3083 -0.0011
vn 0.7998 -0.6001 -0.0117
vn 0.1491 -0.9888 -0.0039
vn 0.1567 -0.9775 0.1413
vn 0.7980 -0.5775 0.1723
vn 0.1519 -0.9426 0.2975
vn 0.1859 0.9721 -0.1429
vn 0.1860 0.9374 -0.2944
vn 0.1858 0.9721 -0.1429
vn 0.1852 0.9827 0.0076
vn 0.1860 0.9825 0.0070
vn 0.9620 -0.2726 0.0170
vn 0.5689 -0.8135 -0.1207
vn 0.9587 -0.2836 0.0196
vn 0.9159 0.3947 0.0735
vn 0.8901 0.4244 -0.1662
vn 0.8959 0.4130 -0.1638
vn 0.9976 -0.0668 0.0195
vn 0.8493 -0.5266 0.0366
vn 0.8438 -0.4982 0.1993
vn 0.6818 -0.6794 0.2711
vn 0.6751 -0.7359 0.0520
vn 0.9382 0.3443 -0.0362
vn 0.9801 0.1782 -0.0878
vn 0.9801 0.1895 -0.0599
vn 0.9801 0.1780 -0.0883
vn 0.0581 0.8947 -0.4429
vn 0.0581 0.9522 -0.3000
vn 0.0637 -0.8950 0.4415
vn 0.0333 0.8972 -0.4403
vn 0.7547 -0.5886 0.2897
vn 0.0012 0.9998 -0.0216
vn 0.0596 -0.9876 0.1455
vn 0.7459 -0.6588 0.0982
vn 0.9801 0.1962 -0.0293
vn 0.8935 0.4017 -0.2006
vn 0.9508 0.2503 -0.1824
vn 0.9114 0.4116 0.0062
vn 0.8002 -0.5331 0.2749
vn 0.1532 -0.8852 0.4393
vn 0.1861 0.8802 -0.4366
vn 0.1860 0.8801 -0.4367
vn 0.9801 0.1893 -0.0602
vn 0.9801 0.1965 -0.0284
vn 0.8415 -0.2869 0.4578
vn 0.8416 -0.3331 0.4250
vn 0.8417 -0.3332 0.4250
vn 0.8417 -0.3755 0.3880
vn 0.8416 -0.3757 0.3879
vn 0.8410 -0.4147 0.3475
vn 0.8131 0.3591 -0.4581
vn 0.7750 0.3359 -0.5354
vn 0.8130 0.3090 -0.4935
vn 0.8119 0.4058 -0.4197
vn 0.7378 0.4029 -0.5417
vn 0.8123 0.4471 -0.3744
vn 0.7961 0.4093 -0.4458
vn 0.0765 -0.6150 0.7848
vn 0.0758 -0.5308 0.8441
vn 0.0765 -0.6152 0.7846
vn 0.0766 -0.6940 0.7159
vn 0.0772 -0.6937 0.7161
vn 0.0973 -0.7623 0.6399
vn 0.0970 -0.7623 0.6399
vn 0.7256 0.5011 -0.4716
vn 0.7842 0.4372 -0.4404
vn 0.9750 0.1534 -0.1605
vn 0.9615 0.1659 -0.2192
vn 0.9895 0.1350 -0.0518
vn 0.8147 0.4558 -0.3584
vn 0.7851 0.4748 -0.3978
vn 0.7156 0.5424 -0.4402
vn 0.8218 0.4379 -0.3646
vn 0.9923 0.0948 -0.0795
vn 0.6866 0.7270 0.0050
vn 0.8188 0.5570 0.1392
vn 0.7668 0.6057 0.2122
vn 0.5092 0.8030 -0.3098
vn 0.6725 0.7145 -0.1932
vn 0.6396 0.7505 -0.1662
vn 0.6607 0.6357 -0.3991
vn 0.6912 0.6859 -0.2275
vn 0.8116 -0.0311 0.5834
vn 0.7429 0.1884 0.6423
vn 0.8229 0.1985 0.5324
vn 0.4462 0.5574 -0.7001
vn 0.5275 0.4547 -0.7176
vn 0.4144 0.4839 -0.7708
vn 0.0031 0.7754 0.6315
vn 0.0659 0.7426 0.6665
vn -0.0003 0.7355 0.6775
vn 0.0014 0.8027 0.5964
vn 0.2483 0.6816 0.6883
vn -0.0005 0.9923 0.1241
vn 0.0661 0.9873 0.1442
vn -0.0007 0.9849 0.1731
vn -0.0066 0.1192 0.9928
vn 0.0577 -0.0263 0.9980
vn -0.0136 -0.0416 0.9990
vn -0.0057 0.9983 0.0572
vn 0.1930 0.9707 0.1434
vn -0.8109 0.2846 -0.5112
vn -0.8128 0.3831 -0.4388
vn -0.8103 0.2849 -0.5121
vn -0.8128 0.4655 -0.3502
vn -0.8126 0.4657 -0.3504
vn -0.0224 -0.7666 0.6418
vn -0.0578 -0.5340 0.8435
vn -0.0223 -0.5309 0.8471
vn -0.7255 -0.5145 0.4571
vn -0.7553 -0.4834 0.4426
vn -0.1798 -0.8256 0.5348
vn -0.1526 0.6494 -0.7450
vn -0.1531 0.4806 -0.8635
vn -0.1535 0.4806 -0.8634
vn -0.1523 0.7900 -0.5939
vn -0.1524 0.6494 -0.7450
vn -0.0000 0.6569 -0.7539
vn -0.0000 0.4864 -0.8738
vn -0.0000 0.7995 -0.6007
vn -0.9974 -0.0701 0.0144
vn -1.0000 -0.0046 0.0042
vn -0.9999 -0.0048 0.0095
vn -0.8814 -0.3828 0.2768
vn -0.8433 -0.3655 0.3941
vn -0.9165 -0.1324 0.3776
vn -0.7906 -0.3813 0.4791
vn -0.8003 -0.4203 0.4276
vn -0.8106 -0.4459 0.3795
vn 0.8666 0.4598 0.1941
vn 0.7895 0.5350 0.3009
vn -0.9415 -0.2552 0.2201
vn -0.9714 -0.1672 0.1687
vn -0.9674 -0.1934 0.1633
vn -0.7700 -0.4068 0.4916
vn -0.9439 -0.2219 0.2446
vn -0.9393 -0.2762 0.2035
vn 0.8420 -0.4475 0.3013
vn 0.8421 -0.4472 0.3013
vn 0.8441 -0.4741 0.2504
vn 0.8439 -0.4744 0.2507
vn 0.8361 -0.5085 0.2056
vn 0.8056 0.4917 -0.3307
vn 0.7972 0.4524 -0.3997
vn 0.8123 0.4840 -0.3255
vn 0.7899 0.5406 -0.2895
vn 0.8136 0.5136 -0.2726
vn 0.0681 -0.8281 0.5564
vn 0.0672 -0.8284 0.5561
vn 0.0683 -0.8821 0.4660
vn 0.0693 -0.8820 0.4660
vn 0.1017 -0.9224 0.3726
vn 0.9757 0.1796 -0.1257
vn 0.9632 0.2221 -0.1512
vn 0.7803 0.5130 -0.3578
vn 0.7487 0.5243 -0.4056
vn 0.7654 0.5173 -0.3828
vn 0.7142 -0.1512 -0.6834
vn 0.8197 -0.0367 -0.5716
vn 0.8223 0.0407 -0.5676
vn 0.6715 0.3832 -0.6342
vn 0.6100 0.3587 -0.7066
vn 0.6411 0.2962 -0.7080
vn 0.7102 0.3499 -0.6109
vn 0.6045 0.4547 -0.6541
vn 0.7432 -0.5983 -0.2995
vn 0.4494 0.7832 -0.4296
vn 0.0042 -0.4837 -0.8752
vn 0.0670 -0.5278 -0.8467
vn 0.0745 -0.4661 -0.8816
vn 0.0024 -0.4457 -0.8952
vn 0.0760 -0.4182 -0.9052
vn -0.0001 0.0541 -0.9985
vn 0.0684 0.0309 -0.9972
vn 0.0791 0.0936 -0.9925
vn -0.0070 -0.9555 -0.2951
vn 0.0534 -0.9484 -0.3125
vn -0.8115 0.5301 -0.2458
vn -0.6593 -0.5518 0.5107
vn -0.1524 0.7902 -0.5936
vn -0.9789 -0.0839 0.1861
vn -0.8070 -0.4945 0.3229
vn 0.8740 0.0298 -0.4851
vn 0.5589 -0.0619 -0.8269
vn 0.7881 -0.2030 -0.5811
vn -0.9724 -0.1891 0.1365
vn -0.9430 -0.2672 0.1985
vn -0.9545 -0.2472 0.1668
vn 0.4660 -0.0720 -0.8818
vn 0.1340 0.4880 -0.8625
vn 0.0752 -0.4389 -0.8954
vn 0.8379 -0.5270 0.1420
vn 0.3972 0.4311 0.8102
vn 0.9333 -0.1563 -0.3235
vn 0.8938 0.3188 -0.3155
vn 0.3699 0.8934 0.2549
vn 0.5946 0.5778 -0.5590
vn 0.7164 -0.2593 0.6478
vn 0.0647 -0.8833 0.4643
vn -0.9375 -0.0498 0.3443
vn -0.4355 -0.4442 0.7830
vn -0.9363 -0.2185 0.2749
vn -0.8628 -0.1860 0.4701
vn -0.7735 -0.3054 0.5553
vn -0.8548 -0.3964 0.3348
vn -0.9080 -0.3053 0.2869
vn -0.9055 -0.3241 0.2738
vn -0.9049 -0.3404 0.2553
vn 0.9273 0.2890 -0.2379
vn 0.9314 0.3640 -0.0001
vn 0.6373 -0.5102 0.5775
vn -0.0128 -0.8851 0.4652
vn 0.9864 0.0720 -0.1475
vn 0.0013 -0.0023 -1.0000
vn 0.0015 -0.5375 -0.8432
vn 0.0530 0.5932 -0.8033
vn 0.0280 0.7150 -0.6986
vn 0.0555 0.7145 -0.6975
vn 0.0553 0.8129 -0.5798
vn 0.0631 -0.8949 0.4418
vn 0.0605 -0.8129 0.5793
vn 0.0599 -0.8128 0.5795
vn 0.0603 -0.7148 0.6967
vn 0.0581 -0.5927 0.8033
vn 0.0582 -0.5927 0.8033
vn -0.0724 0.5932 -0.8018
vn -0.0685 0.7133 -0.6974
vn -0.0633 0.8124 -0.5797
vn -0.0525 0.8943 -0.4445
vn 0.7539 -0.3891 0.5294
vn 0.7441 -0.4787 0.4659
vn 0.7538 -0.3890 0.5295
vn 0.7460 -0.5429 0.3857
vn 0.7545 -0.5889 0.2897
vn 0.7455 -0.5434 0.3860
vn -0.9424 -0.2377 0.2353
vn -0.8492 -0.4373 0.2959
vn -0.7909 -0.5372 0.2932
vn -0.8485 -0.3695 0.3788
vn 0.9801 0.1615 -0.1154
vn 0.9801 0.1617 -0.1149
vn 0.9614 0.1989 -0.1899
vn 0.9015 0.2556 -0.3493
vn 0.9187 0.3242 -0.2256
vn 0.7989 -0.4953 0.3411
vn 0.1578 -0.8047 0.5724
vn 0.1505 -0.7088 0.6892
vn 0.7991 -0.3650 0.4778
vn 0.1538 -0.5885 0.7937
vn 0.1820 0.5852 -0.7902
vn 0.1852 0.7037 -0.6859
vn 0.1860 0.7041 -0.6853
vn 0.1859 0.8003 -0.5700
vn 0.9622 -0.2109 0.1722
vn 0.5658 -0.7323 0.3789
vn 0.9584 -0.2186 0.1833
vn 0.9003 0.3866 -0.2000
vn 0.8932 0.2391 -0.3808
vn 0.8959 0.3426 -0.2829
vn 0.8985 -0.3471 0.2688
vn 0.9980 -0.0491 0.0406
vn 0.8379 -0.4184 0.3506
vn 0.6852 -0.3867 0.6172
vn 0.6774 -0.5624 0.4742
vn 0.9978 -0.0328 0.0567
vn 0.9601 0.1109 -0.2567
vn 0.9801 0.0918 -0.1758
vn 0.9802 0.1178 -0.1593
vn 0.9801 0.0913 -0.1761
vn 0.0563 0.4641 -0.8840
vn -0.0105 0.5661 -0.8242
vn 0.0617 -0.4633 0.8841
vn -0.0737 0.4661 -0.8817
vn 0.7412 -0.3129 0.5939
vn -0.0041 0.7945 -0.6073
vn 0.0608 -0.7149 0.6966
vn 0.7439 -0.4789 0.4661
vn 0.9801 0.1420 -0.1385
vn 0.9010 0.2044 -0.3826
vn 0.9141 0.2888 -0.2845
vn 0.8008 -0.2706 0.5344
vn 0.1532 -0.4578 0.8758
vn 0.1772 0.4550 -0.8727
vn 0.1774 0.4550 -0.8726
vn 0.1858 0.8003 -0.5701
vn 0.9801 0.1419 -0.1387
vn 0.8410 0.0373 0.5398
vn 0.8416 -0.0194 0.5398
vn 0.8416 -0.0196 0.5397
vn 0.8416 -0.0760 0.5347
vn 0.8417 -0.0759 0.5346
vn 0.8415 -0.1311 0.5241
vn 0.8138 -0.0403 -0.5797
vn 0.7908 0.0258 -0.6116
vn 0.7753 -0.0433 -0.6302
vn 0.8126 0.0816 -0.5771
vn 0.8129 0.0213 -0.5821
vn 0.8089 0.1431 -0.5703
vn 0.7949 0.0687 -0.6028
vn 0.0769 -0.0360 0.9964
vn 0.0761 0.0673 0.9948
vn 0.0770 -0.0362 0.9964
vn 0.0764 -0.1400 0.9872
vn 0.0756 -0.2430 0.9671
vn 0.0764 -0.1404 0.9871
vn 0.7274 0.1246 -0.6748
vn 0.7827 0.0956 -0.6150
vn 0.9748 0.0299 -0.2212
vn 0.9614 0.0053 -0.2752
vn 0.9896 0.0793 -0.1204
vn 0.8149 0.1585 -0.5575
vn 0.7868 0.1501 -0.5987
vn 0.7165 0.1796 -0.6741
vn 0.8207 0.1378 -0.5545
vn 0.9923 0.0308 -0.1199
vn 0.6839 0.5920 -0.4264
vn 0.8191 0.5318 -0.2149
vn 0.7699 0.6108 -0.1851
vn 0.5037 0.4721 -0.7235
vn 0.6723 0.4642 -0.5767
vn 0.6433 0.5080 -0.5728
vn 0.6612 0.2757 -0.6977
vn 0.6916 0.4223 -0.5859
vn 0.8136 0.3151 0.4886
vn 0.7407 0.5323 0.4099
vn 0.8231 0.4734 0.3136
vn 0.4476 0.0441 -0.8932
vn 0.5285 -0.0584 -0.8469
vn 0.4134 -0.0620 -0.9084
vn 0.0044 0.9986 0.0534
vn 0.0649 0.9928 0.1011
vn 0.0019 0.9930 0.1185
vn 0.0052 0.9998 0.0169
vn 0.2519 0.9556 0.1530
vn -0.0008 0.8760 -0.4823
vn 0.0651 0.8840 -0.4629
vn -0.0001 0.9046 -0.4263
vn -0.0061 0.6785 0.7346
vn 0.0628 0.5685 0.8203
vn -0.0151 0.5556 0.8313
vn -0.0049 0.8435 -0.5371
vn 0.1863 0.8715 -0.4536
vn -0.8110 -0.0704 -0.5808
vn -0.8125 0.0518 -0.5806
vn -0.8128 0.0517 -0.5802
vn -0.8134 0.1701 -0.5563
vn -0.8131 0.1706 -0.5565
vn -0.0219 0.0678 0.9975
vn -0.0548 -0.2484 0.9671
vn -0.0570 0.0629 0.9964
vn -0.7256 -0.1459 0.6725
vn -0.7568 -0.1307 0.6404
vn -0.1537 0.0875 -0.9842
vn -0.1541 -0.1188 -0.9809
vn -0.1544 -0.1189 -0.9808
vn -0.1523 0.2903 -0.9447
vn -0.1538 0.0878 -0.9842
vn -0.0000 0.0881 -0.9961
vn -0.0000 -0.1203 -0.9927
vn -0.0000 0.2939 -0.9559
vn -0.9974 -0.0471 0.0538
vn -1.0000 -0.0013 0.0061
vn -0.9999 0.0017 0.0106
vn -0.8828 -0.1437 0.4471
vn -0.8403 -0.0649 0.5382
vn -0.7908 -0.0262 0.6115
vn -0.8004 -0.0892 0.5928
vn -0.9291 0.1188 0.3502
vn 0.8667 0.4860 -0.1125
vn 0.7872 0.6126 -0.0714
vn -0.9415 -0.0773 0.3279
vn -0.9714 -0.0361 0.2348
vn -0.9672 -0.0605 0.2468
vn -0.7714 -0.0373 0.6353
vn -0.9441 -0.0353 0.3277
vn -0.9396 -0.1032 0.3264
vn 0.8434 -0.1848 0.5045
vn 0.8435 -0.1850 0.5043
vn 0.8434 -0.2366 0.4824
vn 0.8435 -0.2363 0.4823
vn 0.8121 0.1422 -0.5660
vn 0.8054 0.2036 -0.5566
vn 0.8129 0.2001 -0.5469
vn 0.7890 0.2677 -0.5530
vn 0.8129 0.2561 -0.5231
vn 0.0493 -0.3409 0.9388
vn 0.0749 -0.2431 0.9671
vn 0.0948 -0.4384 0.8937
vn 0.0500 -0.3411 0.9387
vn 0.0765 -0.5300 0.8445
vn 0.9757 0.0711 -0.2073
vn 0.9607 0.0921 -0.2617
vn 0.9927 -0.1032 -0.0631
vn 0.7798 0.2051 -0.5914
vn 0.7435 0.1840 -0.6430
vn 0.7655 0.1937 -0.6136
vn 0.7116 -0.5242 -0.4679
vn 0.8180 -0.3700 -0.4404
vn 0.8264 -0.2955 -0.4793
vn 0.6725 -0.0685 -0.7369
vn 0.6132 -0.1233 -0.7803
vn 0.6402 -0.1766 -0.7476
vn 0.7014 -0.0795 -0.7083
vn 0.6051 -0.0176 -0.7959
vn 0.7415 -0.6619 0.1098
vn 0.4477 0.3820 -0.8085
vn 0.0039 -0.9052 -0.4249
vn 0.0667 -0.9246 -0.3751
vn 0.0758 -0.8946 -0.4403
vn 0.0040 -0.8874 -0.4610
vn 0.0762 -0.8701 -0.4869
vn -0.0001 -0.5445 -0.8388
vn 0.0672 -0.5607 -0.8253
vn 0.0837 -0.5072 -0.8578
vn -0.0072 -0.9470 0.3211
vn 0.0532 -0.9493 0.3098
vn -0.0057 -0.4825 -0.8759
vn -0.0223 -0.2435 0.9697
vn -0.6647 -0.1366 0.7346
vn -0.1523 0.2897 -0.9449
vn -0.9788 0.0411 0.2007
vn -0.8054 -0.1372 0.5766
vn -0.8072 -0.2107 0.5513
vn 0.8736 -0.2611 -0.4107
vn 0.5599 -0.5353 -0.6324
vn 0.7862 -0.5077 -0.3524
vn -0.9724 -0.0728 0.2217
vn -0.9429 -0.0990 0.3180
vn -0.9545 -0.1027 0.2799
vn 0.4737 -0.5779 -0.6645
vn 0.1359 -0.1664 -0.9767
vn 0.0752 -0.8837 -0.4620
vn 0.8370 -0.3459 0.4241
vn 0.4000 0.8225 0.4043
vn 0.9329 -0.3131 -0.1781
vn 0.8934 0.0721 -0.4435
vn 0.3622 0.8760 -0.3185
vn 0.6025 0.1385 -0.7860
vn 0.7228 0.1694 0.6700
vn 0.0625 -0.4417 0.8950
vn -0.9352 0.1658 0.3130
vn -0.4285 0.0839 0.8997
vn -0.9359 -0.0139 0.3519
vn -0.8591 0.1268 0.4958
vn -0.7702 0.0787 0.6329
vn -0.8550 -0.1240 0.5037
vn -0.9084 -0.0785 0.4107
vn -0.9052 -0.1008 0.4129
vn -0.9041 -0.1255 0.4086
vn 0.9276 0.0890 -0.3627
vn 0.9321 0.2903 -0.2167
vn 0.7833 -0.1598 0.6007
vn -0.0140 -0.4434 0.8962
vn 0.9866 -0.0265 -0.1612
vn 0.0020 -0.5915 -0.8063
vn 0.0009 -0.9281 -0.3724
vn 0.0589 0.0091 -0.9982
vn 0.0277 0.1679 -0.9854
vn 0.0566 0.1676 -0.9842
vn 0.0577 0.3186 -0.9461
vn -0.0065 0.4345 -0.9006
vn 0.0623 -0.4635 0.8839
vn 0.0632 -0.3183 0.9459
vn 0.0630 -0.3181 0.9460
vn 0.0622 -0.1680 0.9838
vn 0.0647 -0.0095 0.9979
vn 0.0641 -0.0093 0.9979
vn -0.0951 0.0109 -0.9954
vn -0.0706 0.1662 -0.9836
vn -0.0418 0.3168 -0.9476
vn 0.7526 -0.0050 0.6585
vn 0.7544 -0.1113 0.6470
vn 0.7537 -0.0048 0.6572
vn 0.7545 -0.2069 0.6228
vn 0.7412 -0.3128 0.5939
vn 0.7555 -0.2062 0.6218
vn -0.9423 -0.0546 0.3302
vn -0.8487 -0.1804 0.4971
vn -0.7909 -0.2631 0.5526
vn -0.8499 -0.0764 0.5213
vn 0.9801 0.0629 -0.1882
vn 0.9801 0.0635 -0.1883
vn 0.9620 0.0494 -0.2686
vn 0.9015 0.0015 -0.4328
vn 0.7977 -0.1995 0.5691
vn 0.1496 -0.3114 0.9384
vn 0.1513 -0.1673 0.9742
vn 0.8020 -0.0147 0.5972
vn 0.1549 -0.0106 0.9879
vn 0.1847 0.1632 -0.9692
vn 0.1798 0.0110 -0.9836
vn 0.1861 0.1623 -0.9690
vn 0.1811 0.3136 -0.9321
vn 0.1834 0.3120 -0.9322
vn 0.9583 -0.0693 0.2774
vn 0.9600 0.0192 0.2793
vn 0.9005 0.1980 -0.3873
vn 0.8987 -0.0298 -0.4375
vn 0.8971 0.1055 -0.4290
vn 0.9254 0.0416 -0.3766
vn 0.9028 -0.1053 0.4169
vn 0.9976 -0.0171 0.0664
vn 0.8429 -0.1320 0.5216
vn 0.6759 0.0492 0.7353
vn 0.6781 -0.1827 0.7119
vn 0.9694 0.1082 -0.2202
vn 0.9967 0.0006 -0.0813
vn 0.9801 -0.0285 -0.1964
vn 0.9801 0.0014 -0.1986
vn 0.9801 0.0021 -0.1986
vn 0.0540 -0.1450 -0.9880
vn -0.0179 -0.0281 -0.9994
vn 0.0591 0.1441 0.9878
vn -0.0532 -0.1477 -0.9876
vn 0.7703 0.0929 0.6309
vn 0.0081 0.2874 -0.9578
vn 0.0619 -0.1679 0.9839
vn 0.7544 -0.1115 0.6469
vn 0.9801 0.0335 -0.1958
vn 0.8934 -0.0669 -0.4442
vn 0.9503 -0.0951 -0.2964
vn 0.9173 0.0661 -0.3926
vn 0.7997 0.0968 0.5925
vn 0.4185 -0.1776 0.8907
vn 0.1479 0.1473 0.9780
vn 0.1895 -0.1448 -0.9711
vn 0.1949 -0.1431 -0.9703
vn 0.8410 0.3472 0.4150
vn 0.8420 0.3009 0.4479
vn 0.8418 0.3010 0.4480
vn 0.8376 0.2564 0.4824
vn 0.8376 0.2564 0.4823
vn 0.8422 0.2012 0.5003
vn 0.8427 0.2009 0.4995
vn 0.8129 -0.3253 -0.4831
vn 0.7750 -0.4049 -0.4853
vn 0.8143 -0.3719 -0.4457
vn 0.8129 -0.2726 -0.5146
vn 0.7360 -0.3913 -0.5525
vn 0.8088 -0.2195 -0.5456
vn 0.7959 -0.2978 -0.5271
vn 0.0997 0.5559 0.8252
vn 0.0664 0.6393 0.7661
vn 0.1005 0.5560 0.8251
vn 0.1021 0.4662 0.8788
vn 0.1012 0.4664 0.8788
vn 0.0710 0.3722 0.9254
vn 0.0689 0.3723 0.9256
vn 0.7249 -0.2911 -0.6243
vn 0.7827 -0.2840 -0.5539
vn 0.9749 -0.1055 -0.1959
vn 0.9600 -0.1596 -0.2301
vn 0.9895 -0.0063 -0.1441
vn 0.8145 -0.1995 -0.5447
vn 0.7866 -0.2305 -0.5729
vn 0.7148 -0.2512 -0.6527
vn 0.8192 -0.2148 -0.5317
vn 0.9923 -0.0475 -0.1140
vn 0.6847 0.2323 -0.6908
vn 0.8201 0.3012 -0.4865
vn 0.7670 0.3879 -0.5111
vn 0.4986 -0.0455 -0.8656
vn 0.6718 0.0369 -0.7399
vn 0.6423 0.0728 -0.7630
vn 0.6591 -0.1870 -0.7284
vn 0.6914 -0.0065 -0.7225
vn 0.8141 0.5418 0.2090
vn 0.7413 0.6709 0.0200
vn 0.8248 0.5650 -0.0245
vn 0.4457 -0.4927 -0.7475
vn 0.5275 -0.5451 -0.6517
vn 0.4125 -0.5851 -0.6982
vn 0.0031 0.8396 -0.5432
vn 0.0672 0.8648 -0.4977
vn 0.0019 0.8718 -0.4899
vn 0.0002 0.8155 -0.5787
vn 0.2492 0.8641 -0.4373
vn -0.0003 0.4241 -0.9056
vn 0.0665 0.4461 -0.8925
vn -0.0008 0.4731 -0.8810
vn -0.0062 0.9813 0.1925
vn 0.0598 0.9398 0.3365
vn -0.0128 0.9392 0.3432
vn -0.0042 0.3641 -0.9313
vn 0.1812 0.4377 -0.8807
vn -0.8109 -0.3987 -0.4283
vn -0.8131 -0.2986 -0.4998
vn -0.8109 -0.3988 -0.4283
vn -0.8133 -0.2982 -0.4996
vn -0.8131 -0.1887 -0.5508
vn -0.0219 0.6413 0.7670
vn -0.0561 0.3677 0.9282
vn -0.0575 0.6369 0.7688
vn -0.7231 0.2832 0.6300
vn -0.7565 0.2710 0.5953
vn -0.1535 -0.5077 -0.8478
vn -0.1536 -0.6725 -0.7240
vn -0.1537 -0.6726 -0.7239
vn -0.1536 -0.3204 -0.9348
vn -0.1534 -0.5075 -0.8479
vn -0.0000 -0.5138 -0.8579
vn -0.0000 -0.6806 -0.7326
vn -0.0000 -0.3241 -0.9460
vn -0.9975 -0.0071 0.0703
vn -1.0000 0.0026 0.0057
vn -0.9999 0.0076 0.0075
vn -0.8813 0.1434 0.4502
vn -0.8402 0.2638 0.4737
vn -0.7905 0.3379 0.5108
vn -0.8002 0.2763 0.5322
vn -0.9292 0.3019 0.2132
vn 0.8658 0.3282 -0.3778
vn 0.7882 0.4527 -0.4169
vn -0.9420 0.1313 0.3088
vn -0.9713 0.1095 0.2111
vn -0.9676 0.0953 0.2337
vn -0.7700 0.3425 0.5384
vn -0.9434 0.1656 0.2875
vn -0.9395 0.1080 0.3250
vn 0.8377 0.1493 0.5252
vn 0.8404 0.0932 0.5338
vn 0.8406 0.0928 0.5336
vn 0.8409 0.0373 0.5399
vn 0.8129 -0.1592 -0.5602
vn 0.8119 -0.2179 -0.5417
vn 0.7893 -0.1080 -0.6045
vn 0.7956 -0.1823 -0.5778
vn 0.8128 -0.0994 -0.5740
vn 0.1013 0.2718 0.9570
vn 0.1074 0.1720 0.9792
vn 0.1066 0.1717 0.9794
vn 0.0770 0.0677 0.9947
vn 0.9757 -0.0637 -0.2095
vn 0.9631 -0.0757 -0.2584
vn 0.7798 -0.1813 -0.5992
vn 0.7437 -0.2274 -0.6286
vn 0.7642 -0.2100 -0.6099
vn 0.7122 -0.6985 -0.0701
vn 0.8195 -0.5553 -0.1416
vn 0.8263 -0.5212 -0.2133
vn 0.6731 -0.4891 -0.5547
vn 0.6087 -0.5626 -0.5595
vn 0.6446 -0.5785 -0.4998
vn 0.7024 -0.4778 -0.5276
vn 0.6043 -0.4820 -0.6344
vn 0.7421 -0.4698 0.4781
vn 0.4466 -0.1613 -0.8801
vn 0.0032 -0.9816 0.1907
vn 0.0674 -0.9683 0.2405
vn 0.0786 -0.9822 0.1708
vn 0.0011 -0.9889 0.1486
vn 0.0724 -0.9902 0.1194
vn -0.0006 -0.9334 -0.3587
vn 0.0692 -0.9387 -0.3377
vn 0.0748 -0.9163 -0.3935
vn -0.0084 -0.5806 0.8142
vn 0.0511 -0.5890 0.8065
vn -0.0075 -0.9025 -0.4306
vn -0.8128 -0.1889 -0.5511
vn -0.0211 0.3731 0.9275
vn -0.6549 0.3142 0.6873
vn -0.1535 -0.3205 -0.9347
vn -0.9789 0.1509 0.1374
vn -0.8052 0.2276 0.5476
vn -0.8070 0.1543 0.5701
vn 0.8729 -0.4535 -0.1801
vn 0.5670 -0.8003 -0.1951
vn 0.7878 -0.6157 0.0149
vn -0.9722 0.0708 0.2230
vn -0.9444 0.1011 0.3129
vn -0.9543 0.0816 0.2877
vn 0.4634 -0.8630 -0.2013
vn 0.1261 -0.6680 -0.7334
vn 0.0712 -0.9866 0.1470
vn 0.8357 -0.0304 0.5484
vn 0.3961 0.9064 -0.1464
vn 0.9309 -0.3628 0.0427
vn 0.8944 -0.1976 -0.4012
vn 0.3691 0.5289 -0.7642
vn 0.5963 -0.3471 -0.7239
vn 0.7777 0.0732 0.6243
vn 0.6016 0.6108 0.5147
vn -0.9371 0.3134 0.1536
vn -0.4319 0.6219 0.6533
vn -0.9336 0.2032 0.2951
vn -0.8579 0.3971 0.3262
vn -0.7699 0.4366 0.4655
vn -0.8548 0.1959 0.4805
vn -0.9076 0.1791 0.3796
vn -0.9048 0.1626 0.3937
vn -0.9032 0.1362 0.4070
vn 0.9274 -0.1396 -0.3471
vn 0.9304 0.1109 -0.3494
vn -0.0138 0.1694 0.9854
vn 0.0526 0.4845 0.8732
vn 0.9856 -0.1177 -0.1212
vn -0.0003 -0.9516 -0.3073
vn 0.0008 -0.9698 0.2439
vn 0.0574 -0.4438 -0.8943
vn 0.0378 -0.5811 -0.8130
vn 0.0189 -0.4450 -0.8953
vn 0.0575 -0.2994 -0.9524
vn 0.0018 -0.1849 -0.9828
vn 0.0588 0.1443 0.9878
vn 0.0630 0.3007 0.9517
vn 0.0637 0.3004 0.9517
vn 0.0602 0.5814 0.8114
vn 0.0630 0.4424 0.8946
vn 0.0581 0.5817 0.8113
vn -0.1022 -0.4423 -0.8910
vn -0.0512 -0.5806 -0.8125
vn -0.1028 -0.2981 -0.9490
vn 0.7557 0.2910 0.5867
vn 0.7692 0.3726 0.5191
vn 0.7712 0.3712 0.5171
vn 0.7556 0.1966 0.6248
vn 0.7704 0.0928 0.6308
vn 0.7545 0.1966 0.6262
vn -0.9424 0.1503 0.2987
vn -0.8482 0.1469 0.5089
vn -0.7907 0.1129 0.6017
vn -0.8492 0.2455 0.4676
vn 0.9801 -0.0598 -0.1894
vn 0.9801 -0.0604 -0.1891
vn 0.9178 -0.1796 -0.3542
vn 0.9508 -0.0972 -0.2942
vn 0.9179 -0.1158 -0.3796
vn 0.7976 0.1727 0.5779
vn 0.1485 0.2975 0.9431
vn 0.1486 0.4384 0.8864
vn 0.8007 0.3408 0.4927
vn 0.1506 0.5731 0.8055
vn 0.1933 -0.5652 -0.8020
vn 0.1877 -0.4356 -0.8804
vn 0.1861 -0.4366 -0.8802
vn 0.1877 -0.2955 -0.9367
vn 0.1860 -0.2944 -0.9374
vn 0.9586 0.1064 0.2642
vn 0.9595 0.1809 0.2161
vn 0.8967 -0.0627 -0.4382
vn 0.9018 -0.2815 -0.3278
vn 0.8973 -0.1645 -0.4095
vn 0.9042 0.1675 0.3930
vn 0.9973 0.0272 0.0677
vn 0.8479 0.1978 0.4919
vn 0.6755 0.4730 0.5656
vn 0.6703 0.2769 0.6885
vn 0.9695 -0.0539 -0.2391
vn 0.9613 -0.2067 -0.1820
vn 0.9801 -0.1383 -0.1425
vn 0.9801 -0.1152 -0.1616
vn 0.9801 -0.1393 -0.1414
vn 0.0609 -0.6961 -0.7154
vn 0.0531 -0.5809 -0.8123
vn 0.0669 0.6961 0.7148
vn -0.1134 -0.6918 -0.7132
vn 0.7452 0.4631 0.4797
vn -0.0238 -0.3380 -0.9409
vn 0.0637 0.4426 0.8945
vn 0.9801 -0.0883 -0.1780
vn 0.9033 -0.2990 -0.3076
vn 0.7987 0.4272 0.4238
vn 0.4159 0.3799 0.8262
vn 0.1565 0.6901 0.7066
vn 0.1916 -0.5663 -0.8016
vn 0.1805 -0.6908 -0.7002
vn 0.1771 -0.6923 -0.6995
vn 0.9801 -0.0873 -0.1782
vn 0.8415 0.5240 0.1316
vn 0.8435 0.5044 0.1848
vn 0.8436 0.5042 0.1849
vn 0.8434 0.4824 0.2365
vn 0.8435 0.4824 0.2363
vn 0.8415 0.4578 0.2870
vn 0.8131 -0.5466 -0.2001
vn 0.7743 -0.6137 -0.1542
vn 0.8145 -0.5626 -0.1415
vn 0.8129 -0.5228 -0.2566
vn 0.7372 -0.6398 -0.2172
vn 0.8122 -0.4944 -0.3096
vn 0.7922 -0.5557 -0.2523
vn 0.0717 0.9366 0.3429
vn 0.0756 0.9671 0.2428
vn 0.0716 0.9366 0.3430
vn 0.0724 0.8959 0.4384
vn 0.0718 0.8960 0.4383
vn 0.0950 0.8431 0.5294
vn 0.7259 -0.6029 -0.3311
vn 0.7805 -0.5580 -0.2818
vn 0.9751 -0.2000 -0.0963
vn 0.9621 -0.2574 -0.0897
vn 0.9895 -0.0909 -0.1124
vn 0.8148 -0.4813 -0.3231
vn 0.7864 -0.5232 -0.3284
vn 0.7147 -0.5870 -0.3803
vn 0.8204 -0.4855 -0.3022
vn 0.9923 -0.1045 -0.0666
vn 0.6891 -0.2198 -0.6906
vn 0.8179 -0.0381 -0.5741
vn 0.7666 0.0145 -0.6419
vn 0.5068 -0.5411 -0.6711
vn 0.6722 -0.4046 -0.6200
vn 0.6394 -0.3906 -0.6623
vn 0.6606 -0.5807 -0.4758
vn 0.6900 -0.4281 -0.5837
vn 0.8117 0.5638 -0.1529
vn 0.7429 0.5535 -0.3765
vn 0.8230 0.4445 -0.3537
vn 0.4480 -0.8358 -0.3174
vn 0.5237 -0.8266 -0.2061
vn 0.4119 -0.8839 -0.2215
vn 0.0054 0.3594 -0.9332
vn 0.0680 0.4067 -0.9110
vn 0.0005 0.4163 -0.9092
vn 0.0030 0.3197 -0.9475
vn 0.2520 0.4428 -0.8605
vn -0.0002 -0.1881 -0.9822
vn 0.0670 -0.1674 -0.9836
vn 0.0006 -0.1348 -0.9909
vn -0.0067 0.9066 -0.4220
vn 0.0585 0.9584 -0.2792
vn -0.0127 0.9595 -0.2813
vn -0.0073 -0.2754 -0.9613
vn 0.1907 -0.1633 -0.9680
vn -0.8113 -0.5736 -0.1129
vn -0.8126 -0.5361 -0.2288
vn -0.8127 -0.5360 -0.2286
vn -0.8129 -0.4766 -0.3348
vn -0.0223 0.9698 0.2428
vn -0.0556 0.8427 0.5355
vn -0.0574 0.9671 0.2479
vn -0.7241 0.5923 0.3533
vn -0.7557 0.5698 0.3228
vn -0.1524 -0.9091 -0.3878
vn -0.1531 -0.9698 -0.1897
vn -0.1535 -0.9698 -0.1896
vn -0.1532 -0.8085 -0.5682
vn -0.1524 -0.9090 -0.3879
vn -0.0000 -0.9199 -0.3921
vn -0.0000 -0.9814 -0.1919
vn -0.0000 -0.8180 -0.5752
vn -0.9973 0.0360 0.0637
vn -1.0000 0.0054 0.0031
vn -0.9999 0.0105 0.0016
vn -0.8821 0.3822 0.2754
vn -0.8404 0.4916 0.2281
vn -0.7911 0.5729 0.2144
vn -0.8006 0.5360 0.2679
vn -0.9292 0.3697 -0.0049
vn 0.8664 0.0430 -0.4975
vn 0.7891 0.1230 -0.6019
vn -0.9413 0.2888 0.1750
vn -0.9713 0.2124 0.1068
vn -0.9674 0.2151 0.1334
vn -0.7697 0.5938 0.2345
vn -0.9440 0.3012 0.1349
vn -0.9396 0.2783 0.1991
vn 0.8414 0.4579 0.2871
vn 0.8418 0.4251 0.3327
vn 0.8442 0.3848 0.3732
vn 0.8442 0.3848 0.3731
vn 0.8411 0.3470 0.4150
vn 0.8066 -0.4655 -0.3644
vn 0.7986 -0.5184 -0.3058
vn 0.8128 -0.4585 -0.3594
vn 0.7894 -0.4427 -0.4253
vn 0.8129 -0.4184 -0.4053
vn 0.0774 0.7851 0.6145
vn 0.0953 0.8429 0.5295
vn 0.0768 0.7159 0.6939
vn 0.0764 0.7161 0.6938
vn 0.0659 0.6391 0.7663
vn 0.9758 -0.1749 -0.1315
vn 0.9628 -0.2143 -0.1645
vn 0.9927 -0.0922 0.0782
vn 0.7810 -0.4975 -0.3775
vn 0.7470 -0.5496 -0.3740
vn 0.7645 -0.5257 -0.3731
vn 0.7125 -0.6061 0.3536
vn 0.8167 -0.5348 0.2169
vn 0.8292 -0.5442 0.1275
vn 0.6717 -0.7221 -0.1657
vn 0.6124 -0.7807 -0.1239
vn 0.6403 -0.7654 -0.0639
vn 0.7077 -0.6916 -0.1444
vn 0.6049 -0.7626 -0.2293
vn 0.7405 -0.1001 0.6646
vn 0.4482 -0.6488 -0.6150
vn 0.0043 -0.6829 0.7305
vn 0.0699 -0.6436 0.7621
vn 0.0751 -0.6945 0.7155
vn 0.0036 -0.7135 0.7006
vn 0.0763 -0.7317 0.6773
vn -0.0001 -0.9661 0.2583
vn 0.0675 -0.9579 0.2791
vn 0.0809 -0.9725 0.2183
vn -0.0068 0.0157 0.9999
vn 0.0504 -0.0059 0.9987
vn -0.0057 -0.9835 0.1807
vn -0.8127 -0.4768 -0.3350
vn -0.0223 0.8467 0.5316
vn -0.6622 0.6606 0.3538
vn -0.1533 -0.8086 -0.5681
vn -0.9789 0.2033 0.0223
vn -0.8054 0.5060 0.3088
vn -0.8071 0.4595 0.3707
vn 0.8741 -0.4709 0.1194
vn 0.5611 -0.7657 0.3144
vn 0.7899 -0.4875 0.3719
vn -0.9722 0.1889 0.1382
vn -0.9429 0.2717 0.1928
vn -0.9546 0.2350 0.1831
vn 0.4658 -0.8157 0.3430
vn 0.1407 -0.9801 -0.1399
vn 0.0801 -0.7300 0.6787
vn 0.8374 0.2990 0.4576
vn 0.3960 0.6489 -0.6497
vn 0.9336 -0.2599 0.2468
vn 0.8951 -0.3936 -0.2095
vn 0.3753 -0.0350 -0.9262
vn 0.5980 -0.7054 -0.3805
vn 0.7085 0.7045 0.0426
vn 0.0588 0.7111 0.7006
vn -0.9354 0.3480 -0.0621
vn -0.4285 0.8804 0.2035
vn -0.9368 0.3276 0.1228
vn -0.8634 0.5034 0.0331
vn -0.7735 0.6226 0.1187
vn -0.8557 0.4399 0.2727
vn -0.9069 0.3695 0.2023
vn -0.9060 0.3599 0.2227
vn -0.9043 0.3495 0.2453
vn -0.0037 -0.6735 0.7391
vn 0.9274 -0.3157 -0.2008
vn 0.9327 -0.1143 -0.3420
vn 0.6322 0.7153 0.2978
vn -0.0137 0.7218 0.6920
vn 0.9855 -0.1669 -0.0298
vn 0.0015 -0.9500 0.3123
vn 0.0011 -0.6359 0.7718
vn 0.0624 -0.9464 -0.3170
vn 0.0340 -0.8852 -0.4640
vn 0.0616 -0.8837 -0.4639
vn 0.0573 -0.8033 -0.5928
vn -0.0246 -0.7268 -0.6864
vn 0.0672 0.6960 0.7149
vn 0.0627 0.8033 0.5923
vn 0.0626 0.8033 0.5922
vn 0.0678 0.9459 0.3173
vn 0.0675 0.8838 0.4629
vn 0.0684 0.9457 0.3176
vn -0.1119 -0.9418 -0.3171
vn -0.0739 -0.8841 -0.4614
vn -0.0739 -0.8016 -0.5933
vn 0.7538 0.5820 0.3050
vn 0.7413 0.6368 0.2119
vn 0.7413 0.6369 0.2119
vn 0.7428 0.5390 0.3972
vn 0.7447 0.4635 0.4802
vn 0.7435 0.5384 0.3966
vn -0.9423 0.2975 0.1535
vn -0.8485 0.4173 0.3253
vn -0.7910 0.4441 0.4208
vn -0.8488 0.4745 0.2334
vn 0.9801 -0.1597 -0.1181
vn 0.9802 -0.1595 -0.1174
vn 0.9612 -0.2426 -0.1315
vn 0.9009 -0.4122 -0.1359
vn 0.9166 -0.3193 -0.2406
vn 0.8009 0.4754 0.3641
vn 0.1564 0.7937 0.5879
vn 0.1537 0.9372 0.3130
vn 0.8009 0.5337 0.2715
vn 0.7992 0.5672 0.1989
vn 0.1775 -0.9333 -0.3123
vn 0.1802 -0.8706 -0.4578
vn 0.1824 -0.8701 -0.4578
vn 0.1772 -0.7899 -0.5871
vn 0.1783 -0.7901 -0.5864
vn 0.9612 0.2336 0.1465
vn 0.9586 0.2409 0.1517
vn 0.9185 -0.2687 -0.2900
vn 0.8876 -0.4467 -0.1121
vn 0.8974 -0.4280 -0.1074
vn 0.9974 0.0681 0.0253
vn 0.8574 0.4363 0.2728
vn 0.8496 0.5123 0.1254
vn 0.9939 -0.1036 -0.0377
vn 0.6780 0.7138 0.1755
vn 0.6778 0.6230 0.3904
vn 0.9971 -0.0713 -0.0273
vn 0.9801 -0.1885 -0.0629
vn 0.9801 -0.1957 -0.0335
vn 0.9801 -0.1882 -0.0633
vn 0.0593 -0.9841 -0.1674
vn -0.0253 -0.9605 -0.2771
vn 0.0650 0.9837 0.1678
vn -0.0760 -0.9829 -0.1678
vn 0.7537 0.6475 0.1126
vn -0.0085 -0.8270 -0.5621
vn 0.0684 0.8836 0.4632
vn 0.9801 -0.1759 -0.0920
vn 0.8952 -0.4387 -0.0782
vn 0.9504 -0.3111 -0.0025
vn 0.9118 -0.3643 -0.1897
vn 0.7969 0.5973 0.0903
vn 0.1518 0.8742 0.4612
vn 0.1553 0.9742 0.1635
vn 0.1773 -0.9334 -0.3121
vn 0.1803 -0.9700 -0.1632
vn 0.1822 -0.9696 -0.1634
vn 0.9800 -0.1758 -0.0930
vn 0.8425 0.4996 -0.2017
vn 0.8376 0.5256 -0.1490
vn 0.8376 0.5257 -0.1488
vn 0.8418 0.5316 -0.0936
vn 0.8420 0.5314 -0.0934
vn 0.8410 0.5398 -0.0374
vn 0.8152 -0.5572 0.1582
vn 0.7756 -0.5855 0.2359
vn 0.8144 -0.5382 0.2170
vn 0.8126 -0.5739 0.1013
vn 0.7357 -0.6461 0.2031
vn 0.8082 -0.5875 0.0404
vn 0.7949 -0.5942 0.1224
vn 0.0685 0.9591 -0.2746
vn 0.0688 0.9255 -0.3724
vn 0.0689 0.9255 -0.3724
vn 0.0996 0.9803 -0.1703
vn 0.0695 0.9592 -0.2740
vn 0.0664 0.9954 -0.0694
vn 0.0996 0.9803 -0.1704
vn 0.7226 -0.6853 0.0913
vn 0.7837 -0.6131 0.0994
vn 0.9749 -0.2192 0.0400
vn 0.9615 -0.2633 0.0790
vn 0.9894 -0.1398 -0.0380
vn 0.8148 -0.5794 0.0215
vn 0.7864 -0.6163 0.0419
vn 0.7165 -0.6965 0.0381
vn 0.8215 -0.5691 0.0369
vn 0.9923 -0.1233 0.0086
vn 0.6861 -0.5828 -0.4354
vn 0.8201 -0.3696 -0.4369
vn 0.7707 -0.3645 -0.5227
vn 0.5021 -0.8348 -0.2257
vn 0.6717 -0.6924 -0.2634
vn 0.6417 -0.7038 -0.3047
vn 0.6608 -0.7491 -0.0468
vn 0.6926 -0.6879 -0.2173
vn 0.8118 0.3675 -0.4537
vn 0.7413 0.2269 -0.6316
vn 0.8239 0.1522 -0.5459
vn 0.4446 -0.8644 0.2349
vn 0.5260 -0.7882 0.3194
vn 0.4127 -0.8451 0.3399
vn 0.0041 -0.2577 -0.9662
vn 0.0654 -0.2078 -0.9760
vn 0.0013 -0.2015 -0.9795
vn 0.0026 -0.2969 -0.9549
vn 0.2585 -0.1469 -0.9548
vn -0.0001 -0.7304 -0.6830
vn 0.0688 -0.7133 -0.6975
vn 0.0007 -0.6935 -0.7205
vn -0.0073 0.4843 -0.8749
vn 0.0602 0.6093 -0.7907
vn -0.0136 0.6205 -0.7841
vn -0.0060 -0.7831 -0.6219
vn 0.1848 -0.7019 -0.6879
vn -0.8118 -0.5296 0.2461
vn -0.8129 -0.5677 0.1299
vn -0.8114 -0.5300 0.2463
vn -0.8131 -0.5675 0.1298
vn -0.8129 -0.5823 0.0097
vn -0.0219 0.9974 -0.0684
vn -0.0578 0.9280 -0.3680
vn -0.0214 0.9276 -0.3729
vn -0.7241 0.6862 -0.0696
vn -0.7558 0.6506 -0.0739
vn -0.1839 0.9814 0.0556
vn -0.1534 -0.9632 0.2209
vn -0.1528 -0.8963 0.4163
vn -0.1524 -0.8963 0.4164
vn -0.1538 -0.9880 0.0160
vn -0.1536 -0.9630 0.2212
vn -0.0000 -0.9069 0.4213
vn -0.0000 -0.9747 0.2236
vn -0.0000 -0.9748 0.2233
vn -0.0000 -0.9999 0.0161
vn -0.9974 0.0660 0.0297
vn -1.0000 0.0062 -0.0007
vn -0.9999 0.0094 -0.0049
vn -0.8827 0.4700 -0.0003
vn -0.8415 0.5301 -0.1047
vn -0.7909 0.5897 -0.1636
vn -0.8006 0.5909 -0.0993
vn -0.8111 0.5832 -0.0443
vn 0.8669 -0.2573 -0.4270
vn 0.7877 -0.2561 -0.5603
vn -0.9415 0.3360 -0.0274
vn -0.9716 0.2335 -0.0382
vn -0.9671 0.2536 -0.0182
vn -0.7706 0.6170 -0.1596
vn -0.9438 0.3233 -0.0687
vn -0.9391 0.3436 -0.0025
vn 0.8416 0.5397 0.0194
vn 0.8417 0.5396 0.0200
vn 0.8416 0.5347 0.0760
vn 0.8417 0.5347 0.0759
vn 0.8134 -0.5813 -0.0222
vn 0.8120 -0.5822 0.0404
vn 0.7899 -0.6075 -0.0835
vn 0.7963 -0.6048 -0.0051
vn 0.8148 -0.5740 -0.0815
vn 0.0765 0.9964 0.0362
vn 0.0659 0.9954 -0.0695
vn 0.0768 0.9871 0.1404
vn 0.0769 0.9964 0.0360
vn 0.0768 0.9872 0.1400
vn 0.9757 -0.2190 -0.0034
vn 0.9630 -0.2694 -0.0060
vn 0.7812 -0.6241 -0.0126
vn 0.7440 -0.6677 0.0243
vn 0.7638 -0.6454 0.0072
vn 0.7130 -0.2788 0.6433
vn 0.8201 -0.3062 0.4834
vn 0.8227 -0.3676 0.4337
vn 0.6731 -0.6800 0.2907
vn 0.6133 -0.7037 0.3586
vn 0.6381 -0.6570 0.4014
vn 0.7036 -0.6473 0.2932
vn 0.6051 -0.7514 0.2633
vn 0.7425 0.3091 0.5942
vn 0.4474 -0.8871 -0.1136
vn 0.0035 -0.1234 0.9923
vn 0.0675 -0.0727 0.9951
vn 0.0731 -0.1412 0.9873
vn 0.0027 -0.1671 0.9859
vn 0.0774 -0.1907 0.9786
vn 0.0004 -0.6308 0.7759
vn 0.0647 -0.6097 0.7900
vn 0.0817 -0.6592 0.7475
vn -0.0067 0.6007 0.7994
vn 0.0513 0.5834 0.8105
vn -0.8113 -0.5735 -0.1130
vn -0.6537 0.7525 -0.0804
vn -0.1537 -0.9880 0.0160
vn -0.9785 0.1794 -0.1015
vn -0.9286 0.3092 0.2052
vn -0.8070 0.5897 0.0302
vn 0.8740 -0.3110 0.3734
vn 0.5575 -0.4374 0.7056
vn 0.7888 -0.1770 0.5887
vn -0.9723 0.2339 0.0011
vn -0.9430 0.3327 -0.0039
vn -0.9543 0.2986 0.0110
vn 0.4660 -0.4580 0.7570
vn 0.1398 -0.8786 0.4566
vn 0.0773 -0.1880 0.9791
vn 0.8383 0.5089 0.1958
vn 0.3927 0.1386 -0.9092
vn 0.9308 -0.0718 0.3584
vn 0.8923 -0.4465 0.0664
vn 0.3764 -0.5646 -0.7346
vn 0.5932 -0.7977 0.1087
vn 0.7805 0.6129 0.1228
vn 0.6032 0.6743 -0.4260
vn -0.9356 0.2465 -0.2527
vn -0.4346 0.8206 -0.3712
vn -0.9343 0.3427 -0.0984
vn -0.8601 0.4314 -0.2724
vn -0.7711 0.5762 -0.2709
vn -0.8558 0.5160 -0.0376
vn -0.9065 0.4190 -0.0528
vn -0.9064 0.4213 -0.0309
vn -0.9042 0.4271 -0.0073
vn -0.0051 -0.1154 0.9933
vn 0.9272 -0.3734 0.0287
vn 0.9285 -0.3001 -0.2189
vn -0.0139 0.9899 0.1413
vn 0.0475 0.9789 -0.1986
vn 0.9857 -0.1517 0.0732
vn 0.0020 -0.5884 0.8086
vn 0.0008 -0.0608 0.9982
vn 0.0613 -0.9877 0.1440
vn 0.0208 -0.9537 0.3000
vn 0.0397 -0.9890 0.1428
vn 0.0617 -0.9981 -0.0090
vn -0.0053 -0.9923 -0.1238
vn 0.0648 0.9837 0.1677
vn 0.0677 0.9977 0.0080
vn 0.0682 0.9976 0.0082
vn 0.0642 0.9524 -0.2980
vn 0.0672 0.9875 -0.1428
vn 0.0636 0.9525 -0.2977
vn -0.0654 -0.9878 0.1411
vn -0.1048 -0.9479 0.3008
vn -0.0248 -0.9983 -0.0528
vn -0.1145 -0.9934 -0.0063
vn 0.7460 0.6591 -0.0952
vn 0.7545 0.6262 -0.1965
vn 0.7547 0.6260 -0.1964
vn 0.7538 0.6474 0.1124
vn 0.7442 0.6679 0.0047
vn 0.7440 0.6681 0.0047
vn -0.9424 0.3309 -0.0497
vn -0.8481 0.5295 0.0176
vn -0.7903 0.6076 0.0786
vn -0.8477 0.5227 -0.0903
vn 0.9801 -0.1985 -0.0017
vn 0.9126 -0.4042 0.0613
vn 0.9490 -0.3153 0.0014
vn 0.8010 0.5984 0.0141
vn 0.1627 0.9866 0.0086
vn 0.1543 0.9418 -0.2986
vn 0.7981 0.5949 -0.0954
vn 0.8013 0.5730 -0.1721
vn 0.1843 -0.9381 0.2934
vn 0.1783 -0.9734 0.1443
vn 0.1861 -0.9374 0.2945
vn 0.1780 -0.9840 -0.0094
vn 0.9594 0.2814 -0.0196
vn 0.9586 0.2644 -0.1060
vn 0.9156 -0.3951 -0.0748
vn 0.8890 -0.4249 0.1709
vn 0.8979 -0.4084 0.1644
vn 0.9974 0.0696 -0.0191
vn 0.8518 0.5226 -0.0356
vn 0.8481 0.4914 -0.1981
vn 0.6719 0.6871 -0.2764
vn 0.6763 0.7350 -0.0489
vn 0.9397 -0.3401 0.0360
vn 0.9603 -0.2399 0.1423
vn 0.9801 -0.1893 0.0592
vn 0.9801 -0.1778 0.0882
vn 0.9801 -0.1893 0.0596
vn 0.0581 -0.8939 0.4445
vn 0.0581 -0.9527 0.2983
vn 0.0642 0.8935 -0.4445
vn 0.0205 -0.8983 0.4388
vn 0.7548 0.5876 -0.2917
vn 0.0677 0.9874 -0.1431
vn 0.7456 0.6595 -0.0954
vn 0.9801 -0.1965 0.0285
vn 0.9023 -0.4110 0.1304
vn 0.9022 -0.3869 0.1906
vn 0.9201 -0.3916 -0.0027
vn 0.7978 0.5367 -0.2747
vn 0.1518 0.9780 -0.1429
vn 0.1554 0.8855 -0.4379
vn 0.1843 -0.8799 0.4379
vn 0.1861 -0.8802 0.4366
vn 0.1765 -0.9738 0.1431
vn 0.1772 -0.9841 -0.0100
vn 0.9801 -0.1963 0.0288
vn 0.8414 0.2869 -0.4579
vn 0.8416 0.3332 -0.4251
vn 0.8416 0.3332 -0.4250
vn 0.8416 0.3756 -0.3881
vn 0.8416 0.3760 -0.3878
vn 0.8410 0.4153 -0.3468
vn 0.8148 -0.3577 0.4562
vn 0.7743 -0.3360 0.5362
vn 0.8145 -0.3079 0.4917
vn 0.8134 -0.4043 0.4183
vn 0.7355 -0.4021 0.5453
vn 0.8073 -0.4528 0.3784
vn 0.7966 -0.4068 0.4471
vn 0.0768 0.6150 -0.7848
vn 0.0758 0.5295 -0.8449
vn 0.0768 0.6152 -0.7846
vn 0.0768 0.6937 -0.7162
vn 0.0768 0.6938 -0.7161
vn 0.0767 0.7654 -0.6390
vn 0.7228 -0.4967 0.4805
vn 0.7849 -0.4371 0.4393
vn 0.9750 -0.1540 0.1605
vn 0.9610 -0.1664 0.2209
vn 0.9896 -0.1351 0.0499
vn 0.8147 -0.4564 0.3577
vn 0.7858 -0.4743 0.3970
vn 0.7167 -0.5423 0.4386
vn 0.8215 -0.4362 0.3674
vn 0.9923 -0.0944 0.0802
vn 0.6868 -0.7268 -0.0057
vn 0.8197 -0.5561 -0.1375
vn 0.7657 -0.6070 -0.2126
vn 0.5026 -0.8067 0.3109
vn 0.6729 -0.7137 0.1947
vn 0.6370 -0.7528 0.1659
vn 0.6584 -0.6339 0.4058
vn 0.6925 -0.6852 0.2258
vn 0.8133 0.0314 -0.5810
vn 0.7420 -0.1882 -0.6434
vn 0.8245 -0.1996 -0.5295
vn 0.4467 -0.5625 0.6957
vn 0.5243 -0.4526 0.7213
vn 0.4119 -0.4844 0.7718
vn 0.0042 -0.7763 -0.6304
vn 0.0690 -0.7376 -0.6717
vn 0.0011 -0.7406 -0.6720
vn 0.0010 -0.8046 -0.5938
vn 0.2487 -0.6829 -0.6869
vn 0.0004 -0.9924 -0.1230
vn 0.0650 -0.9867 -0.1491
vn 0.0011 -0.9850 -0.1727
vn -0.0096 -0.1304 -0.9914
vn 0.0575 0.0256 -0.9980
vn -0.0144 0.0410 -0.9991
vn -0.0037 -0.9978 -0.0668
vn 0.1851 -0.9725 -0.1417
vn -0.8114 -0.2840 0.5109
vn -0.8126 -0.3831 0.4392
vn -0.8128 -0.3829 0.4391
vn -0.8128 -0.4655 0.3503
vn -0.8126 -0.4658 0.3502
vn -0.0221 0.7664 -0.6420
vn -0.0577 0.5343 -0.8433
vn -0.0223 0.5310 -0.8471
vn -0.7211 0.5114 -0.4674
vn -0.7558 0.4831 -0.4420
vn -0.1834 0.8268 -0.5317
vn -0.1535 -0.6495 0.7447
vn -0.1520 -0.4805 0.8638
vn -0.1513 -0.4805 0.8638
vn -0.1539 -0.7901 0.5933
vn -0.1539 -0.6493 0.7448
vn -0.0000 -0.4861 0.8739
vn -0.0000 -0.6577 0.7533
vn -0.0000 -0.7995 0.6006
vn -0.9975 0.0695 -0.0153
vn -1.0000 0.0046 -0.0042
vn -0.9999 0.0047 -0.0095
vn -0.8868 0.3724 -0.2736
vn -0.8419 0.3669 -0.3956
vn -0.9169 0.1334 -0.3761
vn -0.7907 0.3809 -0.4793
vn -0.8003 0.4204 -0.4275
vn 0.8664 -0.4598 -0.1946
vn 0.7888 -0.5349 -0.3029
vn -0.9414 0.2556 -0.2201
vn -0.9713 0.1673 -0.1690
vn -0.9673 0.1937 -0.1639
vn -0.7734 0.4017 -0.4905
vn -0.9435 0.2221 -0.2461
vn -0.9393 0.2761 -0.2037
vn 0.8417 0.4478 -0.3016
vn 0.8420 0.4474 -0.3014
vn 0.8368 0.4838 -0.2563
vn 0.8368 0.4840 -0.2558
vn 0.8127 -0.4841 0.3244
vn 0.8120 -0.4480 0.3740
vn 0.7888 -0.5417 0.2903
vn 0.7941 -0.4936 0.3548
vn 0.8156 -0.5111 0.2712
vn 0.0990 0.8261 -0.5547
vn 0.1007 0.8260 -0.5546
vn 0.0729 0.8810 -0.4675
vn 0.0723 0.8810 -0.4676
vn 0.9757 -0.1794 0.1259
vn 0.9611 -0.2274 0.1566
vn 0.9928 0.0447 0.1115
vn 0.7815 -0.5109 0.3581
vn 0.7434 -0.5262 0.4130
vn 0.7634 -0.5193 0.3841
vn 0.7144 0.1503 0.6834
vn 0.8199 0.0361 0.5714
vn 0.8255 -0.0417 0.5629
vn 0.6734 -0.3780 0.6353
vn 0.6115 -0.3586 0.7053
vn 0.6422 -0.2957 0.7072
vn 0.7015 -0.3517 0.6199
vn 0.6059 -0.4551 0.6526
vn 0.7412 0.6019 0.2972
vn 0.4450 -0.7863 0.4287
vn 0.0040 0.4837 0.8752
vn 0.0717 0.5288 0.8457
vn 0.0730 0.4658 0.8819
vn 0.0023 0.4453 0.8954
vn 0.0761 0.4186 0.9050
vn -0.0001 -0.0525 0.9986
vn 0.0686 -0.0288 0.9972
vn 0.0791 -0.0920 0.9926
vn -0.0090 0.9542 0.2991
vn 0.0477 0.9498 0.3092
vn -0.6598 0.5457 -0.5166
vn -0.1537 -0.7899 0.5936
vn -0.9787 0.0846 -0.1869
vn -0.8051 0.4505 -0.3858
vn -0.8071 0.4948 -0.3221
vn 0.8742 -0.0331 0.4844
vn 0.5594 0.0621 0.8266
vn 0.7911 0.2035 0.5768
vn -0.9724 0.1894 -0.1364
vn -0.9429 0.2670 -0.1989
vn -0.9545 0.2477 -0.1659
vn 0.4636 0.0729 0.8830
vn 0.1430 -0.4721 0.8699
vn 0.0753 0.4457 0.8920
vn 0.9895 0.0118 0.1442
vn 0.8355 0.5316 -0.1391
vn 0.3965 -0.4174 -0.8177
vn 0.9321 0.1563 0.3267
vn 0.8936 -0.3241 0.3106
vn 0.3762 -0.8864 -0.2696
vn 0.5967 -0.5759 0.5588
vn 0.7746 0.5729 -0.2679
vn 0.6017 0.3070 -0.7374
vn -0.9366 0.0506 -0.3468
vn -0.4309 0.4396 -0.7881
vn -0.9318 0.2174 -0.2906
vn -0.8589 0.1911 -0.4751
vn -0.7701 0.3080 -0.5587
vn -0.8558 0.3954 -0.3335
vn -0.9071 0.3069 -0.2881
vn -0.9064 0.3226 -0.2727
vn -0.9038 0.3422 -0.2570
vn 0.9273 -0.2891 0.2377
vn 0.9285 -0.3714 0.0041
vn -0.0127 0.8871 -0.4615
vn 0.0374 0.6786 -0.7336
vn 0.9856 -0.0805 0.1488
vn 0.0011 0.0037 1.0000
vn 0.0004 0.5305 0.8477
vn 0.0595 -0.7142 0.6974
vn 0.0343 -0.5949 0.8031
vn 0.0216 -0.7152 0.6986
vn 0.0610 -0.8124 0.5799
vn 0.0669 0.8116 -0.5804
vn 0.0677 0.8116 -0.5803
vn 0.0642 0.5931 -0.8026
vn 0.0652 0.7147 -0.6964
vn 0.0643 0.5931 -0.8026
vn -0.0945 -0.7119 0.6959
vn -0.0740 -0.5940 0.8011
vn -0.0654 -0.8110 0.5814
vn -0.1047 -0.8922 0.4394
vn 0.7522 0.4716 -0.4602
vn 0.7545 0.3896 -0.5282
vn 0.7459 0.5418 -0.3874
vn 0.7546 0.5878 -0.2918
vn 0.7458 0.5420 -0.3873
vn -0.9424 0.2384 -0.2347
vn -0.8478 0.4395 -0.2967
vn -0.7908 0.5371 -0.2933
vn -0.8484 0.3693 -0.3792
vn 0.9801 -0.1616 0.1154
vn 0.9801 -0.1776 0.0884
vn 0.9801 -0.1616 0.1152
vn 0.9624 -0.1970 0.1868
vn 0.8990 -0.2573 0.3544
vn 0.9125 -0.3345 0.2354
vn 0.1490 0.8073 -0.5710
vn 0.7995 0.4948 -0.3406
vn 0.1517 0.5901 -0.7930
vn 0.8018 0.4202 -0.4249
vn 0.7971 0.3682 -0.4786
vn 0.1814 -0.5875 0.7887
vn 0.1780 -0.7033 0.6882
vn 0.1772 -0.7032 0.6886
vn 0.1783 -0.8021 0.5699
vn 0.9611 0.2131 -0.1757
vn 0.9599 0.2148 -0.1802
vn 0.9145 -0.3645 0.1754
vn 0.8879 -0.2438 0.3901
vn 0.8976 -0.2331 0.3742
vn 0.9973 0.0457 -0.0566
vn 0.8505 0.4030 -0.3380
vn 0.8491 0.2827 -0.4463
vn 0.6731 0.5660 -0.4759
vn 0.9400 -0.2531 0.2286
vn 0.9801 -0.0925 0.1756
vn 0.9801 -0.1184 0.1595
vn 0.0587 -0.5935 0.8027
vn 0.0157 -0.4640 0.8857
vn 0.0632 0.4646 -0.8833
vn 0.7553 0.3056 -0.5798
vn -0.0017 -0.7893 0.6140
vn 0.0655 0.7145 -0.6965
vn 0.9801 -0.1423 0.1384
vn 0.9002 -0.2023 0.3856
vn 0.9527 -0.0954 0.2887
vn 0.9176 -0.2844 0.2777
vn 0.7990 0.2709 -0.5369
vn 0.1578 0.7045 -0.6920
vn 0.1496 0.4594 -0.8755
vn 0.1822 -0.5878 0.7882
vn 0.1824 -0.4556 0.8713
vn 0.1766 -0.8018 0.5709
vn 0.8411 -0.0361 -0.5396
vn 0.8443 0.0193 -0.5356
vn 0.8443 0.0192 -0.5356
vn 0.8417 0.0763 -0.5344
vn 0.8414 0.1315 -0.5242
vn 0.8414 0.1315 -0.5241
vn 0.8143 0.0394 0.5791
vn 0.7901 -0.0250 0.6125
vn 0.8115 -0.0817 0.5787
vn 0.8129 -0.0215 0.5821
vn 0.8117 -0.1426 0.5665
vn 0.7994 -0.0699 0.5967
vn 0.0776 0.0363 -0.9963
vn 0.0971 -0.0663 -0.9931
vn 0.0775 0.1409 -0.9870
vn 0.0769 0.0363 -0.9964
vn 0.0954 0.2416 -0.9657
vn 0.0959 0.2414 -0.9657
vn 0.7279 -0.1213 0.6749
vn 0.7875 -0.0941 0.6091
vn 0.9750 -0.0297 0.2204
vn 0.9610 -0.0060 0.2764
vn 0.9896 -0.0788 0.1203
vn 0.8148 -0.1583 0.5578
vn 0.7838 -0.1507 0.6025
vn 0.7168 -0.1802 0.6736
vn 0.8202 -0.1394 0.5548
vn 0.9923 -0.0293 0.1205
vn 0.6863 -0.5928 0.4214
vn 0.8166 -0.5360 0.2139
vn 0.7666 -0.6149 0.1850
vn 0.5028 -0.4699 0.7255
vn 0.6721 -0.4649 0.5763
vn 0.6411 -0.5076 0.5755
vn 0.6551 -0.2834 0.7003
vn 0.6923 -0.4205 0.5864
vn 0.8121 -0.3185 -0.4889
vn 0.7413 -0.5313 -0.4100
vn 0.8248 -0.4715 -0.3122
vn 0.4483 -0.0454 0.8928
vn 0.0044 -0.9985 -0.0549
vn 0.0691 -0.9919 -0.1066
vn 0.0003 -0.9935 -0.1136
vn 0.0018 -1.0000 -0.0087
vn 0.2526 -0.9548 -0.1563
vn -0.0001 -0.8758 0.4826
vn 0.0686 -0.8843 0.4619
vn 0.0004 -0.8991 0.4378
vn -0.0089 -0.6830 -0.7304
vn 0.0651 -0.5679 -0.8205
vn -0.0145 -0.5607 -0.8279
vn -0.0067 -0.8299 0.5579
vn 0.1863 -0.8711 0.4544
vn -0.8130 -0.0516 0.5799
vn -0.8131 -0.0517 0.5799
vn -0.8123 -0.1712 0.5576
vn -0.8123 -0.1713 0.5575
vn -0.0562 0.2476 -0.9672
vn -0.7241 0.1406 -0.6752
vn -0.7561 0.1308 -0.6413
vn -0.1522 0.1186 0.9812
vn -0.1529 -0.0878 0.9843
vn -0.1532 -0.0877 0.9843
vn -0.1531 -0.2902 0.9446
vn -0.0000 -0.0887 0.9961
vn -0.0000 -0.2932 0.9560
vn -0.9862 -0.0501 -0.1577
vn -1.0000 0.0013 -0.0061
vn -0.8798 0.1501 -0.4510
vn -0.8419 0.0644 -0.5359
vn -0.9170 -0.1135 -0.3824
vn -0.7910 0.0260 -0.6113
vn -0.8005 0.0889 -0.5927
vn 0.8662 -0.4869 0.1120
vn 0.7901 -0.6091 0.0688
vn -0.9416 0.0774 -0.3277
vn -0.9713 0.0363 -0.2350
vn -0.9674 0.0604 -0.2458
vn -0.7693 0.0407 -0.6375
vn -0.9434 0.0353 -0.3299
vn -0.9392 0.1040 -0.3272
vn 0.8435 0.1842 -0.5046
vn 0.8436 0.1844 -0.5044
vn 0.8434 0.2360 -0.4826
vn 0.8435 0.2357 -0.4826
vn 0.8052 -0.2036 0.5570
vn 0.7953 -0.1328 0.5915
vn 0.8117 -0.2008 0.5484
vn 0.7889 -0.2680 0.5530
vn 0.8131 -0.2558 0.5229
vn 0.0961 0.3419 -0.9348
vn 0.0969 0.3423 -0.9346
vn 0.0721 0.4383 -0.8959
vn 0.0717 0.4382 -0.8960
vn 0.9758 -0.0713 0.2068
vn 0.9626 -0.0913 0.2552
vn 0.7806 -0.2046 0.5906
vn 0.7466 -0.1865 0.6386
vn 0.7640 -0.1892 0.6169
vn 0.7125 0.5218 0.4691
vn 0.8179 0.3701 0.4405
vn 0.8272 0.2934 0.4792
vn 0.6710 0.0666 0.7384
vn 0.6132 0.1237 0.7802
vn 0.6394 0.1767 0.7482
vn 0.7071 0.0764 0.7029
vn 0.6040 0.0194 0.7967
vn 0.7430 0.6599 -0.1115
vn 0.4469 -0.3872 0.8064
vn 0.0032 0.9055 0.4243
vn 0.0678 0.9247 0.3746
vn 0.0737 0.8950 0.4398
vn 0.0028 0.8893 0.4573
vn 0.0770 0.8690 0.4889
vn -0.0009 0.5443 0.8389
vn 0.0643 0.5601 0.8259
vn 0.0830 0.5071 0.8579
vn -0.0067 0.9463 -0.3233
vn 0.0523 0.9511 -0.3044
vn -0.0073 0.4670 0.8842
vn -0.0223 0.2428 -0.9698
vn -0.6627 0.1541 -0.7328
vn -0.1528 -0.2898 0.9448
vn -0.9788 -0.0415 -0.2007
vn -0.8056 0.1381 -0.5761
vn -0.8072 0.2103 -0.5516
vn 0.8742 0.2587 0.4110
vn 0.5612 0.5359 0.6307
vn 0.7893 0.5056 0.3486
vn -0.9723 0.0730 -0.2221
vn -0.9429 0.0997 -0.3177
vn -0.9545 0.1018 -0.2802
vn 0.1322 0.1525 0.9794
vn 0.3977 -0.8208 -0.4100
vn 0.9327 0.3170 0.1720
vn 0.8950 -0.0725 0.4402
vn 0.3747 -0.8729 0.3124
vn 0.6010 -0.1338 0.7879
vn 0.7215 -0.1761 -0.6696
vn -0.3875 0.0229 -0.9216
vn -0.9330 0.0065 -0.3598
vn -0.8544 0.1244 -0.5044
vn -0.9079 0.0782 -0.4118
vn -0.9049 0.1016 -0.4133
vn -0.9053 0.1252 -0.4060
vn 0.9274 -0.0889 0.3635
vn 0.9329 -0.2898 0.2139
vn -0.0133 0.4405 -0.8977
vn 0.9859 0.0223 0.1657
vn -0.0006 0.5962 0.8029
vn -0.0002 0.9305 0.3663
vn 0.0563 -0.1681 0.9842
vn 0.0272 -0.0079 0.9996
vn 0.0282 -0.1682 0.9853
vn 0.0578 -0.4643 0.8838
vn 0.0302 -0.3172 0.9479
vn 0.0623 0.3155 -0.9469
vn 0.0623 0.3156 -0.9468
vn 0.0608 0.0083 -0.9981
vn 0.0617 0.1684 -0.9838
vn 0.0604 0.0085 -0.9981
vn -0.0723 -0.1677 0.9832
vn -0.0679 -0.0082 0.9977
vn -0.1118 -0.4598 0.8809
vn -0.0737 -0.3182 0.9451
vn 0.7435 0.1114 -0.6594
vn 0.7634 0.0063 -0.6459
vn 0.7634 0.0063 -0.6458
vn 0.7553 0.3057 -0.5797
vn 0.7550 0.2085 -0.6217
vn 0.7546 0.2084 -0.6222
vn -0.9424 0.0544 -0.3299
vn -0.8494 0.1794 -0.4963
vn -0.7909 0.2622 -0.5529
vn -0.8496 0.0758 -0.5220
vn 0.9801 -0.0630 0.1882
vn 0.9801 -0.0628 0.1883
vn 0.9168 -0.0633 0.3944
vn 0.9501 -0.0950 0.2972
vn 0.9166 -0.1310 0.3778
vn 0.1514 0.3104 -0.9385
vn 0.8014 0.1965 -0.5650
vn 0.1500 0.0086 -0.9886
vn 0.7999 0.0928 -0.5929
vn 0.7971 0.0148 -0.6036
vn 0.1822 -0.0116 0.9832
vn 0.1838 -0.1646 0.9691
vn 0.1850 -0.1652 0.9687
vn 0.1827 -0.3108 0.9327
vn 0.9600 0.0686 -0.2715
vn 0.9160 -0.1848 0.3559
vn 0.9620 0.0690 0.2641
vn 0.8574 0.1259 -0.4989
vn 0.6778 0.1791 -0.7130
vn 0.6782 0.3910 -0.6223
vn 0.9801 -0.0016 0.1985
vn 0.9801 -0.0022 0.1985
vn 0.0552 -0.0081 0.9984
vn 0.0569 -0.3161 0.9470
vn 0.0617 0.1683 -0.9838
vn 0.7430 0.1112 -0.6600
vn 0.9801 -0.0329 0.1956
vn 0.8962 -0.0042 0.4436
vn 0.8930 0.0669 0.4450
vn 0.1515 0.1668 -0.9743
vn 0.1495 -0.1426 -0.9784
vn 0.1916 0.1464 0.9705
vn 1.0000 -0.0000 -0.0000
vn -0.0000 0.5579 0.8299
vn -0.0000 0.3730 0.9278
vn -0.0000 0.7176 0.6964
vn -0.0000 0.8474 0.5310
vn -0.0000 0.9393 0.3430
vn -0.0000 0.9392 0.3434
vn -0.0000 0.9899 0.1416
vn -0.0000 0.9900 0.1413
vn -0.0000 0.9977 -0.0679
vn -0.0000 0.9616 -0.2743
vn -0.0000 0.8837 -0.4680
vn -0.0000 0.7668 -0.6419
vn -0.0000 0.6161 -0.7876
vn -0.0000 0.4402 -0.8979
vn -0.0000 0.4398 -0.8981
vn -0.0000 0.2437 -0.9699
vn -0.0000 0.0355 -0.9994
vn -0.0000 -0.1722 -0.9851
vn -0.0000 -0.3731 -0.9278
vn -0.0000 -0.5578 -0.8300
vn -0.0000 -0.7176 -0.6964
vn -0.0000 -0.8474 -0.5310
vn -0.0000 -0.9393 -0.3430
vn -0.0000 -0.9392 -0.3434
vn -0.0000 -0.9901 -0.1402
vn -0.0000 -0.9901 -0.1405
vn -0.0000 -0.9977 0.0678
vn -0.0000 -0.9620 0.2732
vn -0.0000 -0.8830 0.4693
vn -0.0000 -0.8832 0.4690
vn -0.0000 -0.7668 0.6419
vn -0.0000 -0.6170 0.7870
vn -0.0000 -0.4398 0.8981
vn -0.0000 -0.4401 0.8979
vn -0.0000 -0.2437 0.9699
vn -0.0000 -0.0355 0.9994
vn -0.0000 0.1723 0.9850
vn -0.0000 0.3733 0.9277
vn 0.3920 0.5027 0.7705
vn 0.4141 0.3430 0.8431
vn 0.4361 0.3362 0.8347
vn 0.4590 0.4977 0.7359
vn 0.4757 0.6243 0.6196
vn 0.4363 0.5013 0.7472
vn 0.3947 0.7703 0.5008
vn 0.4167 0.6552 0.6301
vn 0.4386 0.6455 0.6253
vn 0.3936 0.8590 0.3275
vn 0.4150 0.7725 0.4806
vn 0.4370 0.7621 0.4777
vn 0.3936 0.9085 0.1402
vn 0.4141 0.8568 0.3072
vn 0.4369 0.8456 0.3068
vn 0.4648 0.8775 0.1178
vn 0.4798 0.8758 -0.0529
vn 0.4426 0.8883 0.1226
vn 0.4592 0.8861 -0.0627
vn 0.4757 0.8494 -0.2286
vn 0.4368 0.8976 -0.0596
vn 0.4599 0.8531 -0.2463
vn 0.4766 0.7816 -0.4024
vn 0.4376 0.8648 -0.2463
vn 0.3954 0.7134 -0.5786
vn 0.4167 0.8024 -0.4272
vn 0.4388 0.7947 -0.4194
vn 0.3923 0.5748 -0.7182
vn 0.4124 0.6938 -0.5904
vn 0.4349 0.6877 -0.5812
vn 0.4636 0.5427 -0.7004
vn 0.4801 0.3923 -0.7846
vn 0.4416 0.5519 -0.7074
vn 0.4620 0.3857 -0.7986
vn 0.4767 0.2234 -0.8502
vn 0.4393 0.3942 -0.8072
vn 0.4587 0.2134 -0.8626
vn 0.4755 0.0451 -0.8785
vn 0.4366 0.2195 -0.8725
vn 0.3934 -0.1432 -0.9082
vn 0.4165 0.0321 -0.9086
vn 0.4386 0.0351 -0.8980
vn 0.4602 -0.1566 -0.8739
vn 0.4754 -0.3187 -0.8201
vn 0.4375 -0.1550 -0.8858
vn 0.3921 -0.5023 -0.7706
vn 0.4141 -0.3431 -0.8431
vn 0.4361 -0.3363 -0.8347
vn 0.3926 -0.6521 -0.6485
vn 0.4138 -0.5114 -0.7531
vn 0.4363 -0.5027 -0.7463
vn 0.3942 -0.7711 -0.5000
vn 0.4165 -0.6547 -0.6307
vn 0.4387 -0.6449 -0.6258
vn 0.3936 -0.8592 -0.3268
vn 0.4146 -0.7734 -0.4795
vn 0.4370 -0.7628 -0.4766
vn 0.4596 -0.8351 -0.3022
vn 0.4775 -0.8681 -0.1357
vn 0.4376 -0.8444 -0.3090
vn 0.4611 -0.8789 -0.1223
vn 0.4772 -0.8775 0.0479
vn 0.4387 -0.8896 -0.1272
vn 0.3944 -0.8879 0.2367
vn 0.4175 -0.9065 0.0632
vn 0.4394 -0.8963 0.0592
vn 0.4612 -0.8527 0.2455
vn 0.4779 -0.7808 0.4024
vn 0.4385 -0.8647 0.2452
vn 0.4605 -0.7825 0.4191
vn 0.4769 -0.6806 0.5561
vn 0.4379 -0.7941 0.4215
vn 0.3947 -0.5770 0.7150
vn 0.4170 -0.6943 0.5866
vn 0.4390 -0.6884 0.5774
vn 0.3951 -0.4170 0.8185
vn 0.4172 -0.5580 0.7173
vn 0.4394 -0.5541 0.7070
vn 0.4609 -0.3868 0.7987
vn 0.4774 -0.2244 0.8495
vn 0.4386 -0.3949 0.8073
vn 0.4591 -0.2145 0.8621
vn 0.4759 -0.0443 0.8784
vn 0.4367 -0.2206 0.8722
vn 0.4609 -0.0285 0.8870
vn 0.4773 0.1421 0.8672
vn 0.4386 -0.0321 0.8981
vn 0.4601 0.1570 0.8739
vn 0.4754 0.3187 0.8200
vn 0.4374 0.1555 0.8857
vn 0.2686 0.3446 0.8995
vn 0.0317 0.5578 0.8294
vn 0.0324 0.3730 0.9273
vn 0.4044 0.6288 0.6641
vn 0.0298 0.7176 0.6958
vn 0.3920 0.7566 0.5234
vn 0.0445 0.8463 0.5308
vn 0.2739 0.9040 0.3283
vn 0.0456 0.9388 0.3414
vn 0.0028 0.9900 0.1410
vn 0.2745 0.9593 -0.0660
vn 0.0307 0.9973 -0.0665
vn 0.2696 0.9260 -0.2643
vn 0.0321 0.9613 -0.2736
vn 0.0322 0.8831 -0.4681
vn 0.3972 0.7287 -0.5579
vn 0.0309 0.7656 -0.6425
vn 0.4043 0.5935 -0.6959
vn 0.0027 0.6166 -0.7873
vn 0.2737 0.4249 -0.8629
vn 0.0457 0.4409 -0.8964
vn 0.0444 0.2435 -0.9689
vn 0.2634 0.0334 -0.9641
vn 0.0297 0.0359 -0.9989
vn 0.2764 -0.1651 -0.9467
vn 0.0319 -0.1720 -0.9846
vn 0.2677 -0.3594 -0.8940
vn 0.0324 -0.3730 -0.9273
vn 0.2757 -0.5359 -0.7980
vn 0.0381 -0.5570 -0.8297
vn 0.2659 -0.6909 -0.6723
vn 0.0296 -0.7174 -0.6960
vn 0.0446 -0.8470 -0.5297
vn 0.4018 -0.8450 -0.3528
vn 0.0222 -0.9391 -0.3429
vn 0.3901 -0.9056 -0.1664
vn 0.0007 -0.9900 -0.1410
vn 0.3872 -0.9216 0.0264
vn -0.0000 -0.9976 0.0685
vn 0.3900 -0.8946 0.2184
vn -0.0000 -0.9619 0.2735
vn 0.2476 -0.8561 0.4536
vn -0.0000 -0.8836 0.4683
vn -0.0001 -0.7670 0.6416
vn 0.3898 -0.5955 0.7024
vn 0.0007 -0.6166 0.7872
vn 0.2594 -0.4235 0.8680
vn 0.0221 -0.4401 0.8977
vn 0.2742 -0.2357 0.9323
vn 0.0446 -0.2442 0.9687
vn 0.2659 -0.0330 0.9634
vn 0.0297 -0.0359 0.9989
vn 0.0379 0.1727 0.9842
vn 0.4058 0.3039 0.8620
vn 0.9817 0.1899 -0.0100
vn 0.9807 0.1908 -0.0434
vn 0.9809 0.1740 -0.0868
vn 0.9807 0.1560 -0.1180
vn 0.9815 0.1234 -0.1462
vn 0.9820 0.0863 -0.1678
vn 0.9980 0.0610 -0.0173
vn 0.9976 0.0608 -0.0323
vn 0.9819 -0.0297 -0.1873
vn 0.9982 0.0372 -0.0472
vn 0.9980 0.0280 -0.0570
vn 0.9983 0.0142 -0.0572
vn 0.9978 0.0025 -0.0657
vn 0.9985 -0.0100 -0.0541
vn 0.9979 -0.0237 -0.0596
vn 0.9983 -0.0322 -0.0476
vn 0.9982 -0.0433 -0.0422
vn 0.9809 -0.1740 0.0868
vn 0.9807 -0.1550 0.1192
vn 0.9982 -0.0593 -0.0083
vn 0.9984 -0.0572 0.0036
vn 0.9978 -0.0642 0.0182
vn 0.9979 -0.0576 0.0306
vn 0.9818 0.0285 0.1876
vn 0.9816 0.0655 0.1796
vn 0.9809 0.1034 0.1648
vn 0.9983 -0.0142 0.0573
vn 0.9982 -0.0020 0.0605
vn 0.9814 0.1790 0.0696
vn 0.9477 -0.1710 0.2694
vn 0.7409 0.2504 0.6232
vn 0.7766 0.3285 0.5375
vn 0.7398 0.2511 0.6242
vn 0.7323 0.3800 0.5651
vn 0.7722 0.4270 0.4704
vn 0.7313 0.3804 0.5662
vn 0.7300 0.4912 0.4753
vn 0.7725 0.5200 0.3645
vn 0.7289 0.4916 0.4764
vn 0.7735 0.5528 0.3099
vn 0.7337 0.6379 0.2338
vn 0.7327 0.6391 0.2338
vn 0.7758 0.6043 0.1813
vn 0.7365 0.6696 0.0958
vn 0.7355 0.6707 0.0958
vn 0.7758 0.6281 0.0598
vn 0.7412 0.6698 -0.0457
vn 0.7401 0.6709 -0.0457
vn 0.7779 0.6245 -0.0701
vn 0.7433 0.6433 -0.1835
vn 0.7423 0.6444 -0.1838
vn 0.7421 0.6446 -0.1839
vn 0.7784 0.5676 -0.2681
vn 0.7411 0.6457 -0.1842
vn 0.7431 0.5913 -0.3132
vn 0.7777 0.4993 -0.3820
vn 0.7421 0.5923 -0.3137
vn 0.7413 0.5148 -0.4308
vn 0.7759 0.4116 -0.4780
vn 0.7402 0.5157 -0.4315
vn 0.7363 0.4169 -0.5329
vn 0.7756 0.3106 -0.5495
vn 0.7353 0.4177 -0.5338
vn 0.7337 0.2983 -0.6105
vn 0.7735 0.1842 -0.6064
vn 0.7327 0.2992 -0.6113
vn 0.7724 0.1227 -0.6231
vn 0.7299 0.0252 -0.6830
vn 0.7289 0.0247 -0.6842
vn 0.7722 -0.0176 -0.6352
vn 0.7323 -0.1171 -0.6708
vn 0.7313 -0.1176 -0.6719
vn 0.7767 -0.1351 -0.6151
vn 0.7410 -0.2508 -0.6229
vn 0.7400 -0.2509 -0.6240
vn 0.7410 -0.2504 -0.6230
vn 0.7768 -0.3283 -0.5374
vn 0.7400 -0.2511 -0.6240
vn 0.7323 -0.3799 -0.5652
vn 0.7722 -0.4270 -0.4705
vn 0.7313 -0.3803 -0.5663
vn 0.7300 -0.4912 -0.4753
vn 0.7725 -0.5200 -0.3645
vn 0.7289 -0.4916 -0.4765
vn 0.7735 -0.5528 -0.3099
vn 0.7337 -0.6380 -0.2339
vn 0.7327 -0.6391 -0.2338
vn 0.7758 -0.6043 -0.1813
vn 0.7366 -0.6696 -0.0951
vn 0.7355 -0.6708 -0.0952
vn 0.7361 -0.6702 -0.0949
vn 0.7732 -0.6341 0.0105
vn 0.7350 -0.6713 -0.0952
vn 0.7769 -0.6257 0.0696
vn 0.7432 -0.6436 0.1827
vn 0.7422 -0.6447 0.1830
vn 0.7788 -0.5948 0.1992
vn 0.7420 -0.5920 0.3144
vn 0.7410 -0.5931 0.3150
vn 0.7432 -0.5909 0.3138
vn 0.7769 -0.4997 0.3830
vn 0.7422 -0.5919 0.3144
vn 0.7732 -0.4648 0.4314
vn 0.7361 -0.4178 0.5325
vn 0.7351 -0.4184 0.5335
vn 0.7366 -0.4172 0.5323
vn 0.7758 -0.3105 0.5492
vn 0.7356 -0.4180 0.5331
vn 0.7337 -0.2983 0.6105
vn 0.7735 -0.1842 0.6064
vn 0.7327 -0.2992 0.6112
vn 0.7725 -0.1227 0.6230
vn 0.7300 -0.0252 0.6830
vn 0.7289 -0.0247 0.6841
vn 0.7722 0.0178 0.6352
vn 0.7323 0.1173 0.6708
vn 0.7312 0.1177 0.6719
vn 0.7767 0.1354 0.6152
vn 0.7409 0.2508 0.6230
vn 0.7399 0.2510 0.6242
vn 0.5472 0.7081 0.4463
vn 0.5381 0.8342 0.1207
vn 0.4092 0.6760 -0.6128
vn 0.4231 0.3623 -0.8305
vn 0.4091 -0.6780 0.6108
vn 0.8993 -0.1632 -0.4058
vn 0.8990 -0.2323 0.3713
vn 0.8990 -0.3361 0.2808
vn 0.8993 0.1632 0.4058
vn 0.8989 0.4248 0.1071
vn 0.8406 -0.3022 -0.4495
vn 0.1021 -0.4651 -0.8793
vn -0.8103 0.3989 0.4293
vn -0.8130 0.1894 0.5505
vn 0.0580 -0.1455 -0.9876
vn 0.7548 -0.2889 -0.5889
vn 0.7511 -0.0956 -0.6532
vn 0.1949 0.5686 0.7992
vn 0.9801 0.1388 0.1421
vn 0.0577 -0.6977 -0.7140
vn 0.8414 -0.5242 -0.1316
vn 0.8414 -0.4576 -0.2875
vn 0.0969 -0.9352 -0.3407
vn -0.8104 0.5750 0.1128
vn 0.7550 -0.5800 -0.3059
vn 0.1824 0.9313 0.3153
vn 0.9801 0.1958 0.0336
vn 0.8409 -0.5400 0.0365
vn 0.1083 -0.9918 0.0671
vn 0.8935 0.4287 -0.1334
vn 0.1861 0.9373 -0.2945
vn 0.8414 -0.2871 0.4579
vn 0.8409 -0.4149 0.3475
vn -0.8132 0.3830 -0.4383
vn 0.1823 0.5843 -0.7908
vn 0.9801 0.1184 -0.1595
vn 0.8414 -0.1311 0.5243
vn -0.8105 -0.0705 -0.5815
vn 0.0970 -0.4387 0.8934
vn 0.9118 0.1315 -0.3891
vn 0.1735 0.0104 -0.9848
vn 0.9800 -0.0285 -0.1969
vn 0.9801 0.0334 -0.1955
vn 0.8374 0.1496 0.5258
vn 0.1020 0.2719 0.9569
vn 0.7545 0.2919 0.5877
vn 0.8931 -0.2613 -0.3662
vn 0.9800 -0.1158 -0.1620
vn 0.8414 0.5242 0.1316
vn 0.0758 0.9671 0.2428
vn 0.8417 0.4251 0.3330
vn 0.0769 0.7854 0.6143
vn 0.7552 0.5805 0.3045
vn 0.9801 -0.1958 -0.0334
vn 0.8409 0.5399 -0.0374
vn -0.8132 -0.5819 0.0100
vn 0.0636 0.8934 -0.4448
vn 0.8413 0.2871 -0.4580
vn 0.8409 0.4154 -0.3469
vn 0.0760 0.5296 -0.8448
vn 0.0759 0.7654 -0.6391
vn -0.8111 -0.2843 0.5112
vn 0.7523 0.4714 -0.4602
vn 0.9801 -0.0924 0.1759
vn 0.9801 -0.1420 0.1387
vn 0.8416 0.0761 -0.5346
vn 0.0769 0.1409 -0.9870
vn 0.1773 -0.0129 0.9841
vn 0.1824 -0.3107 0.9328
vn 0.9801 -0.0331 0.1955
vn 0.4603 0.4921 0.7389
vn 0.4375 0.5015 0.7464
vn 0.4754 0.3379 0.8123
vn 0.3934 0.5255 0.7543
vn 0.4386 0.6471 0.6236
vn 0.4165 0.6523 0.6333
vn 0.4587 0.7513 0.4745
vn 0.4366 0.7625 0.4775
vn 0.4756 0.6408 0.6026
vn 0.4621 0.8313 0.3091
vn 0.4393 0.8434 0.3094
vn 0.4767 0.7499 0.4586
vn 0.4636 0.8765 0.1295
vn 0.4415 0.8880 0.1283
vn 0.4801 0.8263 0.2944
vn 0.3923 0.9120 0.1201
vn 0.4350 0.8986 -0.0569
vn 0.4124 0.9094 -0.0545
vn 0.3954 0.9153 -0.0765
vn 0.4388 0.8638 -0.2476
vn 0.4167 0.8747 -0.2474
vn 0.3931 0.8804 -0.2651
vn 0.4376 0.7945 -0.4212
vn 0.4152 0.8054 -0.4231
vn 0.4592 0.6827 -0.5684
vn 0.4368 0.6888 -0.5786
vn 0.4757 0.7711 -0.4233
vn 0.4649 0.5515 -0.6926
vn 0.4426 0.5560 -0.7035
vn 0.4798 0.6685 -0.5682
vn 0.3936 0.5584 -0.7302
vn 0.4368 0.3977 -0.8069
vn 0.4140 0.4055 -0.8149
vn 0.3936 0.3930 -0.8311
vn 0.4370 0.2191 -0.8724
vn 0.4150 0.2246 -0.8817
vn 0.3947 0.2089 -0.8947
vn 0.4386 0.0327 -0.8981
vn 0.4167 0.0364 -0.9083
vn 0.4590 -0.1505 -0.8756
vn 0.4363 -0.1557 -0.8862
vn 0.4756 0.0214 -0.8794
vn 0.3920 -0.1708 -0.9040
vn 0.4361 -0.3354 -0.8351
vn 0.4141 -0.3363 -0.8458
vn 0.4601 -0.4918 -0.7392
vn 0.4375 -0.5012 -0.7466
vn 0.4754 -0.3379 -0.8123
vn 0.4609 -0.6348 -0.6202
vn 0.4386 -0.6451 -0.6257
vn 0.4773 -0.4980 -0.7240
vn 0.4591 -0.7517 -0.4735
vn 0.4367 -0.7631 -0.4765
vn 0.4759 -0.6402 -0.6030
vn 0.4609 -0.8322 -0.3084
vn 0.4386 -0.8439 -0.3090
vn 0.4774 -0.7502 -0.4575
vn 0.3951 -0.8676 -0.3018
vn 0.4394 -0.8894 -0.1264
vn 0.4172 -0.8993 -0.1312
vn 0.3948 -0.9114 -0.1163
vn 0.4390 -0.8965 0.0601
vn 0.4170 -0.9071 0.0575
vn 0.4606 -0.8547 0.2394
vn 0.4379 -0.8648 0.2458
vn 0.4769 -0.8761 0.0701
vn 0.3936 -0.8807 0.2637
vn 0.4385 -0.7936 0.4219
vn 0.4160 -0.8044 0.4241
vn 0.3944 -0.8045 0.4441
vn 0.4394 -0.6877 0.5779
vn 0.4175 -0.6977 0.5821
vn 0.4611 -0.5494 0.6968
vn 0.4387 -0.5537 0.7078
vn 0.4772 -0.6662 0.5731
vn 0.4596 -0.3932 0.7963
vn 0.4375 -0.3953 0.8077
vn 0.4775 -0.5323 0.6990
vn 0.3936 -0.3936 0.8307
vn 0.4370 -0.2204 0.8721
vn 0.4146 -0.2260 0.8815
vn 0.3943 -0.2100 0.8947
vn 0.4387 -0.0319 0.8981
vn 0.4165 -0.0356 0.9084
vn 0.3926 -0.0214 0.9195
vn 0.4363 0.1540 0.8865
vn 0.4138 0.1525 0.8975
vn 0.3921 0.1712 0.9038
vn 0.4361 0.3354 0.8350
vn 0.4141 0.3364 0.8458
vn 0.2429 -0.9329 0.2659
vn 0.6860 0.3041 0.6610
vn 0.7288 0.3809 0.5690
vn 0.7278 0.3817 0.5698
vn 0.6922 0.4298 0.5797
vn 0.7409 0.4828 0.4669
vn 0.7400 0.4835 0.4676
vn 0.7078 0.5378 0.4580
vn 0.7536 0.5583 0.3471
vn 0.7526 0.5589 0.3482
vn 0.7513 0.5586 0.3516
vn 0.7522 0.5573 0.3514
vn 0.7082 0.6473 0.2819
vn 0.7411 0.6304 0.2311
vn 0.7420 0.6295 0.2307
vn 0.6948 0.7061 0.1365
vn 0.7340 0.6723 0.0958
vn 0.7351 0.6712 0.0955
vn 0.6924 0.7213 -0.0163
vn 0.7361 0.6753 -0.0464
vn 0.7371 0.6742 -0.0463
vn 0.6965 0.6985 -0.1640
vn 0.6985 0.6773 -0.2308
vn 0.7408 0.5936 -0.3143
vn 0.7398 0.5946 -0.3148
vn 0.6967 0.6174 -0.3653
vn 0.7373 0.5183 -0.4333
vn 0.7362 0.5192 -0.4341
vn 0.6922 0.5318 -0.4879
vn 0.7348 0.4183 -0.5339
vn 0.7338 0.4189 -0.5348
vn 0.6948 0.4150 -0.5874
vn 0.7420 0.2943 -0.6023
vn 0.7411 0.2948 -0.6032
vn 0.7080 0.2718 -0.6518
vn 0.7521 0.1588 -0.6396
vn 0.7511 0.1596 -0.6406
vn 0.7525 0.1621 -0.6384
vn 0.7534 0.1625 -0.6371
vn 0.7076 0.0709 -0.7030
vn 0.7399 0.0251 -0.6722
vn 0.7409 0.0250 -0.6712
vn 0.6922 -0.0914 -0.7159
vn 0.7276 -0.1192 -0.6755
vn 0.7287 -0.1193 -0.6744
vn 0.6860 -0.2383 -0.6875
vn 0.6861 -0.3040 -0.6610
vn 0.7287 -0.3808 -0.5692
vn 0.7276 -0.3816 -0.5700
vn 0.6922 -0.4297 -0.5798
vn 0.7410 -0.4828 -0.4668
vn 0.7400 -0.4835 -0.4675
vn 0.7078 -0.5379 -0.4580
vn 0.7536 -0.5583 -0.3471
vn 0.7526 -0.5589 -0.3482
vn 0.7513 -0.5586 -0.3516
vn 0.7522 -0.5573 -0.3514
vn 0.7082 -0.6473 -0.2819
vn 0.7411 -0.6304 -0.2311
vn 0.7420 -0.6295 -0.2307
vn 0.6944 -0.7066 -0.1361
vn 0.6947 -0.7163 -0.0652
vn 0.7401 -0.6709 0.0462
vn 0.7392 -0.6719 0.0462
vn 0.7362 -0.6751 0.0464
vn 0.7372 -0.6740 0.0463
vn 0.6962 -0.6991 0.1628
vn 0.7400 -0.6470 0.1837
vn 0.7410 -0.6459 0.1834
vn 0.6982 -0.6486 0.3031
vn 0.6962 -0.6171 0.3666
vn 0.7372 -0.5184 0.4333
vn 0.7362 -0.5192 0.4341
vn 0.7391 -0.5168 0.4320
vn 0.7401 -0.5160 0.4313
vn 0.6947 -0.4717 0.5431
vn 0.6944 -0.4155 0.5875
vn 0.7420 -0.2944 0.6023
vn 0.7411 -0.2948 0.6032
vn 0.7083 -0.2717 0.6515
vn 0.7523 -0.1587 0.6394
vn 0.7514 -0.1595 0.6403
vn 0.7527 -0.1620 0.6381
vn 0.7536 -0.1624 0.6369
vn 0.7079 -0.0709 0.7028
vn 0.7401 -0.0250 0.6721
vn 0.7410 -0.0250 0.6710
vn 0.6922 0.0915 0.7159
vn 0.7277 0.1193 0.6755
vn 0.7287 0.1194 0.6743
vn 0.6861 0.2384 0.6873
vt 0.462023 0.732150
vt 0.436790 0.194076
vt 0.470451 0.194076
vt 0.478878 0.732150
vt 0.495631 0.732150
vt 0.504059 0.194076
vt 0.512487 0.732150
vt 0.436790 0.090826
vt 0.470451 0.011143
vt 0.470451 0.090826
vt 0.504059 0.090826
vt 0.445167 0.843741
vt 0.462023 0.889679
vt 0.445167 0.889679
vt 0.462023 0.843741
vt 0.478878 0.889679
vt 0.478878 0.843741
vt 0.495631 0.889679
vt 0.445167 0.938359
vt 0.478878 0.938359
vt 0.462023 0.938359
vt 0.445167 0.797804
vt 0.445167 0.732150
vt 0.478878 0.797804
vt 0.495631 0.797804
vt 0.462023 0.797804
vt 0.338356 0.940469
vt 0.336247 0.940095
vt 0.336247 0.940469
vt 0.339938 0.940469
vt 0.338356 0.940095
vt 0.537720 0.194076
vt 0.529343 0.732150
vt 0.546096 0.732150
vt 0.504059 0.011143
vt 0.537720 0.090826
vt 0.512487 0.843741
vt 0.512487 0.889679
vt 0.529343 0.843741
vt 0.529343 0.889679
vt 0.546096 0.889679
vt 0.512487 0.938359
vt 0.495631 0.938359
vt 0.546096 0.938359
vt 0.529343 0.938359
vt 0.512487 0.797804
vt 0.529343 0.797804
vt 0.546096 0.797804
vt 0.279276 0.940469
vt 0.277167 0.940095
vt 0.277167 0.940469
vt 0.344340 0.732150
vt 0.369521 0.194076
vt 0.361093 0.732150
vt 0.377949 0.732150
vt 0.394805 0.732150
vt 0.403181 0.194076
vt 0.411558 0.732150
vt 0.335912 0.011143
vt 0.369521 0.090826
vt 0.335912 0.090826
vt 0.369521 0.011143
vt 0.403181 0.090826
vt 0.344340 0.843741
vt 0.361093 0.889679
vt 0.344340 0.889679
vt 0.361093 0.843741
vt 0.377949 0.889679
vt 0.394805 0.843741
vt 0.394805 0.889679
vt 0.344340 0.938359
vt 0.361093 0.938359
vt 0.394805 0.938359
vt 0.377949 0.938359
vt 0.335912 0.194076
vt 0.361093 0.797804
vt 0.377949 0.797804
vt 0.344340 0.797804
vt 0.377949 0.843741
vt 0.394805 0.797804
vt 0.332029 0.940469
vt 0.329920 0.940095
vt 0.329920 0.940469
vt 0.334138 0.940469
vt 0.332029 0.940095
vt 0.428414 0.732150
vt 0.436790 0.011143
vt 0.411558 0.843741
vt 0.411558 0.889679
vt 0.428414 0.889679
vt 0.411558 0.938359
vt 0.428414 0.938359
vt 0.411558 0.797804
vt 0.428414 0.797804
vt 0.428414 0.843741
vt 0.334138 0.940095
vt 0.243410 0.732149
vt 0.268643 0.194075
vt 0.260266 0.732149
vt 0.277019 0.732149
vt 0.293875 0.732150
vt 0.302252 0.194075
vt 0.310628 0.732150
vt 0.234982 0.011143
vt 0.268643 0.090826
vt 0.234982 0.090826
vt 0.268643 0.011143
vt 0.302252 0.090826
vt 0.243410 0.843741
vt 0.260266 0.889678
vt 0.243410 0.889678
vt 0.260266 0.843741
vt 0.277019 0.889678
vt 0.293875 0.843741
vt 0.293875 0.889679
vt 0.243410 0.938358
vt 0.277019 0.938358
vt 0.260266 0.938358
vt 0.293875 0.938359
vt 0.234982 0.194075
vt 0.260266 0.797803
vt 0.277019 0.797803
vt 0.243410 0.797803
vt 0.293875 0.797804
vt 0.277019 0.843741
vt 0.325701 0.940469
vt 0.323592 0.940095
vt 0.323592 0.940469
vt 0.327811 0.940095
vt 0.325701 0.940095
vt 0.327484 0.732150
vt 0.302252 0.011143
vt 0.310628 0.843741
vt 0.310628 0.889679
vt 0.327484 0.889679
vt 0.327484 0.843741
vt 0.310628 0.938359
vt 0.327484 0.938359
vt 0.327484 0.797804
vt 0.310628 0.797804
vt 0.327811 0.940469
vt 0.159337 0.732149
vt 0.134105 0.194075
vt 0.167713 0.194075
vt 0.176090 0.732149
vt 0.201373 0.194075
vt 0.192946 0.732149
vt 0.209801 0.732149
vt 0.134105 0.090825
vt 0.167713 0.011143
vt 0.167713 0.090825
vt 0.201373 0.011143
vt 0.201373 0.090825
vt 0.142481 0.889678
vt 0.159337 0.843741
vt 0.159337 0.889678
vt 0.176090 0.843741
vt 0.176090 0.889678
vt 0.192946 0.889678
vt 0.159337 0.938358
vt 0.142481 0.938358
vt 0.176090 0.938358
vt 0.192946 0.938358
vt 0.142481 0.797803
vt 0.142481 0.732149
vt 0.176090 0.797803
vt 0.192946 0.797803
vt 0.159337 0.797803
vt 0.319374 0.940469
vt 0.317265 0.940095
vt 0.317265 0.940469
vt 0.321483 0.940469
vt 0.319374 0.940095
vt 0.226555 0.732149
vt 0.209801 0.843741
vt 0.209801 0.889678
vt 0.226555 0.843741
vt 0.226554 0.889678
vt 0.209801 0.938358
vt 0.226554 0.938358
vt 0.209801 0.797803
vt 0.226555 0.797803
vt 0.321483 0.940095
vt 0.041551 0.732149
vt 0.066835 0.194075
vt 0.058407 0.732149
vt 0.075263 0.732149
vt 0.092016 0.732149
vt 0.100444 0.194075
vt 0.108872 0.732149
vt 0.033175 0.090825
vt 0.066835 0.011143
vt 0.066835 0.090825
vt 0.100444 0.011143
vt 0.100444 0.090825
vt 0.041551 0.889678
vt 0.058407 0.843741
vt 0.058407 0.889678
vt 0.075263 0.843741
vt 0.075263 0.889678
vt 0.092016 0.843741
vt 0.092016 0.889678
vt 0.058407 0.938358
vt 0.041551 0.938358
vt 0.075263 0.938358
vt 0.092016 0.938358
vt 0.033175 0.194075
vt 0.058407 0.797803
vt 0.075263 0.797803
vt 0.092016 0.797803
vt 0.041551 0.843741
vt 0.041551 0.797803
vt 0.310937 0.940469
vt 0.313047 0.940095
vt 0.310937 0.940095
vt 0.313047 0.940469
vt 0.315156 0.940095
vt 0.125728 0.732149
vt 0.134105 0.011143
vt 0.108872 0.889678
vt 0.108872 0.843741
vt 0.125728 0.889678
vt 0.125728 0.843741
vt 0.125728 0.938358
vt 0.108872 0.938358
vt 0.108872 0.797803
vt 0.125728 0.797803
vt 0.315156 0.940469
vt 0.949403 0.732150
vt 0.972888 0.194076
vt 0.965334 0.732150
vt 0.980443 0.732150
vt 1.000038 0.194077
vt 0.995140 0.732150
vt 0.008148 0.732149
vt -0.007988 0.732149
vt 0.000080 0.194075
vt 0.941130 0.090826
vt 0.972888 0.011143
vt 0.972888 0.090826
vt 1.000038 0.090826
vt 0.949403 0.889679
vt 0.965334 0.843741
vt 0.965334 0.889679
vt 0.980443 0.889679
vt 0.980443 0.843741
vt 0.995140 0.889679
vt 0.965334 0.938359
vt 0.949403 0.938359
vt 0.980443 0.938359
vt 0.941130 0.194076
vt 0.965334 0.797804
vt 0.980443 0.797804
vt 0.949403 0.797804
vt 0.995140 0.797804
vt 0.306719 0.940469
vt 0.304610 0.940095
vt 0.304610 0.940469
vt 0.308828 0.940095
vt 0.306719 0.940095
vt 0.024798 0.732149
vt 0.000080 0.090825
vt 0.033175 0.011143
vt -0.007988 0.889678
vt 0.008148 0.843741
vt 0.008148 0.889678
vt 0.024798 0.843741
vt 0.024798 0.889678
vt 0.008148 0.938358
vt -0.007988 0.938358
vt 0.024798 0.938358
vt -0.007988 0.797803
vt 0.008148 0.797803
vt 0.024798 0.797803
vt 0.308828 0.940469
vt 0.865638 0.732150
vt 0.840406 0.194076
vt 0.874066 0.194076
vt 0.882494 0.732150
vt 0.907675 0.194076
vt 0.899247 0.732150
vt 0.916103 0.732150
vt 0.840406 0.011143
vt 0.874066 0.090826
vt 0.840406 0.090826
vt 0.874066 0.011143
vt 0.907675 0.090826
vt 0.848782 0.889679
vt 0.865638 0.843741
vt 0.865638 0.889679
vt 0.882494 0.843741
vt 0.882494 0.889679
vt 0.899247 0.889679
vt 0.848782 0.938359
vt 0.882494 0.938359
vt 0.865638 0.938359
vt 0.899247 0.938359
vt 0.848782 0.797804
vt 0.848782 0.732150
vt 0.865638 0.797804
vt 0.882494 0.797804
vt 0.899247 0.843741
vt 0.899247 0.797804
vt 0.298282 0.940469
vt 0.300392 0.940095
vt 0.298282 0.940095
vt 0.302501 0.940469
vt 0.300392 0.940469
vt 0.932856 0.732150
vt 0.907675 0.011143
vt 0.916103 0.843741
vt 0.916103 0.889679
vt 0.932856 0.843741
vt 0.932856 0.889679
vt 0.949403 0.843741
vt 0.916103 0.938359
vt 0.932856 0.938359
vt 0.932856 0.797804
vt 0.916103 0.797804
vt 0.302501 0.940095
vt 0.747955 0.732150
vt 0.773136 0.194076
vt 0.764708 0.732150
vt 0.781564 0.732150
vt 0.798420 0.732150
vt 0.806797 0.194076
vt 0.815173 0.732150
vt 0.739527 0.090826
vt 0.773136 0.011143
vt 0.773136 0.090826
vt 0.806797 0.011143
vt 0.806797 0.090826
vt 0.747955 0.843741
vt 0.764708 0.889679
vt 0.747955 0.889679
vt 0.764708 0.843741
vt 0.781564 0.889679
vt 0.798420 0.843741
vt 0.798420 0.889679
vt 0.747955 0.938359
vt 0.781564 0.938359
vt 0.764708 0.938359
vt 0.798420 0.938359
vt 0.739527 0.194076
vt 0.764708 0.797804
vt 0.781564 0.797804
vt 0.747955 0.797804
vt 0.798420 0.797804
vt 0.781564 0.843741
vt 0.294064 0.940469
vt 0.291951 0.940095
vt 0.291951 0.940469
vt 0.296173 0.940469
vt 0.294064 0.940095
vt 0.832029 0.732150
vt 0.815173 0.843741
vt 0.815173 0.889679
vt 0.832029 0.889679
vt 0.832029 0.843741
vt 0.815173 0.938359
vt 0.832029 0.938359
vt 0.815173 0.797804
vt 0.832029 0.797804
vt 0.296173 0.940095
vt 0.663882 0.732150
vt 0.638598 0.194076
vt 0.672258 0.194076
vt 0.680635 0.732150
vt 0.705867 0.194076
vt 0.697491 0.732150
vt 0.714244 0.732150
vt 0.638598 0.011143
vt 0.672258 0.090826
vt 0.638598 0.090826
vt 0.672258 0.011143
vt 0.705867 0.090826
vt 0.647026 0.889678
vt 0.663882 0.843741
vt 0.663882 0.889678
vt 0.680635 0.843741
vt 0.680635 0.889678
vt 0.697491 0.889679
vt 0.663882 0.938359
vt 0.647026 0.938359
vt 0.680635 0.938359
vt 0.697491 0.938359
vt 0.647026 0.797803
vt 0.647026 0.732149
vt 0.663882 0.797803
vt 0.697491 0.797804
vt 0.680635 0.797803
vt 0.285603 0.940469
vt 0.287712 0.940095
vt 0.285603 0.940095
vt 0.289822 0.940469
vt 0.287712 0.940469
vt 0.731099 0.732150
vt 0.739527 0.011143
vt 0.697491 0.843741
vt 0.714244 0.889679
vt 0.714244 0.843741
vt 0.731099 0.889679
vt 0.714244 0.938359
vt 0.731099 0.938359
vt 0.714244 0.797804
vt 0.731099 0.797804
vt 0.731099 0.843741
vt 0.289822 0.940095
vt 0.562952 0.732150
vt 0.571329 0.194076
vt 0.579705 0.732150
vt 0.604989 0.194076
vt 0.596561 0.732150
vt 0.613417 0.732150
vt 0.571329 0.011143
vt 0.571329 0.090826
vt 0.604989 0.011143
vt 0.604989 0.090826
vt 0.546096 0.843741
vt 0.562952 0.889679
vt 0.562952 0.843741
vt 0.579705 0.889679
vt 0.579705 0.843741
vt 0.596561 0.889679
vt 0.562952 0.938359
vt 0.579705 0.938359
vt 0.562952 0.797804
vt 0.596561 0.797804
vt 0.579705 0.797804
vt 0.281385 0.940095
vt 0.279276 0.940095
vt 0.281385 0.940469
vt 0.283494 0.940095
vt 0.630170 0.732149
vt 0.613417 0.843741
vt 0.613417 0.889679
vt 0.630170 0.843741
vt 0.630170 0.889678
vt 0.647026 0.843741
vt 0.596561 0.938359
vt 0.630170 0.938359
vt 0.613417 0.938359
vt 0.613417 0.797804
vt 0.630170 0.797803
vt 0.596561 0.843741
vt 0.283494 0.940469
vt 0.119350 0.297802
vt 0.115126 0.298478
vt 0.118962 0.296417
vt 0.111392 0.301182
vt 0.111206 0.299729
vt 0.107337 0.301621
vt 0.107235 0.300134
vt 0.114721 0.294727
vt 0.118370 0.292767
vt 0.107235 0.296214
vt 0.110986 0.295808
vt 0.115667 0.301452
vt 0.119705 0.299323
vt 0.111544 0.302770
vt 0.115430 0.299931
vt 0.107387 0.303209
vt 0.114247 0.294118
vt 0.110969 0.294963
vt 0.108198 0.250724
vt 0.110108 0.248156
vt 0.111054 0.249846
vt 0.107235 0.286818
vt 0.107235 0.295335
vt 0.110902 0.286616
vt 0.107235 0.278471
vt 0.107235 0.259342
vt 0.111172 0.275024
vt 0.107506 0.268805
vt 0.110412 0.267588
vt 0.114433 0.282763
vt 0.107691 0.278200
vt 0.111443 0.276105
vt 0.117323 0.288677
vt 0.111290 0.286075
vt 0.111274 0.250859
vt 0.109888 0.259072
vt 0.107843 0.259275
vt 0.115261 0.293645
vt 0.117762 0.289015
vt 0.118252 0.292057
vt 0.112642 0.267960
vt 0.110023 0.260390
vt 0.112169 0.262722
vt 0.113065 0.272692
vt 0.110682 0.267521
vt 0.115109 0.277930
vt 0.111730 0.276004
vt 0.113234 0.273401
vt 0.112254 0.261911
vt 0.111899 0.254678
vt 0.112575 0.258700
vt 0.116782 0.281986
vt 0.114653 0.282526
vt 0.336247 0.970181
vt 0.338356 0.970825
vt 0.338356 0.970181
vt 0.339938 0.970181
vt 0.104022 0.241070
vt 0.106777 0.252385
vt 0.102424 0.251016
vt 0.102424 0.253037
vt 0.106777 0.254440
vt 0.338356 0.972580
vt 0.336247 0.970825
vt 0.336247 0.972580
vt 0.339938 0.970825
vt 0.336247 0.987506
vt 0.339938 0.987506
vt 0.338356 0.987506
vt 0.096538 0.287179
vt 0.101462 0.291370
vt 0.094582 0.287701
vt 0.096962 0.286756
vt 0.101641 0.288924
vt 0.108554 0.292120
vt 0.099603 0.280494
vt 0.103744 0.281962
vt 0.106777 0.282288
vt 0.107522 0.260626
vt 0.109753 0.260390
vt 0.106777 0.267190
vt 0.104070 0.259103
vt 0.106777 0.259494
vt 0.096832 0.286201
vt 0.103956 0.257961
vt 0.106777 0.258548
vt 0.103264 0.299729
vt 0.103264 0.301182
vt 0.099328 0.298478
vt 0.099243 0.299931
vt 0.095492 0.296417
vt 0.099733 0.294727
vt 0.103467 0.295808
vt 0.096083 0.292767
vt 0.103214 0.302770
vt 0.099091 0.301452
vt 0.095069 0.299323
vt 0.106272 0.250724
vt 0.104346 0.248156
vt 0.106272 0.248764
vt 0.103417 0.249846
vt 0.103484 0.294963
vt 0.103569 0.286616
vt 0.100307 0.293916
vt 0.103298 0.275024
vt 0.106965 0.268805
vt 0.106931 0.277051
vt 0.106762 0.278200
vt 0.100020 0.282763
vt 0.103011 0.276105
vt 0.097131 0.288677
vt 0.103180 0.286075
vt 0.099817 0.293442
vt 0.103197 0.250859
vt 0.104582 0.259072
vt 0.102690 0.254104
vt 0.099192 0.293645
vt 0.096202 0.292057
vt 0.096708 0.289015
vt 0.102048 0.268129
vt 0.104430 0.260390
vt 0.103771 0.267521
vt 0.101541 0.272725
vt 0.103028 0.274855
vt 0.099395 0.277795
vt 0.102741 0.276004
vt 0.099801 0.282526
vt 0.102521 0.262147
vt 0.102572 0.254678
vt 0.104295 0.259173
vt 0.097756 0.281648
vt 0.096962 0.288305
vt 0.277167 0.970181
vt 0.279276 0.970825
vt 0.279276 0.970181
vt 0.109597 0.241070
vt 0.106809 0.241950
vt 0.111130 0.251016
vt 0.111130 0.253037
vt 0.277167 0.972580
vt 0.277167 0.970825
vt 0.277167 0.987506
vt 0.279276 0.972580
vt 0.113592 0.288386
vt 0.108489 0.289641
vt 0.116592 0.286756
vt 0.115573 0.289886
vt 0.109809 0.281962
vt 0.106948 0.260626
vt 0.104042 0.267588
vt 0.104718 0.260390
vt 0.109467 0.259103
vt 0.110184 0.266505
vt 0.116722 0.286201
vt 0.111260 0.253461
vt 0.109597 0.257961
vt 0.117998 0.288238
vt 0.117492 0.288305
vt 0.117779 0.288136
vt 0.111679 0.249406
vt 0.111797 0.250521
vt 0.110158 0.259173
vt 0.106610 0.259275
vt 0.107235 0.277051
vt 0.111443 0.274855
vt 0.114636 0.293442
vt 0.112355 0.253732
vt 0.111764 0.254104
vt 0.101804 0.253135
vt 0.102130 0.252744
vt 0.102293 0.253461
vt 0.096343 0.286332
vt 0.096603 0.286038
vt 0.106777 0.275016
vt 0.102717 0.273125
vt 0.106777 0.273744
vt 0.110836 0.273092
vt 0.116951 0.281884
vt 0.107235 0.268805
vt 0.107522 0.277051
vt 0.112423 0.254340
vt 0.112946 0.258464
vt 0.107235 0.260626
vt 0.101355 0.273469
vt 0.102589 0.262958
vt 0.108114 0.246162
vt 0.109956 0.247074
vt 0.108165 0.247615
vt 0.106365 0.246162
vt 0.104515 0.247074
vt 0.104718 0.245621
vt 0.019303 0.198687
vt 0.021173 0.197952
vt 0.021173 0.199288
vt 0.024980 0.198654
vt 0.023026 0.197919
vt 0.024780 0.197351
vt 0.108198 0.248223
vt 0.110023 0.247649
vt 0.106272 0.248223
vt 0.104430 0.247649
vt 0.024730 0.197117
vt 0.019453 0.197117
vt 0.021156 0.197652
vt 0.103369 0.266505
vt 0.111081 0.274136
vt 0.113934 0.280494
vt 0.102473 0.274136
vt 0.020505 0.188133
vt 0.108198 0.248764
vt 0.017592 0.237451
vt 0.016641 0.236261
vt 0.017592 0.236553
vt 0.019667 0.237094
vt 0.018581 0.236553
vt 0.019527 0.236251
vt 0.023577 0.187065
vt 0.022642 0.188467
vt 0.022592 0.187399
vt 0.021565 0.188467
vt 0.020622 0.187098
vt 0.021607 0.187399
vt 0.018095 0.233819
vt 0.019586 0.233365
vt 0.016587 0.233365
vt 0.018095 0.232035
vt 0.019538 0.233105
vt 0.018095 0.233559
vt 0.016636 0.233105
vt 0.016879 0.231549
vt 0.019197 0.230965
vt 0.018095 0.231808
vt 0.018079 0.231322
vt 0.016976 0.230965
vt 0.055661 0.184157
vt 0.053333 0.187672
vt 0.053294 0.184956
vt 0.050965 0.184237
vt 0.050650 0.186794
vt 0.019295 0.231549
vt 0.111949 0.246973
vt 0.023711 0.188150
vt 0.026516 0.195982
vt 0.109770 0.245621
vt 0.111730 0.245891
vt 0.026850 0.197418
vt 0.106289 0.247615
vt 0.023127 0.199255
vt 0.023026 0.197652
vt 0.111865 0.246432
vt 0.020478 0.235645
vt 0.018646 0.237418
vt 0.020673 0.236445
vt 0.024738 0.187516
vt 0.024512 0.186464
vt 0.106852 0.241661
vt 0.104187 0.240828
vt 0.106852 0.224418
vt 0.109518 0.240828
vt 0.137954 0.268839
vt 0.136247 0.275936
vt 0.135453 0.275024
vt 0.132631 0.280634
vt 0.133375 0.281681
vt 0.129556 0.285636
vt 0.136399 0.266575
vt 0.134017 0.272455
vt 0.131330 0.277727
vt 0.137007 0.277018
vt 0.138815 0.269616
vt 0.139626 0.270562
vt 0.134050 0.282864
vt 0.130198 0.286785
vt 0.130806 0.288069
vt 0.133459 0.272523
vt 0.131043 0.277051
vt 0.115802 0.244540
vt 0.116613 0.240214
vt 0.117846 0.240450
vt 0.125636 0.274855
vt 0.128137 0.281749
vt 0.128542 0.270360
vt 0.123186 0.268095
vt 0.117559 0.252617
vt 0.125349 0.260694
vt 0.120567 0.259984
vt 0.122561 0.255557
vt 0.130282 0.263094
vt 0.123473 0.267352
vt 0.125889 0.261235
vt 0.134338 0.264479
vt 0.128694 0.269481
vt 0.118336 0.241025
vt 0.119621 0.249305
vt 0.118032 0.251840
vt 0.134152 0.270934
vt 0.134794 0.264243
vt 0.136095 0.266135
vt 0.124014 0.253326
vt 0.120127 0.250183
vt 0.122425 0.250150
vt 0.125450 0.256165
vt 0.122763 0.255185
vt 0.128137 0.257585
vt 0.126092 0.260829
vt 0.125720 0.256470
vt 0.122307 0.249508
vt 0.119959 0.243357
vt 0.122307 0.246060
vt 0.130401 0.258396
vt 0.130384 0.262654
vt 0.329920 0.970181
vt 0.332029 0.970825
vt 0.332029 0.970181
vt 0.334138 0.970181
vt 0.099505 0.234613
vt 0.098495 0.247005
vt 0.095381 0.240776
vt 0.094777 0.242407
vt 0.097891 0.248635
vt 0.332029 0.972580
vt 0.329920 0.970825
vt 0.329920 0.972580
vt 0.334138 0.972580
vt 0.332029 0.987506
vt 0.329920 0.987506
vt 0.334138 0.987506
vt 0.079990 0.263114
vt 0.082729 0.272293
vt 0.078254 0.261239
vt 0.080447 0.263244
vt 0.083601 0.270532
vt 0.088933 0.279157
vt 0.084425 0.261320
vt 0.087343 0.267353
vt 0.089707 0.271168
vt 0.118167 0.253326
vt 0.119908 0.250521
vt 0.094142 0.258972
vt 0.094337 0.249255
vt 0.096408 0.252744
vt 0.080512 0.262657
vt 0.094566 0.248179
vt 0.096685 0.251994
vt 0.126785 0.291212
vt 0.126210 0.289961
vt 0.122679 0.293578
vt 0.123152 0.294896
vt 0.128390 0.282459
vt 0.121885 0.290063
vt 0.125230 0.286548
vt 0.127309 0.292598
vt 0.123591 0.296349
vt 0.114247 0.246804
vt 0.113673 0.245215
vt 0.124994 0.285838
vt 0.122594 0.278978
vt 0.122121 0.288745
vt 0.118979 0.269954
vt 0.120127 0.260626
vt 0.122527 0.267284
vt 0.122730 0.268433
vt 0.118607 0.280059
vt 0.119080 0.271137
vt 0.122138 0.279045
vt 0.121581 0.288914
vt 0.115346 0.255523
vt 0.121141 0.289826
vt 0.116359 0.266034
vt 0.115599 0.256740
vt 0.117171 0.263296
vt 0.117272 0.270360
vt 0.118708 0.270123
vt 0.117052 0.277220
vt 0.118826 0.271407
vt 0.118370 0.280127
vt 0.115025 0.260626
vt 0.115143 0.255929
vt 0.334138 0.970825
vt 0.101494 0.238559
vt 0.101821 0.252646
vt 0.093424 0.284147
vt 0.088256 0.281228
vt 0.092250 0.274494
vt 0.117711 0.254002
vt 0.117407 0.263026
vt 0.115836 0.256436
vt 0.098707 0.255581
vt 0.097093 0.262429
vt 0.099131 0.254831
vt 0.134760 0.263330
vt 0.134371 0.264006
vt 0.134540 0.263533
vt 0.118235 0.239369
vt 0.118657 0.240112
vt 0.119891 0.249034
vt 0.117035 0.253293
vt 0.122763 0.266946
vt 0.125518 0.260221
vt 0.133577 0.271509
vt 0.120043 0.242072
vt 0.119688 0.243052
vt 0.094256 0.241755
vt 0.094631 0.241852
vt 0.094549 0.242602
vt 0.080072 0.262201
vt 0.080365 0.262266
vt 0.091843 0.265331
vt 0.089104 0.259005
vt 0.092218 0.264288
vt 0.095690 0.268527
vt 0.130468 0.258159
vt 0.120347 0.260288
vt 0.123000 0.266608
vt 0.120280 0.242478
vt 0.122476 0.245553
vt 0.117931 0.253664
vt 0.117356 0.271171
vt 0.115312 0.261167
vt 0.115515 0.238575
vt 0.114856 0.242072
vt 0.114332 0.240957
vt 0.112921 0.243002
vt 0.111434 0.244540
vt 0.028136 0.194646
vt 0.028536 0.195715
vt 0.030106 0.193377
vt 0.030891 0.189904
vt 0.031442 0.190705
vt 0.115075 0.242512
vt 0.116140 0.239504
vt 0.116376 0.239876
vt 0.113352 0.244269
vt 0.113504 0.244776
vt 0.029555 0.192208
vt 0.030774 0.189770
vt 0.026566 0.196216
vt 0.028052 0.194412
vt 0.091598 0.254407
vt 0.095593 0.269668
vt 0.096033 0.278179
vt 0.088615 0.259527
vt 0.025681 0.186497
vt 0.115227 0.242951
vt 0.021332 0.234791
vt 0.021597 0.235505
vt 0.022456 0.234240
vt 0.022829 0.232284
vt 0.023186 0.232748
vt 0.026199 0.184426
vt 0.027318 0.183708
vt 0.026524 0.185211
vt 0.025397 0.185595
vt 0.020932 0.231970
vt 0.022002 0.229830
vt 0.020867 0.231776
vt 0.021272 0.228760
vt 0.021905 0.229668
vt 0.020397 0.230511
vt 0.021191 0.228662
vt 0.020202 0.229960
vt 0.020997 0.228371
vt 0.020348 0.230349
vt 0.059529 0.178724
vt 0.058503 0.184317
vt 0.057792 0.182000
vt 0.056056 0.186794
vt 0.027952 0.182005
vt 0.116537 0.235719
vt 0.031993 0.186898
vt 0.117238 0.236462
vt 0.029639 0.192442
vt 0.117745 0.237071
vt 0.117508 0.236766
vt 0.023407 0.230651
vt 0.022143 0.233624
vt 0.023802 0.230997
vt 0.027485 0.181421
vt 0.101772 0.238329
vt 0.099856 0.234497
vt 0.145202 0.224194
vt 0.146030 0.232103
vt 0.145000 0.232136
vt 0.145388 0.240112
vt 0.144374 0.239977
vt 0.143344 0.247649
vt 0.143276 0.224194
vt 0.143090 0.231731
vt 0.142448 0.239166
vt 0.147247 0.224025
vt 0.147027 0.232305
vt 0.146368 0.240484
vt 0.145287 0.248494
vt 0.142651 0.232441
vt 0.142026 0.238963
vt 0.120144 0.230548
vt 0.119519 0.226121
vt 0.120601 0.224870
vt 0.137007 0.243559
vt 0.141063 0.246162
vt 0.138038 0.236496
vt 0.133037 0.240957
vt 0.123946 0.235043
vt 0.132614 0.232407
vt 0.128525 0.237476
vt 0.128846 0.231562
vt 0.137312 0.228588
vt 0.133054 0.239977
vt 0.133223 0.232204
vt 0.141012 0.224904
vt 0.137920 0.235617
vt 0.121158 0.224735
vt 0.124639 0.229940
vt 0.124098 0.233860
vt 0.142735 0.230379
vt 0.141299 0.224194
vt 0.142904 0.224194
vt 0.129640 0.227472
vt 0.125298 0.230041
vt 0.127089 0.226999
vt 0.131938 0.227878
vt 0.128897 0.230987
vt 0.134980 0.226019
vt 0.133256 0.231663
vt 0.132310 0.227810
vt 0.126751 0.226695
vt 0.123169 0.224735
vt 0.125636 0.224329
vt 0.137413 0.224194
vt 0.137261 0.228081
vt 0.323592 0.970181
vt 0.325701 0.970825
vt 0.325701 0.970181
vt 0.327811 0.970181
vt 0.097777 0.224146
vt 0.093375 0.232918
vt 0.092691 0.224211
vt 0.091712 0.224830
vt 0.092397 0.233537
vt 0.325701 0.972580
vt 0.323592 0.970825
vt 0.323592 0.972580
vt 0.327811 0.972580
vt 0.325701 0.987506
vt 0.323592 0.987506
vt 0.073664 0.224211
vt 0.073192 0.234841
vt 0.072817 0.220640
vt 0.074007 0.224830
vt 0.074406 0.234450
vt 0.075026 0.248570
vt 0.077789 0.227961
vt 0.078376 0.236276
vt 0.076183 0.247673
vt 0.124639 0.234908
vt 0.125213 0.230582
vt 0.086332 0.237483
vt 0.089348 0.229852
vt 0.090001 0.235102
vt 0.074219 0.224439
vt 0.089838 0.229265
vt 0.090441 0.234809
vt 0.142887 0.255557
vt 0.141924 0.255084
vt 0.141029 0.262789
vt 0.140116 0.262181
vt 0.140116 0.253496
vt 0.141468 0.246432
vt 0.138444 0.260255
vt 0.143800 0.256233
vt 0.141891 0.263601
vt 0.119553 0.234232
vt 0.118624 0.233623
vt 0.139728 0.253158
vt 0.135774 0.250454
vt 0.138241 0.258903
vt 0.130181 0.247378
vt 0.128373 0.238490
vt 0.132276 0.241092
vt 0.132766 0.241768
vt 0.132851 0.255996
vt 0.130620 0.248257
vt 0.135402 0.251028
vt 0.137869 0.259680
vt 0.123000 0.240011
vt 0.137768 0.260931
vt 0.126244 0.246770
vt 0.123574 0.240687
vt 0.126768 0.244168
vt 0.127934 0.248798
vt 0.130012 0.247852
vt 0.129404 0.253833
vt 0.130485 0.248764
vt 0.132682 0.256368
vt 0.124014 0.244472
vt 0.122949 0.240585
vt 0.327811 0.970825
vt 0.098218 0.229624
vt 0.094402 0.241396
vt 0.327811 0.987506
vt 0.078360 0.257016
vt 0.079159 0.242146
vt 0.080251 0.247820
vt 0.124453 0.235989
vt 0.126869 0.243661
vt 0.123659 0.240146
vt 0.091011 0.240124
vt 0.087702 0.243744
vt 0.091598 0.239994
vt 0.141012 0.223485
vt 0.140894 0.224498
vt 0.140894 0.223890
vt 0.120601 0.223518
vt 0.121158 0.223620
vt 0.124774 0.229433
vt 0.123710 0.236192
vt 0.132361 0.240518
vt 0.132614 0.231866
vt 0.142448 0.231494
vt 0.122848 0.223586
vt 0.122848 0.224803
vt 0.091484 0.223689
vt 0.091761 0.224211
vt 0.091484 0.224700
vt 0.074007 0.223559
vt 0.074219 0.223950
vt 0.082599 0.239896
vt 0.082256 0.231580
vt 0.083218 0.239505
vt 0.084783 0.247037
vt 0.137413 0.223958
vt 0.128458 0.237983
vt 0.132445 0.239977
vt 0.125636 0.223823
vt 0.123169 0.223654
vt 0.124554 0.235448
vt 0.128170 0.249271
vt 0.124352 0.244540
vt 0.117838 0.229382
vt 0.118928 0.226121
vt 0.118641 0.229669
vt 0.117306 0.232728
vt 0.032577 0.187532
vt 0.032811 0.183758
vt 0.033446 0.184159
vt 0.034314 0.176712
vt 0.033379 0.180185
vt 0.033646 0.176678
vt 0.118945 0.229771
vt 0.119249 0.226121
vt 0.118353 0.233454
vt 0.033512 0.176712
vt 0.031876 0.186731
vt 0.032661 0.183658
vt 0.085615 0.230798
vt 0.084360 0.247820
vt 0.082224 0.255222
vt 0.081702 0.231417
vt 0.028420 0.180068
vt 0.119215 0.229940
vt 0.023834 0.228943
vt 0.024256 0.229181
vt 0.024580 0.227171
vt 0.024310 0.225160
vt 0.024742 0.225128
vt 0.028236 0.177780
vt 0.028937 0.175893
vt 0.028737 0.178014
vt 0.027919 0.179651
vt 0.022942 0.224122
vt 0.024148 0.227030
vt 0.022699 0.227138
vt 0.022570 0.227041
vt 0.022035 0.224155
vt 0.022797 0.224122
vt 0.021937 0.224155
vt 0.021532 0.226360
vt 0.021710 0.224155
vt 0.061068 0.169936
vt 0.061738 0.175448
vt 0.060634 0.174570
vt 0.060436 0.180402
vt 0.021791 0.226555
vt 0.033512 0.172971
vt 0.028954 0.173739
vt 0.118100 0.222572
vt 0.118100 0.226070
vt 0.033646 0.172971
vt 0.118928 0.222369
vt 0.118066 0.233252
vt 0.034030 0.180419
vt 0.033228 0.180118
vt 0.119249 0.222268
vt 0.119519 0.222268
vt 0.024304 0.223150
vt 0.024726 0.222987
vt 0.028386 0.173806
vt 0.098648 0.229749
vt 0.098190 0.224418
vt 0.137954 0.179550
vt 0.141029 0.185160
vt 0.140116 0.186207
vt 0.141924 0.193305
vt 0.142887 0.192426
vt 0.143344 0.200706
vt 0.136399 0.181814
vt 0.138444 0.188134
vt 0.140116 0.194893
vt 0.139626 0.177522
vt 0.141891 0.184450
vt 0.143800 0.191851
vt 0.144341 0.199996
vt 0.145287 0.199557
vt 0.138308 0.189215
vt 0.139728 0.195231
vt 0.119553 0.214157
vt 0.117745 0.211318
vt 0.118235 0.209020
vt 0.137007 0.204829
vt 0.141063 0.202193
vt 0.135774 0.197935
vt 0.133037 0.207431
vt 0.123946 0.213346
vt 0.130181 0.201010
vt 0.128373 0.209899
vt 0.126869 0.204728
vt 0.132851 0.192358
vt 0.132766 0.206620
vt 0.130620 0.200131
vt 0.134760 0.185058
vt 0.135402 0.197360
vt 0.118657 0.208276
vt 0.123000 0.208378
vt 0.123710 0.212197
vt 0.137768 0.187424
vt 0.134794 0.184146
vt 0.136095 0.182253
vt 0.126650 0.201179
vt 0.123574 0.207702
vt 0.124470 0.203545
vt 0.128576 0.199016
vt 0.126751 0.204221
vt 0.130249 0.193676
vt 0.130485 0.199625
vt 0.128846 0.198509
vt 0.124098 0.203612
vt 0.120280 0.205911
vt 0.122341 0.202463
vt 0.131465 0.189080
vt 0.132682 0.192020
vt 0.317265 0.970825
vt 0.319374 0.970181
vt 0.317265 0.970181
vt 0.321483 0.970825
vt 0.321483 0.970181
vt 0.098218 0.218635
vt 0.095381 0.207645
vt 0.099505 0.213678
vt 0.094402 0.206993
vt 0.092397 0.214852
vt 0.093375 0.215471
vt 0.319374 0.972580
vt 0.317265 0.972580
vt 0.319374 0.970825
vt 0.319374 0.987506
vt 0.317265 0.987506
vt 0.321483 0.972580
vt 0.079990 0.185275
vt 0.076477 0.193313
vt 0.080349 0.181395
vt 0.080072 0.186188
vt 0.077577 0.194438
vt 0.075124 0.207238
vt 0.082224 0.193167
vt 0.080251 0.200569
vt 0.079159 0.206243
vt 0.124453 0.212399
vt 0.123659 0.208209
vt 0.086332 0.210906
vt 0.091011 0.208297
vt 0.090001 0.213287
vt 0.080365 0.186123
vt 0.091598 0.208395
vt 0.090441 0.213580
vt 0.145388 0.207837
vt 0.144374 0.208412
vt 0.146030 0.215880
vt 0.145000 0.216252
vt 0.146250 0.223992
vt 0.142448 0.209223
vt 0.141468 0.201923
vt 0.143090 0.216658
vt 0.146368 0.207567
vt 0.147027 0.215745
vt 0.120144 0.217807
vt 0.119215 0.218415
vt 0.142026 0.209425
vt 0.138038 0.211893
vt 0.142516 0.215813
vt 0.132614 0.215982
vt 0.128525 0.210912
vt 0.132445 0.208412
vt 0.133054 0.208378
vt 0.137312 0.219801
vt 0.133223 0.216151
vt 0.137920 0.212771
vt 0.142448 0.216894
vt 0.124639 0.218449
vt 0.142735 0.218010
vt 0.129640 0.220679
vt 0.125298 0.218348
vt 0.128897 0.217367
vt 0.131921 0.220274
vt 0.132614 0.216523
vt 0.134980 0.222133
vt 0.133256 0.216725
vt 0.137261 0.220308
vt 0.126751 0.221457
vt 0.124774 0.218956
vt 0.091712 0.223559
vt 0.321483 0.987506
vt 0.074137 0.217330
vt 0.073925 0.206585
vt 0.078376 0.212113
vt 0.124639 0.213481
vt 0.128846 0.216827
vt 0.125213 0.217807
vt 0.089348 0.218537
vt 0.085599 0.217591
vt 0.089838 0.219124
vt 0.134338 0.183909
vt 0.134540 0.184856
vt 0.134371 0.184382
vt 0.118336 0.207364
vt 0.122949 0.207803
vt 0.124098 0.214529
vt 0.132361 0.207871
vt 0.130012 0.200537
vt 0.137869 0.188708
vt 0.120043 0.206316
vt 0.119959 0.205032
vt 0.094549 0.205786
vt 0.094631 0.206537
vt 0.094256 0.206634
vt 0.080447 0.185145
vt 0.080512 0.185732
vt 0.082599 0.208493
vt 0.084767 0.201352
vt 0.083218 0.208884
vt 0.082273 0.216808
vt 0.128458 0.210405
vt 0.132276 0.207296
vt 0.119688 0.205336
vt 0.122155 0.201923
vt 0.124554 0.212940
vt 0.132310 0.220342
vt 0.127089 0.221153
vt 0.116537 0.212906
vt 0.118066 0.215238
vt 0.117306 0.215897
vt 0.117838 0.219243
vt 0.034314 0.172771
vt 0.033395 0.169464
vt 0.034030 0.169064
vt 0.033395 0.165323
vt 0.031993 0.162785
vt 0.032544 0.161983
vt 0.117508 0.211622
vt 0.118353 0.214934
vt 0.118945 0.218584
vt 0.032661 0.166025
vt 0.031876 0.162952
vt 0.033245 0.169565
vt 0.087718 0.204645
vt 0.081702 0.216972
vt 0.077789 0.220428
vt 0.084360 0.200569
vt 0.028754 0.171635
vt 0.118624 0.214765
vt 0.024153 0.221247
vt 0.024564 0.220944
vt 0.024240 0.218966
vt 0.023413 0.217647
vt 0.023769 0.217118
vt 0.027468 0.168229
vt 0.028411 0.169615
vt 0.027919 0.169999
vt 0.028236 0.171869
vt 0.022002 0.218447
vt 0.023840 0.219355
vt 0.022699 0.221139
vt 0.021840 0.221690
vt 0.021905 0.218609
vt 0.022570 0.221236
vt 0.021013 0.219907
vt 0.021743 0.221755
vt 0.021532 0.221917
vt 0.059647 0.161067
vt 0.061738 0.164503
vt 0.060712 0.165222
vt 0.062173 0.170016
vt 0.021191 0.219615
vt 0.116613 0.208175
vt 0.030791 0.159913
vt 0.027944 0.167661
vt 0.027318 0.165891
vt 0.115515 0.210068
vt 0.117238 0.211994
vt 0.030891 0.159746
vt 0.116376 0.208513
vt 0.118641 0.218787
vt 0.032794 0.165924
vt 0.022824 0.216026
vt 0.023121 0.215399
vt 0.026900 0.166626
vt 0.098648 0.219087
vt 0.099856 0.214256
vt 0.118962 0.151972
vt 0.123152 0.153087
vt 0.122679 0.154811
vt 0.126785 0.156771
vt 0.126210 0.158427
vt 0.129556 0.162753
vt 0.121885 0.158326
vt 0.118370 0.155622
vt 0.128390 0.165930
vt 0.125230 0.161807
vt 0.119705 0.148761
vt 0.123591 0.151702
vt 0.127309 0.155487
vt 0.130806 0.159982
vt 0.122104 0.159373
vt 0.124994 0.162550
vt 0.114247 0.201585
vt 0.111949 0.201416
vt 0.111679 0.198949
vt 0.125636 0.173500
vt 0.128137 0.166640
vt 0.122594 0.169377
vt 0.123186 0.180293
vt 0.117559 0.195772
vt 0.118979 0.178434
vt 0.120127 0.187762
vt 0.117407 0.185363
vt 0.118607 0.168329
vt 0.122730 0.179955
vt 0.119080 0.177252
vt 0.117998 0.160151
vt 0.122138 0.169343
vt 0.111797 0.197867
vt 0.115346 0.192832
vt 0.117035 0.195096
vt 0.121141 0.158562
vt 0.117762 0.159373
vt 0.118252 0.156332
vt 0.116140 0.182355
vt 0.115599 0.191615
vt 0.115092 0.186951
vt 0.117052 0.178198
vt 0.117171 0.185092
vt 0.116968 0.171608
vt 0.118826 0.176981
vt 0.117120 0.177454
vt 0.114839 0.187458
vt 0.112423 0.194048
vt 0.113217 0.188506
vt 0.116714 0.166166
vt 0.118370 0.168262
vt 0.310937 0.970181
vt 0.313047 0.970825
vt 0.313047 0.970181
vt 0.315156 0.970825
vt 0.315156 0.970181
vt 0.104022 0.207189
vt 0.098495 0.201384
vt 0.102424 0.197406
vt 0.101821 0.195743
vt 0.097891 0.199754
vt 0.313047 0.972580
vt 0.310937 0.970825
vt 0.310937 0.972580
vt 0.313047 0.987506
vt 0.310937 0.987506
vt 0.315156 0.972580
vt 0.096538 0.161210
vt 0.091337 0.163606
vt 0.097973 0.158503
vt 0.096343 0.162057
vt 0.091900 0.165807
vt 0.085370 0.171335
vt 0.096033 0.170210
vt 0.092250 0.173895
vt 0.086153 0.173259
vt 0.117711 0.194386
vt 0.115836 0.191953
vt 0.094142 0.189417
vt 0.098707 0.192808
vt 0.096408 0.195645
vt 0.096603 0.162351
vt 0.099131 0.193558
vt 0.096685 0.196395
vt 0.133375 0.166302
vt 0.132631 0.167755
vt 0.136247 0.172047
vt 0.135453 0.173365
vt 0.131330 0.170661
vt 0.134017 0.175933
vt 0.134050 0.165220
vt 0.130198 0.161198
vt 0.137007 0.171067
vt 0.138815 0.178367
vt 0.115802 0.203849
vt 0.115227 0.205437
vt 0.117846 0.207938
vt 0.131043 0.171337
vt 0.128542 0.178029
vt 0.133324 0.175933
vt 0.125349 0.187695
vt 0.120567 0.188404
vt 0.123000 0.181780
vt 0.123473 0.181037
vt 0.130282 0.185295
vt 0.125889 0.187154
vt 0.128694 0.178874
vt 0.133577 0.176880
vt 0.119621 0.199084
vt 0.134152 0.177454
vt 0.124098 0.194217
vt 0.120127 0.198205
vt 0.122763 0.193203
vt 0.125720 0.191243
vt 0.125518 0.188134
vt 0.128796 0.189722
vt 0.126092 0.187559
vt 0.130384 0.185734
vt 0.122138 0.198273
vt 0.119891 0.199354
vt 0.131381 0.188844
vt 0.101494 0.209732
vt 0.094777 0.205982
vt 0.315156 0.987506
vt 0.082387 0.180286
vt 0.089707 0.177221
vt 0.087343 0.181036
vt 0.118167 0.195062
vt 0.122561 0.192832
vt 0.119908 0.197867
vt 0.094337 0.199134
vt 0.091582 0.193949
vt 0.094566 0.200210
vt 0.117323 0.159711
vt 0.117779 0.160252
vt 0.117492 0.160083
vt 0.111274 0.197529
vt 0.115143 0.192460
vt 0.118032 0.196549
vt 0.122763 0.181442
vt 0.118708 0.178265
vt 0.121581 0.159475
vt 0.112355 0.194657
vt 0.111899 0.193710
vt 0.102293 0.194928
vt 0.102130 0.195645
vt 0.101804 0.195254
vt 0.096962 0.161666
vt 0.096832 0.162188
vt 0.091843 0.183090
vt 0.095674 0.179829
vt 0.092218 0.184101
vt 0.089120 0.189417
vt 0.120347 0.188100
vt 0.122527 0.181104
vt 0.111764 0.194285
vt 0.112929 0.188269
vt 0.117931 0.194724
vt 0.126058 0.190871
vt 0.122290 0.197597
vt 0.111434 0.204086
vt 0.113352 0.204221
vt 0.112921 0.205623
vt 0.114332 0.207685
vt 0.116140 0.208952
vt 0.031375 0.158811
vt 0.029655 0.157208
vt 0.030056 0.156139
vt 0.028453 0.153868
vt 0.026550 0.153467
vt 0.026767 0.152165
vt 0.111865 0.201923
vt 0.113504 0.203612
vt 0.115075 0.205877
vt 0.028052 0.155271
vt 0.026516 0.153701
vt 0.029572 0.157475
vt 0.097093 0.185993
vt 0.088615 0.188862
vt 0.084425 0.187069
vt 0.095593 0.178721
vt 0.026550 0.164421
vt 0.113673 0.203173
vt 0.022148 0.214686
vt 0.022391 0.213940
vt 0.021532 0.212707
vt 0.020489 0.212621
vt 0.020624 0.211799
vt 0.025397 0.164087
vt 0.024713 0.162150
vt 0.025673 0.163202
vt 0.026199 0.165256
vt 0.020932 0.216307
vt 0.019586 0.214913
vt 0.020413 0.217766
vt 0.019538 0.215172
vt 0.020851 0.216502
vt 0.021272 0.219517
vt 0.019197 0.217312
vt 0.020348 0.217928
vt 0.020219 0.218318
vt 0.055780 0.155714
vt 0.058542 0.155634
vt 0.057911 0.157792
vt 0.060476 0.159549
vt 0.019295 0.216729
vt 0.111054 0.198543
vt 0.023703 0.161466
vt 0.109770 0.203021
vt 0.111730 0.202565
vt 0.024780 0.152265
vt 0.110023 0.200740
vt 0.114856 0.206418
vt 0.028136 0.155037
vt 0.110108 0.200233
vt 0.019532 0.212016
vt 0.021343 0.213497
vt 0.019603 0.211151
vt 0.023561 0.162551
vt 0.101772 0.210424
vt 0.104187 0.208009
vt 0.095492 0.151972
vt 0.099243 0.148052
vt 0.099328 0.149910
vt 0.103264 0.146801
vt 0.103264 0.148660
vt 0.107337 0.146362
vt 0.107235 0.148254
vt 0.096083 0.155622
vt 0.099733 0.153662
vt 0.107235 0.152175
vt 0.103467 0.152580
vt 0.095069 0.148761
vt 0.099091 0.146598
vt 0.103214 0.145314
vt 0.107387 0.144875
vt 0.100206 0.154270
vt 0.103484 0.153425
vt 0.106272 0.197664
vt 0.104346 0.200233
vt 0.103417 0.198543
vt 0.107235 0.161536
vt 0.107235 0.153054
vt 0.103569 0.161773
vt 0.107235 0.169918
vt 0.107235 0.189046
vt 0.103298 0.173365
vt 0.106965 0.179550
vt 0.104042 0.180800
vt 0.100020 0.165626
vt 0.106762 0.170188
vt 0.103011 0.172284
vt 0.097131 0.159711
vt 0.103180 0.162314
vt 0.103197 0.197529
vt 0.104582 0.189283
vt 0.106610 0.189114
vt 0.099192 0.154743
vt 0.096708 0.159373
vt 0.096202 0.156332
vt 0.102352 0.180834
vt 0.104430 0.187999
vt 0.102825 0.185532
vt 0.101930 0.176609
vt 0.103771 0.180868
vt 0.099953 0.171946
vt 0.102741 0.172385
vt 0.101761 0.175967
vt 0.102741 0.186241
vt 0.102572 0.193710
vt 0.101727 0.189148
vt 0.098195 0.168329
vt 0.099801 0.165828
vt 0.304610 0.970825
vt 0.306719 0.970181
vt 0.304610 0.970181
vt 0.306719 0.970825
vt 0.308828 0.970181
vt 0.109597 0.207189
vt 0.106777 0.196004
vt 0.111130 0.197406
vt 0.111130 0.195351
vt 0.106777 0.193982
vt 0.306719 0.972580
vt 0.304610 0.972580
vt 0.308828 0.972580
vt 0.306719 0.987506
vt 0.304610 0.987506
vt 0.116999 0.161210
vt 0.112092 0.157019
vt 0.118956 0.160704
vt 0.116592 0.161666
vt 0.111896 0.159465
vt 0.105000 0.156269
vt 0.113934 0.167894
vt 0.109809 0.166427
vt 0.105057 0.158748
vt 0.106948 0.187762
vt 0.104718 0.187999
vt 0.106777 0.181199
vt 0.109467 0.189286
vt 0.106777 0.188895
vt 0.116722 0.162188
vt 0.109597 0.190428
vt 0.106777 0.189841
vt 0.111206 0.148660
vt 0.115430 0.148052
vt 0.115126 0.149910
vt 0.119350 0.150147
vt 0.114721 0.153662
vt 0.110986 0.152580
vt 0.111544 0.145314
vt 0.115667 0.146598
vt 0.108198 0.197664
vt 0.108198 0.199625
vt 0.110969 0.153425
vt 0.110902 0.161773
vt 0.114163 0.154473
vt 0.111172 0.173365
vt 0.107506 0.179550
vt 0.107522 0.171337
vt 0.107691 0.170188
vt 0.114433 0.165626
vt 0.111443 0.172284
vt 0.111290 0.162314
vt 0.114636 0.154946
vt 0.109888 0.189283
vt 0.115261 0.154743
vt 0.112456 0.179279
vt 0.110023 0.187999
vt 0.110682 0.180868
vt 0.112929 0.174818
vt 0.111443 0.173534
vt 0.114856 0.169850
vt 0.111730 0.172385
vt 0.114653 0.165828
vt 0.112000 0.185126
vt 0.110158 0.189215
vt 0.116596 0.166065
vt 0.308828 0.970825
vt 0.106809 0.206341
vt 0.102424 0.195351
vt 0.308828 0.987506
vt 0.099946 0.160003
vt 0.106777 0.166101
vt 0.103744 0.166427
vt 0.107522 0.187762
vt 0.110412 0.180800
vt 0.109753 0.187999
vt 0.104070 0.189286
vt 0.103369 0.181884
vt 0.103956 0.190428
vt 0.096455 0.160151
vt 0.096962 0.160083
vt 0.096692 0.160252
vt 0.102656 0.197867
vt 0.104295 0.189215
vt 0.107843 0.189114
vt 0.107235 0.171337
vt 0.103028 0.173534
vt 0.099817 0.154946
vt 0.102115 0.194657
vt 0.102690 0.194285
vt 0.111749 0.195254
vt 0.111407 0.195645
vt 0.111260 0.194928
vt 0.117211 0.162057
vt 0.116950 0.162351
vt 0.106777 0.173373
vt 0.110836 0.175264
vt 0.106777 0.174645
vt 0.102717 0.175297
vt 0.107235 0.179550
vt 0.106931 0.171337
vt 0.101423 0.189351
vt 0.102048 0.194048
vt 0.107235 0.187762
vt 0.113081 0.174108
vt 0.111949 0.184349
vt 0.106365 0.202497
vt 0.104515 0.201416
vt 0.106289 0.200841
vt 0.108114 0.202497
vt 0.109956 0.201416
vt 0.024897 0.150962
vt 0.023043 0.151697
vt 0.023043 0.150361
vt 0.019219 0.150996
vt 0.021173 0.151731
vt 0.019420 0.152298
vt 0.106272 0.200165
vt 0.104430 0.200740
vt 0.108198 0.200165
vt 0.019470 0.152532
vt 0.024746 0.152532
vt 0.023043 0.151998
vt 0.110184 0.181884
vt 0.102473 0.174253
vt 0.099603 0.167894
vt 0.111081 0.174253
vt 0.022634 0.161182
vt 0.106272 0.199625
vt 0.018592 0.211713
vt 0.018581 0.210827
vt 0.017527 0.210827
vt 0.016646 0.211994
vt 0.016506 0.211183
vt 0.020622 0.162585
vt 0.021574 0.161215
vt 0.021607 0.162251
vt 0.022592 0.162251
vt 0.018079 0.214459
vt 0.016587 0.214913
vt 0.018095 0.216242
vt 0.016636 0.215172
vt 0.018079 0.214718
vt 0.016976 0.217312
vt 0.018095 0.216469
vt 0.018095 0.216956
vt 0.051044 0.155794
vt 0.053372 0.152279
vt 0.053412 0.154995
vt 0.056056 0.153158
vt 0.016887 0.216729
vt 0.102521 0.201416
vt 0.017683 0.153668
vt 0.020497 0.161499
vt 0.019470 0.162134
vt 0.103062 0.204086
vt 0.104718 0.203021
vt 0.017650 0.153434
vt 0.102605 0.201923
vt 0.108165 0.200841
vt 0.021073 0.150395
vt 0.021173 0.151998
vt 0.015695 0.212632
vt 0.017592 0.211713
vt 0.015484 0.211864
vt 0.019687 0.163186
vt 0.106852 0.207176
vt 0.109518 0.208009
vt 0.076517 0.179550
vt 0.078409 0.172047
vt 0.079017 0.173365
vt 0.081299 0.166302
vt 0.081822 0.167755
vt 0.084914 0.162753
vt 0.078071 0.181814
vt 0.080437 0.175933
vt 0.083140 0.170661
vt 0.075131 0.177522
vt 0.077767 0.171067
vt 0.080707 0.165220
vt 0.083951 0.159982
vt 0.080994 0.175866
vt 0.083411 0.171337
vt 0.098652 0.203849
vt 0.097857 0.208175
vt 0.096607 0.207938
vt 0.088818 0.173500
vt 0.086317 0.166640
vt 0.085928 0.178029
vt 0.091285 0.180293
vt 0.096911 0.195772
vt 0.089105 0.187695
vt 0.093904 0.188404
vt 0.091910 0.192832
vt 0.084188 0.185295
vt 0.090980 0.181037
vt 0.088564 0.187154
vt 0.080116 0.183909
vt 0.085759 0.178874
vt 0.096117 0.207364
vt 0.094833 0.199084
vt 0.096421 0.196549
vt 0.080319 0.177454
vt 0.079660 0.184146
vt 0.078375 0.182253
vt 0.090592 0.194589
vt 0.094326 0.198205
vt 0.092400 0.197833
vt 0.088953 0.191716
vt 0.091707 0.193203
vt 0.085878 0.190263
vt 0.088361 0.187559
vt 0.088632 0.191378
vt 0.092552 0.198509
vt 0.094495 0.205032
vt 0.092552 0.201990
vt 0.083292 0.189452
vt 0.084070 0.185734
vt 0.298282 0.970181
vt 0.300392 0.970825
vt 0.300392 0.970181
vt 0.302501 0.970181
vt 0.114097 0.213678
vt 0.115059 0.201384
vt 0.118173 0.207645
vt 0.118776 0.205982
vt 0.115662 0.199754
vt 0.300392 0.972580
vt 0.298282 0.970825
vt 0.298282 0.972580
vt 0.302501 0.972580
vt 0.300392 0.987506
vt 0.298282 0.987506
vt 0.302501 0.987506
vt 0.133563 0.185275
vt 0.130816 0.176096
vt 0.135300 0.187150
vt 0.133091 0.185145
vt 0.129944 0.177857
vt 0.125289 0.167161
vt 0.129113 0.187069
vt 0.126211 0.181036
vt 0.124621 0.169231
vt 0.096303 0.195062
vt 0.094563 0.197867
vt 0.119412 0.189417
vt 0.119216 0.199134
vt 0.117146 0.195645
vt 0.133042 0.185732
vt 0.118988 0.200210
vt 0.116869 0.196395
vt 0.084458 0.161198
vt 0.088243 0.158427
vt 0.091504 0.153087
vt 0.091792 0.154811
vt 0.095306 0.150147
vt 0.089223 0.161807
vt 0.086063 0.165930
vt 0.092569 0.158326
vt 0.087449 0.155487
vt 0.091166 0.151702
vt 0.100206 0.201585
vt 0.100781 0.203173
vt 0.102774 0.198949
vt 0.089460 0.162550
vt 0.091859 0.169377
vt 0.092349 0.159644
vt 0.095475 0.178434
vt 0.094326 0.187762
vt 0.091927 0.181104
vt 0.091741 0.179955
vt 0.095847 0.168329
vt 0.095390 0.177252
vt 0.092315 0.169343
vt 0.092873 0.159475
vt 0.099125 0.192832
vt 0.093312 0.158562
vt 0.098432 0.183504
vt 0.098854 0.191615
vt 0.097300 0.185092
vt 0.097536 0.179617
vt 0.095745 0.178265
vt 0.097722 0.173466
vt 0.095644 0.176981
vt 0.096100 0.168262
vt 0.099733 0.188303
vt 0.099328 0.192460
vt 0.098060 0.168431
vt 0.302501 0.970825
vt 0.112108 0.209732
vt 0.111733 0.195743
vt 0.120113 0.164242
vt 0.123847 0.177221
vt 0.121287 0.173895
vt 0.096759 0.194386
vt 0.097063 0.185363
vt 0.098635 0.191953
vt 0.114847 0.192808
vt 0.116461 0.185960
vt 0.114407 0.193558
vt 0.079693 0.185058
vt 0.080082 0.184382
vt 0.079913 0.184856
vt 0.095796 0.208276
vt 0.094579 0.199354
vt 0.097418 0.195096
vt 0.091690 0.181442
vt 0.088936 0.188134
vt 0.080876 0.176880
vt 0.094765 0.205336
vt 0.094174 0.205911
vt 0.119298 0.206634
vt 0.118923 0.206537
vt 0.119004 0.205786
vt 0.133482 0.186188
vt 0.133172 0.186123
vt 0.121711 0.183090
vt 0.124434 0.189384
vt 0.121336 0.184101
vt 0.117863 0.179862
vt 0.083191 0.189688
vt 0.094123 0.188100
vt 0.091454 0.181780
vt 0.094411 0.206316
vt 0.092349 0.202531
vt 0.096523 0.194724
vt 0.097469 0.178908
vt 0.099463 0.187830
vt 0.098973 0.210068
vt 0.099598 0.206418
vt 0.100155 0.207685
vt 0.101566 0.205623
vt 0.102724 0.202565
vt 0.017349 0.152231
vt 0.016064 0.155003
vt 0.015680 0.153935
vt 0.012774 0.158944
vt 0.014561 0.157241
vt 0.013308 0.159746
vt 0.098077 0.208513
vt 0.099395 0.205877
vt 0.100950 0.203612
vt 0.013425 0.159913
vt 0.016147 0.155237
vt 0.121955 0.193982
vt 0.117961 0.178721
vt 0.117521 0.170210
vt 0.124939 0.188862
vt 0.018518 0.163152
vt 0.099226 0.205437
vt 0.014847 0.213486
vt 0.014576 0.212805
vt 0.013004 0.215496
vt 0.014031 0.214664
vt 0.013355 0.215994
vt 0.017316 0.166626
vt 0.017675 0.164438
vt 0.018000 0.165256
vt 0.018802 0.164087
vt 0.014171 0.218447
vt 0.015241 0.216307
vt 0.015322 0.216502
vt 0.014901 0.219517
vt 0.014268 0.218609
vt 0.014982 0.219615
vt 0.015971 0.218318
vt 0.015176 0.219907
vt 0.015801 0.217847
vt 0.047177 0.161227
vt 0.048203 0.155634
vt 0.048913 0.157951
vt 0.050650 0.153158
vt 0.096218 0.209020
vt 0.016882 0.165941
vt 0.012323 0.162919
vt 0.097942 0.212906
vt 0.098314 0.208952
vt 0.012206 0.162752
vt 0.096945 0.211622
vt 0.101119 0.204221
vt 0.014093 0.156273
vt 0.014644 0.157475
vt 0.096725 0.211318
vt 0.012761 0.217626
vt 0.013717 0.214037
vt 0.012371 0.217247
vt 0.016715 0.168262
vt 0.016247 0.167644
vt 0.111891 0.210424
vt 0.113807 0.214256
vt 0.068423 0.223992
vt 0.069471 0.216252
vt 0.069251 0.224194
vt 0.068626 0.215880
vt 0.070079 0.208412
vt 0.069268 0.207837
vt 0.071110 0.200706
vt 0.071177 0.224194
vt 0.071380 0.216658
vt 0.072985 0.201923
vt 0.072005 0.209223
vt 0.067747 0.215745
vt 0.067528 0.224025
vt 0.068389 0.207567
vt 0.069471 0.199557
vt 0.071803 0.215948
vt 0.072428 0.209425
vt 0.094309 0.217807
vt 0.094934 0.222268
vt 0.093853 0.223518
vt 0.077446 0.204829
vt 0.073408 0.202193
vt 0.076415 0.211893
vt 0.081434 0.207431
vt 0.090524 0.213346
vt 0.081839 0.215982
vt 0.085928 0.210912
vt 0.085624 0.216827
vt 0.077142 0.219801
vt 0.081400 0.208378
vt 0.081248 0.216151
vt 0.073458 0.223485
vt 0.076551 0.212771
vt 0.093295 0.223620
vt 0.089815 0.218449
vt 0.090372 0.214529
vt 0.071718 0.218010
vt 0.073154 0.224194
vt 0.071549 0.224194
vt 0.085404 0.220375
vt 0.089156 0.218348
vt 0.087905 0.220882
vt 0.083157 0.219970
vt 0.085573 0.217367
vt 0.080166 0.221862
vt 0.081197 0.216725
vt 0.082785 0.220037
vt 0.088243 0.221186
vt 0.091302 0.223654
vt 0.089341 0.223552
vt 0.077767 0.223721
vt 0.077193 0.220308
vt 0.291951 0.970825
vt 0.294064 0.970181
vt 0.291951 0.970181
vt 0.294064 0.970825
vt 0.296173 0.970181
vt 0.115385 0.218635
vt 0.120863 0.224211
vt 0.115825 0.224146
vt 0.121841 0.223559
vt 0.121140 0.214852
vt 0.120178 0.215471
vt 0.294064 0.972580
vt 0.291951 0.972580
vt 0.296173 0.972580
vt 0.291951 0.987506
vt 0.294064 0.987506
vt 0.139889 0.224211
vt 0.140362 0.213548
vt 0.140729 0.227765
vt 0.139547 0.223559
vt 0.139131 0.213939
vt 0.138520 0.199819
vt 0.135764 0.220428
vt 0.135178 0.212113
vt 0.134395 0.206243
vt 0.089815 0.213481
vt 0.089240 0.217807
vt 0.127221 0.210906
vt 0.124205 0.218537
vt 0.123553 0.213287
vt 0.139319 0.223950
vt 0.123700 0.219124
vt 0.123113 0.213580
vt 0.071786 0.192426
vt 0.072546 0.193305
vt 0.073627 0.185160
vt 0.074337 0.186207
vt 0.076010 0.188134
vt 0.074337 0.194893
vt 0.070975 0.191851
vt 0.070316 0.199996
vt 0.072867 0.184450
vt 0.094901 0.214157
vt 0.095847 0.214765
vt 0.074743 0.195231
vt 0.078696 0.197935
vt 0.076213 0.189486
vt 0.084272 0.201010
vt 0.086097 0.209899
vt 0.082194 0.207296
vt 0.081687 0.206620
vt 0.081603 0.192358
vt 0.083850 0.200131
vt 0.079051 0.197360
vt 0.076601 0.188708
vt 0.091454 0.208378
vt 0.076686 0.187424
vt 0.088040 0.201281
vt 0.090896 0.207702
vt 0.087702 0.204221
vt 0.086097 0.199219
vt 0.084441 0.200537
vt 0.084424 0.194082
vt 0.083985 0.199625
vt 0.081789 0.192020
vt 0.090592 0.203612
vt 0.091504 0.207803
vt 0.119151 0.206993
vt 0.296173 0.970825
vt 0.296173 0.987506
vt 0.135194 0.191373
vt 0.137362 0.200716
vt 0.133303 0.200569
vt 0.090000 0.212399
vt 0.087584 0.204728
vt 0.090795 0.208209
vt 0.122526 0.208297
vt 0.125836 0.204645
vt 0.121955 0.208395
vt 0.073458 0.224904
vt 0.073577 0.223890
vt 0.073577 0.224498
vt 0.093295 0.224735
vt 0.089696 0.218956
vt 0.090744 0.212197
vt 0.082093 0.207871
vt 0.081839 0.216523
vt 0.072022 0.216894
vt 0.091606 0.224803
vt 0.091606 0.223586
vt 0.122069 0.224700
vt 0.121792 0.224211
vt 0.122069 0.223689
vt 0.139547 0.224830
vt 0.139319 0.224439
vt 0.130939 0.208493
vt 0.131297 0.216808
vt 0.130335 0.208884
vt 0.128770 0.201384
vt 0.077767 0.223958
vt 0.086013 0.210405
vt 0.082008 0.208412
vt 0.089341 0.224093
vt 0.091302 0.224735
vt 0.089916 0.212940
vt 0.085827 0.198712
vt 0.090220 0.203545
vt 0.096649 0.219243
vt 0.095543 0.222369
vt 0.095813 0.218787
vt 0.097190 0.215897
vt 0.097215 0.211994
vt 0.011622 0.162117
vt 0.011388 0.165891
vt 0.010770 0.165490
vt 0.009886 0.172938
vt 0.010821 0.169464
vt 0.010553 0.172971
vt 0.095509 0.218584
vt 0.095222 0.222268
vt 0.096404 0.215238
vt 0.096100 0.214934
vt 0.010704 0.172938
vt 0.011539 0.165991
vt 0.127939 0.217591
vt 0.129194 0.200569
vt 0.131330 0.193167
vt 0.131852 0.216972
vt 0.015780 0.169581
vt 0.095238 0.218415
vt 0.012334 0.219334
vt 0.011917 0.219096
vt 0.011431 0.223149
vt 0.012026 0.221247
vt 0.011874 0.223117
vt 0.015262 0.173756
vt 0.015980 0.171902
vt 0.015813 0.173839
vt 0.013474 0.221139
vt 0.013247 0.224155
vt 0.013604 0.221236
vt 0.014139 0.224155
vt 0.013377 0.224155
vt 0.014236 0.224122
vt 0.014641 0.221917
vt 0.014463 0.224122
vt 0.045638 0.170016
vt 0.044967 0.164503
vt 0.046032 0.165382
vt 0.046269 0.159549
vt 0.014382 0.221723
vt 0.094934 0.226121
vt 0.010687 0.176678
vt 0.096387 0.226070
vt 0.096387 0.222572
vt 0.009886 0.176879
vt 0.095543 0.226121
vt 0.010553 0.176678
vt 0.010169 0.169231
vt 0.010971 0.169531
vt 0.095222 0.226121
vt 0.011869 0.225128
vt 0.011593 0.221106
vt 0.011447 0.225290
vt 0.015245 0.175910
vt 0.015813 0.175843
vt 0.015471 0.171635
vt 0.016281 0.169999
vt 0.115056 0.219087
vt 0.115473 0.224418
vt 0.076517 0.268839
vt 0.073627 0.262789
vt 0.074337 0.262181
vt 0.072546 0.255084
vt 0.071786 0.255557
vt 0.071110 0.247649
vt 0.078071 0.266575
vt 0.076010 0.260255
vt 0.072985 0.246432
vt 0.074337 0.253496
vt 0.075131 0.270562
vt 0.072867 0.263601
vt 0.070975 0.256233
vt 0.069471 0.248494
vt 0.076145 0.259173
vt 0.074743 0.253158
vt 0.094901 0.234232
vt 0.096725 0.237071
vt 0.096218 0.239369
vt 0.077446 0.243559
vt 0.073408 0.246162
vt 0.078696 0.250454
vt 0.081434 0.240957
vt 0.090524 0.235043
vt 0.084272 0.247378
vt 0.086097 0.238490
vt 0.087584 0.243661
vt 0.081603 0.255996
vt 0.081687 0.241768
vt 0.083850 0.248257
vt 0.079693 0.263330
vt 0.079051 0.251028
vt 0.095796 0.240112
vt 0.091454 0.240011
vt 0.090744 0.236192
vt 0.076686 0.260931
vt 0.079660 0.264243
vt 0.078375 0.266135
vt 0.088040 0.246770
vt 0.090896 0.240687
vt 0.090136 0.244438
vt 0.086165 0.248899
vt 0.087702 0.244168
vt 0.084543 0.254138
vt 0.083985 0.248764
vt 0.085911 0.249406
vt 0.090490 0.244371
vt 0.094174 0.242478
vt 0.092180 0.245520
vt 0.083377 0.258666
vt 0.081789 0.256368
vt 0.285603 0.970181
vt 0.287712 0.970825
vt 0.287712 0.970181
vt 0.289822 0.970825
vt 0.289822 0.970181
vt 0.115385 0.229624
vt 0.118173 0.240776
vt 0.114097 0.234613
vt 0.119151 0.241396
vt 0.121140 0.233537
vt 0.120178 0.232918
vt 0.287712 0.972580
vt 0.285603 0.970825
vt 0.285603 0.972580
vt 0.285603 0.987506
vt 0.289822 0.987506
vt 0.287712 0.987506
vt 0.133563 0.263114
vt 0.137077 0.255076
vt 0.133205 0.266994
vt 0.133482 0.262201
vt 0.135968 0.253950
vt 0.138422 0.241151
vt 0.131330 0.255222
vt 0.133303 0.247820
vt 0.090000 0.235989
vt 0.090795 0.240146
vt 0.127221 0.237483
vt 0.122526 0.240124
vt 0.123553 0.235102
vt 0.133172 0.262266
vt 0.121955 0.239994
vt 0.123113 0.234809
vt 0.069268 0.240112
vt 0.070079 0.239977
vt 0.069471 0.232136
vt 0.068626 0.232103
vt 0.071380 0.231731
vt 0.072005 0.239166
vt 0.068389 0.240484
vt 0.067747 0.232305
vt 0.094309 0.230548
vt 0.095238 0.229940
vt 0.093853 0.224870
vt 0.072428 0.238963
vt 0.076415 0.236496
vt 0.071938 0.232576
vt 0.081839 0.232407
vt 0.085928 0.237476
vt 0.082008 0.239977
vt 0.081400 0.239977
vt 0.077142 0.228588
vt 0.081248 0.232204
vt 0.076551 0.235617
vt 0.072022 0.231494
vt 0.089815 0.229940
vt 0.071718 0.230379
vt 0.085404 0.227270
vt 0.089156 0.230041
vt 0.085557 0.230987
vt 0.083174 0.227675
vt 0.081839 0.231866
vt 0.080166 0.225783
vt 0.081197 0.231663
vt 0.077193 0.228081
vt 0.088243 0.226492
vt 0.089696 0.229433
vt 0.121841 0.224830
vt 0.289822 0.972580
vt 0.139400 0.231059
vt 0.139620 0.241803
vt 0.134395 0.242146
vt 0.135178 0.236276
vt 0.089815 0.234908
vt 0.085624 0.231562
vt 0.089240 0.230582
vt 0.124205 0.229852
vt 0.127939 0.230798
vt 0.123700 0.229265
vt 0.080116 0.264479
vt 0.079913 0.263533
vt 0.080082 0.264006
vt 0.096607 0.240450
vt 0.096117 0.241025
vt 0.091504 0.240585
vt 0.090372 0.233860
vt 0.082093 0.240518
vt 0.084441 0.247852
vt 0.076601 0.259680
vt 0.094765 0.243052
vt 0.094411 0.242072
vt 0.119004 0.242602
vt 0.118923 0.241852
vt 0.119298 0.241755
vt 0.133091 0.263244
vt 0.133042 0.262657
vt 0.130939 0.239896
vt 0.128787 0.247037
vt 0.130335 0.239505
vt 0.131281 0.231580
vt 0.086013 0.237983
vt 0.082194 0.241092
vt 0.092366 0.246027
vt 0.094495 0.243357
vt 0.089916 0.235448
vt 0.082785 0.227608
vt 0.087905 0.226797
vt 0.097190 0.232728
vt 0.097215 0.236462
vt 0.096404 0.233252
vt 0.096649 0.229382
vt 0.010821 0.180185
vt 0.010186 0.180586
vt 0.011672 0.187666
vt 0.011405 0.183725
vt 0.012223 0.186898
vt 0.096100 0.233454
vt 0.096945 0.236766
vt 0.095509 0.229771
vt 0.012323 0.186731
vt 0.010954 0.180085
vt 0.125836 0.243744
vt 0.131852 0.231417
vt 0.135764 0.227961
vt 0.129194 0.247820
vt 0.015454 0.178014
vt 0.095847 0.233623
vt 0.011609 0.227333
vt 0.012020 0.227030
vt 0.012420 0.231159
vt 0.012339 0.228911
vt 0.012771 0.230619
vt 0.016731 0.181421
vt 0.015788 0.180035
vt 0.016281 0.179651
vt 0.015963 0.177780
vt 0.014171 0.229830
vt 0.013474 0.227138
vt 0.013604 0.227041
vt 0.014901 0.228792
vt 0.014268 0.229668
vt 0.014982 0.228662
vt 0.014641 0.226360
vt 0.015160 0.228371
vt 0.045993 0.174729
vt 0.046230 0.180402
vt 0.044967 0.175448
vt 0.044533 0.169936
vt 0.014382 0.226555
vt 0.016882 0.183758
vt 0.016264 0.182005
vt 0.097942 0.235719
vt 0.098314 0.239504
vt 0.012824 0.190839
vt 0.013409 0.189770
vt 0.095813 0.229669
vt 0.010804 0.184326
vt 0.098077 0.239876
vt 0.097857 0.240214
vt 0.013344 0.232251
vt 0.011934 0.229311
vt 0.013036 0.232878
vt 0.017316 0.183024
vt 0.115056 0.229749
vt 0.113807 0.234497
vt 0.095306 0.297802
vt 0.091792 0.293578
vt 0.091504 0.294896
vt 0.088243 0.289961
vt 0.084458 0.286785
vt 0.084914 0.285636
vt 0.092569 0.290063
vt 0.089223 0.286548
vt 0.091166 0.296349
vt 0.087449 0.292598
vt 0.083951 0.288069
vt 0.092366 0.289015
vt 0.089460 0.285838
vt 0.100206 0.246804
vt 0.102521 0.246973
vt 0.102774 0.249406
vt 0.088818 0.274855
vt 0.086317 0.281749
vt 0.091859 0.278978
vt 0.091285 0.268095
vt 0.096911 0.252617
vt 0.095475 0.269920
vt 0.094326 0.260626
vt 0.097063 0.263026
vt 0.095847 0.280059
vt 0.091741 0.268433
vt 0.095390 0.271137
vt 0.096455 0.288238
vt 0.092315 0.279045
vt 0.102656 0.250521
vt 0.099125 0.255523
vt 0.097418 0.253293
vt 0.093312 0.289826
vt 0.098415 0.264952
vt 0.098854 0.256740
vt 0.099547 0.260221
vt 0.097418 0.269211
vt 0.097300 0.263296
vt 0.097536 0.275970
vt 0.095644 0.271407
vt 0.097334 0.269988
vt 0.099851 0.259714
vt 0.102048 0.254340
vt 0.101406 0.258632
vt 0.097621 0.281546
vt 0.096100 0.280127
vt 0.281385 0.970825
vt 0.281385 0.970181
vt 0.283494 0.970825
vt 0.283494 0.970181
vt 0.115059 0.247005
vt 0.111733 0.252646
vt 0.115662 0.248635
vt 0.281385 0.972580
vt 0.279276 0.987506
vt 0.283494 0.987506
vt 0.281385 0.987506
vt 0.116999 0.287179
vt 0.122208 0.284799
vt 0.117211 0.286332
vt 0.121646 0.282582
vt 0.127401 0.275130
vt 0.117521 0.278179
vt 0.121287 0.274494
vt 0.096759 0.254002
vt 0.098635 0.256436
vt 0.119412 0.258972
vt 0.114847 0.255581
vt 0.117146 0.252744
vt 0.116950 0.286038
vt 0.114407 0.254831
vt 0.116869 0.251994
vt 0.081299 0.281681
vt 0.081822 0.280634
vt 0.078409 0.275936
vt 0.079017 0.275024
vt 0.083140 0.277727
vt 0.086063 0.282459
vt 0.080437 0.272455
vt 0.080707 0.282864
vt 0.077767 0.277018
vt 0.098652 0.244540
vt 0.099226 0.242951
vt 0.083411 0.277051
vt 0.085928 0.270360
vt 0.081146 0.272455
vt 0.089105 0.260694
vt 0.093904 0.259984
vt 0.091454 0.266608
vt 0.090980 0.267352
vt 0.084188 0.263094
vt 0.088564 0.261235
vt 0.085759 0.269481
vt 0.080876 0.271509
vt 0.094833 0.249305
vt 0.080319 0.270934
vt 0.090490 0.253631
vt 0.094326 0.250183
vt 0.091707 0.255185
vt 0.088919 0.256537
vt 0.088936 0.260221
vt 0.085945 0.258024
vt 0.088361 0.260829
vt 0.084070 0.262654
vt 0.092383 0.249643
vt 0.094579 0.249034
vt 0.083461 0.258903
vt 0.112108 0.238559
vt 0.118776 0.242407
vt 0.283494 0.972580
vt 0.131151 0.268103
vt 0.128167 0.277054
vt 0.123847 0.271168
vt 0.126211 0.267353
vt 0.096303 0.253326
vt 0.091910 0.255557
vt 0.094563 0.250521
vt 0.119216 0.249255
vt 0.121972 0.254440
vt 0.118988 0.248179
vt 0.096692 0.288136
vt 0.099328 0.255929
vt 0.096421 0.251840
vt 0.091690 0.266946
vt 0.095745 0.270123
vt 0.092873 0.288914
vt 0.102115 0.253732
vt 0.111407 0.252744
vt 0.111749 0.253135
vt 0.121711 0.265331
vt 0.117863 0.268559
vt 0.121336 0.264288
vt 0.124417 0.258972
vt 0.094123 0.260288
vt 0.091927 0.267284
vt 0.101727 0.258869
vt 0.096523 0.253664
vt 0.088598 0.256909
vt 0.092231 0.250319
vt 0.101566 0.243002
vt 0.102724 0.245891
vt 0.101119 0.244269
vt 0.098973 0.238575
vt 0.099598 0.242072
vt 0.014143 0.193510
vt 0.013308 0.189904
vt 0.014544 0.192442
vt 0.017433 0.197518
vt 0.016064 0.194613
vt 0.017650 0.196249
vt 0.100950 0.244776
vt 0.102605 0.246432
vt 0.099395 0.242512
vt 0.017683 0.195948
vt 0.014628 0.192208
vt 0.116445 0.262429
vt 0.124939 0.259527
vt 0.129113 0.261320
vt 0.117961 0.269668
vt 0.017650 0.185261
vt 0.100781 0.245215
vt 0.013766 0.234337
vt 0.014014 0.233635
vt 0.015549 0.236510
vt 0.014830 0.234802
vt 0.015690 0.235656
vt 0.019687 0.186464
vt 0.018526 0.186480
vt 0.018802 0.185562
vt 0.015241 0.231970
vt 0.015322 0.231776
vt 0.015801 0.230430
vt 0.015971 0.229960
vt 0.048834 0.182160
vt 0.048203 0.184317
vt 0.047098 0.178884
vt 0.019487 0.187482
vt 0.103062 0.244540
vt 0.100155 0.240957
vt 0.015746 0.195815
vt 0.016147 0.194379
vt 0.014641 0.235570
vt 0.016571 0.237126
vt 0.111891 0.238329
vt 0.881683 0.596955
vt 0.887414 0.599567
vt 0.882118 0.600728
vt 0.877112 0.603920
vt 0.876242 0.600438
vt 0.871309 0.606242
vt 0.872470 0.609289
vt 0.867029 0.613932
vt 0.868552 0.616399
vt 0.865433 0.624959
vt 0.863619 0.623218
vt 0.863257 0.634681
vt 0.861298 0.633665
vt 0.862168 0.645128
vt 0.860137 0.644838
vt 0.862168 0.655720
vt 0.860137 0.656301
vt 0.863257 0.666167
vt 0.861298 0.667473
vt 0.863619 0.677920
vt 0.865433 0.675889
vt 0.868552 0.684450
vt 0.867029 0.687207
vt 0.872470 0.691560
vt 0.871309 0.694897
vt 0.876242 0.700556
vt 0.877112 0.696783
vt 0.881683 0.704183
vt 0.882118 0.700120
vt 0.887414 0.701281
vt 0.887414 0.705344
vt 0.893145 0.704183
vt 0.892709 0.700120
vt 0.898585 0.700556
vt 0.897788 0.696783
vt 0.902358 0.691560
vt 0.903591 0.694897
vt 0.906275 0.684450
vt 0.907871 0.687207
vt 0.911208 0.677920
vt 0.909467 0.675889
vt 0.913530 0.667473
vt 0.911571 0.666167
vt 0.914763 0.656301
vt 0.912732 0.655720
vt 0.914763 0.644838
vt 0.912732 0.645128
vt 0.913530 0.633665
vt 0.911571 0.634681
vt 0.911208 0.623218
vt 0.909467 0.624959
vt 0.907871 0.613932
vt 0.906275 0.616399
vt 0.902358 0.609289
vt 0.903591 0.606242
vt 0.897788 0.603920
vt 0.898585 0.600438
vt 0.892709 0.600728
vt 0.893145 0.596955
vt 0.887414 0.595795
vt 0.887414 0.600583
vt 0.884077 0.618865
vt 0.882263 0.601599
vt 0.877258 0.604791
vt 0.877910 0.624234
vt 0.872760 0.610014
vt 0.875371 0.628877
vt 0.868842 0.616979
vt 0.865796 0.625540
vt 0.872034 0.640485
vt 0.863692 0.634971
vt 0.862604 0.645273
vt 0.871309 0.653834
vt 0.862604 0.655720
vt 0.872034 0.660509
vt 0.863692 0.665877
vt 0.865796 0.675454
vt 0.875371 0.672116
vt 0.868842 0.683869
vt 0.872760 0.690834
vt 0.877910 0.676614
vt 0.877258 0.696058
vt 0.884077 0.682128
vt 0.882263 0.699395
vt 0.887414 0.700411
vt 0.890823 0.682128
vt 0.892637 0.699395
vt 0.897570 0.696058
vt 0.896917 0.676614
vt 0.902140 0.690834
vt 0.905985 0.683869
vt 0.899456 0.672116
vt 0.909032 0.675454
vt 0.901415 0.666603
vt 0.911208 0.665877
vt 0.903518 0.653834
vt 0.912296 0.655720
vt 0.903518 0.647160
vt 0.912296 0.645273
vt 0.911208 0.634971
vt 0.901415 0.634246
vt 0.909032 0.625540
vt 0.899456 0.628877
vt 0.905985 0.616979
vt 0.896917 0.624234
vt 0.902140 0.610014
vt 0.897570 0.604791
vt 0.890823 0.618865
vt 0.892637 0.601599
vt 0.842698 0.669891
vt 0.844500 0.665575
vt 0.844500 0.669594
vt 0.840145 0.667361
vt 0.842248 0.666021
vt 0.839395 0.672868
vt 0.840971 0.671082
vt 0.838043 0.675250
vt 0.838193 0.669594
vt 0.836992 0.678078
vt 0.836542 0.672571
vt 0.834365 0.680311
vt 0.835265 0.676143
vt 0.836241 0.681502
vt 0.833839 0.684627
vt 0.835866 0.684925
vt 0.833839 0.688944
vt 0.836241 0.692070
vt 0.835866 0.688498
vt 0.836917 0.695345
vt 0.834289 0.693410
vt 0.836542 0.701001
vt 0.835265 0.697428
vt 0.838043 0.698321
vt 0.838193 0.703978
vt 0.839395 0.700703
vt 0.840145 0.706210
vt 0.842698 0.703680
vt 0.840971 0.702489
vt 0.844500 0.707997
vt 0.842248 0.707550
vt 0.846302 0.703680
vt 0.844500 0.704127
vt 0.848028 0.702638
vt 0.846677 0.707550
vt 0.849605 0.700852
vt 0.848854 0.706210
vt 0.850956 0.698470
vt 0.850806 0.703978
vt 0.853734 0.697428
vt 0.852458 0.701001
vt 0.852008 0.695493
vt 0.854635 0.693410
vt 0.853134 0.688646
vt 0.852758 0.692219
vt 0.855161 0.684627
vt 0.855161 0.689093
vt 0.853134 0.685074
vt 0.854635 0.680311
vt 0.852082 0.678227
vt 0.852758 0.681502
vt 0.850956 0.675250
vt 0.853734 0.676292
vt 0.850806 0.669743
vt 0.852458 0.672720
vt 0.849605 0.672868
vt 0.848854 0.667510
vt 0.848028 0.671082
vt 0.846752 0.666170
vt 0.846302 0.669891
vt 0.844500 0.686860
vt 0.844500 0.663193
vt 0.841872 0.663044
vt 0.844425 0.662598
vt 0.842022 0.663640
vt 0.839470 0.664682
vt 0.839620 0.664980
vt 0.837217 0.667212
vt 0.835566 0.670933
vt 0.835340 0.670636
vt 0.833839 0.674655
vt 0.833088 0.679418
vt 0.832788 0.679418
vt 0.832563 0.684330
vt 0.832262 0.684330
vt 0.832262 0.689391
vt 0.832563 0.689391
vt 0.832863 0.694452
vt 0.833088 0.694154
vt 0.833914 0.699066
vt 0.835566 0.702787
vt 0.835416 0.703233
vt 0.837292 0.706508
vt 0.839620 0.708592
vt 0.839545 0.709039
vt 0.842022 0.710081
vt 0.842022 0.710676
vt 0.844500 0.710676
vt 0.844575 0.711122
vt 0.846977 0.710081
vt 0.847128 0.710676
vt 0.849380 0.708592
vt 0.849530 0.709039
vt 0.851782 0.706508
vt 0.851557 0.706062
vt 0.853659 0.703085
vt 0.853434 0.702787
vt 0.855161 0.698917
vt 0.854935 0.698768
vt 0.856212 0.694303
vt 0.855911 0.694154
vt 0.856737 0.689242
vt 0.856437 0.684330
vt 0.856737 0.684181
vt 0.856137 0.679120
vt 0.855986 0.679418
vt 0.855086 0.674506
vt 0.853434 0.670785
vt 0.853584 0.670487
vt 0.851557 0.667510
vt 0.851707 0.667063
vt 0.849380 0.664980
vt 0.849455 0.664533
vt 0.846977 0.663044
vt 0.846977 0.663491
vt 0.841947 0.663640
vt 0.839545 0.665128
vt 0.837443 0.667659
vt 0.835566 0.671082
vt 0.834064 0.675101
vt 0.833088 0.679567
vt 0.832563 0.684479
vt 0.833163 0.694303
vt 0.834139 0.698768
vt 0.835641 0.702787
vt 0.837518 0.706062
vt 0.839695 0.708592
vt 0.842097 0.710081
vt 0.844575 0.710527
vt 0.847052 0.710081
vt 0.849455 0.708443
vt 0.851557 0.705913
vt 0.853434 0.702638
vt 0.854935 0.698619
vt 0.855911 0.694005
vt 0.856437 0.689242
vt 0.856437 0.684181
vt 0.855911 0.679418
vt 0.854860 0.674803
vt 0.853359 0.670785
vt 0.851482 0.667510
vt 0.849305 0.665128
vt 0.844500 0.663044
vt 0.887361 0.601126
vt 0.892652 0.602118
vt 0.887361 0.650734
vt 0.897447 0.605425
vt 0.902077 0.610386
vt 0.905880 0.617331
vt 0.908856 0.625930
vt 0.911005 0.635190
vt 0.912163 0.645442
vt 0.912163 0.655695
vt 0.911005 0.665947
vt 0.908856 0.675538
vt 0.905880 0.683806
vt 0.902077 0.690751
vt 0.897447 0.696043
vt 0.892652 0.699350
vt 0.887361 0.700342
vt 0.882235 0.699350
vt 0.877274 0.696043
vt 0.872810 0.690751
vt 0.869007 0.683806
vt 0.865865 0.675538
vt 0.863881 0.665947
vt 0.862724 0.655695
vt 0.862724 0.645442
vt 0.863881 0.635190
vt 0.865865 0.625930
vt 0.869007 0.617331
vt 0.872810 0.610386
vt 0.877274 0.605425
vt 0.882235 0.602118
vt 0.837443 0.667510
vt 0.834064 0.674952
vt 0.834064 0.698768
vt 0.837443 0.706062
vt 0.854935 0.674803
vt 0.495631 0.843741
vt 0.339938 0.940095
vt 0.537720 0.011143
vt 0.403181 0.011143
vt 0.142481 0.843741
vt 0.192946 0.843741
vt 0.941130 0.011143
vt 1.000038 0.011144
vt 0.995140 0.843741
vt 0.995140 0.938359
vt 0.000080 0.011143
vt -0.007988 0.843741
vt 0.848782 0.843741
vt 0.705867 0.011143
vt 0.339938 0.972580
vt 0.019420 0.197384
vt 0.026900 0.183024
vt 0.144341 0.247987
vt 0.028386 0.175810
vt 0.024512 0.163186
vt 0.111392 0.146801
vt 0.075858 0.178367
vt 0.087871 0.156771
vt 0.075858 0.269616
vt 0.070316 0.247987
vt 0.011539 0.183658
vt 0.087871 0.291212
vt 0.018000 0.184426
vt 0.887414 0.618140
vt 0.880812 0.620897
vt 0.873413 0.634246
vt 0.871309 0.647160
vt 0.873413 0.666603
vt 0.880812 0.680097
vt 0.887414 0.682854
vt 0.894015 0.680097
vt 0.902793 0.660509
vt 0.902793 0.640485
vt 0.894015 0.620897
s 1
g off
usemtl car_body
f 663/447/416 386/448/417 664/449/418
f 386/448/417 384/450/419 387/451/420
f 387/451/420 385/452/421 388/453/422
f 664/449/423 461/454/424 673/455/425
f 387/451/426 461/454/424 386/448/427
f 387/451/426 486/456/428 485/457/429
f 389/458/430 663/447/431 339/459/432
f 331/460/433 383/461/434 389/458/430
f 385/452/435 331/460/433 390/462/435
f 498/463/436 485/457/429 495/464/437
f 392/465/438 521/466/439 443/467/440
f 391/468/441 495/464/437 496/469/442
f 393/470/443 391/468/441 494/471/444
f 451/472/445 392/465/438 443/467/440
f 397/473/446 396/474/447 470/475/448
f 398/476/449 456/477/450 459/478/451
f 440/479/452 444/480/453 398/476/449
f 442/481/454 394/482/455 395/483/456
f 399/484/457 669/485/458 666/486/459
f 419/487/460 446/488/461 469/489/462
f 418/490/463 421/491/464 419/487/460
f 415/492/465 458/493/466 468/494/467
f 420/495/468 463/496/469 466/497/470
f 414/498/471 460/499/472 415/492/465
f 338/500/473 509/501/474 402/502/475
f 509/501/474 403/503/476 402/502/475
f 379/504/477 405/505/478 378/506/479
f 465/507/480 378/506/479 407/508/481
f 407/508/481 378/506/479 405/505/478
f 408/509/482 591/510/483 592/511/484
f 408/509/482 404/512/485 509/501/486
f 593/513/487 408/509/488 592/511/487
f 411/514/489 408/509/488 410/515/488
f 676/516/490 410/517/491 593/518/492
f 467/519/493 412/520/494 410/517/491
f 412/520/494 411/521/495 410/517/491
f 415/522/496 416/523/497 412/520/494
f 417/524/498 412/520/494 416/523/497
f 470/475/448 448/525/499 447/526/500
f 422/527/501 469/528/502 500/529/503
f 414/530/504 412/520/494 467/519/493
f 420/531/505 465/507/480 407/508/481
f 420/531/505 407/508/481 501/532/506
f 385/452/421 425/533/507 388/453/422
f 423/534/508 426/535/509 425/533/507
f 424/536/510 2051/537/511 426/535/509
f 425/533/512 486/456/428 388/453/513
f 425/533/512 432/538/514 487/539/515
f 426/535/516 2064/540/517 432/538/514
f 332/541/518 385/452/435 390/462/435
f 333/542/519 423/534/520 332/541/518
f 2052/543/521 424/536/522 333/542/519
f 523/544/523 2057/545/524 524/546/525
f 2049/547/526 523/544/523 451/472/445
f 497/548/527 391/468/441 496/469/442
f 391/468/441 431/549/528 494/471/444
f 431/549/528 497/548/527 499/550/529
f 474/551/530 452/552/531 454/553/532
f 453/554/533 478/555/534 428/556/535
f 2048/557/536 479/558/537 481/559/538
f 2062/560/539 477/561/540 2063/562/541
f 480/563/542 2054/564/543 2060/565/544
f 439/566/545 475/567/546 471/568/547
f 503/569/548 471/568/547 473/570/549
f 438/571/550 472/572/551 430/573/552
f 483/574/553 2053/575/554 476/576/555
f 2069/577/556 430/573/552 2061/578/557
f 403/579/476 433/580/558 334/581/559
f 2059/582/560 405/505/478 406/583/561
f 2058/584/562 2055/585/563 405/505/478
f 2055/585/563 407/508/481 405/505/478
f 409/586/564 433/580/565 404/587/485
f 411/588/489 434/589/566 409/586/489
f 436/590/567 411/521/495 413/591/568
f 2068/592/569 435/593/570 436/590/567
f 417/524/498 437/594/571 413/591/568
f 437/594/571 436/590/567 413/591/568
f 449/595/572 427/596/573 429/597/574
f 422/527/501 484/598/575 439/599/576
f 436/590/567 2069/600/577 2068/592/569
f 407/508/481 2066/601/578 501/532/506
f 2066/601/578 483/602/579 501/532/506
f 377/603/580 440/479/452 441/604/581
f 377/603/580 441/604/581 380/605/582
f 442/481/454 671/606/583 670/607/584
f 446/488/461 394/482/455 445/608/585
f 451/472/445 449/595/572 450/609/586
f 493/610/587 453/554/533 454/553/532
f 458/493/466 397/473/446 457/611/588
f 462/612/589 461/454/424 498/463/436
f 672/613/590 463/496/469 464/614/591
f 667/615/592 675/616/593 465/507/480
f 667/615/592 465/507/480 466/617/594
f 414/530/504 676/516/490 677/618/595
f 414/530/504 677/618/595 678/619/596
f 504/620/597 418/621/598 502/622/599
f 469/528/502 501/532/506 500/529/503
f 474/551/530 472/572/551 473/570/549
f 477/561/540 475/567/546 476/576/555
f 481/559/538 432/538/514 480/563/542
f 503/623/600 504/620/597 502/622/599
f 501/532/506 484/598/575 500/529/503
f 678/624/601 441/604/581 414/498/471
f 421/491/464 447/526/500 446/488/461
f 447/526/500 395/483/456 394/482/455
f 493/610/587 452/552/531 492/625/602
f 459/478/451 455/626/603 397/473/446
f 457/611/588 470/475/448 421/491/464
f 456/477/450 393/470/443 494/471/444
f 460/499/472 459/478/451 458/493/466
f 399/484/457 440/479/452 669/485/458
f 441/604/581 398/476/449 460/499/472
f 445/608/585 464/614/591 463/496/469
f 672/613/590 442/481/454 670/607/584
f 443/467/440 395/483/456 451/472/445
f 399/484/457 673/455/425 461/454/424
f 445/608/585 469/489/462 446/488/461
f 457/611/588 468/494/467 458/493/466
f 466/497/470 665/627/604 667/628/605
f 491/629/606 452/552/531 449/595/572
f 480/563/542 2064/540/517 2054/564/543
f 427/596/573 473/570/549 471/568/547
f 428/556/535 430/573/552 472/572/551
f 454/553/532 428/556/535 474/551/530
f 450/609/586 429/597/574 477/561/540
f 2048/557/536 480/563/542 2060/565/544
f 2063/562/541 476/576/555 2053/575/554
f 478/555/534 2061/578/557 430/573/552
f 482/630/607 473/570/549 472/572/551
f 484/631/608 476/576/555 475/567/546
f 481/559/538 431/549/528 499/550/529
f 431/549/528 453/554/533 494/471/444
f 450/609/586 2049/547/526 451/472/445
f 429/597/574 471/568/547 475/567/546
f 485/457/429 496/469/442 495/464/437
f 487/539/515 496/469/442 486/456/428
f 487/539/515 499/550/529 497/548/527
f 488/632/609 522/633/610 489/634/611
f 525/635/612 2072/636/613 2070/637/614
f 2070/638/615 527/639/616 525/640/617
f 381/641/618 490/642/619 382/643/620
f 530/644/621 522/633/610 507/645/622
f 2072/636/613 508/646/623 2225/647/624
f 490/642/625 505/648/626 382/643/627
f 527/639/628 2223/649/629 506/650/630
f 448/525/499 451/472/445 395/483/456
f 491/629/606 396/474/447 492/625/602
f 493/610/587 396/474/447 455/626/603
f 456/477/450 493/610/587 455/626/603
f 495/464/437 393/470/443 498/463/436
f 462/612/589 393/470/443 444/480/453
f 502/622/599 419/651/631 422/527/501
f 502/622/599 439/599/576 503/623/600
f 482/652/632 438/653/633 437/594/571
f 416/523/497 504/620/597 417/524/498
f 504/620/597 437/594/571 417/524/498
f 416/523/497 415/522/496 468/654/634
f 2227/655/635 506/650/636 2223/649/637
f 530/644/638 521/466/439 401/656/639
f 2057/545/524 508/646/640 524/546/525
f 532/657/641 2056/658/642 535/659/643
f 533/660/644 400/661/645 534/662/646
f 533/663/647 531/664/648 510/665/649
f 519/666/650 2201/667/651 532/668/652
f 534/662/646 511/669/653 690/670/654
f 535/659/643 2203/671/655 511/669/653
f 520/672/656 697/673/657 516/674/658
f 520/672/656 2209/675/659 2213/676/660
f 512/677/661 517/678/662 513/679/663
f 2205/680/664 517/678/662 2213/676/660
f 514/681/665 513/682/663 515/683/666
f 2207/684/667 513/682/663 2205/685/664
f 516/674/658 690/670/654 511/669/653
f 2209/675/659 511/669/653 2203/671/655
f 698/686/668 520/672/656 517/678/662
f 517/678/662 520/672/656 2213/676/660
f 392/465/438 451/472/445 523/544/523
f 668/687/669 443/467/440 521/466/439
f 518/688/670 712/689/671 505/648/672
f 381/690/673 680/691/674 522/633/610
f 382/643/620 679/692/675 381/641/618
f 680/691/674 507/645/622 522/633/610
f 712/689/676 382/643/627 505/648/626
f 524/546/525 392/465/438 523/544/523
f 488/632/609 526/693/677 525/635/612
f 525/640/617 490/642/619 488/694/678
f 530/644/621 526/693/677 489/634/611
f 506/650/630 490/642/625 527/639/628
f 519/666/679 528/695/680 506/650/636
f 668/687/669 507/645/681 529/696/682
f 524/546/525 530/644/638 401/656/639
f 694/697/683 534/662/646 690/670/654
f 400/661/645 535/659/643 511/669/653
f 510/698/684 535/659/643 400/661/645
f 533/660/644 694/697/683 687/699/685
f 536/700/686 533/663/647 687/701/687
f 519/666/650 510/665/649 531/664/648
f 518/688/670 528/695/680 531/664/688
f 406/702/495 379/703/495 1676/704/495
f 2059/705/495 406/702/495 1676/704/495
f 846/706/689 541/707/690 544/708/691
f 541/707/690 545/709/692 544/708/691
f 542/710/693 546/711/694 545/709/692
f 544/708/695 857/712/696 846/706/697
f 545/709/698 619/713/699 544/708/695
f 546/711/700 643/714/701 545/709/698
f 547/715/702 845/716/703 847/717/704
f 542/710/705 547/715/702 548/718/706
f 543/719/707 548/718/706 335/720/708
f 656/721/709 643/714/701 653/722/710
f 550/723/711 704/724/712 601/725/713
f 549/726/714 653/722/710 654/727/715
f 551/728/716 549/726/714 652/729/717
f 609/730/718 550/723/711 601/725/713
f 555/731/719 554/732/720 628/733/721
f 556/734/722 614/735/723 617/736/724
f 598/737/725 602/738/726 556/734/722
f 600/739/727 552/740/728 553/741/729
f 557/742/730 852/743/731 849/744/732
f 575/745/733 604/746/734 627/747/735
f 574/748/736 577/749/737 575/745/733
f 571/750/738 616/751/739 626/752/740
f 576/753/741 621/754/742 624/755/743
f 570/756/744 618/757/745 571/750/738
f 342/758/746 686/759/747 336/760/748
f 686/759/747 337/761/749 336/760/748
f 537/762/750 561/763/751 851/764/752
f 623/765/753 851/764/752 563/766/754
f 563/766/754 851/764/752 561/763/751
f 564/767/755 772/768/756 773/769/757
f 565/770/758 686/759/759 564/767/755
f 566/771/760 773/769/761 774/772/761
f 567/773/762 564/767/760 566/771/760
f 860/774/763 566/775/764 774/776/765
f 625/777/766 568/778/767 566/775/764
f 569/779/768 566/775/764 568/778/767
f 571/780/769 572/781/770 568/778/767
f 573/782/771 568/778/767 572/781/770
f 628/733/721 606/783/772 605/784/773
f 578/785/774 627/786/775 658/787/776
f 570/788/777 568/778/767 625/777/766
f 576/789/778 623/765/753 563/766/754
f 576/789/778 563/766/754 659/790/779
f 546/711/694 579/791/780 581/792/781
f 579/791/780 582/793/782 581/792/781
f 580/794/783 664/449/418 582/793/782
f 581/792/784 644/795/785 546/711/700
f 581/792/784 590/796/786 645/797/787
f 664/449/423 590/796/786 582/793/788
f 579/791/789 335/720/708 583/798/790
f 580/794/791 583/798/790 584/799/792
f 339/459/432 580/794/791 584/799/792
f 706/800/793 668/687/669 707/801/794
f 671/606/583 706/800/793 609/730/718
f 655/802/795 549/726/714 654/727/715
f 549/726/714 589/803/796 652/729/717
f 589/803/796 655/802/795 657/804/797
f 632/805/798 610/806/799 612/807/800
f 611/808/801 636/809/802 586/810/803
f 377/603/580 637/811/804 639/812/805
f 670/607/584 635/813/806 672/613/590
f 638/814/807 666/486/459 669/485/458
f 597/815/808 633/816/809 629/817/810
f 661/818/811 629/817/810 631/819/812
f 596/820/813 630/821/814 588/822/815
f 641/823/816 665/627/604 634/824/817
f 678/624/601 588/822/815 380/605/582
f 560/825/818 338/500/473 337/761/749
f 379/504/477 561/763/751 562/826/819
f 378/506/479 674/827/820 561/763/751
f 674/827/820 563/766/754 561/763/751
f 565/770/758 591/510/483 560/825/821
f 593/513/487 565/770/762 567/773/762
f 594/828/822 567/829/495 569/779/768
f 677/618/595 593/518/492 594/828/822
f 573/782/771 595/830/823 569/779/768
f 595/830/823 594/828/822 569/779/768
f 607/831/824 585/832/825 587/833/826
f 578/785/774 642/834/827 597/835/828
f 594/828/822 678/619/596 677/618/595
f 563/766/754 667/615/592 659/790/779
f 667/615/592 641/836/829 659/790/779
f 844/837/830 598/737/725 599/838/831
f 844/837/830 599/838/831 853/839/832
f 600/739/727 855/840/833 854/841/834
f 604/746/734 552/740/728 603/842/835
f 609/730/718 607/831/824 608/843/836
f 651/844/837 611/808/801 612/807/800
f 616/751/739 555/731/719 615/845/838
f 620/846/839 619/713/699 656/721/709
f 856/847/840 621/754/742 622/848/841
f 538/849/842 859/850/843 623/765/753
f 538/849/842 623/765/753 624/851/844
f 570/788/777 860/774/763 861/852/845
f 570/788/777 861/852/845 862/853/846
f 662/854/847 574/855/848 660/856/849
f 627/786/775 659/790/779 658/787/776
f 632/805/798 630/821/814 631/819/812
f 635/813/806 633/816/809 634/824/817
f 639/812/805 590/796/786 638/814/807
f 661/857/850 662/854/847 660/856/849
f 659/790/779 642/834/827 658/787/776
f 862/858/851 599/838/831 570/756/744
f 577/749/737 605/784/773 604/746/734
f 605/784/773 553/741/729 552/740/728
f 651/844/837 610/806/799 650/859/852
f 617/736/724 613/860/853 555/731/719
f 615/845/838 628/733/721 577/749/737
f 614/735/723 551/728/716 652/729/717
f 618/757/745 617/736/724 616/751/739
f 557/742/730 598/737/725 852/743/731
f 599/838/831 556/734/722 618/757/745
f 603/842/835 622/848/841 621/754/742
f 622/848/841 854/841/834 856/847/840
f 601/725/713 553/741/729 609/730/718
f 557/742/730 857/712/696 619/713/699
f 603/842/835 627/747/735 604/746/734
f 615/845/838 626/752/740 616/751/739
f 624/755/743 848/861/854 538/862/855
f 649/863/856 610/806/799 607/831/824
f 638/814/807 673/455/425 666/486/459
f 585/832/825 631/819/812 629/817/810
f 586/810/803 588/822/815 630/821/814
f 612/807/800 586/810/803 632/805/798
f 608/843/836 587/833/826 635/813/806
f 377/603/580 638/814/807 669/485/458
f 672/613/590 634/824/817 665/627/604
f 636/809/802 380/605/582 588/822/815
f 640/864/857 631/819/812 630/821/814
f 642/865/858 634/824/817 633/816/809
f 639/812/805 589/803/796 657/804/797
f 589/803/796 611/808/801 652/729/717
f 608/843/836 671/606/583 609/730/718
f 587/833/826 629/817/810 633/816/809
f 643/714/701 654/727/715 653/722/710
f 645/797/787 654/727/715 644/795/785
f 645/797/787 657/804/797 655/802/795
f 539/866/859 647/867/860 646/868/861
f 708/869/862 680/691/674 679/870/863
f 679/692/675 710/871/864 708/872/865
f 646/873/866 540/874/867 539/875/867
f 713/876/868 705/877/869 684/878/870
f 529/696/871 709/879/872 685/880/873
f 540/874/874 711/881/875 682/882/876
f 681/883/877 683/884/878 710/871/879
f 606/783/772 609/730/718 553/741/729
f 650/859/852 606/783/772 554/732/720
f 651/844/837 554/732/720 613/860/853
f 614/735/723 651/844/837 613/860/853
f 653/722/710 551/728/716 656/721/709
f 620/846/839 551/728/716 602/738/726
f 660/856/849 575/885/880 578/785/774
f 660/856/849 597/835/828 661/857/850
f 640/886/881 596/887/882 595/830/823
f 572/781/770 662/854/847 573/782/771
f 662/854/847 595/830/823 573/782/771
f 572/781/770 571/780/769 626/888/883
f 712/689/671 701/889/884 683/884/885
f 713/876/886 704/724/712 559/890/887
f 529/696/682 707/801/794 668/687/669
f 687/699/685 718/891/888 715/892/889
f 688/893/890 717/894/891 716/895/892
f 688/896/893 700/897/894 714/898/895
f 715/899/896 536/700/686 687/701/687
f 717/894/891 689/900/897 874/901/898
f 718/891/888 690/670/654 689/900/897
f 696/902/899 702/903/900 695/904/901
f 703/905/902 697/673/657 698/686/668
f 880/906/903 691/907/904 875/908/905
f 512/677/661 699/909/906 698/686/668
f 692/910/907 691/911/904 693/912/908
f 514/681/665 691/911/904 512/913/661
f 696/902/899 874/901/898 689/900/897
f 697/673/657 689/900/897 690/670/654
f 702/903/900 699/909/906 880/906/903
f 699/909/906 703/905/902 698/686/668
f 550/723/711 609/730/718 706/800/793
f 704/724/712 855/840/833 601/725/713
f 900/914/909 682/882/910 700/897/911
f 863/915/912 705/877/869 539/866/859
f 865/916/913 539/875/867 540/874/867
f 864/917/914 684/878/870 705/877/869
f 682/882/876 865/916/915 540/874/874
f 707/801/794 550/723/711 706/800/793
f 646/868/861 709/879/872 708/869/862
f 708/872/865 648/918/916 646/873/866
f 685/880/873 647/867/860 713/876/868
f 711/881/875 710/871/879 683/884/878
f 701/889/884 711/881/917 683/884/885
f 850/919/918 684/878/919 894/920/920
f 559/890/887 685/880/921 713/876/886
f 878/921/922 717/894/891 874/901/898
f 558/922/923 718/891/888 689/900/897
f 688/893/890 718/891/888 558/922/923
f 716/895/892 878/921/922 871/923/924
f 700/897/894 871/924/925 900/914/926
f 701/889/927 688/896/893 714/898/895
f 682/882/910 714/898/928 700/897/911
f 562/925/495 537/926/495 1676/704/495
f 379/703/495 562/925/495 1676/704/495
f 1026/927/929 721/928/930 724/929/931
f 724/929/931 722/930/932 725/931/933
f 722/930/932 726/932/934 725/931/933
f 724/929/935 1039/933/936 1026/927/937
f 725/931/938 800/934/939 724/929/935
f 726/932/940 824/935/941 725/931/938
f 721/928/942 1027/936/943 340/937/944
f 722/930/945 340/937/944 727/938/946
f 728/939/947 722/930/945 727/938/946
f 837/940/948 824/935/941 834/941/949
f 730/942/950 884/943/951 782/944/952
f 729/945/953 834/941/949 835/946/954
f 731/947/955 729/945/953 833/948/956
f 790/949/957 730/942/950 782/944/952
f 735/950/958 734/951/959 809/952/960
f 736/953/961 795/954/962 798/955/963
f 779/956/964 783/957/965 736/953/961
f 781/958/966 732/959/967 733/960/968
f 737/961/969 1034/962/970 1029/963/971
f 757/964/972 785/965/973 808/966/974
f 756/967/975 759/968/976 757/964/972
f 753/969/977 797/970/978 807/971/979
f 758/972/980 802/973/981 805/974/982
f 752/975/983 799/976/984 753/969/977
f 951/977/985 870/978/986 740/979/987
f 870/978/986 741/980/988 740/979/987
f 1033/981/989 743/982/990 1032/983/991
f 804/984/992 1032/983/991 745/985/993
f 745/985/993 1032/983/991 743/982/990
f 746/986/994 952/987/995 953/988/996
f 747/989/997 870/978/998 746/986/994
f 748/990/999 953/988/1000 954/991/1000
f 748/990/999 747/989/1001 746/986/999
f 1042/992/1002 748/993/1003 954/994/1004
f 806/995/1005 750/996/1006 748/993/1003
f 750/996/1006 749/997/495 748/993/1003
f 753/998/1007 754/999/1008 750/996/1006
f 754/999/1008 751/1000/1009 750/996/1006
f 809/952/960 787/1001/1010 786/1002/1011
f 760/1003/1012 808/1004/1013 839/1005/1014
f 752/1006/1015 750/996/1006 806/995/1005
f 758/1007/1016 804/984/992 745/985/993
f 758/1007/1016 745/985/993 840/1008/1017
f 726/932/934 761/1009/1018 763/1010/1019
f 763/1010/1019 762/1011/1020 764/1012/1021
f 762/1011/1020 846/706/689 764/1012/1021
f 726/932/940 826/1013/1022 825/1014/1023
f 763/1010/1024 771/1015/1025 826/1013/1022
f 764/1012/1026 857/712/696 771/1015/1025
f 761/1009/1027 728/939/947 765/1016/1028
f 341/1017/1029 761/1009/1027 765/1016/1028
f 847/717/704 762/1011/1030 341/1017/1029
f 886/1018/1031 850/919/918 887/1019/1032
f 855/840/833 886/1018/1031 790/949/957
f 836/1020/1033 729/945/953 835/946/954
f 729/945/953 770/1021/1034 833/948/956
f 770/1021/1034 836/1020/1033 838/1022/1035
f 813/1023/1036 791/1024/1037 793/1025/1038
f 792/1026/1039 817/1027/1040 767/1028/1041
f 844/837/830 818/1029/1042 820/1030/1043
f 854/841/834 816/1031/1044 856/847/840
f 819/1032/1045 849/744/732 852/743/731
f 778/1033/1046 814/1034/1047 810/1035/1048
f 842/1036/1049 810/1035/1048 812/1037/1050
f 777/1038/1051 811/1039/1052 769/1040/1053
f 822/1041/1054 848/861/854 815/1042/1055
f 862/858/851 769/1040/1053 853/839/832
f 742/1043/1056 342/758/746 741/980/988
f 744/1044/1057 851/764/752 743/982/990
f 851/764/752 858/1045/1058 743/982/990
f 858/1045/1058 745/985/993 743/982/990
f 747/989/997 772/768/756 742/1043/997
f 749/1046/1001 773/769/761 747/989/1001
f 775/1047/1059 749/997/495 751/1000/1009
f 861/852/845 774/776/765 775/1047/1059
f 755/1048/1060 776/1049/1061 751/1000/1009
f 776/1049/1061 775/1047/1059 751/1000/1009
f 788/1050/1062 766/1051/1063 768/1052/1064
f 760/1003/1012 823/1053/1065 778/1054/1066
f 775/1047/1059 862/853/846 861/852/845
f 745/985/993 538/849/842 840/1008/1017
f 538/849/842 822/1055/1067 840/1008/1017
f 1024/1056/1068 779/956/964 780/1057/1069
f 1024/1056/1068 780/1057/1069 1035/1058/1070
f 781/958/966 1037/1059/1071 1036/1060/1072
f 785/965/973 732/959/967 784/1061/1073
f 790/949/957 788/1050/1062 789/1062/1074
f 832/1063/1075 792/1026/1039 793/1025/1038
f 797/970/978 735/950/958 796/1064/1076
f 801/1065/1077 800/934/939 837/940/948
f 1038/1066/1078 802/973/981 803/1067/1079
f 1030/1068/1080 1041/1069/1081 804/984/992
f 1030/1068/1080 804/984/992 805/1070/1082
f 752/1006/1015 1042/992/1002 1043/1071/1083
f 752/1006/1015 1043/1071/1083 1044/1072/1084
f 843/1073/1085 756/1074/1086 841/1075/1087
f 808/1004/1013 840/1008/1017 839/1005/1014
f 813/1023/1036 811/1039/1052 812/1037/1050
f 816/1031/1044 814/1034/1047 815/1042/1055
f 820/1030/1043 771/1015/1025 819/1032/1045
f 842/1076/1088 843/1073/1085 841/1075/1087
f 840/1008/1017 823/1053/1065 839/1005/1014
f 1044/1077/1089 780/1057/1069 752/975/983
f 759/968/976 786/1002/1011 785/965/973
f 786/1002/1011 733/960/968 732/959/967
f 831/1078/1090 793/1025/1038 791/1024/1037
f 798/955/963 794/1079/1091 735/950/958
f 796/1064/1076 809/952/960 759/968/976
f 795/954/962 731/947/955 833/948/956
f 799/976/984 798/955/963 797/970/978
f 737/961/969 779/956/964 1034/962/970
f 780/1057/1069 736/953/961 799/976/984
f 784/1061/1073 803/1067/1079 802/973/981
f 1038/1066/1078 781/958/966 1036/1060/1072
f 782/944/952 733/960/968 790/949/957
f 737/961/969 1039/933/936 800/934/939
f 784/1061/1073 808/966/974 785/965/973
f 796/1064/1076 807/971/979 797/970/978
f 1030/1080/1092 802/973/981 1028/1081/1093
f 831/1078/1090 788/1050/1062 830/1082/1094
f 819/1032/1045 857/712/696 849/744/732
f 766/1051/1063 812/1037/1050 810/1035/1048
f 767/1028/1041 769/1040/1053 811/1039/1052
f 793/1025/1038 767/1028/1041 813/1023/1036
f 789/1062/1074 768/1052/1064 816/1031/1044
f 844/837/830 819/1032/1045 852/743/731
f 856/847/840 815/1042/1055 848/861/854
f 817/1027/1040 853/839/832 769/1040/1053
f 821/1083/1095 812/1037/1050 811/1039/1052
f 823/1084/1096 815/1042/1055 814/1034/1047
f 820/1030/1043 770/1021/1034 838/1022/1035
f 770/1021/1034 792/1026/1039 833/948/956
f 789/1062/1074 855/840/833 790/949/957
f 768/1052/1064 810/1035/1048 814/1034/1047
f 824/935/941 835/946/954 834/941/949
f 826/1013/1022 835/946/954 825/1014/1023
f 826/1013/1022 838/1022/1035 836/1020/1033
f 827/1085/1097 885/1086/1098 828/1087/1099
f 888/1088/1100 864/917/914 863/915/912
f 863/1089/913 890/1090/1101 888/1091/1102
f 719/1092/1103 829/1093/1104 720/1094/1105
f 893/1095/1106 885/1086/1098 868/1096/1107
f 864/917/914 869/1097/1108 894/920/1109
f 829/1093/1110 866/1098/1111 720/1094/1112
f 890/1090/1113 892/1099/1114 867/1100/1115
f 787/1001/1010 790/949/957 733/960/968
f 831/1078/1090 787/1001/1010 734/951/959
f 832/1063/1075 734/951/959 794/1079/1091
f 795/954/962 832/1063/1075 794/1079/1091
f 834/941/949 731/947/955 837/940/948
f 801/1065/1077 731/947/955 783/957/965
f 841/1075/1087 757/1101/1116 760/1003/1012
f 841/1075/1087 778/1054/1066 842/1076/1088
f 821/1102/1117 777/1103/1118 776/1049/1061
f 754/999/1008 843/1073/1085 755/1048/1060
f 843/1073/1085 776/1049/1061 755/1048/1060
f 754/999/1008 753/998/1007 807/1104/1119
f 867/1100/1120 900/914/909 882/1105/1121
f 893/1095/1122 884/943/951 739/1106/1123
f 894/920/920 887/1019/1032 850/919/918
f 871/923/924 899/1107/1124 896/1108/1125
f 872/1109/1126 898/1110/1127 897/1111/1128
f 872/1112/1129 881/1113/1130 895/1114/1131
f 882/1105/1132 871/924/925 896/1115/1133
f 1056/1116/1134 738/1117/1135 873/1118/1136
f 899/1107/1124 874/901/898 873/1118/1136
f 879/1119/1137 1068/1120/1138 1063/1121/1139
f 702/903/900 879/1119/1137 695/904/901
f 1064/1122/1140 876/1123/1141 1057/1124/1142
f 876/1123/1141 880/906/903 875/908/905
f 1060/1125/1143 876/1126/1141 877/1127/1144
f 877/1127/1144 875/1128/905 692/910/907
f 873/1118/1136 1063/1121/1139 1056/1116/1134
f 874/901/898 879/1119/1137 873/1118/1136
f 1064/1122/1140 1068/1120/1138 883/1129/1145
f 883/1129/1145 702/903/900 880/906/903
f 730/942/950 790/949/957 886/1018/1031
f 884/943/951 1037/1059/1071 782/944/952
f 1078/1130/1146 881/1113/1147 1086/1131/1148
f 1045/1132/1149 885/1086/1098 719/1133/1150
f 1047/1134/1151 719/1092/1103 720/1094/1105
f 1046/1135/1152 868/1096/1107 885/1086/1098
f 866/1098/1111 1047/1134/1153 720/1094/1112
f 739/1106/1123 886/1018/1031 887/1019/1032
f 888/1088/1100 828/1087/1099 889/1136/1154
f 827/1137/1155 890/1090/1101 829/1093/1104
f 869/1097/1108 828/1087/1099 893/1095/1106
f 891/1138/1156 890/1090/1113 867/1100/1115
f 882/1105/1121 891/1138/1157 867/1100/1120
f 884/943/951 1080/1139/1158 1031/1140/1159
f 739/1106/1123 869/1097/1160 893/1095/1122
f 1061/1141/1161 898/1110/1127 1056/1116/1134
f 738/1117/1135 899/1107/1124 873/1118/1136
f 896/1108/1125 738/1117/1135 872/1109/1126
f 1053/1142/1162 898/1110/1127 1061/1141/1161
f 881/1113/1130 1053/1143/1163 1086/1131/1164
f 895/1114/1131 896/1115/1133 872/1112/1129
f 866/1098/1165 895/1114/1166 881/1113/1147
f 744/1144/495 1033/1145/495 1676/704/495
f 537/926/495 744/1144/495 1676/704/495
f 1214/1146/1167 903/1147/1168 906/1148/1169
f 903/1147/1168 907/1149/1170 906/1148/1169
f 904/1150/1171 908/1151/1172 907/1149/1170
f 906/1148/1173 1227/1152/1174 1214/1146/1175
f 907/1149/1176 980/1153/1177 906/1148/1173
f 908/1151/1178 1004/1154/1179 907/1149/1176
f 903/1147/1180 1215/1155/1181 909/1156/1182
f 904/1150/1183 909/1156/1182 343/1157/1184
f 905/1158/1185 343/1157/1184 910/1159/1186
f 1017/1160/1187 1004/1154/1179 1014/1161/1188
f 912/1162/1189 1070/1163/1190 962/1164/1191
f 911/1165/1192 1014/1161/1188 1015/1166/1193
f 913/1167/1194 911/1165/1192 1013/1168/1195
f 970/1169/1196 912/1162/1189 962/1164/1191
f 917/1170/1197 916/1171/1198 989/1172/1199
f 918/1173/1200 975/1174/1201 978/1175/1202
f 959/1176/1203 963/1177/1204 918/1173/1200
f 961/1178/1205 914/1179/1206 915/1180/1207
f 919/1181/1208 1222/1182/1209 1217/1183/1210
f 937/1184/1211 965/1185/1212 988/1186/1213
f 936/1187/1214 939/1188/1215 937/1184/1211
f 933/1189/1216 977/1190/1217 987/1191/1218
f 938/1192/1219 982/1193/1220 985/1194/1221
f 932/1195/1222 979/1196/1223 933/1189/1216
f 1140/1197/1224 344/1198/1225 1139/1199/1226
f 344/1198/1225 922/1200/1227 345/1201/1228
f 924/1202/1229 1220/1203/1230 1221/1204/1231
f 984/1205/1232 1220/1203/1230 925/1206/1233
f 925/1206/1233 1220/1203/1230 923/1207/1234
f 926/1208/1235 1140/1197/1236 1141/1209/1237
f 926/1208/1235 922/1200/1238 1052/1210/1239
f 928/1211/1240 1141/1209/1241 1142/1212/1241
f 928/1211/1240 927/1213/1242 926/1208/1240
f 1230/1214/1243 928/1215/1244 1142/1216/1245
f 986/1217/1246 930/1218/1247 928/1215/1244
f 931/1219/1248 928/1215/1244 930/1218/1247
f 933/1220/1249 934/1221/1250 930/1218/1247
f 935/1222/1251 930/1218/1247 934/1221/1250
f 989/1172/1199 967/1223/1252 966/1224/1253
f 940/1225/1254 988/1226/1255 1019/1227/1256
f 932/1228/1257 930/1218/1247 986/1217/1246
f 938/1229/1258 984/1205/1232 925/1206/1233
f 938/1229/1258 925/1206/1233 1020/1230/1259
f 908/1151/1172 941/1231/1260 943/1232/1261
f 943/1232/1261 942/1233/1262 944/1234/1263
f 944/1234/1263 1025/1235/1264 1026/927/929
f 908/1151/1178 1006/1236/1265 1005/1237/1266
f 943/1232/1267 950/1238/1268 1006/1236/1265
f 944/1234/1269 1039/933/936 950/1238/1268
f 941/1231/1270 910/1159/1186 346/1239/1271
f 942/1233/1272 346/1239/1271 347/1240/1273
f 1025/1235/1274 347/1240/1273 1027/936/943
f 1072/1241/1275 1031/1140/1159 1073/1242/1276
f 1037/1059/1071 1072/1241/1275 970/1169/1196
f 1016/1243/1277 911/1165/1192 1015/1166/1193
f 911/1165/1192 949/1244/1278 1013/1168/1195
f 949/1244/1278 1016/1243/1277 1018/1245/1279
f 993/1246/1280 971/1247/1281 973/1248/1282
f 972/1249/1283 997/1250/1284 946/1251/1285
f 1024/1056/1068 998/1252/1286 1000/1253/1287
f 1036/1060/1072 996/1254/1288 1038/1066/1078
f 999/1255/1289 1029/963/971 1034/962/970
f 958/1256/1290 994/1257/1291 990/1258/1292
f 1022/1259/1293 990/1258/1292 992/1260/1294
f 957/1261/1295 991/1262/1296 948/1263/1297
f 1002/1264/1298 1028/1081/1093 995/1265/1299
f 1044/1077/1089 948/1263/1297 1035/1058/1070
f 345/1201/1228 952/987/1300 951/977/985
f 924/1202/1229 1032/983/991 923/1207/1234
f 1032/983/991 1040/1266/1301 923/1207/1234
f 1040/1266/1301 925/1206/1233 923/1207/1234
f 927/1213/1302 952/987/995 922/1200/1238
f 954/991/1000 927/1213/1242 929/1267/1242
f 955/1268/1303 929/1269/495 931/1219/1248
f 1043/1071/1083 954/994/1004 955/1268/1303
f 935/1222/1251 956/1270/1304 931/1219/1248
f 956/1270/1304 955/1268/1303 931/1219/1248
f 968/1271/1305 945/1272/1306 947/1273/1307
f 940/1225/1254 1003/1274/1308 958/1275/1309
f 955/1268/1303 1044/1072/1084 1043/1071/1083
f 925/1206/1233 1030/1068/1080 1020/1230/1259
f 1030/1068/1080 1002/1276/1310 1020/1230/1259
f 1212/1277/1311 959/1176/1203 960/1278/1312
f 1212/1277/1311 960/1278/1312 1223/1279/1313
f 962/1164/1191 1224/1280/1314 961/1178/1205
f 965/1185/1212 914/1179/1206 964/1281/1315
f 970/1169/1196 968/1271/1305 969/1282/1316
f 1012/1283/1317 972/1249/1283 973/1248/1282
f 977/1190/1217 917/1170/1197 976/1284/1318
f 981/1285/1319 980/1153/1177 1017/1160/1187
f 983/1286/1320 1216/1287/1321 982/1193/1220
f 1218/1288/1322 1229/1289/1323 984/1205/1232
f 1218/1288/1322 984/1205/1232 985/1290/1324
f 932/1228/1257 1230/1214/1243 1231/1291/1325
f 932/1228/1257 1231/1291/1325 1232/1292/1326
f 1023/1293/1327 936/1294/1328 1021/1295/1329
f 988/1226/1255 1020/1230/1259 1019/1227/1256
f 993/1246/1280 991/1262/1296 992/1260/1294
f 996/1254/1288 994/1257/1291 995/1265/1299
f 1000/1253/1287 950/1238/1268 999/1255/1289
f 1022/1296/1330 1023/1293/1327 1021/1295/1329
f 1020/1230/1259 1003/1274/1308 1019/1227/1256
f 932/1195/1222 1223/1279/1313 960/1278/1312
f 939/1188/1215 966/1224/1253 965/1185/1212
f 966/1224/1253 915/1180/1207 914/1179/1206
f 1012/1283/1317 971/1247/1281 1011/1297/1331
f 978/1175/1202 974/1298/1332 917/1170/1197
f 976/1284/1318 989/1172/1199 939/1188/1215
f 975/1174/1201 913/1167/1194 1013/1168/1195
f 979/1196/1223 978/1175/1202 977/1190/1217
f 919/1181/1208 959/1176/1203 1222/1182/1209
f 960/1278/1312 918/1173/1200 979/1196/1223
f 964/1281/1315 983/1286/1320 982/1193/1220
f 1226/1299/1333 961/1178/1205 1224/1280/1314
f 962/1164/1191 915/1180/1207 970/1169/1196
f 919/1181/1208 1227/1152/1174 980/1153/1177
f 964/1281/1315 988/1186/1213 965/1185/1212
f 976/1284/1318 987/1191/1218 977/1190/1217
f 1218/1300/1334 982/1193/1220 1216/1287/1321
f 1011/1297/1331 968/1271/1305 1010/1301/1335
f 999/1255/1289 1039/933/936 1029/963/971
f 945/1272/1306 992/1260/1294 990/1258/1292
f 946/1251/1285 948/1263/1297 991/1262/1296
f 973/1248/1282 946/1251/1285 993/1246/1280
f 969/1282/1316 947/1273/1307 996/1254/1288
f 1024/1056/1068 999/1255/1289 1034/962/970
f 1038/1066/1078 995/1265/1299 1028/1081/1093
f 997/1250/1284 1035/1058/1070 948/1263/1297
f 1001/1302/1336 992/1260/1294 991/1262/1296
f 1003/1303/1337 995/1265/1299 994/1257/1291
f 1000/1253/1287 949/1244/1278 1018/1245/1279
f 949/1244/1278 972/1249/1283 1013/1168/1195
f 969/1282/1316 1037/1059/1071 970/1169/1196
f 947/1273/1307 990/1258/1292 994/1257/1291
f 1004/1154/1179 1015/1166/1193 1014/1161/1188
f 1006/1236/1265 1015/1166/1193 1005/1237/1266
f 1006/1236/1265 1018/1245/1279 1016/1243/1277
f 901/1304/1338 1008/1305/1339 1007/1306/1340
f 1074/1307/1341 1046/1135/1152 1045/1132/1149
f 1045/1308/1342 1076/1309/1343 1074/1310/1344
f 1007/1311/1345 902/1312/1346 901/1313/1347
f 1008/1305/1339 1050/1314/1348 1079/1315/1349
f 1046/1135/1152 1051/1316/1350 1080/1139/1351
f 902/1312/1352 1077/1317/1353 1048/1318/1354
f 1076/1309/1355 1078/1130/1356 1049/1319/1357
f 967/1223/1252 970/1169/1196 915/1180/1207
f 1011/1297/1331 967/1223/1252 916/1171/1198
f 1012/1283/1317 916/1171/1198 974/1298/1332
f 975/1174/1201 1012/1283/1317 974/1298/1332
f 1014/1161/1188 913/1167/1194 1017/1160/1187
f 981/1285/1319 913/1167/1194 963/1177/1204
f 1021/1295/1329 937/1320/1358 940/1225/1254
f 1021/1295/1329 958/1275/1309 1022/1296/1330
f 1001/1321/1359 957/1322/1360 956/1270/1304
f 934/1221/1250 1023/1293/1327 935/1222/1251
f 1023/1293/1327 956/1270/1304 935/1222/1251
f 934/1221/1250 933/1220/1249 987/1323/1361
f 1078/1130/1146 1067/1324/1362 1049/1319/1363
f 921/1325/1364 1050/1314/1365 1070/1163/1190
f 1031/1140/1159 1051/1316/1366 1073/1242/1276
f 1053/1142/1162 1085/1326/1367 1082/1327/1368
f 1054/1328/1369 1084/1329/1370 1083/1330/1371
f 1083/1331/1372 1081/1332/1373 1054/1333/1374
f 1082/1334/1375 1086/1131/1164 1053/1143/1163
f 1244/1335/1376 920/1336/1377 1055/1337/1378
f 1055/1337/1378 1061/1141/1161 1056/1116/1134
f 1069/1338/1379 1251/1339/1380 1062/1340/1381
f 1068/1120/1138 1062/1340/1381 1063/1121/1139
f 1245/1341/1382 1065/1342/1383 1058/1343/1384
f 1058/1343/1384 1064/1122/1140 1057/1124/1142
f 1248/1344/1385 1058/1345/1384 1059/1346/1386
f 1059/1346/1386 1057/1347/1142 1060/1125/1143
f 1055/1337/1378 1251/1339/1380 1244/1335/1376
f 1056/1116/1134 1062/1340/1381 1055/1337/1378
f 1252/1348/1387 1069/1338/1379 1065/1342/1383
f 1065/1342/1383 1068/1120/1138 1064/1122/1140
f 912/1162/1189 970/1169/1196 1072/1241/1275
f 1219/1349/1388 962/1164/1191 1070/1163/1190
f 1266/1350/1389 1066/1351/1390 1274/1352/1391
f 1233/1353/1392 1071/1354/1393 901/1304/1338
f 1235/1355/1394 901/1313/1347 902/1312/1346
f 1071/1354/1393 1268/1356/1395 1050/1314/1348
f 1048/1318/1354 1235/1355/1396 902/1312/1352
f 1073/1242/1276 912/1162/1189 1072/1241/1275
f 1007/1306/1340 1075/1357/1397 1074/1307/1341
f 1074/1310/1344 1009/1358/1398 1007/1311/1345
f 1079/1315/1349 1075/1357/1397 1008/1305/1339
f 1049/1319/1357 1009/1358/1399 1076/1309/1355
f 1081/1332/1400 1049/1319/1363 1067/1324/1362
f 1219/1349/1388 1050/1314/1365 1268/1356/1401
f 1073/1242/1276 1079/1315/1402 921/1325/1364
f 1249/1359/1403 1084/1329/1370 1244/1335/1376
f 920/1336/1377 1085/1326/1367 1055/1337/1378
f 1082/1327/1368 920/1336/1377 1054/1328/1369
f 1083/1330/1371 1249/1359/1403 1241/1360/1404
f 1274/1352/1405 1083/1331/1372 1241/1361/1406
f 1067/1324/1407 1054/1333/1374 1081/1332/1373
f 1066/1351/1390 1077/1317/1408 1081/1332/1400
f 924/1362/495 1221/1363/495 1676/704/495
f 1033/1145/495 924/1362/495 1676/704/495
f 1401/1364/1409 1089/1365/1410 1092/1366/1411
f 1092/1366/1411 1090/1367/1412 1093/1368/1413
f 1090/1367/1412 1094/1369/1414 1093/1368/1413
f 1401/1364/1415 1168/1370/1416 1413/1371/1417
f 1093/1368/1418 1168/1370/1416 1092/1366/1419
f 1093/1368/1418 1193/1372/1420 1192/1373/1421
f 1089/1365/1422 355/1374/1423 1095/1375/1424
f 348/1376/1425 1089/1365/1422 1095/1375/1424
f 349/1377/1426 1090/1367/1427 348/1376/1425
f 1205/1378/1428 1192/1373/1421 1202/1379/1429
f 1097/1380/1430 1258/1381/1431 1150/1382/1432
f 1096/1383/1433 1202/1379/1429 1203/1384/1434
f 1098/1385/1435 1096/1383/1433 1201/1386/1436
f 1158/1387/1437 1097/1380/1430 1150/1382/1432
f 1102/1388/1438 1101/1389/1439 1177/1390/1440
f 1103/1391/1441 1163/1392/1442 1166/1393/1443
f 1147/1394/1444 1151/1395/1445 1103/1391/1441
f 1149/1396/1446 1099/1397/1447 1100/1398/1448
f 1104/1399/1449 1408/1400/1450 1403/1401/1451
f 1124/1402/1452 1153/1403/1453 1176/1404/1454
f 1123/1405/1455 1126/1406/1456 1124/1402/1452
f 1120/1407/1457 1165/1408/1458 1175/1409/1459
f 1125/1410/1460 1170/1411/1461 1173/1412/1462
f 1119/1413/1463 1167/1414/1464 1120/1407/1457
f 1326/1415/1465 1240/1416/1466 1107/1417/1467
f 1107/1417/1467 1109/1418/1468 1108/1419/1469
f 1407/1420/1470 1110/1421/1471 1406/1422/1472
f 1172/1423/1473 1406/1422/1472 1112/1424/1474
f 1112/1424/1474 1406/1422/1472 1110/1421/1471
f 1113/1425/1475 1327/1426/1476 1328/1427/1477
f 1113/1425/1475 1109/1418/1478 1240/1416/1479
f 1115/1428/1480 1328/1427/1481 1329/1429/1481
f 1115/1428/1480 1114/1430/1482 1113/1425/1480
f 1416/1431/1483 1115/1432/1484 1329/1433/1485
f 1174/1434/1486 1117/1435/1487 1115/1432/1484
f 1117/1435/1487 1116/1436/495 1115/1432/1484
f 1120/1437/1488 1121/1438/1489 1117/1435/1487
f 1121/1438/1489 1118/1439/1490 1117/1435/1487
f 1177/1390/1440 1155/1440/1491 1154/1441/1492
f 1127/1442/1493 1176/1443/1494 1207/1444/1495
f 1119/1445/1496 1117/1435/1487 1174/1434/1486
f 1125/1446/1497 1172/1423/1473 1112/1424/1474
f 1125/1446/1497 1112/1424/1474 1208/1447/1498
f 1094/1369/1414 1128/1448/1499 1130/1449/1500
f 1130/1449/1500 1129/1450/1501 1131/1451/1502
f 1129/1450/1501 1214/1146/1167 1131/1451/1502
f 1094/1369/1503 1194/1452/1504 1193/1372/1420
f 1130/1449/1505 1138/1453/1506 1194/1452/1504
f 1131/1451/1507 1227/1152/1174 1138/1453/1506
f 1132/1454/1508 1091/1455/1509 349/1377/1426
f 350/1456/1510 1128/1448/1511 1132/1454/1508
f 1213/1457/1512 350/1456/1510 1215/1155/1181
f 1260/1458/1513 1219/1349/1388 1261/1459/1514
f 1225/1460/1515 1260/1458/1513 1158/1387/1437
f 1204/1461/1516 1096/1383/1433 1203/1384/1434
f 1096/1383/1433 1137/1462/1517 1201/1386/1436
f 1137/1462/1517 1204/1461/1516 1206/1463/1518
f 1181/1464/1519 1159/1465/1520 1161/1466/1521
f 1160/1467/1522 1185/1468/1523 1134/1469/1524
f 1212/1277/1311 1186/1470/1525 1188/1471/1526
f 1224/1280/1314 1184/1472/1527 1226/1299/1333
f 1187/1473/1528 1217/1183/1210 1222/1182/1209
f 1146/1474/1529 1182/1475/1530 1178/1476/1531
f 1210/1477/1532 1178/1476/1531 1180/1478/1533
f 1145/1479/1534 1179/1480/1535 1136/1481/1536
f 1190/1482/1537 1216/1287/1321 1183/1483/1538
f 1232/1484/1539 1136/1481/1536 1223/1279/1313
f 1108/1419/1469 1140/1197/1224 1139/1199/1226
f 1111/1485/1540 1220/1203/1230 1110/1421/1471
f 1220/1203/1230 1228/1486/1541 1110/1421/1471
f 1228/1486/1541 1112/1424/1474 1110/1421/1471
f 1114/1430/1542 1140/1197/1236 1109/1418/1478
f 1142/1212/1241 1114/1430/1482 1116/1487/1482
f 1143/1488/1543 1116/1436/495 1118/1439/1490
f 1231/1291/1325 1142/1216/1245 1143/1488/1543
f 1122/1489/1544 1144/1490/1545 1118/1439/1490
f 1144/1490/1545 1143/1488/1543 1118/1439/1490
f 1156/1491/1546 1133/1492/1547 1135/1493/1548
f 1127/1442/1493 1191/1494/1549 1146/1495/1550
f 1143/1488/1543 1232/1292/1326 1231/1291/1325
f 1112/1424/1474 1218/1288/1322 1208/1447/1498
f 1218/1288/1322 1190/1496/1551 1208/1447/1498
f 1399/1497/1552 1147/1394/1444 1148/1498/1553
f 1399/1497/1552 1148/1498/1553 1409/1499/1554
f 1150/1382/1432 1410/1500/1555 1149/1396/1446
f 1153/1403/1453 1099/1397/1447 1152/1501/1556
f 1158/1387/1437 1156/1491/1546 1157/1502/1557
f 1200/1503/1558 1160/1467/1522 1161/1466/1521
f 1165/1408/1458 1102/1388/1438 1164/1504/1559
f 1169/1505/1560 1168/1370/1416 1205/1378/1428
f 1171/1506/1561 1402/1507/1562 1170/1411/1461
f 1404/1508/1563 1415/1509/1564 1172/1423/1473
f 1404/1508/1563 1172/1423/1473 1173/1510/1565
f 1119/1445/1496 1416/1431/1483 1417/1511/1566
f 1119/1445/1496 1417/1511/1566 1418/1512/1567
f 1211/1513/1568 1123/1514/1569 1209/1515/1570
f 1176/1443/1494 1208/1447/1498 1207/1444/1495
f 1181/1464/1519 1179/1480/1535 1180/1478/1533
f 1184/1472/1527 1182/1475/1530 1183/1483/1538
f 1188/1471/1526 1138/1453/1506 1187/1473/1528
f 1210/1516/1571 1211/1513/1568 1209/1515/1570
f 1208/1447/1498 1191/1494/1549 1207/1444/1495
f 1119/1413/1463 1409/1499/1554 1148/1498/1553
f 1126/1406/1456 1154/1441/1492 1153/1403/1453
f 1154/1441/1492 1100/1398/1448 1099/1397/1447
f 1200/1503/1558 1159/1465/1520 1199/1517/1572
f 1166/1393/1443 1162/1518/1573 1102/1388/1438
f 1164/1504/1559 1177/1390/1440 1126/1406/1456
f 1163/1392/1442 1098/1385/1435 1201/1386/1436
f 1167/1414/1464 1166/1393/1443 1165/1408/1458
f 1104/1399/1449 1147/1394/1444 1408/1400/1450
f 1148/1498/1553 1103/1391/1441 1167/1414/1464
f 1152/1501/1556 1171/1506/1561 1170/1411/1461
f 1171/1506/1561 1410/1500/1555 1412/1519/1574
f 1150/1382/1432 1100/1398/1448 1158/1387/1437
f 1104/1399/1449 1413/1371/1417 1168/1370/1416
f 1152/1501/1556 1176/1404/1454 1153/1403/1453
f 1164/1504/1559 1175/1409/1459 1165/1408/1458
f 1404/1520/1575 1170/1411/1461 1402/1507/1562
f 1199/1517/1572 1156/1491/1546 1198/1521/1576
f 1187/1473/1528 1227/1152/1174 1217/1183/1210
f 1133/1492/1547 1180/1478/1533 1178/1476/1531
f 1134/1469/1524 1136/1481/1536 1179/1480/1535
f 1161/1466/1521 1134/1469/1524 1181/1464/1519
f 1157/1502/1557 1135/1493/1548 1184/1472/1527
f 1212/1277/1311 1187/1473/1528 1222/1182/1209
f 1226/1299/1333 1183/1483/1538 1216/1287/1321
f 1185/1468/1523 1223/1279/1313 1136/1481/1536
f 1189/1522/1577 1180/1478/1533 1179/1480/1535
f 1191/1523/1578 1183/1483/1538 1182/1475/1530
f 1188/1471/1526 1137/1462/1517 1206/1463/1518
f 1137/1462/1517 1160/1467/1522 1201/1386/1436
f 1157/1502/1557 1225/1460/1515 1158/1387/1437
f 1135/1493/1548 1178/1476/1531 1182/1475/1530
f 1192/1373/1421 1203/1384/1434 1202/1379/1429
f 1194/1452/1504 1203/1384/1434 1193/1372/1420
f 1194/1452/1504 1206/1463/1518 1204/1461/1516
f 1087/1524/1579 1196/1525/1580 1195/1526/1581
f 1262/1527/1582 1234/1528/1583 1233/1353/1392
f 1233/1529/1584 1264/1530/1585 1262/1531/1586
f 1195/1532/1587 1088/1533/1588 1087/1534/1589
f 1196/1525/1580 1238/1535/1590 1267/1536/1591
f 1234/1528/1583 1239/1537/1592 1268/1356/1395
f 1088/1533/1593 1265/1538/1594 1236/1539/1595
f 1264/1530/1596 1266/1350/1597 1237/1540/1598
f 1155/1440/1491 1158/1387/1437 1100/1398/1448
f 1198/1521/1576 1101/1389/1439 1199/1517/1572
f 1200/1503/1558 1101/1389/1439 1162/1518/1573
f 1163/1392/1442 1200/1503/1558 1162/1518/1573
f 1202/1379/1429 1098/1385/1435 1205/1378/1428
f 1169/1505/1560 1098/1385/1435 1151/1395/1445
f 1209/1515/1570 1124/1541/1599 1127/1442/1493
f 1209/1515/1570 1146/1495/1550 1210/1516/1571
f 1189/1542/1600 1145/1543/1601 1144/1490/1545
f 1121/1438/1489 1211/1513/1568 1122/1489/1544
f 1211/1513/1568 1144/1490/1545 1122/1489/1544
f 1121/1438/1489 1120/1437/1488 1175/1544/1602
f 1237/1540/1603 1274/1352/1391 1255/1545/1604
f 1106/1546/1605 1238/1535/1606 1258/1381/1431
f 1268/1356/1401 1261/1459/1514 1219/1349/1388
f 1241/1360/1404 1273/1547/1607 1270/1548/1608
f 1242/1549/1609 1272/1550/1610 1271/1551/1611
f 1242/1552/1612 1254/1553/1613 1269/1554/1614
f 1255/1545/1615 1241/1361/1406 1270/1555/1616
f 1272/1550/1610 1243/1556/1617 1430/1557/1618
f 1243/1556/1617 1249/1359/1403 1244/1335/1376
f 1257/1558/1619 1437/1559/1620 1250/1560/1621
f 1256/1561/1622 1250/1560/1621 1251/1339/1380
f 1431/1562/1623 1253/1563/1624 1246/1564/1625
f 1246/1564/1625 1252/1348/1387 1245/1341/1382
f 1434/1565/1626 1246/1566/1625 1247/1567/1627
f 1248/1344/1385 1246/1566/1625 1245/1568/1382
f 1243/1556/1617 1437/1559/1620 1430/1557/1618
f 1244/1335/1376 1250/1560/1621 1243/1556/1617
f 1438/1569/1628 1257/1558/1619 1253/1563/1624
f 1253/1563/1624 1256/1561/1622 1252/1348/1387
f 1097/1380/1430 1158/1387/1437 1260/1458/1513
f 1258/1381/1431 1411/1570/1629 1150/1382/1432
f 1459/1571/1630 1236/1539/1631 1254/1553/1632
f 1419/1572/1633 1259/1573/1634 1087/1524/1579
f 1421/1574/1635 1087/1534/1589 1088/1533/1588
f 1259/1573/1634 1453/1575/1636 1238/1535/1590
f 1236/1539/1595 1421/1574/1637 1088/1533/1593
f 1106/1546/1605 1260/1458/1513 1261/1459/1514
f 1195/1526/1581 1263/1576/1638 1262/1527/1582
f 1262/1531/1586 1197/1577/1639 1195/1532/1587
f 1267/1536/1591 1263/1576/1638 1196/1525/1580
f 1237/1540/1598 1197/1577/1640 1264/1530/1596
f 1269/1554/1641 1237/1540/1603 1255/1545/1604
f 1258/1381/1431 1453/1575/1642 1405/1578/1643
f 1261/1459/1514 1267/1536/1644 1106/1546/1605
f 1435/1579/1645 1272/1550/1610 1430/1557/1618
f 1105/1580/1646 1273/1547/1607 1243/1556/1617
f 1270/1548/1608 1105/1580/1646 1242/1549/1609
f 1271/1551/1611 1435/1579/1645 1427/1581/1647
f 1254/1553/1613 1427/1582/1648 1459/1571/1649
f 1269/1554/1614 1270/1555/1616 1242/1552/1612
f 1236/1539/1631 1269/1554/1641 1254/1553/1632
f 1111/1583/495 1407/1584/495 1676/704/495
f 1221/1363/495 1111/1583/495 1676/704/495
f 1607/1585/1650 1277/1586/1651 1280/1587/1652
f 1280/1587/1652 1278/1588/1653 1281/1589/1654
f 1281/1589/1654 1279/1590/1655 1282/1591/1656
f 1280/1587/1657 1619/1592/1658 1607/1585/1659
f 1281/1589/1660 1355/1593/1661 1280/1587/1657
f 1281/1589/1660 1380/1594/1662 1379/1595/1663
f 1277/1586/1664 361/1596/1665 1283/1597/1666
f 1278/1588/1667 1283/1597/1666 351/1598/1668
f 1279/1590/1669 351/1598/1668 1284/1599/1670
f 1392/1600/1671 1379/1595/1663 1389/1601/1672
f 1286/1602/1673 1443/1603/1674 1337/1604/1675
f 1285/1605/1676 1389/1601/1672 1390/1606/1677
f 1287/1607/1678 1285/1605/1676 1388/1608/1679
f 1345/1609/1680 1286/1602/1673 1337/1604/1675
f 1291/1610/1681 1290/1611/1682 1364/1612/1683
f 1292/1613/1684 1350/1614/1685 1353/1615/1686
f 1334/1616/1687 1338/1617/1688 1292/1613/1684
f 1336/1618/1689 1288/1619/1690 1289/1620/1691
f 1293/1621/1692 1614/1622/1693 1609/1623/1694
f 1311/1624/1695 1340/1625/1696 1363/1626/1697
f 1310/1627/1698 1313/1628/1699 1311/1624/1695
f 1307/1629/1700 1352/1630/1701 1362/1631/1702
f 1312/1632/1703 1357/1633/1704 1360/1634/1705
f 1306/1635/1706 1354/1636/1707 1307/1629/1700
f 1533/1637/1708 352/1638/1709 1532/1639/1710
f 1426/1640/1711 353/1641/1712 352/1638/1709
f 1613/1642/1713 1297/1643/1714 1612/1644/1715
f 1359/1645/1716 1612/1644/1715 1299/1646/1717
f 1299/1646/1717 1612/1644/1715 1297/1643/1714
f 1300/1647/1718 1533/1637/1719 1534/1648/1720
f 1301/1649/1721 1426/1640/1722 1300/1647/1718
f 1302/1650/1723 1534/1648/1724 1535/1651/1724
f 1302/1650/1723 1301/1649/1725 1300/1647/1723
f 1622/1652/1726 1302/1653/1727 1535/1654/1728
f 1361/1655/1729 1304/1656/1730 1302/1653/1727
f 1304/1656/1730 1303/1657/495 1302/1653/1727
f 1307/1658/1731 1308/1659/1732 1304/1656/1730
f 1308/1659/1732 1305/1660/1733 1304/1656/1730
f 1364/1612/1683 1342/1661/1734 1341/1662/1735
f 1314/1663/1736 1363/1664/1737 1394/1665/1738
f 1306/1666/1739 1304/1656/1730 1361/1655/1729
f 1312/1667/1740 1359/1645/1716 1299/1646/1717
f 1312/1667/1740 1299/1646/1717 1395/1668/1741
f 1279/1590/1655 1317/1669/1742 1282/1591/1656
f 1317/1669/1742 1316/1670/1743 1318/1671/1744
f 1318/1671/1744 1400/1672/1745 1401/1364/1409
f 1317/1669/1746 1380/1594/1662 1282/1591/1747
f 1317/1669/1746 1325/1673/1748 1381/1674/1749
f 1318/1671/1750 1413/1371/1417 1325/1673/1748
f 1319/1675/1751 1279/1590/1669 1284/1599/1670
f 1316/1670/1752 1319/1675/1751 354/1676/1753
f 1400/1672/1754 354/1676/1753 355/1374/1423
f 1445/1677/1755 1405/1578/1643 1446/1678/1756
f 1411/1570/1629 1445/1677/1755 1345/1609/1680
f 1391/1679/1757 1285/1605/1676 1390/1606/1677
f 1285/1605/1676 1324/1680/1758 1388/1608/1679
f 1324/1680/1758 1391/1679/1757 1393/1681/1759
f 1368/1682/1760 1346/1683/1761 1348/1684/1762
f 1347/1685/1763 1372/1686/1764 1321/1687/1765
f 1399/1497/1552 1373/1688/1766 1375/1689/1767
f 1410/1500/1555 1371/1690/1768 1412/1519/1574
f 1374/1691/1769 1403/1401/1451 1408/1400/1450
f 1333/1692/1770 1369/1693/1771 1365/1694/1772
f 1397/1695/1773 1365/1694/1772 1367/1696/1774
f 1332/1697/1775 1366/1698/1776 1323/1699/1777
f 1377/1700/1778 1402/1507/1562 1370/1701/1779
f 1418/1702/1780 1323/1699/1777 1409/1499/1554
f 1296/1703/1781 1326/1415/1465 353/1641/1712
f 1407/1420/1470 1297/1643/1714 1298/1704/1782
f 1406/1422/1472 1414/1705/1783 1297/1643/1714
f 1414/1705/1783 1299/1646/1717 1297/1643/1714
f 1301/1649/1721 1327/1426/1476 1296/1703/1784
f 1303/1706/1725 1328/1427/1481 1301/1649/1725
f 1330/1707/1785 1303/1657/495 1305/1660/1733
f 1417/1511/1566 1329/1433/1485 1330/1707/1785
f 1309/1708/1786 1331/1709/1787 1305/1660/1733
f 1331/1709/1787 1330/1707/1785 1305/1660/1733
f 1343/1710/1788 1320/1711/1789 1322/1712/1790
f 1314/1663/1736 1378/1713/1791 1333/1714/1792
f 1330/1707/1785 1418/1512/1567 1417/1511/1566
f 1299/1646/1717 1404/1508/1563 1395/1668/1741
f 1404/1508/1563 1377/1715/1793 1395/1668/1741
f 1605/1716/1794 1334/1616/1687 1335/1717/1795
f 1605/1716/1794 1335/1717/1795 1615/1718/1796
f 1337/1604/1675 1616/1719/1797 1336/1618/1689
f 1340/1625/1696 1288/1619/1690 1339/1720/1798
f 1345/1609/1680 1343/1710/1788 1344/1721/1799
f 1387/1722/1800 1347/1685/1763 1348/1684/1762
f 1352/1630/1701 1291/1610/1681 1351/1723/1801
f 1356/1724/1802 1355/1593/1661 1392/1600/1671
f 1618/1725/1803 1357/1633/1704 1358/1726/1804
f 1610/1727/1805 1621/1728/1806 1359/1645/1716
f 1610/1727/1805 1359/1645/1716 1360/1729/1807
f 1306/1666/1739 1622/1652/1726 1623/1730/1808
f 1306/1666/1739 1623/1730/1808 1624/1731/1809
f 1398/1732/1810 1310/1733/1811 1396/1734/1812
f 1363/1664/1737 1395/1668/1741 1394/1665/1738
f 1368/1682/1760 1366/1698/1776 1367/1696/1774
f 1371/1690/1768 1369/1693/1771 1370/1701/1779
f 1375/1689/1767 1325/1673/1748 1374/1691/1769
f 1397/1735/1813 1398/1732/1810 1396/1734/1812
f 1395/1668/1741 1378/1713/1791 1394/1665/1738
f 1306/1635/1706 1615/1718/1796 1335/1717/1795
f 1313/1628/1699 1341/1662/1735 1340/1625/1696
f 1341/1662/1735 1289/1620/1691 1288/1619/1690
f 1387/1722/1800 1346/1683/1761 1386/1736/1814
f 1353/1615/1686 1349/1737/1815 1291/1610/1681
f 1351/1723/1801 1364/1612/1683 1313/1628/1699
f 1350/1614/1685 1287/1607/1678 1388/1608/1679
f 1354/1636/1707 1353/1615/1686 1352/1630/1701
f 1293/1621/1692 1334/1616/1687 1614/1622/1693
f 1335/1717/1795 1292/1613/1684 1354/1636/1707
f 1339/1720/1798 1358/1726/1804 1357/1633/1704
f 1358/1726/1804 1616/1719/1797 1618/1725/1803
f 1337/1604/1675 1289/1620/1691 1345/1609/1680
f 1293/1621/1692 1619/1592/1658 1355/1593/1661
f 1339/1720/1798 1363/1626/1697 1340/1625/1696
f 1351/1723/1801 1362/1631/1702 1352/1630/1701
f 1610/1738/1816 1357/1633/1704 1608/1739/1817
f 1385/1740/1818 1346/1683/1761 1343/1710/1788
f 1374/1691/1769 1413/1371/1417 1403/1401/1451
f 1320/1711/1789 1367/1696/1774 1365/1694/1772
f 1321/1687/1765 1323/1699/1777 1366/1698/1776
f 1348/1684/1762 1321/1687/1765 1368/1682/1760
f 1344/1721/1799 1322/1712/1790 1371/1690/1768
f 1399/1497/1552 1374/1691/1769 1408/1400/1450
f 1412/1519/1574 1370/1701/1779 1402/1507/1562
f 1372/1686/1764 1409/1499/1554 1323/1699/1777
f 1376/1741/1819 1367/1696/1774 1366/1698/1776
f 1378/1742/1820 1370/1701/1779 1369/1693/1771
f 1375/1689/1767 1324/1680/1758 1393/1681/1759
f 1324/1680/1758 1347/1685/1763 1388/1608/1679
f 1344/1721/1799 1411/1570/1629 1345/1609/1680
f 1322/1712/1790 1365/1694/1772 1369/1693/1771
f 1379/1595/1663 1390/1606/1677 1389/1601/1672
f 1381/1674/1749 1390/1606/1677 1380/1594/1662
f 1381/1674/1749 1393/1681/1759 1391/1679/1757
f 1382/1743/1821 1444/1744/1822 1383/1745/1823
f 1447/1746/1824 1420/1747/1825 1419/1572/1633
f 1419/1748/1826 1449/1749/1827 1447/1750/1828
f 1275/1751/1829 1384/1752/1830 1276/1753/1831
f 1452/1754/1832 1444/1744/1822 1424/1755/1833
f 1420/1747/1825 1425/1756/1834 1453/1575/1636
f 1384/1752/1835 1422/1757/1836 1276/1753/1837
f 1449/1749/1838 1451/1758/1839 1423/1759/1840
f 1342/1661/1734 1345/1609/1680 1289/1620/1691
f 1385/1740/1818 1290/1611/1682 1386/1736/1814
f 1387/1722/1800 1290/1611/1682 1349/1737/1815
f 1350/1614/1685 1387/1722/1800 1349/1737/1815
f 1389/1601/1672 1287/1607/1678 1392/1600/1671
f 1356/1724/1802 1287/1607/1678 1338/1617/1688
f 1396/1734/1812 1311/1760/1841 1314/1663/1736
f 1397/1735/1813 1314/1663/1736 1333/1714/1792
f 1376/1761/1842 1332/1762/1843 1331/1709/1787
f 1308/1659/1732 1398/1732/1810 1309/1708/1786
f 1398/1732/1810 1331/1709/1787 1309/1708/1786
f 1308/1659/1732 1307/1658/1731 1362/1763/1844
f 1423/1759/1845 1459/1571/1630 1441/1764/1846
f 1452/1754/1847 1443/1603/1674 1295/1765/1848
f 1405/1578/1643 1425/1756/1849 1446/1678/1756
f 1427/1581/1647 1458/1766/1850 1455/1767/1851
f 1428/1768/1852 1457/1769/1853 1456/1770/1854
f 1456/1771/1855 1454/1772/1856 1428/1773/1857
f 1441/1764/1858 1427/1582/1648 1455/1774/1859
f 1457/1769/1853 1429/1775/1860 1638/1776/1861
f 1429/1775/1860 1435/1579/1645 1430/1557/1618
f 1442/1777/1862 1648/1778/1863 1436/1779/1864
f 1442/1777/1862 1437/1559/1620 1438/1569/1628
f 1639/1780/1865 1439/1781/1866 1432/1782/1867
f 1431/1562/1623 1439/1781/1866 1438/1569/1628
f 1643/1783/1868 1432/1784/1867 1433/1785/1869
f 1434/1565/1626 1432/1784/1867 1431/1786/1623
f 1429/1775/1860 1648/1778/1863 1638/1776/1861
f 1430/1557/1618 1436/1779/1864 1429/1775/1860
f 1649/1787/1870 1442/1777/1862 1439/1781/1866
f 1439/1781/1866 1442/1777/1862 1438/1569/1628
f 1286/1602/1673 1345/1609/1680 1445/1677/1755
f 1611/1788/1871 1337/1604/1675 1443/1603/1674
f 1665/1789/1872 1440/1790/1873 1675/1791/1874
f 1625/1792/1875 1444/1744/1822 1275/1793/1876
f 1627/1794/1877 1275/1751/1829 1276/1753/1831
f 1444/1744/1822 1668/1795/1878 1424/1755/1833
f 1422/1757/1836 1627/1794/1879 1276/1753/1837
f 1446/1678/1756 1286/1602/1673 1445/1677/1755
f 1382/1743/1821 1448/1796/1880 1447/1746/1824
f 1382/1797/1881 1449/1749/1827 1384/1752/1830
f 1452/1754/1832 1448/1796/1880 1383/1745/1823
f 1423/1759/1840 1384/1752/1835 1449/1749/1838
f 1441/1764/1846 1450/1798/1882 1423/1759/1845
f 1443/1603/1674 1668/1795/1883 1611/1788/1871
f 1446/1678/1756 1452/1754/1847 1295/1765/1848
f 1645/1799/1884 1457/1769/1853 1638/1776/1861
f 1294/1800/1885 1458/1766/1850 1429/1775/1860
f 1428/1768/1852 1458/1766/1850 1294/1800/1885
f 1456/1770/1854 1645/1799/1884 1633/1801/1886
f 1440/1790/1887 1633/1802/1888 1675/1791/1889
f 1441/1764/1858 1428/1773/1857 1454/1772/1856
f 1440/1790/1873 1450/1798/1882 1454/1772/1890
f 1298/1803/495 1613/1804/495 1676/704/495
f 1407/1584/495 1298/1803/495 1676/704/495
f 1463/1805/1891 1483/1806/1892 1486/1807/1893
f 1486/1807/1893 1484/1808/1894 1487/1809/1895
f 1484/1808/1894 1488/1810/1896 1487/1809/1895
f 1486/1807/1897 1474/1811/1898 1463/1805/1899
f 1487/1809/1900 1561/1812/1901 1486/1807/1897
f 1488/1810/1902 1585/1813/1903 1487/1809/1900
f 1483/1806/1904 356/1814/1905 357/1815/1906
f 1484/1808/1907 357/1815/1906 1489/1816/1908
f 358/1817/1909 1484/1808/1907 1489/1816/1908
f 1598/1818/1910 1585/1813/1903 1595/1819/1911
f 1491/1820/1912 1654/1821/1913 1543/1822/1914
f 1490/1823/1915 1595/1819/1911 1596/1824/1916
f 1492/1825/1917 1490/1823/1915 1594/1826/1918
f 1551/1827/1919 1491/1820/1912 1543/1822/1914
f 1496/1828/1920 1495/1829/1921 1570/1830/1922
f 1497/1831/1923 1556/1832/1924 1559/1833/1925
f 1540/1834/1926 1544/1835/1927 1497/1831/1923
f 1542/1836/1928 1493/1837/1929 1494/1838/1930
f 1498/1839/1931 1470/1840/1932 1465/1841/1933
f 1518/1842/1934 1546/1843/1935 1569/1844/1936
f 1517/1845/1937 1520/1846/1938 1518/1842/1934
f 1514/1847/1939 1558/1848/1940 1568/1849/1941
f 1519/1850/1942 1563/1851/1943 1566/1852/1944
f 1513/1853/1945 1560/1854/1946 1514/1847/1939
f 1748/1855/1947 1632/1856/1948 1501/1857/1949
f 1632/1856/1948 1502/1858/1950 1501/1857/1949
f 1469/1859/1951 1504/1860/1952 1468/1861/1953
f 1565/1862/1954 1468/1861/1953 1506/1863/1955
f 1506/1863/1955 1468/1861/1953 1504/1860/1952
f 1507/1864/1956 1749/1865/1957 1750/1866/1958
f 1508/1867/1959 1632/1856/1960 1507/1864/1956
f 1509/1868/1961 1750/1866/1962 1751/1869/1962
f 1510/1870/1963 1507/1864/1961 1509/1868/1961
f 1477/1871/1964 1509/1872/1965 1751/1873/1966
f 1567/1874/1967 1511/1875/1968 1509/1872/1965
f 1511/1875/1968 1510/1876/495 1509/1872/1965
f 1514/1877/1969 1515/1878/1970 1511/1875/1968
f 1515/1878/1970 1512/1879/1971 1511/1875/1968
f 1570/1830/1922 1548/1880/1972 1547/1881/1973
f 1521/1882/1974 1569/1883/1975 1600/1884/1976
f 1513/1885/1977 1511/1875/1968 1567/1874/1967
f 1519/1886/1978 1565/1862/1954 1506/1863/1955
f 1519/1886/1978 1506/1863/1955 1601/1887/1979
f 1485/1888/1980 1524/1889/1981 1488/1810/1896
f 1524/1889/1981 1523/1890/1982 1525/1891/1983
f 1525/1891/1983 1606/1892/1984 1607/1585/1650
f 1488/1810/1902 1587/1893/1985 1586/1894/1986
f 1524/1889/1987 1531/1895/1988 1587/1893/1985
f 1607/1585/1659 1531/1895/1988 1525/1891/1989
f 359/1896/1990 1485/1888/1991 358/1817/1909
f 1523/1890/1992 359/1896/1990 360/1897/1993
f 1606/1892/1994 360/1897/1993 361/1596/1665
f 1658/1898/1995 1611/1788/1871 1659/1899/1996
f 1617/1900/1997 1658/1898/1995 1551/1827/1919
f 1597/1901/1998 1490/1823/1915 1596/1824/1916
f 1490/1823/1915 1530/1902/1999 1594/1826/1918
f 1530/1902/1999 1597/1901/1998 1599/1903/2000
f 1574/1904/2001 1552/1905/2002 1554/1906/2003
f 1553/1907/2004 1578/1908/2005 1527/1909/2006
f 1605/1716/1794 1579/1910/2007 1581/1911/2008
f 1616/1719/1797 1577/1912/2009 1618/1725/1803
f 1580/1913/2010 1609/1623/1694 1614/1622/1693
f 1539/1914/2011 1575/1915/2012 1571/1916/2013
f 1603/1917/2014 1571/1916/2013 1573/1918/2015
f 1538/1919/2016 1572/1920/2017 1529/1921/2018
f 1583/1922/2019 1608/1739/1817 1576/1923/2020
f 1624/1924/2021 1529/1921/2018 1615/1718/1796
f 1503/1925/2022 1532/1639/1710 1502/1858/1950
f 1613/1642/1713 1504/1860/1952 1505/1926/2023
f 1612/1644/1715 1620/1927/2024 1504/1860/1952
f 1620/1927/2024 1506/1863/1955 1504/1860/1952
f 1508/1867/1959 1533/1637/1719 1503/1925/2025
f 1510/1870/1963 1534/1648/1724 1508/1867/1963
f 1536/1928/2026 1510/1876/495 1512/1879/1971
f 1623/1730/1808 1535/1654/1728 1536/1928/2026
f 1516/1929/2027 1537/1930/2028 1512/1879/1971
f 1537/1930/2028 1536/1928/2026 1512/1879/1971
f 1549/1931/2029 1526/1932/2030 1528/1933/2031
f 1521/1882/1974 1584/1934/2032 1539/1935/2033
f 1536/1928/2026 1624/1731/1809 1623/1730/1808
f 1506/1863/1955 1610/1727/1805 1601/1887/1979
f 1610/1727/1805 1583/1936/2034 1601/1887/1979
f 1460/1937/2035 1540/1834/1926 1541/1938/2036
f 1460/1937/2035 1541/1938/2036 1471/1939/2037
f 1543/1822/1914 1472/1940/2038 1542/1836/1928
f 1546/1843/1935 1493/1837/1929 1545/1941/2039
f 1551/1827/1919 1549/1931/2029 1550/1942/2040
f 1593/1943/2041 1553/1907/2004 1554/1906/2003
f 1558/1848/1940 1496/1828/1920 1557/1944/2042
f 1562/1945/2043 1561/1812/1901 1598/1818/1910
f 1564/1946/2044 1464/1947/2045 1563/1851/1943
f 1476/1948/2046 1475/1949/2047 1565/1862/1954
f 1476/1948/2046 1565/1862/1954 1566/1950/2048
f 1513/1885/1977 1477/1871/1964 1478/1951/2049
f 1513/1885/1977 1478/1951/2049 1479/1952/2050
f 1604/1953/2051 1517/1954/2052 1602/1955/2053
f 1569/1883/1975 1601/1887/1979 1600/1884/1976
f 1574/1904/2001 1572/1920/2017 1573/1918/2015
f 1577/1912/2009 1575/1915/2012 1576/1923/2020
f 1581/1911/2008 1531/1895/1988 1580/1913/2010
f 1603/1956/2054 1604/1953/2051 1602/1955/2053
f 1601/1887/1979 1584/1934/2032 1600/1884/1976
f 1479/1957/2055 1541/1938/2036 1513/1853/1945
f 1520/1846/1938 1547/1881/1973 1546/1843/1935
f 1547/1881/1973 1494/1838/1930 1493/1837/1929
f 1592/1958/2056 1554/1906/2003 1552/1905/2002
f 1559/1833/1925 1555/1959/2057 1496/1828/1920
f 1557/1944/2042 1570/1830/1922 1520/1846/1938
f 1556/1832/1924 1492/1825/1917 1594/1826/1918
f 1560/1854/1946 1559/1833/1925 1558/1848/1940
f 1498/1839/1931 1540/1834/1926 1470/1840/1932
f 1541/1938/2036 1497/1831/1923 1560/1854/1946
f 1545/1941/2039 1564/1946/2044 1563/1851/1943
f 1473/1960/2058 1542/1836/1928 1472/1940/2038
f 1543/1822/1914 1494/1838/1930 1551/1827/1919
f 1498/1839/1931 1474/1811/1898 1561/1812/1901
f 1545/1941/2039 1569/1844/1936 1546/1843/1935
f 1557/1944/2042 1568/1849/1941 1558/1848/1940
f 1566/1852/1944 1464/1947/2045 1476/1961/2059
f 1591/1962/2060 1552/1905/2002 1549/1931/2029
f 1580/1913/2010 1619/1592/1658 1609/1623/1694
f 1526/1932/2030 1573/1918/2015 1571/1916/2013
f 1527/1909/2006 1529/1921/2018 1572/1920/2017
f 1554/1906/2003 1527/1909/2006 1574/1904/2001
f 1550/1942/2040 1528/1933/2031 1577/1912/2009
f 1605/1716/1794 1580/1913/2010 1614/1622/1693
f 1618/1725/1803 1576/1923/2020 1608/1739/1817
f 1578/1908/2005 1615/1718/1796 1529/1921/2018
f 1582/1963/2061 1573/1918/2015 1572/1920/2017
f 1584/1964/2062 1576/1923/2020 1575/1915/2012
f 1581/1911/2008 1530/1902/1999 1599/1903/2000
f 1530/1902/1999 1553/1907/2004 1594/1826/1918
f 1550/1942/2040 1617/1900/1997 1551/1827/1919
f 1528/1933/2031 1571/1916/2013 1575/1915/2012
f 1585/1813/1903 1596/1824/1916 1595/1819/1911
f 1587/1893/1985 1596/1824/1916 1586/1894/1986
f 1587/1893/1985 1599/1903/2000 1597/1901/1998
f 1480/1965/2063 1589/1966/2064 1588/1967/2065
f 1660/1968/2066 1626/1969/2067 1625/1792/1875
f 1625/1970/2068 1662/1971/2069 1660/1972/2070
f 1480/1973/2071 1590/1974/2072 1482/1975/2073
f 1589/1966/2064 1630/1976/2074 1667/1977/2075
f 1626/1969/2067 1631/1978/2076 1668/1795/1878
f 1590/1974/2077 1628/1979/2078 1482/1975/2079
f 1662/1971/2080 1665/1789/2081 1629/1980/2082
f 1548/1880/1972 1551/1827/1919 1494/1838/1930
f 1591/1962/2060 1495/1829/1921 1592/1958/2056
f 1593/1943/2041 1495/1829/1921 1555/1959/2057
f 1556/1832/1924 1593/1943/2041 1555/1959/2057
f 1595/1819/1911 1492/1825/1917 1598/1818/1910
f 1562/1945/2043 1492/1825/1917 1544/1835/1927
f 1602/1955/2053 1518/1981/2083 1521/1882/1974
f 1602/1955/2053 1539/1935/2033 1603/1956/2054
f 1582/1982/2084 1538/1983/2085 1537/1930/2028
f 1515/1878/1970 1604/1953/2051 1516/1929/2027
f 1604/1953/2051 1537/1930/2028 1516/1929/2027
f 1515/1878/1970 1514/1877/1969 1568/1984/2086
f 1665/1789/1872 1651/1985/2087 1629/1980/2088
f 1500/1986/2089 1630/1976/2090 1654/1821/1913
f 1611/1788/1871 1631/1978/2091 1659/1899/1996
f 1633/1801/1886 1673/1987/2092 1670/1988/2093
f 1671/1989/2094 1499/1990/2095 1672/1991/2096
f 1671/1992/2097 1669/1993/2098 1635/1994/2099
f 1651/1985/2100 1633/1802/1888 1670/1995/2101
f 1636/1996/2102 1499/1990/2095 1637/1997/2103
f 1673/1987/2092 1638/1776/1861 1637/1997/2103
f 1647/1998/2104 1652/1999/2105 1646/2000/2106
f 1649/1787/1870 1647/1998/2104 1648/1778/1863
f 1838/2001/2107 1641/2002/2108 1640/2003/2109
f 1639/1780/1865 1653/2004/2110 1649/1787/1870
f 1834/2005/2111 1641/2006/2108 1642/2007/2112
f 1642/2007/2112 1639/2008/1865 1643/1783/1868
f 1647/1998/2104 1636/1996/2102 1637/1997/2103
f 1638/1776/1861 1647/1998/2104 1637/1997/2103
f 1838/2001/2107 1652/1999/2105 1653/2004/2110
f 1491/1820/1912 1551/1827/1919 1658/1898/1995
f 1654/1821/1913 1461/2009/2113 1543/1822/1914
f 1650/2010/2114 1663/2011/2115 1628/1979/2116
f 1655/2012/2117 1656/2013/2118 1480/1965/2063
f 1657/2014/2119 1480/1973/2071 1482/1975/2073
f 1656/2013/2118 1666/2015/2120 1630/1976/2074
f 1663/2011/2121 1482/1975/2079 1628/1979/2078
f 1659/1899/1996 1491/1820/1912 1658/1898/1995
f 1588/1967/2065 1661/2016/2122 1660/1968/2066
f 1660/1972/2070 1590/1974/2072 1588/2017/2123
f 1667/1977/2075 1661/2016/2122 1589/1966/2064
f 1629/1980/2082 1590/1974/2077 1662/1971/2080
f 1651/1985/2087 1664/2018/2124 1629/1980/2088
f 1654/1821/1913 1666/2015/2125 1467/2019/2126
f 1500/1986/2089 1631/1978/2091 1667/1977/2127
f 1644/2020/2128 1672/1991/2096 1636/1996/2102
f 1499/1990/2095 1673/1987/2092 1637/1997/2103
f 1670/1988/2093 1499/1990/2095 1635/2021/2129
f 1634/2022/2130 1672/1991/2096 1644/2020/2128
f 1650/2010/2131 1634/2023/2132 1674/2024/2133
f 1669/1993/2098 1670/1995/2101 1635/1994/2099
f 1650/2010/2114 1664/2018/2124 1669/1993/2134
f 1505/2025/495 1469/2026/495 1676/704/495
f 1613/1804/495 1505/2025/495 1676/704/495
f 1679/2027/2135 1703/2028/2136 1680/2029/2135
f 1700/2030/2137 1704/2031/2138 1703/2028/2136
f 1701/2032/2139 1705/2033/2140 1704/2031/2138
f 1703/2028/2141 1691/2034/2142 1680/2029/2143
f 1704/2031/2144 1777/2035/2145 1703/2028/2141
f 1704/2031/2144 1802/2036/2146 1801/2037/2147
f 363/2038/2148 1679/2027/2149 362/2039/2150
f 364/2040/2151 1700/2030/2152 363/2038/2148
f 365/2041/2153 1701/2032/2154 364/2040/2151
f 1814/2042/2155 1801/2037/2147 1811/2043/2156
f 1707/2044/2157 1844/2045/2158 1759/2046/2159
f 1706/2047/2160 1811/2043/2156 1812/2048/2161
f 1708/2049/2162 1706/2047/2160 1810/2050/2163
f 1767/2051/2164 1707/2044/2157 1759/2046/2159
f 1712/2052/2165 1711/2053/2166 1786/2054/2167
f 1713/2055/2168 1772/2056/2169 1775/2057/2170
f 1756/2058/2171 1760/2059/2172 1713/2055/2168
f 1758/2060/2173 1709/2061/2174 1710/2062/2175
f 1714/2063/2176 1687/2064/2177 1682/2065/2178
f 1733/2066/2179 1762/2067/2180 1785/2068/2181
f 1732/2069/2182 1735/2070/2183 1733/2066/2179
f 1729/2071/2184 1774/2072/2185 1784/2073/2186
f 1734/2074/2187 1779/2075/2188 1782/2076/2189
f 1728/2077/2190 1776/2078/2191 1729/2071/2184
f 1936/2079/2192 366/2080/2193 1935/2081/2194
f 1825/2082/2195 1717/2083/2196 366/2080/2193
f 1720/2084/2197 1685/2085/2198 1686/2086/2199
f 1781/2087/2200 1685/2085/2198 1721/2088/2201
f 1721/2088/2201 1685/2085/2198 1719/2089/2202
f 1722/2090/2203 1936/2079/2204 1937/2091/2205
f 1723/2092/2206 1825/2082/2207 1722/2090/2203
f 1938/2093/2208 1722/2090/2209 1937/2091/2208
f 1724/2094/2210 1723/2092/2211 1722/2090/2209
f 1694/2095/2212 1724/2096/2213 1938/2097/2214
f 1783/2098/2215 1726/2099/2216 1724/2096/2213
f 1726/2099/2216 1725/2100/495 1724/2096/2213
f 1729/2101/2217 1730/2102/2218 1726/2099/2216
f 1731/2103/2219 1726/2099/2216 1730/2102/2218
f 1786/2054/2167 1764/2104/2220 1763/2105/2221
f 1736/2106/2222 1785/2107/2223 1816/2108/2224
f 1728/2109/2225 1726/2099/2216 1783/2098/2215
f 1734/2110/2226 1781/2087/2200 1721/2088/2201
f 1734/2110/2226 1721/2088/2201 1817/2111/2227
f 1705/2033/2140 1737/2112/2228 1739/2113/2229
f 1739/2113/2229 1738/2114/2230 1740/2115/2231
f 1738/2114/2230 1463/1805/1891 1740/2115/2231
f 1739/2113/2232 1802/2036/2146 1705/2033/2233
f 1739/2113/2232 1747/2116/2234 1803/2117/2235
f 1740/2115/2236 1474/1811/1898 1747/2116/2234
f 367/2118/2237 1702/2119/2238 365/2041/2153
f 1741/2120/2239 1737/2112/2240 367/2118/2237
f 356/1814/1905 1738/2114/2241 1741/2120/2239
f 1848/2121/2242 1467/2019/2126 1849/2122/2243
f 1461/2009/2113 1848/2121/2242 1767/2051/2164
f 1813/2123/2244 1706/2047/2160 1812/2048/2161
f 1706/2047/2160 1746/2124/2245 1810/2050/2163
f 1746/2124/2245 1813/2123/2244 1815/2125/2246
f 1790/2126/2247 1768/2127/2248 1770/2128/2249
f 1769/2129/2250 1794/2130/2251 1743/2131/2252
f 1460/1937/2035 1795/2132/2253 1797/2133/2254
f 1472/1940/2038 1793/2134/2255 1473/1960/2058
f 1796/2135/2256 1465/1841/1933 1470/1840/1932
f 1755/2136/2257 1791/2137/2258 1787/2138/2259
f 1819/2139/2260 1787/2138/2259 1789/2140/2261
f 1754/2141/2262 1788/2142/2263 1745/2143/2264
f 1799/2144/2265 1464/1947/2045 1792/2145/2266
f 1479/1957/2055 1745/2143/2264 1471/1939/2037
f 1717/2083/2196 1749/1865/2267 1748/1855/1947
f 1720/2084/2197 1468/1861/1953 1719/2089/2202
f 1468/1861/1953 1466/2146/2268 1719/2089/2202
f 1466/2146/2268 1721/2088/2201 1719/2089/2202
f 1750/1866/1958 1718/2147/2269 1723/2092/2206
f 1725/2148/2211 1750/1866/1962 1723/2092/2211
f 1752/2149/2270 1725/2100/495 1727/2150/2271
f 1478/1951/2049 1751/1873/1966 1752/2149/2270
f 1731/2103/2219 1753/2151/2272 1727/2150/2271
f 1753/2151/2272 1752/2149/2270 1727/2150/2271
f 1765/2152/2273 1742/2153/2274 1744/2154/2275
f 1736/2106/2222 1800/2155/2276 1755/2156/2277
f 1752/2149/2270 1479/1952/2050 1478/1951/2049
f 1721/2088/2201 1476/1948/2046 1817/2111/2227
f 1476/1948/2046 1799/2157/2278 1817/2111/2227
f 1677/2158/2279 1756/2058/2171 1757/2159/2280
f 1677/2158/2279 1757/2159/2280 1688/2160/2281
f 1759/2046/2159 1689/2161/2282 1758/2060/2173
f 1762/2067/2180 1709/2061/2174 1761/2162/2283
f 1767/2051/2164 1765/2152/2273 1766/2163/2284
f 1809/2164/2285 1769/2129/2250 1770/2128/2249
f 1774/2072/2185 1712/2052/2165 1773/2165/2286
f 1778/2166/2287 1777/2035/2145 1814/2042/2155
f 1690/2167/2288 1779/2075/2188 1780/2168/2289
f 1693/2169/2290 1692/2170/2291 1781/2087/2200
f 1693/2169/2290 1781/2087/2200 1782/2171/2292
f 1728/2109/2225 1694/2095/2212 1695/2172/2293
f 1728/2109/2225 1695/2172/2293 1696/2173/2294
f 1820/2174/2295 1732/2175/2296 1818/2176/2297
f 1785/2107/2223 1817/2111/2227 1816/2108/2224
f 1790/2126/2247 1788/2142/2263 1789/2140/2261
f 1793/2134/2255 1791/2137/2258 1792/2145/2266
f 1797/2133/2254 1747/2116/2234 1796/2135/2256
f 1819/2177/2298 1820/2174/2295 1818/2176/2297
f 1817/2111/2227 1800/2155/2276 1816/2108/2224
f 1696/2178/2299 1757/2159/2280 1728/2077/2190
f 1735/2070/2183 1763/2105/2221 1762/2067/2180
f 1763/2105/2221 1710/2062/2175 1709/2061/2174
f 1809/2164/2285 1768/2127/2248 1808/2179/2300
f 1775/2057/2170 1771/2180/2301 1712/2052/2165
f 1773/2165/2286 1786/2054/2167 1735/2070/2183
f 1772/2056/2169 1708/2049/2162 1810/2050/2163
f 1776/2078/2191 1775/2057/2170 1774/2072/2185
f 1714/2063/2176 1756/2058/2171 1687/2064/2177
f 1757/2159/2280 1713/2055/2168 1776/2078/2191
f 1761/2162/2283 1780/2168/2289 1779/2075/2188
f 1690/2167/2288 1758/2060/2173 1689/2161/2282
f 1759/2046/2159 1710/2062/2175 1767/2051/2164
f 1714/2063/2176 1691/2034/2142 1777/2035/2145
f 1761/2162/2283 1785/2068/2181 1762/2067/2180
f 1773/2165/2286 1784/2073/2186 1774/2072/2185
f 1693/2181/2302 1779/2075/2188 1681/2182/2303
f 1807/2183/2304 1768/2127/2248 1765/2152/2273
f 1796/2135/2256 1474/1811/1898 1465/1841/1933
f 1742/2153/2274 1789/2140/2261 1787/2138/2259
f 1743/2131/2252 1745/2143/2264 1788/2142/2263
f 1770/2128/2249 1743/2131/2252 1790/2126/2247
f 1766/2163/2284 1744/2154/2275 1793/2134/2255
f 1460/1937/2035 1796/2135/2256 1470/1840/1932
f 1473/1960/2058 1792/2145/2266 1464/1947/2045
f 1794/2130/2251 1471/1939/2037 1745/2143/2264
f 1798/2184/2305 1789/2140/2261 1788/2142/2263
f 1800/2185/2306 1792/2145/2266 1791/2137/2258
f 1797/2133/2254 1746/2124/2245 1815/2125/2246
f 1746/2124/2245 1769/2129/2250 1810/2050/2163
f 1766/2163/2284 1461/2009/2113 1767/2051/2164
f 1744/2154/2275 1787/2138/2259 1791/2137/2258
f 1801/2037/2147 1812/2048/2161 1811/2043/2156
f 1803/2117/2235 1812/2048/2161 1802/2036/2146
f 1803/2117/2235 1815/2125/2246 1813/2123/2244
f 1804/2186/2307 1846/2187/2308 1805/2188/2309
f 1850/2189/2310 1481/2190/2311 1655/2012/2117
f 1655/2191/2312 1852/2192/2313 1850/2193/2314
f 1697/2194/2315 1806/2195/2316 1699/2196/2317
f 1856/2197/2318 1846/2187/2308 1823/2198/2319
f 1666/2015/2120 1851/2199/2320 1824/2200/2321
f 1806/2195/2322 1821/2201/2323 1699/2196/2324
f 1657/2014/2325 1822/2202/2326 1852/2192/2327
f 1764/2104/2220 1767/2051/2164 1710/2062/2175
f 1807/2183/2304 1711/2053/2166 1808/2179/2300
f 1809/2164/2285 1711/2053/2166 1771/2180/2301
f 1772/2056/2169 1809/2164/2285 1771/2180/2301
f 1811/2043/2156 1708/2049/2162 1814/2042/2155
f 1778/2166/2287 1708/2049/2162 1760/2059/2172
f 1818/2176/2297 1733/2203/2328 1736/2106/2222
f 1818/2176/2297 1755/2156/2277 1819/2177/2298
f 1798/2204/2329 1754/2205/2330 1753/2151/2272
f 1730/2102/2218 1820/2174/2295 1731/2103/2219
f 1820/2174/2295 1753/2151/2272 1731/2103/2219
f 1730/2102/2218 1729/2101/2217 1784/2206/2331
f 1663/2011/2115 1841/2207/2332 1822/2202/2332
f 1856/2197/2333 1844/2045/2158 1716/2208/2334
f 1666/2015/2125 1849/2122/2243 1467/2019/2126
f 1634/2022/2130 1861/2209/2335 1858/2210/2336
f 1859/2211/2337 1715/2212/2338 1860/2213/2339
f 1840/2214/2340 1827/2215/2341 1859/2216/2342
f 1634/2023/2132 1841/2207/2343 1674/2024/2133
f 1860/2213/2339 1829/2217/2344 1828/2218/2345
f 1861/2209/2335 1636/1996/2102 1829/2217/2344
f 1837/2219/2346 1842/2220/2347 1836/2221/2348
f 1652/1999/2105 1837/2219/2346 1646/2000/2106
f 1839/2222/2349 1831/2223/2350 1830/2224/2351
f 1831/2223/2350 1838/2001/2107 1640/2003/2109
f 1832/2225/2352 1831/2226/2350 1833/2227/2353
f 1834/2005/2111 1831/2226/2350 1640/2228/2109
f 1837/2219/2346 1828/2218/2345 1829/2217/2344
f 1646/2000/2106 1829/2217/2344 1636/1996/2102
f 1839/2222/2349 1842/2220/2347 1843/2229/2354
f 1843/2229/2354 1652/1999/2105 1838/2001/2107
f 1707/2044/2157 1767/2051/2164 1848/2121/2242
f 1684/2230/2355 1759/2046/2159 1844/2045/2158
f 1840/2214/2356 1853/2231/2357 1821/2201/2358
f 1845/2232/2359 1846/2187/2308 1697/2233/2360
f 1699/2196/2317 1845/2234/2361 1697/2194/2315
f 1698/2235/2362 1823/2198/2319 1846/2187/2308
f 1821/2201/2323 1847/2236/2363 1699/2196/2324
f 1716/2208/2334 1848/2121/2242 1849/2122/2243
f 1850/2189/2310 1805/2188/2309 1851/2199/2320
f 1804/2237/2364 1852/2192/2313 1806/2195/2316
f 1824/2200/2321 1805/2188/2309 1856/2197/2318
f 1854/2238/2365 1852/2192/2327 1822/2202/2326
f 1841/2207/2332 1854/2238/2366 1822/2202/2332
f 1684/2230/2355 1823/2198/2367 1855/2239/2368
f 1716/2208/2334 1824/2200/2369 1856/2197/2333
f 1835/2240/2370 1860/2213/2339 1828/2218/2345
f 1715/2212/2338 1861/2209/2335 1829/2217/2344
f 1827/2241/2371 1861/2209/2335 1715/2212/2338
f 1859/2211/2337 1835/2240/2370 1826/2242/2372
f 1862/2243/2373 1859/2216/2342 1826/2244/2374
f 1857/2245/2375 1858/2246/2376 1827/2215/2341
f 1840/2214/2356 1854/2238/2366 1857/2245/2377
f 1720/2247/495 1686/2248/495 1676/704/495
f 1469/2026/495 1720/2247/495 1676/704/495
f 1866/2249/2378 1887/2250/2379 1890/2251/2380
f 1887/2250/2379 1891/2252/2381 1890/2251/2380
f 1888/2253/2382 1892/2254/2383 1891/2252/2381
f 1890/2251/2384 1878/2255/2385 1866/2249/2386
f 1891/2252/2387 1964/2256/2388 1890/2251/2384
f 1891/2252/2387 1989/2257/2389 1988/2258/2390
f 1887/2250/2391 1867/2259/2392 368/2260/2393
f 1888/2253/2394 368/2260/2393 369/2261/2395
f 370/2262/2396 1888/2253/2394 369/2261/2395
f 2001/2263/2397 1988/2258/2390 1998/2264/2398
f 1894/2265/2399 2029/2266/2400 1946/2267/2401
f 1893/2268/2402 1998/2264/2398 1999/2269/2403
f 1895/2270/2404 1893/2268/2402 1997/2271/2405
f 1954/2272/2406 1894/2265/2399 1946/2267/2401
f 1899/2273/2407 1898/2274/2408 1973/2275/2409
f 1900/2276/2410 1959/2277/2411 1962/2278/2412
f 1943/2279/2413 1947/2280/2414 1900/2276/2410
f 1945/2281/2415 1896/2282/2416 1897/2283/2417
f 1901/2284/2418 1874/2285/2419 1869/2286/2420
f 1920/2287/2421 1949/2288/2422 1972/2289/2423
f 1919/2290/2424 1922/2291/2425 1920/2287/2421
f 1916/2292/2426 1961/2293/2427 1971/2294/2428
f 1921/2295/2429 1966/2296/2430 1969/2297/2431
f 1915/2298/2432 1963/2299/2433 1916/2292/2426
f 2123/2300/2434 2012/2301/2435 371/2302/2436
f 371/2302/2436 1905/2303/2437 1904/2304/2438
f 1907/2305/2439 1872/2306/2440 1873/2307/2441
f 1968/2308/2442 1872/2306/2440 1908/2309/2443
f 1908/2309/2443 1872/2306/2440 1906/2310/2444
f 1909/2311/2445 2124/2312/2446 2125/2313/2447
f 1909/2311/2445 1905/2303/2448 2012/2301/2449
f 2126/2314/2450 1909/2311/2451 2125/2313/2450
f 1912/2315/2452 1909/2311/2451 1911/2316/2451
f 1881/2317/2453 1911/2318/2454 2126/2319/2455
f 1970/2320/2456 1913/2321/2457 1911/2318/2454
f 1914/2322/2458 1911/2318/2454 1913/2321/2457
f 1916/2323/2459 1917/2324/2460 1913/2321/2457
f 1917/2324/2460 1914/2322/2458 1913/2321/2457
f 1973/2275/2409 1951/2325/2461 1950/2326/2462
f 1923/2327/2463 1972/2328/2464 2003/2329/2465
f 1915/2330/2466 1913/2321/2457 1970/2320/2456
f 1921/2331/2467 1968/2308/2442 1908/2309/2443
f 1921/2331/2467 1908/2309/2443 2004/2332/2468
f 1892/2254/2383 1924/2333/2469 1926/2334/2470
f 1924/2333/2469 1927/2335/2471 1926/2334/2470
f 1925/2336/2472 1680/2029/2135 1927/2335/2471
f 1926/2334/2473 1989/2257/2389 1892/2254/2474
f 1926/2334/2473 1934/2337/2475 1990/2338/2476
f 1680/2029/2143 1934/2337/2475 1927/2335/2477
f 1924/2333/2478 370/2262/2396 372/2339/2479
f 1928/2340/2480 1924/2333/2478 372/2339/2479
f 362/2039/2150 1925/2336/2481 1928/2340/2480
f 2033/2341/2482 1684/2230/2355 2034/2342/2483
f 1678/2343/2484 2033/2341/2482 1954/2272/2406
f 2000/2344/2485 1893/2268/2402 1999/2269/2403
f 1893/2268/2402 1933/2345/2486 1997/2271/2405
f 1933/2345/2486 2000/2344/2485 2002/2346/2487
f 1977/2347/2488 1955/2348/2489 1957/2349/2490
f 1956/2350/2491 1981/2351/2492 1930/2352/2493
f 1677/2158/2279 1982/2353/2494 1984/2354/2495
f 1689/2161/2282 1980/2355/2496 1690/2167/2288
f 1983/2356/2497 1682/2065/2178 1687/2064/2177
f 1942/2357/2498 1978/2358/2499 1974/2359/2500
f 2006/2360/2501 1974/2359/2500 1976/2361/2502
f 1941/2362/2503 1975/2363/2504 1932/2364/2505
f 1986/2365/2506 1681/2182/2303 1979/2366/2507
f 1696/2178/2299 1932/2364/2505 1688/2160/2281
f 1904/2304/2438 1936/2079/2192 1935/2081/2194
f 1686/2086/2199 1906/2310/2444 1907/2305/2439
f 1685/2085/2198 1683/2367/2508 1906/2310/2444
f 1683/2367/2508 1908/2309/2443 1906/2310/2444
f 1910/2368/2509 1936/2079/2204 1905/2303/2448
f 1938/2093/2208 1910/2368/2452 1912/2315/2452
f 1939/2369/2510 1912/2370/495 1914/2322/2458
f 1695/2172/2293 1938/2097/2214 1939/2369/2510
f 1918/2371/2511 1940/2372/2512 1914/2322/2458
f 1940/2372/2512 1939/2369/2510 1914/2322/2458
f 1952/2373/2513 1929/2374/2514 1931/2375/2515
f 1923/2327/2463 1987/2376/2516 1942/2377/2517
f 1939/2369/2510 1696/2173/2294 1695/2172/2293
f 1908/2309/2443 1693/2169/2290 2004/2332/2468
f 1693/2169/2290 1986/2378/2518 2004/2332/2468
f 1863/2379/2519 1943/2279/2413 1944/2380/2520
f 1863/2379/2519 1944/2380/2520 1875/2381/2521
f 1945/2281/2415 1864/2382/2522 1876/2383/2523
f 1949/2288/2422 1896/2282/2416 1948/2384/2524
f 1954/2272/2406 1952/2373/2513 1953/2385/2525
f 1996/2386/2526 1956/2350/2491 1957/2349/2490
f 1961/2293/2427 1899/2273/2407 1960/2387/2527
f 1965/2388/2528 1964/2256/2388 2001/2263/2397
f 1877/2389/2529 1966/2296/2430 1967/2390/2530
f 1880/2391/2531 1879/2392/2532 1968/2308/2442
f 1880/2391/2531 1968/2308/2442 1969/2393/2533
f 1915/2330/2466 1881/2317/2453 1882/2394/2534
f 1915/2330/2466 1882/2394/2534 1883/2395/2535
f 2007/2396/2536 1919/2397/2537 2005/2398/2538
f 1972/2328/2464 2004/2332/2468 2003/2329/2465
f 1977/2347/2488 1975/2363/2504 1976/2361/2502
f 1980/2355/2496 1978/2358/2499 1979/2366/2507
f 1984/2354/2495 1934/2337/2475 1983/2356/2497
f 2006/2399/2539 2007/2396/2536 2005/2398/2538
f 2004/2332/2468 1987/2376/2516 2003/2329/2465
f 1915/2298/2432 1875/2381/2521 1944/2380/2520
f 1922/2291/2425 1950/2326/2462 1949/2288/2422
f 1950/2326/2462 1897/2283/2417 1896/2282/2416
f 1996/2386/2526 1955/2348/2489 1995/2400/2540
f 1962/2278/2412 1958/2401/2541 1899/2273/2407
f 1960/2387/2527 1973/2275/2409 1922/2291/2425
f 1959/2277/2411 1895/2270/2404 1997/2271/2405
f 1963/2299/2433 1962/2278/2412 1961/2293/2427
f 1901/2284/2418 1943/2279/2413 1874/2285/2419
f 1944/2380/2520 1900/2276/2410 1963/2299/2433
f 1948/2384/2524 1967/2390/2530 1966/2296/2430
f 1967/2390/2530 1876/2383/2523 1877/2389/2529
f 1946/2267/2401 1897/2283/2417 1954/2272/2406
f 1901/2284/2418 1878/2255/2385 1964/2256/2388
f 1948/2384/2524 1972/2289/2423 1949/2288/2422
f 1960/2387/2527 1971/2294/2428 1961/2293/2427
f 1880/2402/2542 1966/2296/2430 1868/2403/2543
f 1994/2404/2544 1955/2348/2489 1952/2373/2513
f 1983/2356/2497 1691/2034/2142 1682/2065/2178
f 1929/2374/2514 1976/2361/2502 1974/2359/2500
f 1930/2352/2493 1932/2364/2505 1975/2363/2504
f 1957/2349/2490 1930/2352/2493 1977/2347/2488
f 1953/2385/2525 1931/2375/2515 1980/2355/2496
f 1677/2158/2279 1983/2356/2497 1687/2064/2177
f 1690/2167/2288 1979/2366/2507 1681/2182/2303
f 1981/2351/2492 1688/2160/2281 1932/2364/2505
f 1985/2405/2545 1976/2361/2502 1975/2363/2504
f 1987/2406/2546 1979/2366/2507 1978/2358/2499
f 1984/2354/2495 1933/2345/2486 2002/2346/2487
f 1933/2345/2486 1956/2350/2491 1997/2271/2405
f 1953/2385/2525 1678/2343/2484 1954/2272/2406
f 1931/2375/2515 1974/2359/2500 1978/2358/2499
f 1988/2258/2390 1999/2269/2403 1998/2264/2398
f 1990/2338/2476 1999/2269/2403 1989/2257/2389
f 1990/2338/2476 2002/2346/2487 2000/2344/2485
f 1991/2407/2547 2031/2408/2548 1992/2409/2549
f 2035/2410/2550 1698/2235/2362 1845/2232/2359
f 1845/2234/2361 2037/2411/2551 2035/2412/2552
f 1884/2413/2553 1993/2414/2554 1886/2415/2555
f 2041/2416/2556 2031/2408/2548 2010/2417/2557
f 1698/2235/2362 2011/2418/2558 1855/2239/2559
f 1993/2414/2560 2008/2419/2561 1886/2415/2561
f 2037/2411/2562 1853/2231/2563 2009/2420/2564
f 1951/2325/2461 1954/2272/2406 1897/2283/2417
f 1994/2404/2544 1898/2274/2408 1995/2400/2540
f 1996/2386/2526 1898/2274/2408 1958/2401/2541
f 1959/2277/2411 1996/2386/2526 1958/2401/2541
f 1998/2264/2398 1895/2270/2404 2001/2263/2397
f 1965/2388/2528 1895/2270/2404 1947/2280/2414
f 2005/2398/2538 1920/2421/2565 1923/2327/2463
f 2005/2398/2538 1942/2377/2517 2006/2399/2539
f 1985/2422/2566 1941/2423/2567 1940/2372/2512
f 1917/2324/2460 2007/2396/2536 1918/2371/2511
f 2007/2396/2536 1940/2372/2512 1918/2371/2511
f 1917/2324/2460 1916/2323/2459 1971/2424/2568
f 2009/2420/2569 1862/2243/2570 2026/2425/2571
f 1903/2426/2572 2010/2417/2573 2029/2266/2400
f 1684/2230/2355 2011/2418/2574 2034/2342/2483
f 2043/2427/2575 1835/2240/2370 2046/2428/2576
f 2044/2429/2577 1902/2430/2578 2045/2431/2579
f 2044/2432/2580 2042/2433/2581 2014/2434/2582
f 2043/2435/2583 1862/2243/2373 1826/2244/2374
f 2015/2436/2584 1902/2430/2578 2016/2437/2585
f 2046/2428/2576 1828/2218/2345 2016/2437/2585
f 2023/2438/2586 2027/2439/2587 2022/2440/2588
f 1842/2220/2347 2023/2438/2586 1836/2221/2348
f 2024/2441/2589 2018/2442/2590 2017/2443/2591
f 2018/2442/2590 1839/2222/2349 1830/2224/2351
f 2020/2444/2592 2017/2445/2591 2018/2446/2590
f 1832/2225/2352 2018/2446/2590 1830/2447/2351
f 2023/2438/2586 2015/2436/2584 2016/2437/2585
f 1836/2221/2348 2016/2437/2585 1828/2218/2345
f 2024/2441/2589 2027/2439/2587 2028/2448/2593
f 2028/2448/2593 1842/2220/2347 1839/2222/2349
f 1894/2265/2399 1954/2272/2406 2033/2341/2482
f 2029/2266/2400 1864/2382/2522 1946/2267/2401
f 2047/2449/2594 2008/2419/2595 2025/2450/2595
f 1884/2451/2596 1885/2452/2597 2031/2408/2548
f 1886/2415/2555 2030/2453/2598 1884/2413/2553
f 1885/2452/2597 2010/2417/2557 2031/2408/2548
f 2038/2454/2599 1886/2415/2561 2008/2419/2561
f 1903/2426/2572 2033/2341/2482 2034/2342/2483
f 2035/2410/2550 1992/2409/2549 2036/2455/2600
f 1991/2456/2601 2037/2411/2551 1993/2414/2554
f 2041/2416/2556 2036/2455/2600 1992/2409/2549
f 2009/2420/2564 1993/2414/2560 2037/2411/2562
f 2042/2433/2602 2009/2420/2569 2026/2425/2571
f 2029/2266/2400 2040/2457/2603 1871/2458/2604
f 2034/2342/2483 2041/2416/2605 1903/2426/2572
f 2021/2459/2606 2045/2431/2579 2015/2436/2584
f 1902/2430/2578 2046/2428/2576 2016/2437/2585
f 2014/2460/2607 2046/2428/2576 1902/2430/2578
f 2013/2461/2608 2045/2431/2579 2021/2459/2606
f 2025/2450/2609 2013/2462/2610 2047/2449/2610
f 2026/2425/2611 2014/2434/2582 2042/2433/2581
f 2008/2419/2595 2042/2433/2602 2025/2450/2595
f 1907/2463/495 1873/2464/495 1676/704/495
f 1686/2248/495 1907/2463/495 1676/704/495
f 2050/2465/2612 2077/2466/2613 2051/537/511
f 2074/2467/2614 2078/2468/2615 2077/2466/2613
f 2078/2468/2615 2076/2469/2616 2079/2470/2617
f 2051/537/2618 2152/2471/2619 2064/540/517
f 2078/2468/2620 2152/2471/2619 2077/2466/2621
f 2079/2470/2622 2176/2472/2623 2078/2468/2620
f 2080/2473/2624 2050/2465/2625 2052/543/521
f 2081/2474/2626 2074/2467/2627 2080/2473/2624
f 2076/2469/2628 2081/2474/2626 373/2475/2629
f 2189/2476/2630 2176/2472/2623 2186/2477/2631
f 2083/2478/2632 2215/2479/2633 2134/2480/2634
f 2082/2481/2635 2186/2477/2631 2187/2482/2636
f 2084/2483/2637 2082/2481/2635 2185/2484/2638
f 2142/2485/2639 2083/2478/2632 2134/2480/2634
f 2088/2486/2640 2087/2487/2641 2161/2488/2642
f 2089/2489/2643 2147/2490/2644 2150/2491/2645
f 2131/2492/2646 2135/2493/2647 2089/2489/2643
f 2133/2494/2648 2085/2495/2649 2086/2496/2650
f 2090/2497/2651 2060/565/544 2054/564/543
f 2108/2498/2652 2137/2499/2653 2160/2500/2654
f 2107/2501/2655 2110/2502/2656 2108/2498/2652
f 2104/2503/2657 2149/2504/2658 2159/2505/2659
f 2109/2506/2660 2154/2507/2661 2157/2508/2662
f 2103/2509/2663 2151/2510/2664 2104/2503/2657
f 334/581/559 2200/2511/2665 374/2512/2666
f 374/2512/2666 2093/2513/2667 375/2514/2668
f 2059/582/560 2094/2515/2669 2058/584/562
f 2156/2516/2670 2058/584/562 2096/2517/2671
f 2096/2517/2671 2058/584/562 2094/2515/2669
f 434/589/2672 2200/2511/2673 433/580/565
f 2097/2518/2674 2093/2513/2675 2200/2511/2673
f 435/2519/566 2097/2518/2676 434/589/566
f 2100/2520/2677 2097/2518/2676 2099/2521/2676
f 2067/2522/2678 2099/2523/2679 435/593/570
f 2158/2524/2680 2101/2525/2681 2099/2523/2679
f 2102/2526/2682 2099/2523/2679 2101/2525/2681
f 2104/2527/2683 2105/2528/2684 2101/2525/2681
f 2105/2528/2684 2102/2526/2682 2101/2525/2681
f 2161/2488/2642 2139/2529/2685 2138/2530/2686
f 2111/2531/2687 2160/2532/2688 2191/2533/2689
f 2103/2534/2690 2101/2525/2681 2158/2524/2680
f 2109/2535/2691 2156/2516/2670 2096/2517/2671
f 2109/2535/2691 2096/2517/2671 2192/2536/2692
f 2079/2470/2617 2112/2537/2693 2114/2538/2694
f 2114/2538/2694 2113/2539/2695 2115/2540/2696
f 2113/2539/2695 1866/2249/2378 2115/2540/2696
f 2079/2470/2622 2178/2541/2697 2177/2542/2698
f 2114/2538/2699 2122/2543/2700 2178/2541/2697
f 2115/2540/2701 1878/2255/2385 2122/2543/2700
f 2112/2537/2702 373/2475/2629 2116/2544/2703
f 376/2545/2704 2112/2537/2702 2116/2544/2703
f 1867/2259/2392 2113/2539/2705 376/2545/2704
f 2218/2546/2706 1871/2458/2604 2219/2547/2707
f 1864/2382/2522 2218/2546/2706 2142/2485/2639
f 2188/2548/2708 2082/2481/2635 2187/2482/2636
f 2082/2481/2635 2121/2549/2709 2185/2484/2638
f 2121/2549/2709 2188/2548/2708 2190/2550/2710
f 2165/2551/2711 2143/2552/2712 2145/2553/2713
f 2144/2554/2714 2169/2555/2715 2118/2556/2716
f 1863/2379/2519 2170/2557/2717 2172/2558/2718
f 1876/2383/2523 2168/2559/2719 1877/2389/2529
f 2171/2560/2720 1869/2286/2420 1874/2285/2419
f 2130/2561/2721 2166/2562/2722 2162/2563/2723
f 2194/2564/2724 2162/2563/2723 2164/2565/2725
f 2129/2566/2726 2163/2567/2727 2120/2568/2728
f 2174/2569/2729 1868/2403/2543 2167/2570/2730
f 1883/2571/2731 2120/2568/2728 1875/2381/2521
f 2093/2513/2667 2123/2300/2434 375/2514/2668
f 1873/2307/2441 2094/2515/2669 2095/2572/2732
f 1872/2306/2440 1870/2573/2733 2094/2515/2669
f 1870/2573/2733 2096/2517/2671 2094/2515/2669
f 2098/2574/2734 2124/2312/2446 2093/2513/2675
f 2126/2314/2450 2098/2574/2677 2100/2520/2677
f 2127/2575/2735 2100/2576/495 2102/2526/2682
f 1882/2394/2534 2126/2319/2455 2127/2575/2735
f 2106/2577/2736 2128/2578/2737 2102/2526/2682
f 2128/2578/2737 2127/2575/2735 2102/2526/2682
f 2140/2579/2738 2117/2580/2739 2119/2581/2740
f 2111/2531/2687 2175/2582/2741 2130/2583/2742
f 2127/2575/2735 1883/2395/2535 1882/2394/2534
f 2096/2517/2671 1880/2391/2531 2192/2536/2692
f 1880/2391/2531 2174/2584/2743 2192/2536/2692
f 2048/557/536 2131/2492/2646 2132/2585/2744
f 2048/557/536 2132/2585/2744 2061/578/557
f 2133/2494/2648 2049/547/526 2062/560/539
f 2137/2499/2653 2085/2495/2649 2136/2586/2745
f 2142/2485/2639 2140/2579/2738 2141/2587/2746
f 2184/2588/2747 2144/2554/2714 2145/2553/2713
f 2149/2504/2658 2088/2486/2640 2148/2589/2748
f 2153/2590/2749 2152/2471/2619 2189/2476/2630
f 2155/2591/2750 2053/575/554 2154/2507/2661
f 2066/601/578 2065/2592/2751 2156/2516/2670
f 2066/601/578 2156/2516/2670 2157/2593/2752
f 2103/2534/2690 2067/2522/2678 2068/592/569
f 2103/2534/2690 2068/592/569 2069/600/577
f 2195/2594/2753 2107/2595/2754 2193/2596/2755
f 2160/2532/2688 2192/2536/2692 2191/2533/2689
f 2165/2551/2711 2163/2567/2727 2164/2565/2725
f 2168/2559/2719 2166/2562/2722 2167/2570/2730
f 2172/2558/2718 2122/2543/2700 2171/2560/2720
f 2194/2597/2756 2195/2594/2753 2193/2596/2755
f 2192/2536/2692 2175/2582/2741 2191/2533/2689
f 2069/577/556 2132/2585/2744 2103/2509/2663
f 2110/2502/2656 2138/2530/2686 2137/2499/2653
f 2138/2530/2686 2086/2496/2650 2085/2495/2649
f 2184/2588/2747 2143/2552/2712 2183/2598/2757
f 2150/2491/2645 2146/2599/2758 2088/2486/2640
f 2148/2589/2748 2161/2488/2642 2110/2502/2656
f 2147/2490/2644 2084/2483/2637 2185/2484/2638
f 2151/2510/2664 2150/2491/2645 2149/2504/2658
f 2090/2497/2651 2131/2492/2646 2060/565/544
f 2132/2585/2744 2089/2489/2643 2151/2510/2664
f 2136/2586/2745 2155/2591/2750 2154/2507/2661
f 2063/562/541 2133/2494/2648 2062/560/539
f 2134/2480/2634 2086/2496/2650 2142/2485/2639
f 2090/2497/2651 2064/540/517 2152/2471/2619
f 2136/2586/2745 2160/2500/2654 2137/2499/2653
f 2148/2589/2748 2159/2505/2659 2149/2504/2658
f 2157/2508/2662 2053/575/554 2066/2600/2759
f 2182/2601/2760 2143/2552/2712 2140/2579/2738
f 2171/2560/2720 1878/2255/2385 1869/2286/2420
f 2117/2580/2739 2164/2565/2725 2162/2563/2723
f 2118/2556/2716 2120/2568/2728 2163/2567/2727
f 2145/2553/2713 2118/2556/2716 2165/2551/2711
f 2141/2587/2746 2119/2581/2740 2168/2559/2719
f 1863/2379/2519 2171/2560/2720 1874/2285/2419
f 1877/2389/2529 2167/2570/2730 1868/2403/2543
f 2169/2555/2715 1875/2381/2521 2120/2568/2728
f 2173/2602/2761 2164/2565/2725 2163/2567/2727
f 2175/2603/2762 2167/2570/2730 2166/2562/2722
f 2172/2558/2718 2121/2549/2709 2190/2550/2710
f 2121/2549/2709 2144/2554/2714 2185/2484/2638
f 2141/2587/2746 1864/2382/2522 2142/2485/2639
f 2119/2581/2740 2162/2563/2723 2166/2562/2722
f 2176/2472/2623 2187/2482/2636 2186/2477/2631
f 2178/2541/2697 2187/2482/2636 2177/2542/2698
f 2178/2541/2697 2190/2550/2710 2188/2548/2708
f 2179/2604/2763 2216/2605/2764 2180/2606/2765
f 2030/2607/2766 2221/2608/2767 1885/2452/2597
f 2220/2609/2768 2032/2610/2598 2222/2611/2769
f 2071/2612/2770 2181/2613/2771 2073/2614/2772
f 2226/2615/2773 2216/2605/2764 2198/2616/2774
f 2040/2457/2775 2221/2608/2767 2199/2617/2776
f 2181/2613/2777 2196/2618/2778 2073/2614/2779
f 2032/2610/2780 2197/2619/2781 2222/2611/2782
f 2139/2529/2685 2142/2485/2639 2086/2496/2650
f 2182/2601/2760 2087/2487/2641 2183/2598/2757
f 2183/2598/2757 2146/2599/2758 2184/2588/2747
f 2147/2490/2644 2184/2588/2747 2146/2599/2758
f 2186/2477/2631 2084/2483/2637 2189/2476/2630
f 2153/2590/2749 2084/2483/2637 2135/2493/2647
f 2193/2596/2755 2108/2620/2783 2111/2531/2687
f 2193/2596/2755 2130/2583/2742 2194/2597/2756
f 2173/2621/2784 2129/2622/2785 2128/2578/2737
f 2105/2528/2684 2195/2594/2753 2106/2577/2736
f 2195/2594/2753 2128/2578/2737 2106/2577/2736
f 2105/2528/2684 2104/2527/2683 2159/2623/2786
f 2197/2619/2787 2047/2449/2594 2212/2624/2788
f 2226/2615/2789 2215/2479/2633 2092/2625/2790
f 1871/2458/2604 2199/2617/2791 2219/2547/2707
f 2229/2626/2792 2021/2459/2606 2232/2627/2793
f 2230/2628/2794 2091/2629/2795 2231/2630/2796
f 2230/2631/2797 2228/2632/2798 2202/2633/2799
f 2013/2462/2610 2212/2624/2800 2047/2449/2610
f 2203/671/655 2091/2629/2795 2204/2634/2801
f 2232/2627/2793 2015/2436/2584 2204/2634/2801
f 2210/2635/2802 2213/676/660 2209/675/659
f 2027/2439/2587 2210/2635/2802 2022/2440/2588
f 2205/680/664 2214/2636/2803 2206/2637/2804
f 2206/2637/2804 2024/2441/2589 2017/2443/2591
f 2208/2638/2805 2205/685/664 2206/2639/2804
f 2208/2638/2805 2017/2445/2591 2019/2640/2806
f 2204/2634/2801 2209/675/659 2203/671/655
f 2022/2440/2588 2204/2634/2801 2015/2436/2584
f 2214/2636/2803 2027/2439/2587 2024/2441/2589
f 2083/2478/2632 2142/2485/2639 2218/2546/2706
f 2215/2479/2633 2049/547/526 2134/2480/2634
f 2227/655/635 2196/2618/2807 2211/2641/2808
f 2071/2642/2809 2072/636/613 2216/2605/2764
f 2073/2614/2772 2070/638/615 2071/2612/2770
f 2072/636/613 2198/2616/2774 2216/2605/2764
f 2223/649/629 2073/2614/2779 2196/2618/2778
f 2219/2547/2707 2083/2478/2632 2218/2546/2706
f 2220/2643/2810 2180/2606/2765 2221/2608/2767
f 2179/2644/2811 2222/2611/2769 2181/2613/2771
f 2199/2617/2776 2180/2606/2765 2226/2615/2773
f 2224/2645/2812 2222/2611/2782 2197/2619/2781
f 2228/2632/2813 2197/2619/2787 2212/2624/2788
f 2057/545/524 2198/2616/2814 2225/647/2815
f 2219/2547/2707 2226/2615/2789 2092/2625/2790
f 2056/658/642 2231/2630/2796 2203/671/655
f 2091/2629/2795 2232/2627/2793 2204/2634/2801
f 2202/2646/2816 2232/2627/2793 2091/2629/2795
f 2201/2647/2817 2231/2630/2796 2056/658/642
f 2227/655/2818 2230/2631/2797 2201/667/651
f 2212/2624/2800 2202/2633/2799 2228/2632/2798
f 2196/2618/2807 2228/2632/2813 2211/2641/2808
f 2095/2648/495 2059/705/495 1676/704/495
f 1873/2464/495 2095/2648/495 1676/704/495
f 1248/1344/2819 1060/1125/2819 877/1127/2819
f 692/910/2819 1248/1344/2819 877/1127/2819
f 693/912/2819 1247/1567/2819 692/910/2819
f 1433/1785/2819 693/912/2819 514/681/2819
f 515/683/2819 1433/1785/2819 514/681/2819
f 1642/2007/2819 515/683/2819 2207/684/2819
f 2208/2638/2819 1642/2007/2819 2207/684/2819
f 1833/2227/2819 2208/2638/2819 2019/2640/2819
f 2020/2444/2819 1833/2227/2819 2019/2640/2819
f 2264/2649/2820 2233/2650/2821 2387/2651/2820
f 2264/2649/2820 2388/2652/2822 2265/2653/2822
f 2266/2654/2823 2388/2652/2822 2389/2655/2823
f 2267/2656/2824 2389/2655/2823 2390/2657/2825
f 2267/2656/2824 2391/2658/2826 2268/2659/2827
f 2268/2659/2827 2392/2660/2828 2269/2661/2828
f 2269/2661/2828 2393/2662/2829 2270/2663/2829
f 2270/2663/2829 2394/2664/2830 2271/2665/2830
f 2271/2665/2830 2395/2666/2831 2272/2667/2831
f 2273/2668/2832 2395/2666/2831 2396/2669/2832
f 2273/2668/2832 2397/2670/2833 2274/2671/2834
f 2274/2671/2834 2398/2672/2835 2275/2673/2835
f 2276/2674/2836 2398/2672/2835 2399/2675/2836
f 2277/2676/2837 2399/2675/2836 2400/2677/2837
f 2277/2676/2837 2401/2678/2838 2278/2679/2838
f 2279/2680/2839 2401/2678/2838 2402/2681/2839
f 2280/2682/2840 2402/2681/2839 2403/2683/2840
f 2280/2682/2840 2404/2684/2841 2281/2685/2841
f 2281/2685/2841 2405/2686/2842 2282/2687/2843
f 2283/2688/2844 2405/2686/2842 2406/2689/2845
f 2284/2690/2846 2406/2689/2845 2407/2691/2846
f 2285/2692/2847 2407/2691/2846 2408/2693/2847
f 2286/2694/2848 2408/2693/2847 2409/2695/2849
f 2287/2696/2850 2409/2695/2849 2410/2697/2850
f 2288/2698/2851 2410/2697/2850 2411/2699/2851
f 2289/2700/2852 2411/2699/2851 2412/2701/2853
f 2289/2700/2852 2413/2702/2854 2290/2703/2854
f 2290/2703/2854 2414/2704/2855 2291/2705/2855
f 2291/2705/2855 2262/2706/2856 2292/2707/2856
f 2263/2708/2857 2262/2706/2856 2233/2650/2821
f 2386/2709/2819 2327/2710/2819 2234/2711/2819
f 2327/2710/2819 2235/2712/2819 2234/2711/2819
f 2235/2712/2819 2329/2713/2819 2236/2714/2819
f 2236/2714/2819 2330/2715/2819 2237/2716/2819
f 2330/2715/2819 2238/2717/2819 2237/2716/2819
f 2238/2717/2819 2332/2718/2819 2239/2719/2819
f 2332/2718/2819 2240/2720/2819 2239/2719/2819
f 2240/2720/2819 2334/2721/2819 2241/2722/2819
f 2241/2722/2819 2335/2723/2819 2242/2724/2819
f 2335/2723/2819 2243/2725/2819 2242/2724/2819
f 2243/2725/2819 2337/2726/2819 2244/2727/2819
f 2337/2726/2819 2245/2728/2819 2244/2727/2819
f 2338/2729/2819 2246/2730/2819 2245/2728/2819
f 2246/2730/2819 2340/2731/2819 2247/2732/2819
f 2340/2731/2819 2248/2733/2819 2247/2732/2819
f 2248/2733/2819 2342/2734/2819 2249/2735/2819
f 2342/2734/2819 2250/2736/2819 2249/2735/2819
f 2250/2736/2819 2344/2737/2819 2251/2738/2819
f 2344/2737/2819 2252/2739/2819 2251/2738/2819
f 2345/2740/2819 2253/2741/2819 2252/2739/2819
f 2346/2742/2819 2254/2743/2819 2253/2741/2819
f 2254/2743/2819 2348/2744/2819 2255/2745/2819
f 2255/2745/2819 2349/2746/2819 2256/2747/2819
f 2349/2746/2819 2257/2748/2819 2256/2747/2819
f 2257/2748/2819 2351/2749/2819 2258/2750/2819
f 2258/2750/2819 2352/2751/2819 2259/2752/2819
f 2259/2752/2819 2353/2753/2819 2260/2754/2819
f 2353/2753/2819 2261/2755/2819 2260/2754/2819
f 2261/2755/2819 2355/2756/2819 2415/2757/2819
f 2355/2756/2819 2386/2709/2819 2415/2757/2819
s 0
f 2296/2758/2858 2293/2759/2859 2295/2760/2860
f 2296/2758/2861 2418/2761/2862 2417/2762/2863
f 2298/2763/2864 2418/2761/2865 2297/2764/2866
f 2299/2765/2867 2419/2766/2868 2298/2763/2869
f 2300/2767/2870 2420/2768/2871 2299/2765/2872
f 2300/2767/2873 2422/2769/2874 2421/2770/2875
f 2301/2771/2876 2423/2772/2877 2422/2769/2878
f 2302/2773/2879 2424/2774/2880 2423/2772/2881
f 2304/2775/2882 2424/2774/2883 2303/2776/2884
f 2305/2777/2885 2425/2778/2886 2304/2775/2887
f 2305/2777/2888 2427/2779/2889 2426/2780/2890
f 2306/2781/2891 2428/2782/2892 2427/2779/2893
f 2307/2783/2894 2429/2784/2895 2428/2782/2896
f 2309/2785/2897 2429/2784/2898 2308/2786/2899
f 2309/2785/2900 2431/2787/2901 2430/2788/2902
f 2311/2789/2903 2431/2787/2904 2310/2790/2905
f 2312/2791/2906 2432/2792/2907 2311/2789/2908
f 2313/2793/2909 2433/2794/2910 2312/2791/2911
f 2314/2795/2912 2434/2796/2913 2313/2793/2914
f 2314/2795/2915 2436/2797/2916 2435/2798/2917
f 2315/2799/2918 2437/2800/2919 2436/2797/2920
f 2317/2801/2921 2437/2800/2922 2316/2802/2923
f 2317/2801/2924 2439/2803/2925 2438/2804/2926
f 2318/2805/2927 2440/2806/2928 2439/2803/2929
f 2320/2807/2930 2440/2806/2931 2319/2808/2932
f 2321/2809/2933 2441/2810/2934 2320/2807/2935
f 2321/2809/2936 2443/2811/2937 2442/2812/2938
f 2322/2813/2939 2444/2814/2940 2443/2811/2941
f 2323/2815/2942 2294/2816/2943 2444/2814/2944
f 2324/2817/2945 2293/2759/2946 2294/2816/2947
s 1
f 2296/2758/2819 2295/2760/2819 2325/2818/2819
f 2297/2764/2819 2296/2758/2819 2325/2818/2819
f 2298/2763/2819 2297/2764/2819 2325/2818/2819
f 2299/2765/2819 2298/2763/2819 2325/2818/2819
f 2300/2767/2819 2299/2765/2819 2325/2818/2819
f 2301/2771/2819 2300/2767/2819 2325/2818/2819
f 2302/2773/2819 2301/2771/2819 2325/2818/2819
f 2303/2776/2819 2302/2773/2819 2325/2818/2819
f 2304/2775/2819 2303/2776/2819 2325/2818/2819
f 2305/2777/2819 2304/2775/2819 2325/2818/2819
f 2306/2781/2819 2305/2777/2819 2325/2818/2819
f 2307/2783/2819 2306/2781/2819 2325/2818/2819
f 2308/2786/2819 2307/2783/2819 2325/2818/2819
f 2309/2785/2819 2308/2786/2819 2325/2818/2819
f 2310/2790/2819 2309/2785/2819 2325/2818/2819
f 2311/2789/2819 2310/2790/2819 2325/2818/2819
f 2312/2791/2819 2311/2789/2819 2325/2818/2819
f 2313/2793/2819 2312/2791/2819 2325/2818/2819
f 2314/2795/2819 2313/2793/2819 2325/2818/2819
f 2315/2799/2819 2314/2795/2819 2325/2818/2819
f 2316/2802/2819 2315/2799/2819 2325/2818/2819
f 2317/2801/2819 2316/2802/2819 2325/2818/2819
f 2318/2805/2819 2317/2801/2819 2325/2818/2819
f 2319/2808/2819 2318/2805/2819 2325/2818/2819
f 2320/2807/2819 2319/2808/2819 2325/2818/2819
f 2321/2809/2819 2320/2807/2819 2325/2818/2819
f 2322/2813/2819 2321/2809/2819 2325/2818/2819
f 2323/2815/2819 2322/2813/2819 2325/2818/2819
f 2324/2817/2819 2323/2815/2819 2325/2818/2819
f 2295/2760/2819 2324/2817/2819 2325/2818/2819
f 2445/2819/2948 2327/2820/2949 2326/2821/2950
f 2446/2822/2951 2328/2823/2952 2327/2820/2949
f 2447/2824/2953 2329/2825/2954 2328/2823/2952
f 2329/2825/2954 2449/2826/2955 2330/2827/2956
f 2449/2826/2955 2331/2828/2957 2330/2827/2956
f 2331/2828/2957 2451/2829/2958 2332/2830/2959
f 2332/2830/2959 2452/2831/2960 2333/2832/2961
f 2452/2831/2960 2334/2833/2962 2333/2832/2961
f 2453/2834/2963 2335/2835/2964 2334/2833/2962
f 2454/2836/2965 2336/2837/2966 2335/2835/2964
f 2336/2837/2966 2456/2838/2967 2337/2839/2968
f 2456/2838/2967 2338/2840/2969 2337/2839/2968
f 2338/2840/2969 2458/2841/2970 2339/2842/2971
f 2339/2842/2971 2459/2843/2972 2340/2844/2973
f 2340/2844/2973 2460/2845/2974 2341/2846/2975
f 2341/2846/2975 2461/2847/2976 2342/2848/2977
f 2342/2848/2977 2462/2849/2978 2343/2850/2979
f 2462/2849/2978 2344/2851/2980 2343/2850/2979
f 2463/2852/2981 2345/2853/2982 2344/2851/2980
f 2464/2854/2983 2346/2855/2984 2345/2853/2982
f 2465/2856/2985 2347/2857/2986 2346/2855/2984
f 2466/2858/2987 2348/2859/2988 2347/2857/2986
f 2348/2859/2988 2468/2860/2989 2349/2861/2990
f 2468/2860/2989 2350/2862/2991 2349/2861/2990
f 2469/2863/2992 2351/2864/2993 2350/2862/2991
f 2351/2864/2993 2471/2865/2994 2352/2866/2995
f 2352/2866/2995 2472/2867/2996 2353/2868/2997
f 2353/2868/2997 2473/2869/2998 2354/2870/2999
f 2473/2869/2998 2355/2871/3000 2354/2870/2999
f 2474/2872/3001 2326/2821/2950 2355/2871/3000
f 2357/2873/3002 2293/2759/2819 2417/2762/2819
f 2358/2874/3003 2417/2762/2819 2418/2761/2819
f 2359/2875/3004 2418/2761/2819 2419/2766/2819
f 2360/2876/3005 2419/2766/2819 2420/2768/2819
f 2361/2877/3006 2420/2768/2819 2421/2770/2819
f 2362/2878/3007 2421/2770/2819 2422/2769/2819
f 2362/2878/3007 2423/2772/2819 2363/2879/3008
f 2363/2879/3008 2424/2774/2819 2364/2834/3009
f 2365/2880/3010 2424/2774/2819 2425/2778/2819
f 2365/2880/3010 2426/2780/2819 2366/2881/3011
f 2366/2881/3011 2427/2779/2819 2367/2882/3012
f 2367/2882/3012 2428/2782/2819 2368/2883/3013
f 2368/2883/3013 2429/2784/2819 2369/2884/3014
f 2369/2884/3014 2430/2788/2819 2370/2885/3015
f 2370/2885/3015 2431/2787/2819 2371/2886/3016
f 2371/2886/3016 2432/2792/2819 2372/2887/3017
f 2372/2887/3017 2433/2794/2819 2373/2888/3018
f 2374/2889/3019 2433/2794/2819 2434/2796/2819
f 2375/2890/3020 2434/2796/2819 2435/2798/2819
f 2375/2890/3020 2436/2797/2819 2376/2891/3021
f 2376/2891/3021 2437/2800/2819 2377/2892/3022
f 2377/2892/3022 2438/2804/2819 2378/2893/3023
f 2378/2893/3023 2439/2803/2819 2379/2894/3024
f 2380/2895/3025 2439/2803/2819 2440/2806/2819
f 2381/2896/3026 2440/2806/2819 2441/2810/2819
f 2382/2897/3027 2441/2810/2819 2442/2812/2819
f 2382/2897/3027 2443/2811/2819 2383/2898/3028
f 2383/2898/3028 2444/2814/2819 2384/2899/3029
f 2385/2872/3030 2444/2814/2819 2294/2816/2819
f 2356/2900/3031 2294/2816/2819 2293/2759/2819
s 0
f 2386/2709/3032 2387/2651/3033 2233/2650/3034
f 2234/2711/3035 2388/2652/3036 2387/2651/3037
f 2235/2712/3038 2389/2655/3039 2388/2652/3040
f 2389/2655/3041 2237/2716/3042 2390/2657/3043
f 2390/2657/3044 2238/2717/3045 2391/2658/3046
f 2391/2658/3047 2239/2719/3048 2392/2660/3049
f 2392/2660/3050 2240/2720/3051 2393/2662/3052
f 2240/2720/3053 2394/2664/3054 2393/2662/3055
f 2241/2722/3056 2395/2666/3057 2394/2664/3058
f 2242/2724/3059 2396/2669/3060 2395/2666/3061
f 2243/2725/3062 2397/2670/3063 2396/2669/3064
f 2244/2727/3065 2398/2672/3066 2397/2670/3067
f 2398/2672/3068 2246/2730/3069 2399/2675/3070
f 2399/2675/3071 2247/2732/3072 2400/2677/3073
f 2400/2677/3074 2248/2733/3075 2401/2678/3076
f 2248/2733/3077 2402/2681/3078 2401/2678/3079
f 2249/2735/3080 2403/2683/3081 2402/2681/3082
f 2250/2736/3083 2404/2684/3084 2403/2683/3085
f 2404/2684/3086 2252/2739/3087 2405/2686/3088
f 2405/2686/3089 2253/2741/3090 2406/2689/3091
f 2253/2741/3092 2407/2691/3093 2406/2689/3094
f 2407/2691/3095 2255/2745/3096 2408/2693/3097
f 2408/2693/3098 2256/2747/3099 2409/2695/3100
f 2256/2747/3101 2410/2697/3102 2409/2695/3103
f 2410/2697/3104 2258/2750/3105 2411/2699/3106
f 2258/2750/3107 2412/2701/3108 2411/2699/3109
f 2259/2752/3110 2413/2702/3111 2412/2701/3112
f 2413/2702/3113 2261/2755/3114 2414/2704/3115
f 2414/2704/3116 2415/2757/3117 2262/2706/3118
f 2262/2706/3119 2386/2709/3120 2233/2650/3121
s 1
f 2263/2901/495 2264/2902/495 2416/2903/495
f 2264/2902/495 2265/2904/495 2416/2903/495
f 2265/2904/495 2266/2905/495 2416/2903/495
f 2266/2905/495 2267/2906/495 2416/2903/495
f 2267/2906/495 2268/2907/495 2416/2903/495
f 2268/2907/495 2269/2908/495 2416/2903/495
f 2269/2908/495 2270/2909/495 2416/2903/495
f 2270/2909/495 2271/2910/495 2416/2903/495
f 2271/2910/495 2272/2911/495 2416/2903/495
f 2272/2911/495 2273/2912/495 2416/2903/495
f 2273/2912/495 2274/2913/495 2416/2903/495
f 2274/2913/495 2275/2914/495 2416/2903/495
f 2275/2914/495 2276/2915/495 2416/2903/495
f 2276/2915/495 2277/2916/495 2416/2903/495
f 2277/2916/495 2278/2917/495 2416/2903/495
f 2278/2917/495 2279/2918/495 2416/2903/495
f 2279/2918/495 2280/2919/495 2416/2903/495
f 2280/2919/495 2281/2920/495 2416/2903/495
f 2281/2920/495 2282/2921/495 2416/2903/495
f 2282/2921/495 2283/2922/495 2416/2903/495
f 2283/2922/495 2284/2923/495 2416/2903/495
f 2284/2923/495 2285/2924/495 2416/2903/495
f 2285/2924/495 2286/2925/495 2416/2903/495
f 2286/2925/495 2287/2926/495 2416/2903/495
f 2287/2926/495 2288/2927/495 2416/2903/495
f 2288/2927/495 2289/2928/495 2416/2903/495
f 2289/2928/495 2290/2929/495 2416/2903/495
f 2290/2929/495 2291/2930/495 2416/2903/495
f 2291/2930/495 2292/2931/495 2416/2903/495
f 2292/2931/495 2263/2901/495 2416/2903/495
f 2357/2873/3002 2445/2819/2948 2356/2900/3031
f 2358/2874/3003 2446/2822/2951 2357/2873/3002
f 2359/2875/3004 2447/2824/2953 2358/2874/3003
f 2360/2876/3005 2448/2932/3122 2359/2875/3004
f 2361/2877/3006 2449/2826/2955 2360/2876/3005
f 2362/2878/3007 2450/2933/3123 2361/2877/3006
f 2363/2879/3008 2451/2829/2958 2362/2878/3007
f 2364/2834/3009 2452/2831/2960 2363/2879/3008
f 2454/2836/2965 2364/2834/3009 2365/2880/3010
f 2455/2934/3124 2365/2880/3010 2366/2881/3011
f 2456/2838/2967 2366/2881/3011 2367/2882/3012
f 2457/2935/3125 2367/2882/3012 2368/2883/3013
f 2458/2841/2970 2368/2883/3013 2369/2884/3014
f 2459/2843/2972 2369/2884/3014 2370/2885/3015
f 2460/2845/2974 2370/2885/3015 2371/2886/3016
f 2461/2847/2976 2371/2886/3016 2372/2887/3017
f 2462/2849/2978 2372/2887/3017 2373/2888/3018
f 2374/2889/3019 2462/2849/2978 2373/2888/3018
f 2375/2890/3020 2463/2852/2981 2374/2889/3019
f 2376/2891/3021 2464/2854/2983 2375/2890/3020
f 2377/2892/3022 2465/2856/2985 2376/2891/3021
f 2378/2893/3023 2466/2858/2987 2377/2892/3022
f 2468/2860/2989 2378/2893/3023 2379/2894/3024
f 2469/2863/2992 2379/2894/3024 2380/2895/3025
f 2470/2936/3126 2380/2895/3025 2381/2896/3026
f 2471/2865/2994 2381/2896/3026 2382/2897/3027
f 2472/2867/2996 2382/2897/3027 2383/2898/3028
f 2473/2869/2998 2383/2898/3028 2384/2899/3029
f 2385/2872/3030 2473/2869/2998 2384/2899/3029
f 2356/2900/3031 2474/2872/3001 2385/2872/3030
f 663/447/416 383/461/3132 386/448/417
f 386/448/417 383/461/3132 384/450/419
f 387/451/420 384/450/419 385/452/421
f 664/449/423 386/448/427 461/454/424
f 387/451/426 485/457/429 461/454/424
f 387/451/426 388/453/513 486/456/428
f 389/458/430 383/461/434 663/447/431
f 331/460/433 384/450/3133 383/461/434
f 385/452/435 384/450/3133 331/460/433
f 498/463/436 461/454/424 485/457/429
f 392/465/438 401/656/639 521/466/439
f 391/468/441 393/470/443 495/464/437
f 397/473/446 455/626/603 396/474/447
f 398/476/449 444/480/453 456/477/450
f 440/479/452 462/612/589 444/480/453
f 442/481/454 464/614/591 394/482/455
f 419/487/460 421/491/464 446/488/461
f 418/490/463 457/611/588 421/491/464
f 415/492/465 460/499/472 458/493/466
f 420/495/468 445/608/585 463/496/469
f 414/498/471 441/604/581 460/499/472
f 338/500/473 591/510/3134 509/501/474
f 509/501/474 404/512/3135 403/503/476
f 379/504/477 406/583/561 405/505/478
f 465/507/480 675/616/593 378/506/479
f 408/509/482 509/501/486 591/510/483
f 408/509/482 409/2951/564 404/512/485
f 593/513/487 410/515/488 408/509/488
f 411/514/489 409/2951/489 408/509/488
f 676/516/490 467/519/493 410/517/491
f 412/520/494 413/591/568 411/521/495
f 417/524/498 413/591/568 412/520/494
f 470/475/448 396/474/447 448/525/499
f 422/527/501 419/651/631 469/528/502
f 414/530/504 415/522/496 412/520/494
f 420/531/505 466/617/594 465/507/480
f 385/452/421 423/534/508 425/533/507
f 423/534/508 424/536/510 426/535/509
f 424/536/510 2050/2465/2612 2051/537/511
f 425/533/512 487/539/515 486/456/428
f 425/533/512 426/535/516 432/538/514
f 426/535/516 2051/537/2618 2064/540/517
f 332/541/518 423/534/520 385/452/435
f 333/542/519 424/536/522 423/534/520
f 2052/543/521 2050/2465/2625 424/536/522
f 523/544/523 2049/547/526 2057/545/524
f 497/548/527 431/549/528 391/468/441
f 474/551/530 427/596/573 452/552/531
f 453/554/533 479/558/537 478/555/534
f 2048/557/536 478/555/534 479/558/537
f 2062/560/539 450/609/586 477/561/540
f 439/566/545 484/631/608 475/567/546
f 503/569/548 439/566/545 471/568/547
f 438/571/550 482/630/607 472/572/551
f 483/574/553 2066/2600/2759 2053/575/554
f 2069/577/556 438/571/550 430/573/552
f 403/579/476 404/587/3135 433/580/558
f 2059/582/560 2058/584/562 405/505/478
f 2058/584/562 2065/2592/2751 2055/585/563
f 409/586/564 434/589/2672 433/580/565
f 411/588/489 435/2519/566 434/589/566
f 436/590/567 435/593/570 411/521/495
f 2068/592/569 2067/2522/2678 435/593/570
f 437/594/571 438/653/633 436/590/567
f 449/595/572 452/552/531 427/596/573
f 422/527/501 500/529/503 484/598/575
f 436/590/567 438/653/633 2069/600/577
f 407/508/481 2055/585/563 2066/601/578
f 377/603/580 669/485/458 440/479/452
f 442/481/454 443/467/440 671/606/583
f 446/488/461 447/526/500 394/482/455
f 451/472/445 491/629/606 449/595/572
f 493/610/587 494/471/444 453/554/533
f 458/493/466 459/478/451 397/473/446
f 462/612/589 399/484/457 461/454/424
f 672/613/590 665/627/604 463/496/469
f 667/615/592 674/827/820 675/616/593
f 414/530/504 467/519/493 676/516/490
f 504/620/597 468/654/634 418/621/598
f 469/528/502 420/531/505 501/532/506
f 474/551/530 428/556/535 472/572/551
f 477/561/540 429/597/574 475/567/546
f 481/559/538 499/550/529 432/538/514
f 503/623/600 482/652/632 504/620/597
f 501/532/506 483/602/579 484/598/575
f 678/624/601 380/605/582 441/604/581
f 421/491/464 470/475/448 447/526/500
f 447/526/500 448/525/499 395/483/456
f 493/610/587 454/553/532 452/552/531
f 459/478/451 456/477/450 455/626/603
f 457/611/588 397/473/446 470/475/448
f 456/477/450 444/480/453 393/470/443
f 460/499/472 398/476/449 459/478/451
f 399/484/457 462/612/589 440/479/452
f 441/604/581 440/479/452 398/476/449
f 445/608/585 394/482/455 464/614/591
f 672/613/590 464/614/591 442/481/454
f 443/467/440 442/481/454 395/483/456
f 399/484/457 666/486/459 673/455/425
f 445/608/585 420/495/468 469/489/462
f 457/611/588 418/490/463 468/494/467
f 466/497/470 463/496/469 665/627/604
f 491/629/606 492/625/602 452/552/531
f 480/563/542 432/538/514 2064/540/517
f 427/596/573 474/551/530 473/570/549
f 428/556/535 478/555/534 430/573/552
f 454/553/532 453/554/533 428/556/535
f 450/609/586 449/595/572 429/597/574
f 2048/557/536 481/559/538 480/563/542
f 2063/562/541 477/561/540 476/576/555
f 478/555/534 2048/557/536 2061/578/557
f 482/630/607 503/569/548 473/570/549
f 484/631/608 483/574/553 476/576/555
f 481/559/538 479/558/537 431/549/528
f 431/549/528 479/558/537 453/554/533
f 450/609/586 2062/560/539 2049/547/526
f 429/597/574 427/596/573 471/568/547
f 485/457/429 486/456/428 496/469/442
f 487/539/515 497/548/527 496/469/442
f 487/539/515 432/538/514 499/550/529
f 488/632/609 381/690/673 522/633/610
f 525/635/612 526/693/677 2072/636/613
f 2070/638/615 2217/2952/3136 527/639/616
f 381/641/618 488/694/678 490/642/619
f 530/644/621 489/634/611 522/633/610
f 2072/636/613 526/693/677 508/646/623
f 490/642/625 528/695/3137 505/648/626
f 527/639/628 2217/2952/3138 2223/649/629
f 448/525/499 491/629/606 451/472/445
f 491/629/606 448/525/499 396/474/447
f 493/610/587 492/625/602 396/474/447
f 456/477/450 494/471/444 493/610/587
f 462/612/589 498/463/436 393/470/443
f 502/622/599 418/621/598 419/651/631
f 502/622/599 422/527/501 439/599/576
f 416/523/497 468/654/634 504/620/597
f 504/620/597 482/652/632 437/594/571
f 2227/655/635 519/666/679 506/650/636
f 530/644/638 507/645/681 521/466/439
f 2057/545/524 2225/647/2815 508/646/640
f 532/657/641 2201/2647/2817 2056/658/642
f 533/660/644 510/698/684 400/661/645
f 533/663/647 518/688/3139 531/664/648
f 519/666/650 2227/655/2818 2201/667/651
f 534/662/646 400/661/645 511/669/653
f 535/659/643 2056/658/642 2203/671/655
f 520/672/656 698/686/668 697/673/657
f 520/672/656 516/674/658 2209/675/659
f 512/677/661 698/686/668 517/678/662
f 2205/680/664 513/679/663 517/678/662
f 514/681/665 512/913/661 513/682/663
f 2207/684/667 515/683/666 513/682/663
f 516/674/658 697/673/657 690/670/654
f 2209/675/659 516/674/658 511/669/653
f 668/687/669 671/606/583 443/467/440
f 518/688/670 536/700/3140 712/689/671
f 381/690/673 679/870/863 680/691/674
f 382/643/620 681/883/3141 679/692/675
f 680/691/674 529/696/871 507/645/622
f 712/689/676 681/883/877 382/643/627
f 524/546/525 401/656/639 392/465/438
f 488/632/609 489/634/611 526/693/677
f 525/640/617 527/639/616 490/642/619
f 530/644/621 508/646/623 526/693/677
f 506/650/630 528/695/3137 490/642/625
f 519/666/679 531/664/688 528/695/680
f 668/687/669 521/466/439 507/645/681
f 524/546/525 508/646/640 530/644/638
f 510/698/684 532/657/641 535/659/643
f 533/660/644 534/662/646 694/697/683
f 536/700/686 518/688/3139 533/663/647
f 519/666/650 532/668/652 510/665/649
f 518/688/670 505/648/672 528/695/680
f 846/706/689 845/716/3142 541/707/690
f 541/707/690 542/710/693 545/709/692
f 542/710/693 543/719/3143 546/711/694
f 544/708/695 619/713/699 857/712/696
f 545/709/698 643/714/701 619/713/699
f 546/711/700 644/795/785 643/714/701
f 547/715/702 541/707/3144 845/716/703
f 542/710/705 541/707/3144 547/715/702
f 543/719/707 542/710/705 548/718/706
f 656/721/709 619/713/699 643/714/701
f 550/723/711 559/890/887 704/724/712
f 549/726/714 551/728/716 653/722/710
f 555/731/719 613/860/853 554/732/720
f 556/734/722 602/738/726 614/735/723
f 598/737/725 620/846/839 602/738/726
f 600/739/727 622/848/841 552/740/728
f 575/745/733 577/749/737 604/746/734
f 574/748/736 615/845/838 577/749/737
f 571/750/738 618/757/745 616/751/739
f 576/753/741 603/842/835 621/754/742
f 570/756/744 599/838/831 618/757/745
f 342/758/746 772/768/3145 686/759/747
f 686/759/747 560/825/818 337/761/749
f 537/762/750 562/826/819 561/763/751
f 623/765/753 859/850/843 851/764/752
f 564/767/755 686/759/759 772/768/756
f 565/770/758 560/825/821 686/759/759
f 566/771/760 564/767/760 773/769/761
f 567/773/762 565/770/762 564/767/760
f 860/774/763 625/777/766 566/775/764
f 569/779/768 567/829/495 566/775/764
f 573/782/771 569/779/768 568/778/767
f 628/733/721 554/732/720 606/783/772
f 578/785/774 575/885/880 627/786/775
f 570/788/777 571/780/769 568/778/767
f 576/789/778 624/851/844 623/765/753
f 546/711/694 543/719/3143 579/791/780
f 579/791/780 580/794/783 582/793/782
f 580/794/783 663/447/416 664/449/418
f 581/792/784 645/797/787 644/795/785
f 581/792/784 582/793/788 590/796/786
f 664/449/423 673/455/425 590/796/786
f 579/791/789 543/719/707 335/720/708
f 580/794/791 579/791/789 583/798/790
f 339/459/432 663/447/431 580/794/791
f 706/800/793 671/606/583 668/687/669
f 655/802/795 589/803/796 549/726/714
f 632/805/798 585/832/825 610/806/799
f 611/808/801 637/811/804 636/809/802
f 377/603/580 636/809/802 637/811/804
f 670/607/584 608/843/836 635/813/806
f 597/815/808 642/865/858 633/816/809
f 661/818/811 597/815/808 629/817/810
f 596/820/813 640/864/857 630/821/814
f 641/823/816 667/628/605 665/627/604
f 678/624/601 596/820/813 588/822/815
f 560/825/818 591/510/3134 338/500/473
f 379/504/477 378/506/479 561/763/751
f 378/506/479 675/616/593 674/827/820
f 565/770/758 592/511/484 591/510/483
f 593/513/487 592/511/487 565/770/762
f 594/828/822 593/518/492 567/829/495
f 677/618/595 676/516/490 593/518/492
f 595/830/823 596/887/882 594/828/822
f 607/831/824 610/806/799 585/832/825
f 578/785/774 658/787/776 642/834/827
f 594/828/822 596/887/882 678/619/596
f 563/766/754 674/827/820 667/615/592
f 844/837/830 852/743/731 598/737/725
f 600/739/727 601/725/713 855/840/833
f 604/746/734 605/784/773 552/740/728
f 609/730/718 649/863/856 607/831/824
f 651/844/837 652/729/717 611/808/801
f 616/751/739 617/736/724 555/731/719
f 620/846/839 557/742/730 619/713/699
f 856/847/840 848/861/854 621/754/742
f 538/849/842 858/1045/1058 859/850/843
f 570/788/777 625/777/766 860/774/763
f 662/854/847 626/888/883 574/855/848
f 627/786/775 576/789/778 659/790/779
f 632/805/798 586/810/803 630/821/814
f 635/813/806 587/833/826 633/816/809
f 639/812/805 657/804/797 590/796/786
f 661/857/850 640/886/881 662/854/847
f 659/790/779 641/836/829 642/834/827
f 862/858/851 853/839/832 599/838/831
f 577/749/737 628/733/721 605/784/773
f 605/784/773 606/783/772 553/741/729
f 651/844/837 612/807/800 610/806/799
f 617/736/724 614/735/723 613/860/853
f 615/845/838 555/731/719 628/733/721
f 614/735/723 602/738/726 551/728/716
f 618/757/745 556/734/722 617/736/724
f 557/742/730 620/846/839 598/737/725
f 599/838/831 598/737/725 556/734/722
f 603/842/835 552/740/728 622/848/841
f 622/848/841 600/739/727 854/841/834
f 601/725/713 600/739/727 553/741/729
f 557/742/730 849/744/732 857/712/696
f 603/842/835 576/753/741 627/747/735
f 615/845/838 574/748/736 626/752/740
f 624/755/743 621/754/742 848/861/854
f 649/863/856 650/859/852 610/806/799
f 638/814/807 590/796/786 673/455/425
f 585/832/825 632/805/798 631/819/812
f 586/810/803 636/809/802 588/822/815
f 612/807/800 611/808/801 586/810/803
f 608/843/836 607/831/824 587/833/826
f 377/603/580 639/812/805 638/814/807
f 672/613/590 635/813/806 634/824/817
f 636/809/802 377/603/580 380/605/582
f 640/864/857 661/818/811 631/819/812
f 642/865/858 641/823/816 634/824/817
f 639/812/805 637/811/804 589/803/796
f 589/803/796 637/811/804 611/808/801
f 608/843/836 670/607/584 671/606/583
f 587/833/826 585/832/825 629/817/810
f 643/714/701 644/795/785 654/727/715
f 645/797/787 655/802/795 654/727/715
f 645/797/787 590/796/786 657/804/797
f 539/866/859 705/877/869 647/867/860
f 708/869/862 709/879/872 680/691/674
f 679/692/675 681/883/3141 710/871/864
f 646/873/866 648/918/916 540/874/867
f 713/876/868 647/867/860 705/877/869
f 529/696/871 680/691/674 709/879/872
f 540/874/874 648/918/3146 711/881/875
f 681/883/877 712/689/676 683/884/878
f 606/783/772 649/863/856 609/730/718
f 650/859/852 649/863/856 606/783/772
f 651/844/837 650/859/852 554/732/720
f 614/735/723 652/729/717 651/844/837
f 620/846/839 656/721/709 551/728/716
f 660/856/849 574/855/848 575/885/880
f 660/856/849 578/785/774 597/835/828
f 572/781/770 626/888/883 662/854/847
f 662/854/847 640/886/881 595/830/823
f 712/689/671 536/700/3140 701/889/884
f 713/876/886 684/878/919 704/724/712
f 529/696/682 685/880/921 707/801/794
f 687/699/685 694/697/683 718/891/888
f 688/893/890 558/922/923 717/894/891
f 688/896/893 716/2953/3147 700/897/894
f 715/899/896 701/889/927 536/700/686
f 717/894/891 558/922/923 689/900/897
f 718/891/888 694/697/683 690/670/654
f 696/902/899 703/905/902 702/903/900
f 703/905/902 696/902/899 697/673/657
f 880/906/903 699/909/906 691/907/904
f 512/677/661 691/907/904 699/909/906
f 692/910/907 875/1128/905 691/911/904
f 514/681/665 693/912/908 691/911/904
f 696/902/899 695/904/901 874/901/898
f 697/673/657 696/902/899 689/900/897
f 702/903/900 703/905/902 699/909/906
f 704/724/712 850/919/918 855/840/833
f 900/914/909 892/1099/3148 682/882/910
f 863/915/912 864/917/914 705/877/869
f 865/916/913 863/1089/913 539/875/867
f 864/917/914 894/920/1109 684/878/870
f 682/882/876 892/1099/1114 865/916/915
f 707/801/794 559/890/887 550/723/711
f 646/868/861 647/867/860 709/879/872
f 708/872/865 710/871/864 648/918/916
f 685/880/873 709/879/872 647/867/860
f 711/881/875 648/918/3146 710/871/879
f 701/889/884 714/898/928 711/881/917
f 850/919/918 704/724/712 684/878/919
f 559/890/887 707/801/794 685/880/921
f 688/893/890 715/892/889 718/891/888
f 716/895/892 717/894/891 878/921/922
f 700/897/894 716/2953/3147 871/924/925
f 701/889/927 715/899/896 688/896/893
f 682/882/910 711/881/917 714/898/928
f 1026/927/929 1025/1235/1264 721/928/930
f 724/929/931 721/928/930 722/930/932
f 722/930/932 723/2954/3149 726/932/934
f 724/929/935 800/934/939 1039/933/936
f 725/931/938 824/935/941 800/934/939
f 726/932/940 825/1014/1023 824/935/941
f 721/928/942 1025/1235/1274 1027/936/943
f 722/930/945 721/928/942 340/937/944
f 728/939/947 723/2954/3150 722/930/945
f 837/940/948 800/934/939 824/935/941
f 730/942/950 739/1106/1123 884/943/951
f 729/945/953 731/947/955 834/941/949
f 735/950/958 794/1079/1091 734/951/959
f 736/953/961 783/957/965 795/954/962
f 779/956/964 801/1065/1077 783/957/965
f 781/958/966 803/1067/1079 732/959/967
f 757/964/972 759/968/976 785/965/973
f 756/967/975 796/1064/1076 759/968/976
f 753/969/977 799/976/984 797/970/978
f 758/972/980 784/1061/1073 802/973/981
f 752/975/983 780/1057/1069 799/976/984
f 951/977/985 952/987/1300 870/978/986
f 870/978/986 742/1043/1056 741/980/988
f 1033/981/989 744/1044/1057 743/982/990
f 804/984/992 1041/1069/1081 1032/983/991
f 746/986/994 870/978/998 952/987/995
f 747/989/997 742/1043/997 870/978/998
f 748/990/999 746/986/999 953/988/1000
f 748/990/999 749/1046/1001 747/989/1001
f 1042/992/1002 806/995/1005 748/993/1003
f 750/996/1006 751/1000/1009 749/997/495
f 754/999/1008 755/1048/1060 751/1000/1009
f 809/952/960 734/951/959 787/1001/1010
f 760/1003/1012 757/1101/1116 808/1004/1013
f 752/1006/1015 753/998/1007 750/996/1006
f 758/1007/1016 805/1070/1082 804/984/992
f 726/932/934 723/2954/3149 761/1009/1018
f 763/1010/1019 761/1009/1018 762/1011/1020
f 762/1011/1020 845/716/3142 846/706/689
f 726/932/940 763/1010/1024 826/1013/1022
f 763/1010/1024 764/1012/1026 771/1015/1025
f 764/1012/1026 846/706/697 857/712/696
f 761/1009/1027 723/2954/3150 728/939/947
f 341/1017/1029 762/1011/1030 761/1009/1027
f 847/717/704 845/716/703 762/1011/1030
f 886/1018/1031 855/840/833 850/919/918
f 836/1020/1033 770/1021/1034 729/945/953
f 813/1023/1036 766/1051/1063 791/1024/1037
f 792/1026/1039 818/1029/1042 817/1027/1040
f 844/837/830 817/1027/1040 818/1029/1042
f 854/841/834 789/1062/1074 816/1031/1044
f 778/1033/1046 823/1084/1096 814/1034/1047
f 842/1036/1049 778/1033/1046 810/1035/1048
f 777/1038/1051 821/1083/1095 811/1039/1052
f 822/1041/1054 538/862/855 848/861/854
f 862/858/851 777/1038/1051 769/1040/1053
f 742/1043/1056 772/768/3145 342/758/746
f 744/1044/1057 537/762/750 851/764/752
f 851/764/752 859/850/843 858/1045/1058
f 747/989/997 773/769/757 772/768/756
f 749/1046/1001 774/772/761 773/769/761
f 775/1047/1059 774/776/765 749/997/495
f 861/852/845 860/774/763 774/776/765
f 776/1049/1061 777/1103/1118 775/1047/1059
f 788/1050/1062 791/1024/1037 766/1051/1063
f 760/1003/1012 839/1005/1014 823/1053/1065
f 775/1047/1059 777/1103/1118 862/853/846
f 745/985/993 858/1045/1058 538/849/842
f 1024/1056/1068 1034/962/970 779/956/964
f 781/958/966 782/944/952 1037/1059/1071
f 785/965/973 786/1002/1011 732/959/967
f 790/949/957 830/1082/1094 788/1050/1062
f 832/1063/1075 833/948/956 792/1026/1039
f 797/970/978 798/955/963 735/950/958
f 801/1065/1077 737/961/969 800/934/939
f 1038/1066/1078 1028/1081/1093 802/973/981
f 1030/1068/1080 1040/1266/1301 1041/1069/1081
f 752/1006/1015 806/995/1005 1042/992/1002
f 843/1073/1085 807/1104/1119 756/1074/1086
f 808/1004/1013 758/1007/1016 840/1008/1017
f 813/1023/1036 767/1028/1041 811/1039/1052
f 816/1031/1044 768/1052/1064 814/1034/1047
f 820/1030/1043 838/1022/1035 771/1015/1025
f 842/1076/1088 821/1102/1117 843/1073/1085
f 840/1008/1017 822/1055/1067 823/1053/1065
f 1044/1077/1089 1035/1058/1070 780/1057/1069
f 759/968/976 809/952/960 786/1002/1011
f 786/1002/1011 787/1001/1010 733/960/968
f 831/1078/1090 832/1063/1075 793/1025/1038
f 798/955/963 795/954/962 794/1079/1091
f 796/1064/1076 735/950/958 809/952/960
f 795/954/962 783/957/965 731/947/955
f 799/976/984 736/953/961 798/955/963
f 737/961/969 801/1065/1077 779/956/964
f 780/1057/1069 779/956/964 736/953/961
f 784/1061/1073 732/959/967 803/1067/1079
f 1038/1066/1078 803/1067/1079 781/958/966
f 782/944/952 781/958/966 733/960/968
f 737/961/969 1029/963/971 1039/933/936
f 784/1061/1073 758/972/980 808/966/974
f 796/1064/1076 756/967/975 807/971/979
f 1030/1080/1092 805/974/982 802/973/981
f 831/1078/1090 791/1024/1037 788/1050/1062
f 819/1032/1045 771/1015/1025 857/712/696
f 766/1051/1063 813/1023/1036 812/1037/1050
f 767/1028/1041 817/1027/1040 769/1040/1053
f 793/1025/1038 792/1026/1039 767/1028/1041
f 789/1062/1074 788/1050/1062 768/1052/1064
f 844/837/830 820/1030/1043 819/1032/1045
f 856/847/840 816/1031/1044 815/1042/1055
f 817/1027/1040 844/837/830 853/839/832
f 821/1083/1095 842/1036/1049 812/1037/1050
f 823/1084/1096 822/1041/1054 815/1042/1055
f 820/1030/1043 818/1029/1042 770/1021/1034
f 770/1021/1034 818/1029/1042 792/1026/1039
f 789/1062/1074 854/841/834 855/840/833
f 768/1052/1064 766/1051/1063 810/1035/1048
f 824/935/941 825/1014/1023 835/946/954
f 826/1013/1022 836/1020/1033 835/946/954
f 826/1013/1022 771/1015/1025 838/1022/1035
f 827/1085/1097 719/1133/1150 885/1086/1098
f 888/1088/1100 889/1136/1154 864/917/914
f 863/1089/913 865/916/913 890/1090/1101
f 719/1092/1103 827/1137/1155 829/1093/1104
f 893/1095/1106 828/1087/1099 885/1086/1098
f 864/917/914 889/1136/1154 869/1097/1108
f 829/1093/1110 891/1138/1156 866/1098/1111
f 890/1090/1113 865/916/915 892/1099/1114
f 787/1001/1010 830/1082/1094 790/949/957
f 831/1078/1090 830/1082/1094 787/1001/1010
f 832/1063/1075 831/1078/1090 734/951/959
f 795/954/962 833/948/956 832/1063/1075
f 801/1065/1077 837/940/948 731/947/955
f 841/1075/1087 756/1074/1086 757/1101/1116
f 841/1075/1087 760/1003/1012 778/1054/1066
f 754/999/1008 807/1104/1119 843/1073/1085
f 843/1073/1085 821/1102/1117 776/1049/1061
f 867/1100/1120 892/1099/3148 900/914/909
f 893/1095/1122 868/1096/3151 884/943/951
f 894/920/920 869/1097/1160 887/1019/1032
f 871/923/924 878/921/922 899/1107/1124
f 872/1109/1126 738/1117/1135 898/1110/1127
f 872/1112/1129 897/2955/3152 881/1113/1130
f 882/1105/1132 900/914/926 871/924/925
f 1056/1116/1134 898/1110/1127 738/1117/1135
f 899/1107/1124 878/921/922 874/901/898
f 879/1119/1137 883/1129/1145 1068/1120/1138
f 702/903/900 883/1129/1145 879/1119/1137
f 1064/1122/1140 883/1129/1145 876/1123/1141
f 876/1123/1141 883/1129/1145 880/906/903
f 1060/1125/1143 1057/1347/1142 876/1126/1141
f 877/1127/1144 876/1126/1141 875/1128/905
f 873/1118/1136 879/1119/1137 1063/1121/1139
f 874/901/898 695/904/901 879/1119/1137
f 884/943/951 1031/1140/1159 1037/1059/1071
f 1078/1130/1146 866/1098/1165 881/1113/1147
f 1045/1132/1149 1046/1135/1152 885/1086/1098
f 1047/1134/1151 1045/1308/1342 719/1092/1103
f 1046/1135/1152 1080/1139/1351 868/1096/1107
f 866/1098/1111 1078/1130/1356 1047/1134/1153
f 739/1106/1123 730/942/950 886/1018/1031
f 888/1088/1100 827/1085/1097 828/1087/1099
f 827/1137/1155 888/1091/1102 890/1090/1101
f 869/1097/1108 889/1136/1154 828/1087/1099
f 891/1138/1156 829/1093/1110 890/1090/1113
f 882/1105/1121 895/1114/1166 891/1138/1157
f 884/943/951 868/1096/3151 1080/1139/1158
f 739/1106/1123 887/1019/1032 869/1097/1160
f 896/1108/1125 899/1107/1124 738/1117/1135
f 1053/1142/1162 897/1111/1128 898/1110/1127
f 881/1113/1130 897/2955/3152 1053/1143/1163
f 895/1114/1131 882/1105/1132 896/1115/1133
f 866/1098/1165 891/1138/1157 895/1114/1166
f 1214/1146/1167 1213/1457/3153 903/1147/1168
f 903/1147/1168 904/1150/1171 907/1149/1170
f 904/1150/1171 905/1158/3154 908/1151/1172
f 906/1148/1173 980/1153/1177 1227/1152/1174
f 907/1149/1176 1004/1154/1179 980/1153/1177
f 908/1151/1178 1005/1237/1266 1004/1154/1179
f 903/1147/1180 1213/1457/1512 1215/1155/1181
f 904/1150/1183 903/1147/1180 909/1156/1182
f 905/1158/1185 904/1150/1183 343/1157/1184
f 1017/1160/1187 980/1153/1177 1004/1154/1179
f 912/1162/1189 921/1325/1364 1070/1163/1190
f 911/1165/1192 913/1167/1194 1014/1161/1188
f 917/1170/1197 974/1298/1332 916/1171/1198
f 918/1173/1200 963/1177/1204 975/1174/1201
f 959/1176/1203 981/1285/1319 963/1177/1204
f 961/1178/1205 983/1286/1320 914/1179/1206
f 937/1184/1211 939/1188/1215 965/1185/1212
f 936/1187/1214 976/1284/1318 939/1188/1215
f 933/1189/1216 979/1196/1223 977/1190/1217
f 938/1192/1219 964/1281/1315 982/1193/1220
f 932/1195/1222 960/1278/1312 979/1196/1223
f 1140/1197/1224 1052/1210/3155 344/1198/1225
f 344/1198/1225 1052/1210/3155 922/1200/1227
f 924/1202/1229 923/1207/1234 1220/1203/1230
f 984/1205/1232 1229/1289/1323 1220/1203/1230
f 926/1208/1235 1052/1210/1239 1140/1197/1236
f 926/1208/1235 927/1213/1302 922/1200/1238
f 928/1211/1240 926/1208/1240 1141/1209/1241
f 928/1211/1240 929/1267/1242 927/1213/1242
f 1230/1214/1243 986/1217/1246 928/1215/1244
f 931/1219/1248 929/1269/495 928/1215/1244
f 935/1222/1251 931/1219/1248 930/1218/1247
f 989/1172/1199 916/1171/1198 967/1223/1252
f 940/1225/1254 937/1320/1358 988/1226/1255
f 932/1228/1257 933/1220/1249 930/1218/1247
f 938/1229/1258 985/1290/1324 984/1205/1232
f 908/1151/1172 905/1158/3154 941/1231/1260
f 943/1232/1261 941/1231/1260 942/1233/1262
f 944/1234/1263 942/1233/1262 1025/1235/1264
f 908/1151/1178 943/1232/1267 1006/1236/1265
f 943/1232/1267 944/1234/1269 950/1238/1268
f 944/1234/1269 1026/927/937 1039/933/936
f 941/1231/1270 905/1158/1185 910/1159/1186
f 942/1233/1272 941/1231/1270 346/1239/1271
f 1025/1235/1274 942/1233/1272 347/1240/1273
f 1072/1241/1275 1037/1059/1071 1031/1140/1159
f 1016/1243/1277 949/1244/1278 911/1165/1192
f 993/1246/1280 945/1272/1306 971/1247/1281
f 972/1249/1283 998/1252/1286 997/1250/1284
f 1024/1056/1068 997/1250/1284 998/1252/1286
f 1036/1060/1072 969/1282/1316 996/1254/1288
f 958/1256/1290 1003/1303/1337 994/1257/1291
f 1022/1259/1293 958/1256/1290 990/1258/1292
f 957/1261/1295 1001/1302/1336 991/1262/1296
f 1002/1264/1298 1030/1080/1092 1028/1081/1093
f 1044/1077/1089 957/1261/1295 948/1263/1297
f 345/1201/1228 922/1200/1227 952/987/1300
f 924/1202/1229 1033/981/989 1032/983/991
f 1032/983/991 1041/1069/1081 1040/1266/1301
f 927/1213/1302 953/988/996 952/987/995
f 954/991/1000 953/988/1000 927/1213/1242
f 955/1268/1303 954/994/1004 929/1269/495
f 1043/1071/1083 1042/992/1002 954/994/1004
f 956/1270/1304 957/1322/1360 955/1268/1303
f 968/1271/1305 971/1247/1281 945/1272/1306
f 940/1225/1254 1019/1227/1256 1003/1274/1308
f 955/1268/1303 957/1322/1360 1044/1072/1084
f 925/1206/1233 1040/1266/1301 1030/1068/1080
f 1212/1277/1311 1222/1182/1209 959/1176/1203
f 962/1164/1191 1225/1460/1515 1224/1280/1314
f 965/1185/1212 966/1224/1253 914/1179/1206
f 970/1169/1196 1010/1301/1335 968/1271/1305
f 1012/1283/1317 1013/1168/1195 972/1249/1283
f 977/1190/1217 978/1175/1202 917/1170/1197
f 981/1285/1319 919/1181/1208 980/1153/1177
f 983/1286/1320 1226/1299/1333 1216/1287/1321
f 1218/1288/1322 1228/1486/1541 1229/1289/1323
f 932/1228/1257 986/1217/1246 1230/1214/1243
f 1023/1293/1327 987/1323/1361 936/1294/1328
f 988/1226/1255 938/1229/1258 1020/1230/1259
f 993/1246/1280 946/1251/1285 991/1262/1296
f 996/1254/1288 947/1273/1307 994/1257/1291
f 1000/1253/1287 1018/1245/1279 950/1238/1268
f 1022/1296/1330 1001/1321/1359 1023/1293/1327
f 1020/1230/1259 1002/1276/1310 1003/1274/1308
f 932/1195/1222 1232/1484/1539 1223/1279/1313
f 939/1188/1215 989/1172/1199 966/1224/1253
f 966/1224/1253 967/1223/1252 915/1180/1207
f 1012/1283/1317 973/1248/1282 971/1247/1281
f 978/1175/1202 975/1174/1201 974/1298/1332
f 976/1284/1318 917/1170/1197 989/1172/1199
f 975/1174/1201 963/1177/1204 913/1167/1194
f 979/1196/1223 918/1173/1200 978/1175/1202
f 919/1181/1208 981/1285/1319 959/1176/1203
f 960/1278/1312 959/1176/1203 918/1173/1200
f 964/1281/1315 914/1179/1206 983/1286/1320
f 1226/1299/1333 983/1286/1320 961/1178/1205
f 962/1164/1191 961/1178/1205 915/1180/1207
f 919/1181/1208 1217/1183/1210 1227/1152/1174
f 964/1281/1315 938/1192/1219 988/1186/1213
f 976/1284/1318 936/1187/1214 987/1191/1218
f 1218/1300/1334 985/1194/1221 982/1193/1220
f 1011/1297/1331 971/1247/1281 968/1271/1305
f 999/1255/1289 950/1238/1268 1039/933/936
f 945/1272/1306 993/1246/1280 992/1260/1294
f 946/1251/1285 997/1250/1284 948/1263/1297
f 973/1248/1282 972/1249/1283 946/1251/1285
f 969/1282/1316 968/1271/1305 947/1273/1307
f 1024/1056/1068 1000/1253/1287 999/1255/1289
f 1038/1066/1078 996/1254/1288 995/1265/1299
f 997/1250/1284 1024/1056/1068 1035/1058/1070
f 1001/1302/1336 1022/1259/1293 992/1260/1294
f 1003/1303/1337 1002/1264/1298 995/1265/1299
f 1000/1253/1287 998/1252/1286 949/1244/1278
f 949/1244/1278 998/1252/1286 972/1249/1283
f 969/1282/1316 1036/1060/1072 1037/1059/1071
f 947/1273/1307 945/1272/1306 990/1258/1292
f 1004/1154/1179 1005/1237/1266 1015/1166/1193
f 1006/1236/1265 1016/1243/1277 1015/1166/1193
f 1006/1236/1265 950/1238/1268 1018/1245/1279
f 901/1304/1338 1071/1354/1393 1008/1305/1339
f 1074/1307/1341 1075/1357/1397 1046/1135/1152
f 1045/1308/1342 1047/1134/1151 1076/1309/1343
f 1007/1311/1345 1009/1358/1398 902/1312/1346
f 1008/1305/1339 1071/1354/1393 1050/1314/1348
f 1046/1135/1152 1075/1357/1397 1051/1316/1350
f 902/1312/1352 1009/1358/1399 1077/1317/1353
f 1076/1309/1355 1047/1134/1153 1078/1130/1356
f 967/1223/1252 1010/1301/1335 970/1169/1196
f 1011/1297/1331 1010/1301/1335 967/1223/1252
f 1012/1283/1317 1011/1297/1331 916/1171/1198
f 975/1174/1201 1013/1168/1195 1012/1283/1317
f 981/1285/1319 1017/1160/1187 913/1167/1194
f 1021/1295/1329 936/1294/1328 937/1320/1358
f 1021/1295/1329 940/1225/1254 958/1275/1309
f 934/1221/1250 987/1323/1361 1023/1293/1327
f 1023/1293/1327 1001/1321/1359 956/1270/1304
f 1078/1130/1146 1086/1131/1148 1067/1324/1362
f 921/1325/1364 1079/1315/1402 1050/1314/1365
f 1031/1140/1159 1080/1139/1158 1051/1316/1366
f 1053/1142/1162 1061/1141/1161 1085/1326/1367
f 1054/1328/1369 920/1336/1377 1084/1329/1370
f 1083/1331/1372 1066/1351/3156 1081/1332/1373
f 1082/1334/1375 1067/1324/1407 1086/1131/1164
f 1244/1335/1376 1084/1329/1370 920/1336/1377
f 1055/1337/1378 1085/1326/1367 1061/1141/1161
f 1069/1338/1379 1256/1561/1622 1251/1339/1380
f 1068/1120/1138 1069/1338/1379 1062/1340/1381
f 1245/1341/1382 1252/1348/1387 1065/1342/1383
f 1058/1343/1384 1065/1342/1383 1064/1122/1140
f 1248/1344/1385 1245/1568/1382 1058/1345/1384
f 1059/1346/1386 1058/1345/1384 1057/1347/1142
f 1055/1337/1378 1062/1340/1381 1251/1339/1380
f 1056/1116/1134 1063/1121/1139 1062/1340/1381
f 1252/1348/1387 1256/1561/1622 1069/1338/1379
f 1065/1342/1383 1069/1338/1379 1068/1120/1138
f 1219/1349/1388 1225/1460/1515 962/1164/1191
f 1266/1350/1389 1048/1318/3157 1066/1351/1390
f 1233/1353/1392 1234/1528/1583 1071/1354/1393
f 1235/1355/1394 1233/1529/1584 901/1313/1347
f 1071/1354/1393 1234/1528/1583 1268/1356/1395
f 1048/1318/1354 1266/1350/1597 1235/1355/1396
f 1073/1242/1276 921/1325/1364 912/1162/1189
f 1007/1306/1340 1008/1305/1339 1075/1357/1397
f 1074/1310/1344 1076/1309/1343 1009/1358/1398
f 1079/1315/1349 1051/1316/1350 1075/1357/1397
f 1049/1319/1357 1077/1317/1353 1009/1358/1399
f 1081/1332/1400 1077/1317/1408 1049/1319/1363
f 1219/1349/1388 1070/1163/1190 1050/1314/1365
f 1073/1242/1276 1051/1316/1366 1079/1315/1402
f 1082/1327/1368 1085/1326/1367 920/1336/1377
f 1083/1330/1371 1084/1329/1370 1249/1359/1403
f 1274/1352/1405 1066/1351/3156 1083/1331/1372
f 1067/1324/1407 1082/1334/1375 1054/1333/1374
f 1066/1351/1390 1048/1318/3157 1077/1317/1408
f 1401/1364/1409 1400/1672/1745 1089/1365/1410
f 1092/1366/1411 1089/1365/1410 1090/1367/1412
f 1090/1367/1412 1091/1455/3158 1094/1369/1414
f 1401/1364/1415 1092/1366/1419 1168/1370/1416
f 1093/1368/1418 1192/1373/1421 1168/1370/1416
f 1093/1368/1418 1094/1369/1503 1193/1372/1420
f 1089/1365/1422 1400/1672/1754 355/1374/1423
f 348/1376/1425 1090/1367/1427 1089/1365/1422
f 349/1377/1426 1091/1455/1509 1090/1367/1427
f 1205/1378/1428 1168/1370/1416 1192/1373/1421
f 1097/1380/1430 1106/1546/1605 1258/1381/1431
f 1096/1383/1433 1098/1385/1435 1202/1379/1429
f 1102/1388/1438 1162/1518/1573 1101/1389/1439
f 1103/1391/1441 1151/1395/1445 1163/1392/1442
f 1147/1394/1444 1169/1505/1560 1151/1395/1445
f 1149/1396/1446 1171/1506/1561 1099/1397/1447
f 1124/1402/1452 1126/1406/1456 1153/1403/1453
f 1123/1405/1455 1164/1504/1559 1126/1406/1456
f 1120/1407/1457 1167/1414/1464 1165/1408/1458
f 1125/1410/1460 1152/1501/1556 1170/1411/1461
f 1119/1413/1463 1148/1498/1553 1167/1414/1464
f 1326/1415/1465 1327/1426/3159 1240/1416/1466
f 1107/1417/1467 1240/1416/1466 1109/1418/1468
f 1407/1420/1470 1111/1485/1540 1110/1421/1471
f 1172/1423/1473 1415/1509/1564 1406/1422/1472
f 1113/1425/1475 1240/1416/1479 1327/1426/1476
f 1113/1425/1475 1114/1430/1542 1109/1418/1478
f 1115/1428/1480 1113/1425/1480 1328/1427/1481
f 1115/1428/1480 1116/1487/1482 1114/1430/1482
f 1416/1431/1483 1174/1434/1486 1115/1432/1484
f 1117/1435/1487 1118/1439/1490 1116/1436/495
f 1121/1438/1489 1122/1489/1544 1118/1439/1490
f 1177/1390/1440 1101/1389/1439 1155/1440/1491
f 1127/1442/1493 1124/1541/1599 1176/1443/1494
f 1119/1445/1496 1120/1437/1488 1117/1435/1487
f 1125/1446/1497 1173/1510/1565 1172/1423/1473
f 1094/1369/1414 1091/1455/3158 1128/1448/1499
f 1130/1449/1500 1128/1448/1499 1129/1450/1501
f 1129/1450/1501 1213/1457/3153 1214/1146/1167
f 1094/1369/1503 1130/1449/1505 1194/1452/1504
f 1130/1449/1505 1131/1451/1507 1138/1453/1506
f 1131/1451/1507 1214/1146/1175 1227/1152/1174
f 1132/1454/1508 1128/1448/1511 1091/1455/1509
f 350/1456/1510 1129/1450/3160 1128/1448/1511
f 1213/1457/1512 1129/1450/3160 350/1456/1510
f 1260/1458/1513 1225/1460/1515 1219/1349/1388
f 1204/1461/1516 1137/1462/1517 1096/1383/1433
f 1181/1464/1519 1133/1492/1547 1159/1465/1520
f 1160/1467/1522 1186/1470/1525 1185/1468/1523
f 1212/1277/1311 1185/1468/1523 1186/1470/1525
f 1224/1280/1314 1157/1502/1557 1184/1472/1527
f 1146/1474/1529 1191/1523/1578 1182/1475/1530
f 1210/1477/1532 1146/1474/1529 1178/1476/1531
f 1145/1479/1534 1189/1522/1577 1179/1480/1535
f 1190/1482/1537 1218/1300/1334 1216/1287/1321
f 1232/1484/1539 1145/1479/1534 1136/1481/1536
f 1108/1419/1469 1109/1418/1468 1140/1197/1224
f 1111/1485/1540 1221/1204/1231 1220/1203/1230
f 1220/1203/1230 1229/1289/1323 1228/1486/1541
f 1114/1430/1542 1141/1209/1237 1140/1197/1236
f 1142/1212/1241 1141/1209/1241 1114/1430/1482
f 1143/1488/1543 1142/1216/1245 1116/1436/495
f 1231/1291/1325 1230/1214/1243 1142/1216/1245
f 1144/1490/1545 1145/1543/1601 1143/1488/1543
f 1156/1491/1546 1159/1465/1520 1133/1492/1547
f 1127/1442/1493 1207/1444/1495 1191/1494/1549
f 1143/1488/1543 1145/1543/1601 1232/1292/1326
f 1112/1424/1474 1228/1486/1541 1218/1288/1322
f 1399/1497/1552 1408/1400/1450 1147/1394/1444
f 1150/1382/1432 1411/1570/1629 1410/1500/1555
f 1153/1403/1453 1154/1441/1492 1099/1397/1447
f 1158/1387/1437 1198/1521/1576 1156/1491/1546
f 1200/1503/1558 1201/1386/1436 1160/1467/1522
f 1165/1408/1458 1166/1393/1443 1102/1388/1438
f 1169/1505/1560 1104/1399/1449 1168/1370/1416
f 1171/1506/1561 1412/1519/1574 1402/1507/1562
f 1404/1508/1563 1414/1705/1783 1415/1509/1564
f 1119/1445/1496 1174/1434/1486 1416/1431/1483
f 1211/1513/1568 1175/1544/1602 1123/1514/1569
f 1176/1443/1494 1125/1446/1497 1208/1447/1498
f 1181/1464/1519 1134/1469/1524 1179/1480/1535
f 1184/1472/1527 1135/1493/1548 1182/1475/1530
f 1188/1471/1526 1206/1463/1518 1138/1453/1506
f 1210/1516/1571 1189/1542/1600 1211/1513/1568
f 1208/1447/1498 1190/1496/1551 1191/1494/1549
f 1119/1413/1463 1418/1702/1780 1409/1499/1554
f 1126/1406/1456 1177/1390/1440 1154/1441/1492
f 1154/1441/1492 1155/1440/1491 1100/1398/1448
f 1200/1503/1558 1161/1466/1521 1159/1465/1520
f 1166/1393/1443 1163/1392/1442 1162/1518/1573
f 1164/1504/1559 1102/1388/1438 1177/1390/1440
f 1163/1392/1442 1151/1395/1445 1098/1385/1435
f 1167/1414/1464 1103/1391/1441 1166/1393/1443
f 1104/1399/1449 1169/1505/1560 1147/1394/1444
f 1148/1498/1553 1147/1394/1444 1103/1391/1441
f 1152/1501/1556 1099/1397/1447 1171/1506/1561
f 1171/1506/1561 1149/1396/1446 1410/1500/1555
f 1150/1382/1432 1149/1396/1446 1100/1398/1448
f 1104/1399/1449 1403/1401/1451 1413/1371/1417
f 1152/1501/1556 1125/1410/1460 1176/1404/1454
f 1164/1504/1559 1123/1405/1455 1175/1409/1459
f 1404/1520/1575 1173/1412/1462 1170/1411/1461
f 1199/1517/1572 1159/1465/1520 1156/1491/1546
f 1187/1473/1528 1138/1453/1506 1227/1152/1174
f 1133/1492/1547 1181/1464/1519 1180/1478/1533
f 1134/1469/1524 1185/1468/1523 1136/1481/1536
f 1161/1466/1521 1160/1467/1522 1134/1469/1524
f 1157/1502/1557 1156/1491/1546 1135/1493/1548
f 1212/1277/1311 1188/1471/1526 1187/1473/1528
f 1226/1299/1333 1184/1472/1527 1183/1483/1538
f 1185/1468/1523 1212/1277/1311 1223/1279/1313
f 1189/1522/1577 1210/1477/1532 1180/1478/1533
f 1191/1523/1578 1190/1482/1537 1183/1483/1538
f 1188/1471/1526 1186/1470/1525 1137/1462/1517
f 1137/1462/1517 1186/1470/1525 1160/1467/1522
f 1157/1502/1557 1224/1280/1314 1225/1460/1515
f 1135/1493/1548 1133/1492/1547 1178/1476/1531
f 1192/1373/1421 1193/1372/1420 1203/1384/1434
f 1194/1452/1504 1204/1461/1516 1203/1384/1434
f 1194/1452/1504 1138/1453/1506 1206/1463/1518
f 1087/1524/1579 1259/1573/1634 1196/1525/1580
f 1262/1527/1582 1263/1576/1638 1234/1528/1583
f 1233/1529/1584 1235/1355/1394 1264/1530/1585
f 1195/1532/1587 1197/1577/1639 1088/1533/1588
f 1196/1525/1580 1259/1573/1634 1238/1535/1590
f 1234/1528/1583 1263/1576/1638 1239/1537/1592
f 1088/1533/1593 1197/1577/1640 1265/1538/1594
f 1264/1530/1596 1235/1355/1396 1266/1350/1597
f 1155/1440/1491 1198/1521/1576 1158/1387/1437
f 1198/1521/1576 1155/1440/1491 1101/1389/1439
f 1200/1503/1558 1199/1517/1572 1101/1389/1439
f 1163/1392/1442 1201/1386/1436 1200/1503/1558
f 1169/1505/1560 1205/1378/1428 1098/1385/1435
f 1209/1515/1570 1123/1514/1569 1124/1541/1599
f 1209/1515/1570 1127/1442/1493 1146/1495/1550
f 1121/1438/1489 1175/1544/1602 1211/1513/1568
f 1211/1513/1568 1189/1542/1600 1144/1490/1545
f 1237/1540/1603 1266/1350/1389 1274/1352/1391
f 1106/1546/1605 1267/1536/1644 1238/1535/1606
f 1268/1356/1401 1239/1537/3161 1261/1459/1514
f 1241/1360/1404 1249/1359/1403 1273/1547/1607
f 1242/1549/1609 1105/1580/1646 1272/1550/1610
f 1242/1552/1612 1271/2956/3162 1254/1553/1613
f 1255/1545/1615 1274/1352/1405 1241/1361/1406
f 1272/1550/1610 1105/1580/1646 1243/1556/1617
f 1243/1556/1617 1273/1547/1607 1249/1359/1403
f 1257/1558/1619 1438/1569/1628 1437/1559/1620
f 1256/1561/1622 1257/1558/1619 1250/1560/1621
f 1431/1562/1623 1438/1569/1628 1253/1563/1624
f 1246/1564/1625 1253/1563/1624 1252/1348/1387
f 1434/1565/1626 1431/1786/1623 1246/1566/1625
f 1248/1344/1385 1247/1567/1627 1246/1566/1625
f 1243/1556/1617 1250/1560/1621 1437/1559/1620
f 1244/1335/1376 1251/1339/1380 1250/1560/1621
f 1253/1563/1624 1257/1558/1619 1256/1561/1622
f 1258/1381/1431 1405/1578/1643 1411/1570/1629
f 1459/1571/1630 1451/1758/3163 1236/1539/1631
f 1419/1572/1633 1420/1747/1825 1259/1573/1634
f 1421/1574/1635 1419/1748/1826 1087/1534/1589
f 1259/1573/1634 1420/1747/1825 1453/1575/1636
f 1236/1539/1595 1451/1758/1839 1421/1574/1637
f 1106/1546/1605 1097/1380/1430 1260/1458/1513
f 1195/1526/1581 1196/1525/1580 1263/1576/1638
f 1262/1531/1586 1264/1530/1585 1197/1577/1639
f 1267/1536/1591 1239/1537/1592 1263/1576/1638
f 1237/1540/1598 1265/1538/1594 1197/1577/1640
f 1269/1554/1641 1265/1538/3164 1237/1540/1603
f 1258/1381/1431 1238/1535/1606 1453/1575/1642
f 1261/1459/1514 1239/1537/3161 1267/1536/1644
f 1270/1548/1608 1273/1547/1607 1105/1580/1646
f 1271/1551/1611 1272/1550/1610 1435/1579/1645
f 1254/1553/1613 1271/2956/3162 1427/1582/1648
f 1269/1554/1614 1255/1545/1615 1270/1555/1616
f 1236/1539/1631 1265/1538/3164 1269/1554/1641
f 1607/1585/1650 1606/1892/1984 1277/1586/1651
f 1280/1587/1652 1277/1586/1651 1278/1588/1653
f 1281/1589/1654 1278/1588/1653 1279/1590/1655
f 1280/1587/1657 1355/1593/1661 1619/1592/1658
f 1281/1589/1660 1379/1595/1663 1355/1593/1661
f 1281/1589/1660 1282/1591/1747 1380/1594/1662
f 1277/1586/1664 1606/1892/1994 361/1596/1665
f 1278/1588/1667 1277/1586/1664 1283/1597/1666
f 1279/1590/1669 1278/1588/1667 351/1598/1668
f 1392/1600/1671 1355/1593/1661 1379/1595/1663
f 1286/1602/1673 1295/1765/1848 1443/1603/1674
f 1285/1605/1676 1287/1607/1678 1389/1601/1672
f 1291/1610/1681 1349/1737/1815 1290/1611/1682
f 1292/1613/1684 1338/1617/1688 1350/1614/1685
f 1334/1616/1687 1356/1724/1802 1338/1617/1688
f 1336/1618/1689 1358/1726/1804 1288/1619/1690
f 1311/1624/1695 1313/1628/1699 1340/1625/1696
f 1310/1627/1698 1351/1723/1801 1313/1628/1699
f 1307/1629/1700 1354/1636/1707 1352/1630/1701
f 1312/1632/1703 1339/1720/1798 1357/1633/1704
f 1306/1635/1706 1335/1717/1795 1354/1636/1707
f 1533/1637/1708 1426/1640/1711 352/1638/1709
f 1426/1640/1711 1296/1703/1781 353/1641/1712
f 1613/1642/1713 1298/1704/1782 1297/1643/1714
f 1359/1645/1716 1621/1728/1806 1612/1644/1715
f 1300/1647/1718 1426/1640/1722 1533/1637/1719
f 1301/1649/1721 1296/1703/1784 1426/1640/1722
f 1302/1650/1723 1300/1647/1723 1534/1648/1724
f 1302/1650/1723 1303/1706/1725 1301/1649/1725
f 1622/1652/1726 1361/1655/1729 1302/1653/1727
f 1304/1656/1730 1305/1660/1733 1303/1657/495
f 1308/1659/1732 1309/1708/1786 1305/1660/1733
f 1364/1612/1683 1290/1611/1682 1342/1661/1734
f 1314/1663/1736 1311/1760/1841 1363/1664/1737
f 1306/1666/1739 1307/1658/1731 1304/1656/1730
f 1312/1667/1740 1360/1729/1807 1359/1645/1716
f 1279/1590/1655 1315/2957/3165 1317/1669/1742
f 1317/1669/1742 1315/2957/3165 1316/1670/1743
f 1318/1671/1744 1316/1670/1743 1400/1672/1745
f 1317/1669/1746 1381/1674/1749 1380/1594/1662
f 1317/1669/1746 1318/1671/1750 1325/1673/1748
f 1318/1671/1750 1401/1364/1415 1413/1371/1417
f 1319/1675/1751 1315/2957/3166 1279/1590/1669
f 1316/1670/1752 1315/2957/3166 1319/1675/1751
f 1400/1672/1754 1316/1670/1752 354/1676/1753
f 1445/1677/1755 1411/1570/1629 1405/1578/1643
f 1391/1679/1757 1324/1680/1758 1285/1605/1676
f 1368/1682/1760 1320/1711/1789 1346/1683/1761
f 1347/1685/1763 1373/1688/1766 1372/1686/1764
f 1399/1497/1552 1372/1686/1764 1373/1688/1766
f 1410/1500/1555 1344/1721/1799 1371/1690/1768
f 1333/1692/1770 1378/1742/1820 1369/1693/1771
f 1397/1695/1773 1333/1692/1770 1365/1694/1772
f 1332/1697/1775 1376/1741/1819 1366/1698/1776
f 1377/1700/1778 1404/1520/1575 1402/1507/1562
f 1418/1702/1780 1332/1697/1775 1323/1699/1777
f 1296/1703/1781 1327/1426/3159 1326/1415/1465
f 1407/1420/1470 1406/1422/1472 1297/1643/1714
f 1406/1422/1472 1415/1509/1564 1414/1705/1783
f 1301/1649/1721 1328/1427/1477 1327/1426/1476
f 1303/1706/1725 1329/1429/1481 1328/1427/1481
f 1330/1707/1785 1329/1433/1485 1303/1657/495
f 1417/1511/1566 1416/1431/1483 1329/1433/1485
f 1331/1709/1787 1332/1762/1843 1330/1707/1785
f 1343/1710/1788 1346/1683/1761 1320/1711/1789
f 1314/1663/1736 1394/1665/1738 1378/1713/1791
f 1330/1707/1785 1332/1762/1843 1418/1512/1567
f 1299/1646/1717 1414/1705/1783 1404/1508/1563
f 1605/1716/1794 1614/1622/1693 1334/1616/1687
f 1337/1604/1675 1617/1900/1997 1616/1719/1797
f 1340/1625/1696 1341/1662/1735 1288/1619/1690
f 1345/1609/1680 1385/1740/1818 1343/1710/1788
f 1387/1722/1800 1388/1608/1679 1347/1685/1763
f 1352/1630/1701 1353/1615/1686 1291/1610/1681
f 1356/1724/1802 1293/1621/1692 1355/1593/1661
f 1618/1725/1803 1608/1739/1817 1357/1633/1704
f 1610/1727/1805 1620/1927/2024 1621/1728/1806
f 1306/1666/1739 1361/1655/1729 1622/1652/1726
f 1398/1732/1810 1362/1763/1844 1310/1733/1811
f 1363/1664/1737 1312/1667/1740 1395/1668/1741
f 1368/1682/1760 1321/1687/1765 1366/1698/1776
f 1371/1690/1768 1322/1712/1790 1369/1693/1771
f 1375/1689/1767 1393/1681/1759 1325/1673/1748
f 1397/1735/1813 1376/1761/1842 1398/1732/1810
f 1395/1668/1741 1377/1715/1793 1378/1713/1791
f 1306/1635/1706 1624/1924/2021 1615/1718/1796
f 1313/1628/1699 1364/1612/1683 1341/1662/1735
f 1341/1662/1735 1342/1661/1734 1289/1620/1691
f 1387/1722/1800 1348/1684/1762 1346/1683/1761
f 1353/1615/1686 1350/1614/1685 1349/1737/1815
f 1351/1723/1801 1291/1610/1681 1364/1612/1683
f 1350/1614/1685 1338/1617/1688 1287/1607/1678
f 1354/1636/1707 1292/1613/1684 1353/1615/1686
f 1293/1621/1692 1356/1724/1802 1334/1616/1687
f 1335/1717/1795 1334/1616/1687 1292/1613/1684
f 1339/1720/1798 1288/1619/1690 1358/1726/1804
f 1358/1726/1804 1336/1618/1689 1616/1719/1797
f 1337/1604/1675 1336/1618/1689 1289/1620/1691
f 1293/1621/1692 1609/1623/1694 1619/1592/1658
f 1339/1720/1798 1312/1632/1703 1363/1626/1697
f 1351/1723/1801 1310/1627/1698 1362/1631/1702
f 1610/1738/1816 1360/1634/1705 1357/1633/1704
f 1385/1740/1818 1386/1736/1814 1346/1683/1761
f 1374/1691/1769 1325/1673/1748 1413/1371/1417
f 1320/1711/1789 1368/1682/1760 1367/1696/1774
f 1321/1687/1765 1372/1686/1764 1323/1699/1777
f 1348/1684/1762 1347/1685/1763 1321/1687/1765
f 1344/1721/1799 1343/1710/1788 1322/1712/1790
f 1399/1497/1552 1375/1689/1767 1374/1691/1769
f 1412/1519/1574 1371/1690/1768 1370/1701/1779
f 1372/1686/1764 1399/1497/1552 1409/1499/1554
f 1376/1741/1819 1397/1695/1773 1367/1696/1774
f 1378/1742/1820 1377/1700/1778 1370/1701/1779
f 1375/1689/1767 1373/1688/1766 1324/1680/1758
f 1324/1680/1758 1373/1688/1766 1347/1685/1763
f 1344/1721/1799 1410/1500/1555 1411/1570/1629
f 1322/1712/1790 1320/1711/1789 1365/1694/1772
f 1379/1595/1663 1380/1594/1662 1390/1606/1677
f 1381/1674/1749 1391/1679/1757 1390/1606/1677
f 1381/1674/1749 1325/1673/1748 1393/1681/1759
f 1382/1743/1821 1275/1793/1876 1444/1744/1822
f 1447/1746/1824 1448/1796/1880 1420/1747/1825
f 1419/1748/1826 1421/1574/1635 1449/1749/1827
f 1275/1751/1829 1382/1797/1881 1384/1752/1830
f 1452/1754/1832 1383/1745/1823 1444/1744/1822
f 1420/1747/1825 1448/1796/1880 1425/1756/1834
f 1384/1752/1835 1450/1798/3167 1422/1757/1836
f 1449/1749/1838 1421/1574/1637 1451/1758/1839
f 1342/1661/1734 1385/1740/1818 1345/1609/1680
f 1385/1740/1818 1342/1661/1734 1290/1611/1682
f 1387/1722/1800 1386/1736/1814 1290/1611/1682
f 1350/1614/1685 1388/1608/1679 1387/1722/1800
f 1356/1724/1802 1392/1600/1671 1287/1607/1678
f 1396/1734/1812 1310/1733/1811 1311/1760/1841
f 1397/1735/1813 1396/1734/1812 1314/1663/1736
f 1308/1659/1732 1362/1763/1844 1398/1732/1810
f 1398/1732/1810 1376/1761/1842 1331/1709/1787
f 1423/1759/1845 1451/1758/3163 1459/1571/1630
f 1452/1754/1847 1424/1755/3168 1443/1603/1674
f 1405/1578/1643 1453/1575/1642 1425/1756/1849
f 1427/1581/1647 1435/1579/1645 1458/1766/1850
f 1428/1768/1852 1294/1800/1885 1457/1769/1853
f 1456/1771/1855 1440/1790/1887 1454/1772/1856
f 1441/1764/1858 1459/1571/1649 1427/1582/1648
f 1457/1769/1853 1294/1800/1885 1429/1775/1860
f 1429/1775/1860 1458/1766/1850 1435/1579/1645
f 1442/1777/1862 1649/1787/1870 1648/1778/1863
f 1442/1777/1862 1436/1779/1864 1437/1559/1620
f 1639/1780/1865 1649/1787/1870 1439/1781/1866
f 1431/1562/1623 1432/1782/1867 1439/1781/1866
f 1643/1783/1868 1639/2008/1865 1432/1784/1867
f 1434/1565/1626 1433/1785/1869 1432/1784/1867
f 1429/1775/1860 1436/1779/1864 1648/1778/1863
f 1430/1557/1618 1437/1559/1620 1436/1779/1864
f 1611/1788/1871 1617/1900/1997 1337/1604/1675
f 1665/1789/1872 1422/1757/3169 1440/1790/1873
f 1625/1792/1875 1626/1969/2067 1444/1744/1822
f 1627/1794/1877 1625/1970/2068 1275/1751/1829
f 1444/1744/1822 1626/1969/2067 1668/1795/1878
f 1422/1757/1836 1665/1789/2081 1627/1794/1879
f 1446/1678/1756 1295/1765/1848 1286/1602/1673
f 1382/1743/1821 1383/1745/1823 1448/1796/1880
f 1382/1797/1881 1447/1750/1828 1449/1749/1827
f 1452/1754/1832 1425/1756/1834 1448/1796/1880
f 1423/1759/1840 1450/1798/3167 1384/1752/1835
f 1441/1764/1846 1454/1772/1890 1450/1798/1882
f 1443/1603/1674 1424/1755/3168 1668/1795/1883
f 1446/1678/1756 1425/1756/1849 1452/1754/1847
f 1428/1768/1852 1455/1767/1851 1458/1766/1850
f 1456/1770/1854 1457/1769/1853 1645/1799/1884
f 1440/1790/1887 1456/1771/1855 1633/1802/1888
f 1441/1764/1858 1455/1774/1859 1428/1773/1857
f 1440/1790/1873 1422/1757/3169 1450/1798/1882
f 1463/1805/1891 1462/2958/3170 1483/1806/1892
f 1486/1807/1893 1483/1806/1892 1484/1808/1894
f 1484/1808/1894 1485/1888/1980 1488/1810/1896
f 1486/1807/1897 1561/1812/1901 1474/1811/1898
f 1487/1809/1900 1585/1813/1903 1561/1812/1901
f 1488/1810/1902 1586/1894/1986 1585/1813/1903
f 1483/1806/1904 1462/2958/3171 356/1814/1905
f 1484/1808/1907 1483/1806/1904 357/1815/1906
f 358/1817/1909 1485/1888/1991 1484/1808/1907
f 1598/1818/1910 1561/1812/1901 1585/1813/1903
f 1491/1820/1912 1500/1986/2089 1654/1821/1913
f 1490/1823/1915 1492/1825/1917 1595/1819/1911
f 1496/1828/1920 1555/1959/2057 1495/1829/1921
f 1497/1831/1923 1544/1835/1927 1556/1832/1924
f 1540/1834/1926 1562/1945/2043 1544/1835/1927
f 1542/1836/1928 1564/1946/2044 1493/1837/1929
f 1518/1842/1934 1520/1846/1938 1546/1843/1935
f 1517/1845/1937 1557/1944/2042 1520/1846/1938
f 1514/1847/1939 1560/1854/1946 1558/1848/1940
f 1519/1850/1942 1545/1941/2039 1563/1851/1943
f 1513/1853/1945 1541/1938/2036 1560/1854/1946
f 1748/1855/1947 1749/1865/2267 1632/1856/1948
f 1632/1856/1948 1503/1925/2022 1502/1858/1950
f 1469/1859/1951 1505/1926/2023 1504/1860/1952
f 1565/1862/1954 1475/1949/2047 1468/1861/1953
f 1507/1864/1956 1632/1856/1960 1749/1865/1957
f 1508/1867/1959 1503/1925/2025 1632/1856/1960
f 1509/1868/1961 1507/1864/1961 1750/1866/1962
f 1510/1870/1963 1508/1867/1963 1507/1864/1961
f 1477/1871/1964 1567/1874/1967 1509/1872/1965
f 1511/1875/1968 1512/1879/1971 1510/1876/495
f 1515/1878/1970 1516/1929/2027 1512/1879/1971
f 1570/1830/1922 1495/1829/1921 1548/1880/1972
f 1521/1882/1974 1518/1981/2083 1569/1883/1975
f 1513/1885/1977 1514/1877/1969 1511/1875/1968
f 1519/1886/1978 1566/1950/2048 1565/1862/1954
f 1485/1888/1980 1522/2959/3172 1524/1889/1981
f 1524/1889/1981 1522/2959/3172 1523/1890/1982
f 1525/1891/1983 1523/1890/1982 1606/1892/1984
f 1488/1810/1902 1524/1889/1987 1587/1893/1985
f 1524/1889/1987 1525/1891/1989 1531/1895/1988
f 1607/1585/1659 1619/1592/1658 1531/1895/1988
f 359/1896/1990 1522/2959/3173 1485/1888/1991
f 1523/1890/1992 1522/2959/3173 359/1896/1990
f 1606/1892/1994 1523/1890/1992 360/1897/1993
f 1658/1898/1995 1617/1900/1997 1611/1788/1871
f 1597/1901/1998 1530/1902/1999 1490/1823/1915
f 1574/1904/2001 1526/1932/2030 1552/1905/2002
f 1553/1907/2004 1579/1910/2007 1578/1908/2005
f 1605/1716/1794 1578/1908/2005 1579/1910/2007
f 1616/1719/1797 1550/1942/2040 1577/1912/2009
f 1539/1914/2011 1584/1964/2062 1575/1915/2012
f 1603/1917/2014 1539/1914/2011 1571/1916/2013
f 1538/1919/2016 1582/1963/2061 1572/1920/2017
f 1583/1922/2019 1610/1738/1816 1608/1739/1817
f 1624/1924/2021 1538/1919/2016 1529/1921/2018
f 1503/1925/2022 1533/1637/1708 1532/1639/1710
f 1613/1642/1713 1612/1644/1715 1504/1860/1952
f 1612/1644/1715 1621/1728/1806 1620/1927/2024
f 1508/1867/1959 1534/1648/1720 1533/1637/1719
f 1510/1870/1963 1535/1651/1724 1534/1648/1724
f 1536/1928/2026 1535/1654/1728 1510/1876/495
f 1623/1730/1808 1622/1652/1726 1535/1654/1728
f 1537/1930/2028 1538/1983/2085 1536/1928/2026
f 1549/1931/2029 1552/1905/2002 1526/1932/2030
f 1521/1882/1974 1600/1884/1976 1584/1934/2032
f 1536/1928/2026 1538/1983/2085 1624/1731/1809
f 1506/1863/1955 1620/1927/2024 1610/1727/1805
f 1460/1937/2035 1470/1840/1932 1540/1834/1926
f 1543/1822/1914 1461/2009/2113 1472/1940/2038
f 1546/1843/1935 1547/1881/1973 1493/1837/1929
f 1551/1827/1919 1591/1962/2060 1549/1931/2029
f 1593/1943/2041 1594/1826/1918 1553/1907/2004
f 1558/1848/1940 1559/1833/1925 1496/1828/1920
f 1562/1945/2043 1498/1839/1931 1561/1812/1901
f 1564/1946/2044 1473/1960/2058 1464/1947/2045
f 1476/1948/2046 1466/2146/2268 1475/1949/2047
f 1513/1885/1977 1567/1874/1967 1477/1871/1964
f 1604/1953/2051 1568/1984/2086 1517/1954/2052
f 1569/1883/1975 1519/1886/1978 1601/1887/1979
f 1574/1904/2001 1527/1909/2006 1572/1920/2017
f 1577/1912/2009 1528/1933/2031 1575/1915/2012
f 1581/1911/2008 1599/1903/2000 1531/1895/1988
f 1603/1956/2054 1582/1982/2084 1604/1953/2051
f 1601/1887/1979 1583/1936/2034 1584/1934/2032
f 1479/1957/2055 1471/1939/2037 1541/1938/2036
f 1520/1846/1938 1570/1830/1922 1547/1881/1973
f 1547/1881/1973 1548/1880/1972 1494/1838/1930
f 1592/1958/2056 1593/1943/2041 1554/1906/2003
f 1559/1833/1925 1556/1832/1924 1555/1959/2057
f 1557/1944/2042 1496/1828/1920 1570/1830/1922
f 1556/1832/1924 1544/1835/1927 1492/1825/1917
f 1560/1854/1946 1497/1831/1923 1559/1833/1925
f 1498/1839/1931 1562/1945/2043 1540/1834/1926
f 1541/1938/2036 1540/1834/1926 1497/1831/1923
f 1545/1941/2039 1493/1837/1929 1564/1946/2044
f 1473/1960/2058 1564/1946/2044 1542/1836/1928
f 1543/1822/1914 1542/1836/1928 1494/1838/1930
f 1498/1839/1931 1465/1841/1933 1474/1811/1898
f 1545/1941/2039 1519/1850/1942 1569/1844/1936
f 1557/1944/2042 1517/1845/1937 1568/1849/1941
f 1566/1852/1944 1563/1851/1943 1464/1947/2045
f 1591/1962/2060 1592/1958/2056 1552/1905/2002
f 1580/1913/2010 1531/1895/1988 1619/1592/1658
f 1526/1932/2030 1574/1904/2001 1573/1918/2015
f 1527/1909/2006 1578/1908/2005 1529/1921/2018
f 1554/1906/2003 1553/1907/2004 1527/1909/2006
f 1550/1942/2040 1549/1931/2029 1528/1933/2031
f 1605/1716/1794 1581/1911/2008 1580/1913/2010
f 1618/1725/1803 1577/1912/2009 1576/1923/2020
f 1578/1908/2005 1605/1716/1794 1615/1718/1796
f 1582/1963/2061 1603/1917/2014 1573/1918/2015
f 1584/1964/2062 1583/1922/2019 1576/1923/2020
f 1581/1911/2008 1579/1910/2007 1530/1902/1999
f 1530/1902/1999 1579/1910/2007 1553/1907/2004
f 1550/1942/2040 1616/1719/1797 1617/1900/1997
f 1528/1933/2031 1526/1932/2030 1571/1916/2013
f 1585/1813/1903 1586/1894/1986 1596/1824/1916
f 1587/1893/1985 1597/1901/1998 1596/1824/1916
f 1587/1893/1985 1531/1895/1988 1599/1903/2000
f 1480/1965/2063 1656/2013/2118 1589/1966/2064
f 1660/1968/2066 1661/2016/2122 1626/1969/2067
f 1625/1970/2068 1627/1794/1877 1662/1971/2069
f 1480/1973/2071 1588/2017/2123 1590/1974/2072
f 1589/1966/2064 1656/2013/2118 1630/1976/2074
f 1626/1969/2067 1661/2016/2122 1631/1978/2076
f 1590/1974/2077 1664/2018/3174 1628/1979/2078
f 1662/1971/2080 1627/1794/1879 1665/1789/2081
f 1548/1880/1972 1591/1962/2060 1551/1827/1919
f 1591/1962/2060 1548/1880/1972 1495/1829/1921
f 1593/1943/2041 1592/1958/2056 1495/1829/1921
f 1556/1832/1924 1594/1826/1918 1593/1943/2041
f 1562/1945/2043 1598/1818/1910 1492/1825/1917
f 1602/1955/2053 1517/1954/2052 1518/1981/2083
f 1602/1955/2053 1521/1882/1974 1539/1935/2033
f 1515/1878/1970 1568/1984/2086 1604/1953/2051
f 1604/1953/2051 1582/1982/2084 1537/1930/2028
f 1665/1789/1872 1675/1791/1874 1651/1985/2087
f 1500/1986/2089 1667/1977/2127 1630/1976/2090
f 1611/1788/1871 1668/1795/1883 1631/1978/2091
f 1633/1801/1886 1645/1799/1884 1673/1987/2092
f 1671/1989/2094 1635/2021/2129 1499/1990/2095
f 1671/1992/2097 1650/2010/2131 1669/1993/2098
f 1651/1985/2100 1675/1791/1889 1633/1802/1888
f 1636/1996/2102 1672/1991/2096 1499/1990/2095
f 1673/1987/2092 1645/1799/1884 1638/1776/1861
f 1647/1998/2104 1653/2004/2110 1652/1999/2105
f 1649/1787/1870 1653/2004/2110 1647/1998/2104
f 1838/2001/2107 1653/2004/2110 1641/2002/2108
f 1639/1780/1865 1641/2002/2108 1653/2004/2110
f 1834/2005/2111 1640/2228/2109 1641/2006/2108
f 1642/2007/2112 1641/2006/2108 1639/2008/1865
f 1647/1998/2104 1646/2000/2106 1636/1996/2102
f 1638/1776/1861 1648/1778/1863 1647/1998/2104
f 1654/1821/1913 1467/2019/2126 1461/2009/2113
f 1650/2010/2114 1674/2024/3175 1663/2011/2115
f 1655/2012/2117 1481/2190/2311 1656/2013/2118
f 1657/2014/2119 1655/2191/2312 1480/1973/2071
f 1656/2013/2118 1481/2190/2311 1666/2015/2120
f 1663/2011/2121 1657/2014/2325 1482/1975/2079
f 1659/1899/1996 1500/1986/2089 1491/1820/1912
f 1588/1967/2065 1589/1966/2064 1661/2016/2122
f 1660/1972/2070 1662/1971/2069 1590/1974/2072
f 1667/1977/2075 1631/1978/2076 1661/2016/2122
f 1629/1980/2082 1664/2018/3174 1590/1974/2077
f 1651/1985/2087 1669/1993/2134 1664/2018/2124
f 1654/1821/1913 1630/1976/2090 1666/2015/2125
f 1500/1986/2089 1659/1899/1996 1631/1978/2091
f 1670/1988/2093 1673/1987/2092 1499/1990/2095
f 1634/2022/2130 1671/1989/2094 1672/1991/2096
f 1650/2010/2131 1671/1992/2097 1634/2023/2132
f 1669/1993/2098 1651/1985/2100 1670/1995/2101
f 1650/2010/2114 1628/1979/2116 1664/2018/2124
f 1679/2027/2135 1700/2030/2137 1703/2028/2136
f 1700/2030/2137 1701/2032/2139 1704/2031/2138
f 1701/2032/2139 1702/2119/3176 1705/2033/2140
f 1703/2028/2141 1777/2035/2145 1691/2034/2142
f 1704/2031/2144 1801/2037/2147 1777/2035/2145
f 1704/2031/2144 1705/2033/2233 1802/2036/2146
f 363/2038/2148 1700/2030/2152 1679/2027/2149
f 364/2040/2151 1701/2032/2154 1700/2030/2152
f 365/2041/2153 1702/2119/2238 1701/2032/2154
f 1814/2042/2155 1777/2035/2145 1801/2037/2147
f 1707/2044/2157 1716/2208/2334 1844/2045/2158
f 1706/2047/2160 1708/2049/2162 1811/2043/2156
f 1712/2052/2165 1771/2180/2301 1711/2053/2166
f 1713/2055/2168 1760/2059/2172 1772/2056/2169
f 1756/2058/2171 1778/2166/2287 1760/2059/2172
f 1758/2060/2173 1780/2168/2289 1709/2061/2174
f 1733/2066/2179 1735/2070/2183 1762/2067/2180
f 1732/2069/2182 1773/2165/2286 1735/2070/2183
f 1729/2071/2184 1776/2078/2191 1774/2072/2185
f 1734/2074/2187 1761/2162/2283 1779/2075/2188
f 1728/2077/2190 1757/2159/2280 1776/2078/2191
f 1936/2079/2192 1825/2082/2195 366/2080/2193
f 1825/2082/2195 1718/2147/3177 1717/2083/2196
f 1720/2084/2197 1719/2089/2202 1685/2085/2198
f 1781/2087/2200 1692/2170/2291 1685/2085/2198
f 1722/2090/2203 1825/2082/2207 1936/2079/2204
f 1723/2092/2206 1718/2147/2269 1825/2082/2207
f 1938/2093/2208 1724/2094/2210 1722/2090/2209
f 1724/2094/2210 1725/2148/2211 1723/2092/2211
f 1694/2095/2212 1783/2098/2215 1724/2096/2213
f 1726/2099/2216 1727/2150/2271 1725/2100/495
f 1731/2103/2219 1727/2150/2271 1726/2099/2216
f 1786/2054/2167 1711/2053/2166 1764/2104/2220
f 1736/2106/2222 1733/2203/2328 1785/2107/2223
f 1728/2109/2225 1729/2101/2217 1726/2099/2216
f 1734/2110/2226 1782/2171/2292 1781/2087/2200
f 1705/2033/2140 1702/2119/3176 1737/2112/2228
f 1739/2113/2229 1737/2112/2228 1738/2114/2230
f 1738/2114/2230 1462/2958/3170 1463/1805/1891
f 1739/2113/2232 1803/2117/2235 1802/2036/2146
f 1739/2113/2232 1740/2115/2236 1747/2116/2234
f 1740/2115/2236 1463/1805/1899 1474/1811/1898
f 367/2118/2237 1737/2112/2240 1702/2119/2238
f 1741/2120/2239 1738/2114/2241 1737/2112/2240
f 356/1814/1905 1462/2958/3171 1738/2114/2241
f 1848/2121/2242 1461/2009/2113 1467/2019/2126
f 1813/2123/2244 1746/2124/2245 1706/2047/2160
f 1790/2126/2247 1742/2153/2274 1768/2127/2248
f 1769/2129/2250 1795/2132/2253 1794/2130/2251
f 1460/1937/2035 1794/2130/2251 1795/2132/2253
f 1472/1940/2038 1766/2163/2284 1793/2134/2255
f 1755/2136/2257 1800/2185/2306 1791/2137/2258
f 1819/2139/2260 1755/2136/2257 1787/2138/2259
f 1754/2141/2262 1798/2184/2305 1788/2142/2263
f 1799/2144/2265 1476/1961/2059 1464/1947/2045
f 1479/1957/2055 1754/2141/2262 1745/2143/2264
f 1717/2083/2196 1718/2147/3177 1749/1865/2267
f 1720/2084/2197 1469/1859/1951 1468/1861/1953
f 1468/1861/1953 1475/1949/2047 1466/2146/2268
f 1750/1866/1958 1749/1865/1957 1718/2147/2269
f 1725/2148/2211 1751/1869/1962 1750/1866/1962
f 1752/2149/2270 1751/1873/1966 1725/2100/495
f 1478/1951/2049 1477/1871/1964 1751/1873/1966
f 1753/2151/2272 1754/2205/2330 1752/2149/2270
f 1765/2152/2273 1768/2127/2248 1742/2153/2274
f 1736/2106/2222 1816/2108/2224 1800/2155/2276
f 1752/2149/2270 1754/2205/2330 1479/1952/2050
f 1721/2088/2201 1466/2146/2268 1476/1948/2046
f 1677/2158/2279 1687/2064/2177 1756/2058/2171
f 1759/2046/2159 1678/2343/2484 1689/2161/2282
f 1762/2067/2180 1763/2105/2221 1709/2061/2174
f 1767/2051/2164 1807/2183/2304 1765/2152/2273
f 1809/2164/2285 1810/2050/2163 1769/2129/2250
f 1774/2072/2185 1775/2057/2170 1712/2052/2165
f 1778/2166/2287 1714/2063/2176 1777/2035/2145
f 1690/2167/2288 1681/2182/2303 1779/2075/2188
f 1693/2169/2290 1683/2367/2508 1692/2170/2291
f 1728/2109/2225 1783/2098/2215 1694/2095/2212
f 1820/2174/2295 1784/2206/2331 1732/2175/2296
f 1785/2107/2223 1734/2110/2226 1817/2111/2227
f 1790/2126/2247 1743/2131/2252 1788/2142/2263
f 1793/2134/2255 1744/2154/2275 1791/2137/2258
f 1797/2133/2254 1815/2125/2246 1747/2116/2234
f 1819/2177/2298 1798/2204/2329 1820/2174/2295
f 1817/2111/2227 1799/2157/2278 1800/2155/2276
f 1696/2178/2299 1688/2160/2281 1757/2159/2280
f 1735/2070/2183 1786/2054/2167 1763/2105/2221
f 1763/2105/2221 1764/2104/2220 1710/2062/2175
f 1809/2164/2285 1770/2128/2249 1768/2127/2248
f 1775/2057/2170 1772/2056/2169 1771/2180/2301
f 1773/2165/2286 1712/2052/2165 1786/2054/2167
f 1772/2056/2169 1760/2059/2172 1708/2049/2162
f 1776/2078/2191 1713/2055/2168 1775/2057/2170
f 1714/2063/2176 1778/2166/2287 1756/2058/2171
f 1757/2159/2280 1756/2058/2171 1713/2055/2168
f 1761/2162/2283 1709/2061/2174 1780/2168/2289
f 1690/2167/2288 1780/2168/2289 1758/2060/2173
f 1759/2046/2159 1758/2060/2173 1710/2062/2175
f 1714/2063/2176 1682/2065/2178 1691/2034/2142
f 1761/2162/2283 1734/2074/2187 1785/2068/2181
f 1773/2165/2286 1732/2069/2182 1784/2073/2186
f 1693/2181/2302 1782/2076/2189 1779/2075/2188
f 1807/2183/2304 1808/2179/2300 1768/2127/2248
f 1796/2135/2256 1747/2116/2234 1474/1811/1898
f 1742/2153/2274 1790/2126/2247 1789/2140/2261
f 1743/2131/2252 1794/2130/2251 1745/2143/2264
f 1770/2128/2249 1769/2129/2250 1743/2131/2252
f 1766/2163/2284 1765/2152/2273 1744/2154/2275
f 1460/1937/2035 1797/2133/2254 1796/2135/2256
f 1473/1960/2058 1793/2134/2255 1792/2145/2266
f 1794/2130/2251 1460/1937/2035 1471/1939/2037
f 1798/2184/2305 1819/2139/2260 1789/2140/2261
f 1800/2185/2306 1799/2144/2265 1792/2145/2266
f 1797/2133/2254 1795/2132/2253 1746/2124/2245
f 1746/2124/2245 1795/2132/2253 1769/2129/2250
f 1766/2163/2284 1472/1940/2038 1461/2009/2113
f 1744/2154/2275 1742/2153/2274 1787/2138/2259
f 1801/2037/2147 1802/2036/2146 1812/2048/2161
f 1803/2117/2235 1813/2123/2244 1812/2048/2161
f 1803/2117/2235 1747/2116/2234 1815/2125/2246
f 1804/2186/2307 1697/2233/2360 1846/2187/2308
f 1850/2189/2310 1851/2199/2320 1481/2190/2311
f 1655/2191/2312 1657/2014/2119 1852/2192/2313
f 1697/2194/2315 1804/2237/2364 1806/2195/2316
f 1856/2197/2318 1805/2188/2309 1846/2187/2308
f 1666/2015/2120 1481/2190/2311 1851/2199/2320
f 1806/2195/2322 1854/2238/2365 1821/2201/2323
f 1657/2014/2325 1663/2011/2121 1822/2202/2326
f 1764/2104/2220 1807/2183/2304 1767/2051/2164
f 1807/2183/2304 1764/2104/2220 1711/2053/2166
f 1809/2164/2285 1808/2179/2300 1711/2053/2166
f 1772/2056/2169 1810/2050/2163 1809/2164/2285
f 1778/2166/2287 1814/2042/2155 1708/2049/2162
f 1818/2176/2297 1732/2175/2296 1733/2203/2328
f 1818/2176/2297 1736/2106/2222 1755/2156/2277
f 1730/2102/2218 1784/2206/2331 1820/2174/2295
f 1820/2174/2295 1798/2204/2329 1753/2151/2272
f 1663/2011/2115 1674/2024/3175 1841/2207/2332
f 1856/2197/2333 1823/2198/2367 1844/2045/2158
f 1666/2015/2125 1824/2200/2369 1849/2122/2243
f 1634/2022/2130 1644/2020/2128 1861/2209/2335
f 1859/2211/2337 1827/2241/2371 1715/2212/2338
f 1840/2214/2340 1857/2245/2375 1827/2215/2341
f 1634/2023/2132 1858/2246/2376 1841/2207/2343
f 1860/2213/2339 1715/2212/2338 1829/2217/2344
f 1861/2209/2335 1644/2020/2128 1636/1996/2102
f 1837/2219/2346 1843/2229/2354 1842/2220/2347
f 1652/1999/2105 1843/2229/2354 1837/2219/2346
f 1839/2222/2349 1843/2229/2354 1831/2223/2350
f 1831/2223/2350 1843/2229/2354 1838/2001/2107
f 1832/2225/2352 1830/2447/2351 1831/2226/2350
f 1834/2005/2111 1833/2227/2353 1831/2226/2350
f 1837/2219/2346 1836/2221/2348 1828/2218/2345
f 1646/2000/2106 1837/2219/2346 1829/2217/2344
f 1684/2230/2355 1678/2343/2484 1759/2046/2159
f 1840/2214/2356 1862/2243/2570 1853/2231/2357
f 1845/2232/2359 1698/2235/2362 1846/2187/2308
f 1699/2196/2317 1847/2236/3178 1845/2234/2361
f 1698/2235/2362 1855/2239/2559 1823/2198/2319
f 1821/2201/2323 1853/2231/2563 1847/2236/2363
f 1716/2208/2334 1707/2044/2157 1848/2121/2242
f 1850/2189/2310 1804/2186/2307 1805/2188/2309
f 1804/2237/2364 1850/2193/2314 1852/2192/2313
f 1824/2200/2321 1851/2199/2320 1805/2188/2309
f 1854/2238/2365 1806/2195/2322 1852/2192/2327
f 1841/2207/2332 1857/2245/2377 1854/2238/2366
f 1684/2230/2355 1844/2045/2158 1823/2198/2367
f 1716/2208/2334 1849/2122/2243 1824/2200/2369
f 1827/2241/2371 1858/2210/2336 1861/2209/2335
f 1859/2211/2337 1860/2213/2339 1835/2240/2370
f 1862/2243/2373 1840/2214/2340 1859/2216/2342
f 1857/2245/2375 1841/2207/2343 1858/2246/2376
f 1840/2214/2356 1821/2201/2358 1854/2238/2366
f 1866/2249/2378 1865/2960/3179 1887/2250/2379
f 1887/2250/2379 1888/2253/2382 1891/2252/2381
f 1888/2253/2382 1889/2961/3180 1892/2254/2383
f 1890/2251/2384 1964/2256/2388 1878/2255/2385
f 1891/2252/2387 1988/2258/2390 1964/2256/2388
f 1891/2252/2387 1892/2254/2474 1989/2257/2389
f 1887/2250/2391 1865/2960/3181 1867/2259/2392
f 1888/2253/2394 1887/2250/2391 368/2260/2393
f 370/2262/2396 1889/2961/3182 1888/2253/2394
f 2001/2263/2397 1964/2256/2388 1988/2258/2390
f 1894/2265/2399 1903/2426/2572 2029/2266/2400
f 1893/2268/2402 1895/2270/2404 1998/2264/2398
f 1899/2273/2407 1958/2401/2541 1898/2274/2408
f 1900/2276/2410 1947/2280/2414 1959/2277/2411
f 1943/2279/2413 1965/2388/2528 1947/2280/2414
f 1945/2281/2415 1967/2390/2530 1896/2282/2416
f 1920/2287/2421 1922/2291/2425 1949/2288/2422
f 1919/2290/2424 1960/2387/2527 1922/2291/2425
f 1916/2292/2426 1963/2299/2433 1961/2293/2427
f 1921/2295/2429 1948/2384/2524 1966/2296/2430
f 1915/2298/2432 1944/2380/2520 1963/2299/2433
f 2123/2300/2434 2124/2312/3183 2012/2301/2435
f 371/2302/2436 2012/2301/2435 1905/2303/2437
f 1907/2305/2439 1906/2310/2444 1872/2306/2440
f 1968/2308/2442 1879/2392/2532 1872/2306/2440
f 1909/2311/2445 2012/2301/2449 2124/2312/2446
f 1909/2311/2445 1910/2368/2509 1905/2303/2448
f 2126/2314/2450 1911/2316/2451 1909/2311/2451
f 1912/2315/2452 1910/2368/2452 1909/2311/2451
f 1881/2317/2453 1970/2320/2456 1911/2318/2454
f 1914/2322/2458 1912/2370/495 1911/2318/2454
f 1917/2324/2460 1918/2371/2511 1914/2322/2458
f 1973/2275/2409 1898/2274/2408 1951/2325/2461
f 1923/2327/2463 1920/2421/2565 1972/2328/2464
f 1915/2330/2466 1916/2323/2459 1913/2321/2457
f 1921/2331/2467 1969/2393/2533 1968/2308/2442
f 1892/2254/2383 1889/2961/3180 1924/2333/2469
f 1924/2333/2469 1925/2336/2472 1927/2335/2471
f 1925/2336/2472 1679/2027/2135 1680/2029/2135
f 1926/2334/2473 1990/2338/2476 1989/2257/2389
f 1926/2334/2473 1927/2335/2477 1934/2337/2475
f 1680/2029/2143 1691/2034/2142 1934/2337/2475
f 1924/2333/2478 1889/2961/3182 370/2262/2396
f 1928/2340/2480 1925/2336/2481 1924/2333/2478
f 362/2039/2150 1679/2027/2149 1925/2336/2481
f 2033/2341/2482 1678/2343/2484 1684/2230/2355
f 2000/2344/2485 1933/2345/2486 1893/2268/2402
f 1977/2347/2488 1929/2374/2514 1955/2348/2489
f 1956/2350/2491 1982/2353/2494 1981/2351/2492
f 1677/2158/2279 1981/2351/2492 1982/2353/2494
f 1689/2161/2282 1953/2385/2525 1980/2355/2496
f 1942/2357/2498 1987/2406/2546 1978/2358/2499
f 2006/2360/2501 1942/2357/2498 1974/2359/2500
f 1941/2362/2503 1985/2405/2545 1975/2363/2504
f 1986/2365/2506 1693/2181/2302 1681/2182/2303
f 1696/2178/2299 1941/2362/2503 1932/2364/2505
f 1904/2304/2438 1905/2303/2437 1936/2079/2192
f 1686/2086/2199 1685/2085/2198 1906/2310/2444
f 1685/2085/2198 1692/2170/2291 1683/2367/2508
f 1910/2368/2509 1937/2091/2205 1936/2079/2204
f 1938/2093/2208 1937/2091/2208 1910/2368/2452
f 1939/2369/2510 1938/2097/2214 1912/2370/495
f 1695/2172/2293 1694/2095/2212 1938/2097/2214
f 1940/2372/2512 1941/2423/2567 1939/2369/2510
f 1952/2373/2513 1955/2348/2489 1929/2374/2514
f 1923/2327/2463 2003/2329/2465 1987/2376/2516
f 1939/2369/2510 1941/2423/2567 1696/2173/2294
f 1908/2309/2443 1683/2367/2508 1693/2169/2290
f 1863/2379/2519 1874/2285/2419 1943/2279/2413
f 1945/2281/2415 1946/2267/2401 1864/2382/2522
f 1949/2288/2422 1950/2326/2462 1896/2282/2416
f 1954/2272/2406 1994/2404/2544 1952/2373/2513
f 1996/2386/2526 1997/2271/2405 1956/2350/2491
f 1961/2293/2427 1962/2278/2412 1899/2273/2407
f 1965/2388/2528 1901/2284/2418 1964/2256/2388
f 1877/2389/2529 1868/2403/2543 1966/2296/2430
f 1880/2391/2531 1870/2573/2733 1879/2392/2532
f 1915/2330/2466 1970/2320/2456 1881/2317/2453
f 2007/2396/2536 1971/2424/2568 1919/2397/2537
f 1972/2328/2464 1921/2331/2467 2004/2332/2468
f 1977/2347/2488 1930/2352/2493 1975/2363/2504
f 1980/2355/2496 1931/2375/2515 1978/2358/2499
f 1984/2354/2495 2002/2346/2487 1934/2337/2475
f 2006/2399/2539 1985/2422/2566 2007/2396/2536
f 2004/2332/2468 1986/2378/2518 1987/2376/2516
f 1915/2298/2432 1883/2571/2731 1875/2381/2521
f 1922/2291/2425 1973/2275/2409 1950/2326/2462
f 1950/2326/2462 1951/2325/2461 1897/2283/2417
f 1996/2386/2526 1957/2349/2490 1955/2348/2489
f 1962/2278/2412 1959/2277/2411 1958/2401/2541
f 1960/2387/2527 1899/2273/2407 1973/2275/2409
f 1959/2277/2411 1947/2280/2414 1895/2270/2404
f 1963/2299/2433 1900/2276/2410 1962/2278/2412
f 1901/2284/2418 1965/2388/2528 1943/2279/2413
f 1944/2380/2520 1943/2279/2413 1900/2276/2410
f 1948/2384/2524 1896/2282/2416 1967/2390/2530
f 1967/2390/2530 1945/2281/2415 1876/2383/2523
f 1946/2267/2401 1945/2281/2415 1897/2283/2417
f 1901/2284/2418 1869/2286/2420 1878/2255/2385
f 1948/2384/2524 1921/2295/2429 1972/2289/2423
f 1960/2387/2527 1919/2290/2424 1971/2294/2428
f 1880/2402/2542 1969/2297/2431 1966/2296/2430
f 1994/2404/2544 1995/2400/2540 1955/2348/2489
f 1983/2356/2497 1934/2337/2475 1691/2034/2142
f 1929/2374/2514 1977/2347/2488 1976/2361/2502
f 1930/2352/2493 1981/2351/2492 1932/2364/2505
f 1957/2349/2490 1956/2350/2491 1930/2352/2493
f 1953/2385/2525 1952/2373/2513 1931/2375/2515
f 1677/2158/2279 1984/2354/2495 1983/2356/2497
f 1690/2167/2288 1980/2355/2496 1979/2366/2507
f 1981/2351/2492 1677/2158/2279 1688/2160/2281
f 1985/2405/2545 2006/2360/2501 1976/2361/2502
f 1987/2406/2546 1986/2365/2506 1979/2366/2507
f 1984/2354/2495 1982/2353/2494 1933/2345/2486
f 1933/2345/2486 1982/2353/2494 1956/2350/2491
f 1953/2385/2525 1689/2161/2282 1678/2343/2484
f 1931/2375/2515 1929/2374/2514 1974/2359/2500
f 1988/2258/2390 1989/2257/2389 1999/2269/2403
f 1990/2338/2476 2000/2344/2485 1999/2269/2403
f 1990/2338/2476 1934/2337/2475 2002/2346/2487
f 1991/2407/2547 1884/2451/2596 2031/2408/2548
f 2035/2410/2550 2036/2455/2600 1698/2235/2362
f 1845/2234/2361 1847/2236/3178 2037/2411/2551
f 1884/2413/2553 1991/2456/2601 1993/2414/2554
f 2041/2416/2556 1992/2409/2549 2031/2408/2548
f 1698/2235/2362 2036/2455/2600 2011/2418/2558
f 1993/2414/2560 2039/2962/3184 2008/2419/2561
f 2037/2411/2562 1847/2236/2363 1853/2231/2563
f 1951/2325/2461 1994/2404/2544 1954/2272/2406
f 1994/2404/2544 1951/2325/2461 1898/2274/2408
f 1996/2386/2526 1995/2400/2540 1898/2274/2408
f 1959/2277/2411 1997/2271/2405 1996/2386/2526
f 1965/2388/2528 2001/2263/2397 1895/2270/2404
f 2005/2398/2538 1919/2397/2537 1920/2421/2565
f 2005/2398/2538 1923/2327/2463 1942/2377/2517
f 1917/2324/2460 1971/2424/2568 2007/2396/2536
f 2007/2396/2536 1985/2422/2566 1940/2372/2512
f 2009/2420/2569 1853/2231/2357 1862/2243/2570
f 1903/2426/2572 2041/2416/2605 2010/2417/2573
f 1684/2230/2355 1855/2239/2368 2011/2418/2574
f 2043/2427/2575 1826/2242/2372 1835/2240/2370
f 2044/2429/2577 2014/2460/2607 1902/2430/2578
f 2044/2432/2580 2025/2450/2609 2042/2433/2581
f 2043/2435/2583 2026/2425/2611 1862/2243/2373
f 2015/2436/2584 2045/2431/2579 1902/2430/2578
f 2046/2428/2576 1835/2240/2370 1828/2218/2345
f 2023/2438/2586 2028/2448/2593 2027/2439/2587
f 1842/2220/2347 2028/2448/2593 2023/2438/2586
f 2024/2441/2589 2028/2448/2593 2018/2442/2590
f 2018/2442/2590 2028/2448/2593 1839/2222/2349
f 2020/2444/2592 2019/2640/2806 2017/2445/2591
f 1832/2225/2352 2020/2444/2592 2018/2446/2590
f 2023/2438/2586 2022/2440/2588 2015/2436/2584
f 1836/2221/2348 2023/2438/2586 2016/2437/2585
f 2029/2266/2400 1871/2458/2604 1864/2382/2522
f 2047/2449/2594 2038/2454/3185 2008/2419/2595
f 1884/2451/2596 2030/2607/2766 1885/2452/2597
f 1886/2415/2555 2032/2610/2598 2030/2453/2598
f 1885/2452/2597 2040/2457/2775 2010/2417/2557
f 2038/2454/2599 2032/2610/2780 1886/2415/2561
f 1903/2426/2572 1894/2265/2399 2033/2341/2482
f 2035/2410/2550 1991/2407/2547 1992/2409/2549
f 1991/2456/2601 2035/2412/2552 2037/2411/2551
f 2041/2416/2556 2011/2418/2558 2036/2455/2600
f 2009/2420/2564 2039/2962/3184 1993/2414/2560
f 2042/2433/2602 2039/2962/3186 2009/2420/2569
f 2029/2266/2400 2010/2417/2573 2040/2457/2603
f 2034/2342/2483 2011/2418/2574 2041/2416/2605
f 2014/2460/2607 2043/2427/2575 2046/2428/2576
f 2013/2461/2608 2044/2429/2577 2045/2431/2579
f 2025/2450/2609 2044/2432/2580 2013/2462/2610
f 2026/2425/2611 2043/2435/2583 2014/2434/2582
f 2008/2419/2595 2039/2962/3186 2042/2433/2602
f 2050/2465/2612 2074/2467/2614 2077/2466/2613
f 2074/2467/2614 2075/2963/3187 2078/2468/2615
f 2078/2468/2615 2075/2963/3187 2076/2469/2616
f 2051/537/2618 2077/2466/2621 2152/2471/2619
f 2078/2468/2620 2176/2472/2623 2152/2471/2619
f 2079/2470/2622 2177/2542/2698 2176/2472/2623
f 2080/2473/2624 2074/2467/2627 2050/2465/2625
f 2081/2474/2626 2075/2963/3188 2074/2467/2627
f 2076/2469/2628 2075/2963/3188 2081/2474/2626
f 2189/2476/2630 2152/2471/2619 2176/2472/2623
f 2083/2478/2632 2092/2625/2790 2215/2479/2633
f 2082/2481/2635 2084/2483/2637 2186/2477/2631
f 2088/2486/2640 2146/2599/2758 2087/2487/2641
f 2089/2489/2643 2135/2493/2647 2147/2490/2644
f 2131/2492/2646 2153/2590/2749 2135/2493/2647
f 2133/2494/2648 2155/2591/2750 2085/2495/2649
f 2108/2498/2652 2110/2502/2656 2137/2499/2653
f 2107/2501/2655 2148/2589/2748 2110/2502/2656
f 2104/2503/2657 2151/2510/2664 2149/2504/2658
f 2109/2506/2660 2136/2586/2745 2154/2507/2661
f 2103/2509/2663 2132/2585/2744 2151/2510/2664
f 334/581/559 433/580/558 2200/2511/2665
f 374/2512/2666 2200/2511/2665 2093/2513/2667
f 2059/582/560 2095/2572/2732 2094/2515/2669
f 2156/2516/2670 2065/2592/2751 2058/584/562
f 434/589/2672 2097/2518/2674 2200/2511/2673
f 2097/2518/2674 2098/2574/2734 2093/2513/2675
f 435/2519/566 2099/2521/2676 2097/2518/2676
f 2100/2520/2677 2098/2574/2677 2097/2518/2676
f 2067/2522/2678 2158/2524/2680 2099/2523/2679
f 2102/2526/2682 2100/2576/495 2099/2523/2679
f 2105/2528/2684 2106/2577/2736 2102/2526/2682
f 2161/2488/2642 2087/2487/2641 2139/2529/2685
f 2111/2531/2687 2108/2620/2783 2160/2532/2688
f 2103/2534/2690 2104/2527/2683 2101/2525/2681
f 2109/2535/2691 2157/2593/2752 2156/2516/2670
f 2079/2470/2617 2076/2469/2616 2112/2537/2693
f 2114/2538/2694 2112/2537/2693 2113/2539/2695
f 2113/2539/2695 1865/2960/3179 1866/2249/2378
f 2079/2470/2622 2114/2538/2699 2178/2541/2697
f 2114/2538/2699 2115/2540/2701 2122/2543/2700
f 2115/2540/2701 1866/2249/2386 1878/2255/2385
f 2112/2537/2702 2076/2469/2628 373/2475/2629
f 376/2545/2704 2113/2539/2705 2112/2537/2702
f 1867/2259/2392 1865/2960/3181 2113/2539/2705
f 2218/2546/2706 1864/2382/2522 1871/2458/2604
f 2188/2548/2708 2121/2549/2709 2082/2481/2635
f 2165/2551/2711 2117/2580/2739 2143/2552/2712
f 2144/2554/2714 2170/2557/2717 2169/2555/2715
f 1863/2379/2519 2169/2555/2715 2170/2557/2717
f 1876/2383/2523 2141/2587/2746 2168/2559/2719
f 2130/2561/2721 2175/2603/2762 2166/2562/2722
f 2194/2564/2724 2130/2561/2721 2162/2563/2723
f 2129/2566/2726 2173/2602/2761 2163/2567/2727
f 2174/2569/2729 1880/2402/2542 1868/2403/2543
f 1883/2571/2731 2129/2566/2726 2120/2568/2728
f 2093/2513/2667 2124/2312/3183 2123/2300/2434
f 1873/2307/2441 1872/2306/2440 2094/2515/2669
f 1872/2306/2440 1879/2392/2532 1870/2573/2733
f 2098/2574/2734 2125/2313/2447 2124/2312/2446
f 2126/2314/2450 2125/2313/2450 2098/2574/2677
f 2127/2575/2735 2126/2319/2455 2100/2576/495
f 1882/2394/2534 1881/2317/2453 2126/2319/2455
f 2128/2578/2737 2129/2622/2785 2127/2575/2735
f 2140/2579/2738 2143/2552/2712 2117/2580/2739
f 2111/2531/2687 2191/2533/2689 2175/2582/2741
f 2127/2575/2735 2129/2622/2785 1883/2395/2535
f 2096/2517/2671 1870/2573/2733 1880/2391/2531
f 2048/557/536 2060/565/544 2131/2492/2646
f 2133/2494/2648 2134/2480/2634 2049/547/526
f 2137/2499/2653 2138/2530/2686 2085/2495/2649
f 2142/2485/2639 2182/2601/2760 2140/2579/2738
f 2184/2588/2747 2185/2484/2638 2144/2554/2714
f 2149/2504/2658 2150/2491/2645 2088/2486/2640
f 2153/2590/2749 2090/2497/2651 2152/2471/2619
f 2155/2591/2750 2063/562/541 2053/575/554
f 2066/601/578 2055/585/563 2065/2592/2751
f 2103/2534/2690 2158/2524/2680 2067/2522/2678
f 2195/2594/2753 2159/2623/2786 2107/2595/2754
f 2160/2532/2688 2109/2535/2691 2192/2536/2692
f 2165/2551/2711 2118/2556/2716 2163/2567/2727
f 2168/2559/2719 2119/2581/2740 2166/2562/2722
f 2172/2558/2718 2190/2550/2710 2122/2543/2700
f 2194/2597/2756 2173/2621/2784 2195/2594/2753
f 2192/2536/2692 2174/2584/2743 2175/2582/2741
f 2069/577/556 2061/578/557 2132/2585/2744
f 2110/2502/2656 2161/2488/2642 2138/2530/2686
f 2138/2530/2686 2139/2529/2685 2086/2496/2650
f 2184/2588/2747 2145/2553/2713 2143/2552/2712
f 2150/2491/2645 2147/2490/2644 2146/2599/2758
f 2148/2589/2748 2088/2486/2640 2161/2488/2642
f 2147/2490/2644 2135/2493/2647 2084/2483/2637
f 2151/2510/2664 2089/2489/2643 2150/2491/2645
f 2090/2497/2651 2153/2590/2749 2131/2492/2646
f 2132/2585/2744 2131/2492/2646 2089/2489/2643
f 2136/2586/2745 2085/2495/2649 2155/2591/2750
f 2063/562/541 2155/2591/2750 2133/2494/2648
f 2134/2480/2634 2133/2494/2648 2086/2496/2650
f 2090/2497/2651 2054/564/543 2064/540/517
f 2136/2586/2745 2109/2506/2660 2160/2500/2654
f 2148/2589/2748 2107/2501/2655 2159/2505/2659
f 2157/2508/2662 2154/2507/2661 2053/575/554
f 2182/2601/2760 2183/2598/2757 2143/2552/2712
f 2171/2560/2720 2122/2543/2700 1878/2255/2385
f 2117/2580/2739 2165/2551/2711 2164/2565/2725
f 2118/2556/2716 2169/2555/2715 2120/2568/2728
f 2145/2553/2713 2144/2554/2714 2118/2556/2716
f 2141/2587/2746 2140/2579/2738 2119/2581/2740
f 1863/2379/2519 2172/2558/2718 2171/2560/2720
f 1877/2389/2529 2168/2559/2719 2167/2570/2730
f 2169/2555/2715 1863/2379/2519 1875/2381/2521
f 2173/2602/2761 2194/2564/2724 2164/2565/2725
f 2175/2603/2762 2174/2569/2729 2167/2570/2730
f 2172/2558/2718 2170/2557/2717 2121/2549/2709
f 2121/2549/2709 2170/2557/2717 2144/2554/2714
f 2141/2587/2746 1876/2383/2523 1864/2382/2522
f 2119/2581/2740 2117/2580/2739 2162/2563/2723
f 2176/2472/2623 2177/2542/2698 2187/2482/2636
f 2178/2541/2697 2188/2548/2708 2187/2482/2636
f 2178/2541/2697 2122/2543/2700 2190/2550/2710
f 2179/2604/2763 2071/2642/2809 2216/2605/2764
f 2030/2607/2766 2220/2643/2810 2221/2608/2767
f 2220/2609/2768 2030/2453/2598 2032/2610/2598
f 2071/2612/2770 2179/2644/2811 2181/2613/2771
f 2226/2615/2773 2180/2606/2765 2216/2605/2764
f 2040/2457/2775 1885/2452/2597 2221/2608/2767
f 2181/2613/2777 2224/2645/2812 2196/2618/2778
f 2032/2610/2780 2038/2454/2599 2197/2619/2781
f 2139/2529/2685 2182/2601/2760 2142/2485/2639
f 2182/2601/2760 2139/2529/2685 2087/2487/2641
f 2183/2598/2757 2087/2487/2641 2146/2599/2758
f 2147/2490/2644 2185/2484/2638 2184/2588/2747
f 2153/2590/2749 2189/2476/2630 2084/2483/2637
f 2193/2596/2755 2107/2595/2754 2108/2620/2783
f 2193/2596/2755 2111/2531/2687 2130/2583/2742
f 2105/2528/2684 2159/2623/2786 2195/2594/2753
f 2195/2594/2753 2173/2621/2784 2128/2578/2737
f 2197/2619/2787 2038/2454/3185 2047/2449/2594
f 2226/2615/2789 2198/2616/2814 2215/2479/2633
f 1871/2458/2604 2040/2457/2603 2199/2617/2791
f 2229/2626/2792 2013/2461/2608 2021/2459/2606
f 2230/2628/2794 2202/2646/2816 2091/2629/2795
f 2230/2631/2797 2211/2641/3189 2228/2632/2798
f 2013/2462/2610 2229/2964/3190 2212/2624/2800
f 2203/671/655 2231/2630/2796 2091/2629/2795
f 2232/2627/2793 2021/2459/2606 2015/2436/2584
f 2210/2635/2802 2214/2636/2803 2213/676/660
f 2027/2439/2587 2214/2636/2803 2210/2635/2802
f 2205/680/664 2213/676/660 2214/2636/2803
f 2206/2637/2804 2214/2636/2803 2024/2441/2589
f 2208/2638/2805 2207/684/667 2205/685/664
f 2208/2638/2805 2206/2639/2804 2017/2445/2591
f 2204/2634/2801 2210/2635/2802 2209/675/659
f 2022/2440/2588 2210/2635/2802 2204/2634/2801
f 2215/2479/2633 2057/545/524 2049/547/526
f 2227/655/635 2223/649/637 2196/2618/2807
f 2071/2642/2809 2070/637/614 2072/636/613
f 2073/2614/2772 2217/2952/3136 2070/638/615
f 2072/636/613 2225/647/624 2198/2616/2774
f 2223/649/629 2217/2952/3138 2073/2614/2779
f 2219/2547/2707 2092/2625/2790 2083/2478/2632
f 2220/2643/2810 2179/2604/2763 2180/2606/2765
f 2179/2644/2811 2220/2609/2768 2222/2611/2769
f 2199/2617/2776 2221/2608/2767 2180/2606/2765
f 2224/2645/2812 2181/2613/2777 2222/2611/2782
f 2228/2632/2813 2224/2645/3191 2197/2619/2787
f 2057/545/524 2215/2479/2633 2198/2616/2814
f 2219/2547/2707 2199/2617/2791 2226/2615/2789
f 2202/2646/2816 2229/2626/2792 2232/2627/2793
f 2201/2647/2817 2230/2628/2794 2231/2630/2796
f 2227/655/2818 2211/2641/3189 2230/2631/2797
f 2212/2624/2800 2229/2964/3190 2202/2633/2799
f 2196/2618/2807 2224/2645/3191 2228/2632/2813
f 1248/1344/2819 1059/1346/2819 1060/1125/2819
f 692/910/2819 1247/1567/2819 1248/1344/2819
f 693/912/2819 1434/1565/2819 1247/1567/2819
f 1433/1785/2819 1434/1565/2819 693/912/2819
f 515/683/2819 1643/1783/2819 1433/1785/2819
f 1642/2007/2819 1643/1783/2819 515/683/2819
f 2208/2638/2819 1834/2005/2819 1642/2007/2819
f 1833/2227/2819 1834/2005/2819 2208/2638/2819
f 2020/2444/2819 1832/2225/2819 1833/2227/2819
f 2264/2649/2820 2263/2708/2857 2233/2650/2821
f 2264/2649/2820 2387/2651/2820 2388/2652/2822
f 2266/2654/2823 2265/2653/2822 2388/2652/2822
f 2267/2656/2824 2266/2654/2823 2389/2655/2823
f 2267/2656/2824 2390/2657/2825 2391/2658/2826
f 2268/2659/2827 2391/2658/2826 2392/2660/2828
f 2269/2661/2828 2392/2660/2828 2393/2662/2829
f 2270/2663/2829 2393/2662/2829 2394/2664/2830
f 2271/2665/2830 2394/2664/2830 2395/2666/2831
f 2273/2668/2832 2272/2667/2831 2395/2666/2831
f 2273/2668/2832 2396/2669/2832 2397/2670/2833
f 2274/2671/2834 2397/2670/2833 2398/2672/2835
f 2276/2674/2836 2275/2673/2835 2398/2672/2835
f 2277/2676/2837 2276/2674/2836 2399/2675/2836
f 2277/2676/2837 2400/2677/2837 2401/2678/2838
f 2279/2680/2839 2278/2679/2838 2401/2678/2838
f 2280/2682/2840 2279/2680/2839 2402/2681/2839
f 2280/2682/2840 2403/2683/2840 2404/2684/2841
f 2281/2685/2841 2404/2684/2841 2405/2686/2842
f 2283/2688/2844 2282/2687/2843 2405/2686/2842
f 2284/2690/2846 2283/2688/2844 2406/2689/2845
f 2285/2692/2847 2284/2690/2846 2407/2691/2846
f 2286/2694/2848 2285/2692/2847 2408/2693/2847
f 2287/2696/2850 2286/2694/2848 2409/2695/2849
f 2288/2698/2851 2287/2696/2850 2410/2697/2850
f 2289/2700/2852 2288/2698/2851 2411/2699/2851
f 2289/2700/2852 2412/2701/2853 2413/2702/2854
f 2290/2703/2854 2413/2702/2854 2414/2704/2855
f 2291/2705/2855 2414/2704/2855 2262/2706/2856
f 2263/2708/2857 2292/2707/2856 2262/2706/2856
f 2386/2709/2819 2326/2965/2819 2327/2710/2819
f 2327/2710/2819 2328/2966/2819 2235/2712/2819
f 2235/2712/2819 2328/2966/2819 2329/2713/2819
f 2236/2714/2819 2329/2713/2819 2330/2715/2819
f 2330/2715/2819 2331/2967/2819 2238/2717/2819
f 2238/2717/2819 2331/2967/2819 2332/2718/2819
f 2332/2718/2819 2333/2968/2819 2240/2720/2819
f 2240/2720/2819 2333/2968/2819 2334/2721/2819
f 2241/2722/2819 2334/2721/2819 2335/2723/2819
f 2335/2723/2819 2336/2969/2819 2243/2725/2819
f 2243/2725/2819 2336/2969/2819 2337/2726/2819
f 2337/2726/2819 2338/2729/2819 2245/2728/2819
f 2338/2729/2819 2339/2970/2819 2246/2730/2819
f 2246/2730/2819 2339/2970/2819 2340/2731/2819
f 2340/2731/2819 2341/2971/2819 2248/2733/2819
f 2248/2733/2819 2341/2971/2819 2342/2734/2819
f 2342/2734/2819 2343/2972/2819 2250/2736/2819
f 2250/2736/2819 2343/2972/2819 2344/2737/2819
f 2344/2737/2819 2345/2740/2819 2252/2739/2819
f 2345/2740/2819 2346/2742/2819 2253/2741/2819
f 2346/2742/2819 2347/2973/2819 2254/2743/2819
f 2254/2743/2819 2347/2973/2819 2348/2744/2819
f 2255/2745/2819 2348/2744/2819 2349/2746/2819
f 2349/2746/2819 2350/2974/2819 2257/2748/2819
f 2257/2748/2819 2350/2974/2819 2351/2749/2819
f 2258/2750/2819 2351/2749/2819 2352/2751/2819
f 2259/2752/2819 2352/2751/2819 2353/2753/2819
f 2353/2753/2819 2354/2975/2819 2261/2755/2819
f 2261/2755/2819 2354/2975/2819 2355/2756/2819
f 2355/2756/2819 2326/2965/2819 2386/2709/2819
s 0
f 2296/2758/3192 2417/2762/3193 2293/2759/3194
f 2296/2758/3195 2297/2764/3196 2418/2761/3197
f 2298/2763/3198 2419/2766/3199 2418/2761/3200
f 2299/2765/3201 2420/2768/3202 2419/2766/3203
f 2300/2767/3204 2421/2770/3205 2420/2768/3206
f 2300/2767/3207 2301/2771/3208 2422/2769/3209
f 2301/2771/3210 2302/2773/3211 2423/2772/3212
f 2302/2773/3213 2303/2776/3214 2424/2774/3215
f 2304/2775/3216 2425/2778/3217 2424/2774/3218
f 2305/2777/3219 2426/2780/3220 2425/2778/3221
f 2305/2777/3222 2306/2781/3223 2427/2779/3224
f 2306/2781/3225 2307/2783/3226 2428/2782/3227
f 2307/2783/3228 2308/2786/3229 2429/2784/3230
f 2309/2785/3231 2430/2788/3232 2429/2784/3233
f 2309/2785/3234 2310/2790/3235 2431/2787/3236
f 2311/2789/3237 2432/2792/3238 2431/2787/3239
f 2312/2791/3240 2433/2794/3241 2432/2792/3242
f 2313/2793/3243 2434/2796/3244 2433/2794/3245
f 2314/2795/3246 2435/2798/3247 2434/2796/3248
f 2314/2795/3249 2315/2799/3250 2436/2797/3251
f 2315/2799/3252 2316/2802/3253 2437/2800/3254
f 2317/2801/3255 2438/2804/3256 2437/2800/3257
f 2317/2801/3258 2318/2805/3259 2439/2803/3260
f 2318/2805/3261 2319/2808/3262 2440/2806/3263
f 2320/2807/3264 2441/2810/3265 2440/2806/3266
f 2321/2809/3267 2442/2812/3268 2441/2810/3269
f 2321/2809/3270 2322/2813/3271 2443/2811/3272
f 2322/2813/3273 2323/2815/3274 2444/2814/3275
f 2323/2815/3276 2324/2817/3277 2294/2816/3278
f 2324/2817/3279 2295/2760/3280 2293/2759/3281
s 1
f 2445/2819/2948 2446/2822/2951 2327/2820/2949
f 2446/2822/2951 2447/2824/2953 2328/2823/2952
f 2447/2824/2953 2448/2932/3122 2329/2825/2954
f 2329/2825/2954 2448/2932/3122 2449/2826/2955
f 2449/2826/2955 2450/2933/3123 2331/2828/2957
f 2331/2828/2957 2450/2933/3123 2451/2829/2958
f 2332/2830/2959 2451/2829/2958 2452/2831/2960
f 2452/2831/2960 2453/2834/2963 2334/2833/2962
f 2453/2834/2963 2454/2836/2965 2335/2835/2964
f 2454/2836/2965 2455/2934/3124 2336/2837/2966
f 2336/2837/2966 2455/2934/3124 2456/2838/2967
f 2456/2838/2967 2457/2935/3125 2338/2840/2969
f 2338/2840/2969 2457/2935/3125 2458/2841/2970
f 2339/2842/2971 2458/2841/2970 2459/2843/2972
f 2340/2844/2973 2459/2843/2972 2460/2845/2974
f 2341/2846/2975 2460/2845/2974 2461/2847/2976
f 2342/2848/2977 2461/2847/2976 2462/2849/2978
f 2462/2849/2978 2463/2852/2981 2344/2851/2980
f 2463/2852/2981 2464/2854/2983 2345/2853/2982
f 2464/2854/2983 2465/2856/2985 2346/2855/2984
f 2465/2856/2985 2466/2858/2987 2347/2857/2986
f 2466/2858/2987 2467/2893/3282 2348/2859/2988
f 2348/2859/2988 2467/2893/3282 2468/2860/2989
f 2468/2860/2989 2469/2863/2992 2350/2862/2991
f 2469/2863/2992 2470/2936/3126 2351/2864/2993
f 2351/2864/2993 2470/2936/3126 2471/2865/2994
f 2352/2866/2995 2471/2865/2994 2472/2867/2996
f 2353/2868/2997 2472/2867/2996 2473/2869/2998
f 2473/2869/2998 2474/2872/3001 2355/2871/3000
f 2474/2872/3001 2445/2819/2948 2326/2821/2950
f 2357/2873/3002 2356/2900/3031 2293/2759/2819
f 2358/2874/3003 2357/2873/3002 2417/2762/2819
f 2359/2875/3004 2358/2874/3003 2418/2761/2819
f 2360/2876/3005 2359/2875/3004 2419/2766/2819
f 2361/2877/3006 2360/2876/3005 2420/2768/2819
f 2362/2878/3007 2361/2877/3006 2421/2770/2819
f 2362/2878/3007 2422/2769/2819 2423/2772/2819
f 2363/2879/3008 2423/2772/2819 2424/2774/2819
f 2365/2880/3010 2364/2834/3009 2424/2774/2819
f 2365/2880/3010 2425/2778/2819 2426/2780/2819
f 2366/2881/3011 2426/2780/2819 2427/2779/2819
f 2367/2882/3012 2427/2779/2819 2428/2782/2819
f 2368/2883/3013 2428/2782/2819 2429/2784/2819
f 2369/2884/3014 2429/2784/2819 2430/2788/2819
f 2370/2885/3015 2430/2788/2819 2431/2787/2819
f 2371/2886/3016 2431/2787/2819 2432/2792/2819
f 2372/2887/3017 2432/2792/2819 2433/2794/2819
f 2374/2889/3019 2373/2888/3018 2433/2794/2819
f 2375/2890/3020 2374/2889/3019 2434/2796/2819
f 2375/2890/3020 2435/2798/2819 2436/2797/2819
f 2376/2891/3021 2436/2797/2819 2437/2800/2819
f 2377/2892/3022 2437/2800/2819 2438/2804/2819
f 2378/2893/3023 2438/2804/2819 2439/2803/2819
f 2380/2895/3025 2379/2894/3024 2439/2803/2819
f 2381/2896/3026 2380/2895/3025 2440/2806/2819
f 2382/2897/3027 2381/2896/3026 2441/2810/2819
f 2382/2897/3027 2442/2812/2819 2443/2811/2819
f 2383/2898/3028 2443/2811/2819 2444/2814/2819
f 2385/2872/3030 2384/2899/3029 2444/2814/2819
f 2356/2900/3031 2385/2872/3030 2294/2816/2819
s 0
f 2386/2709/3283 2234/2711/3284 2387/2651/3285
f 2234/2711/3286 2235/2712/3287 2388/2652/3288
f 2235/2712/3289 2236/2714/3290 2389/2655/3291
f 2389/2655/3292 2236/2714/3293 2237/2716/3294
f 2390/2657/3295 2237/2716/3296 2238/2717/3297
f 2391/2658/3298 2238/2717/3299 2239/2719/3300
f 2392/2660/3301 2239/2719/3302 2240/2720/3303
f 2240/2720/3304 2241/2722/3305 2394/2664/3306
f 2241/2722/3307 2242/2724/3308 2395/2666/3309
f 2242/2724/3310 2243/2725/3311 2396/2669/3312
f 2243/2725/3313 2244/2727/3314 2397/2670/3315
f 2244/2727/3316 2245/2728/3317 2398/2672/3318
f 2398/2672/3319 2245/2728/3320 2246/2730/3321
f 2399/2675/3322 2246/2730/3323 2247/2732/3324
f 2400/2677/3325 2247/2732/3326 2248/2733/3327
f 2248/2733/3328 2249/2735/3329 2402/2681/3330
f 2249/2735/3331 2250/2736/3332 2403/2683/3333
f 2250/2736/3334 2251/2738/3335 2404/2684/3336
f 2404/2684/3337 2251/2738/3338 2252/2739/3339
f 2405/2686/3340 2252/2739/3341 2253/2741/3342
f 2253/2741/3343 2254/2743/3344 2407/2691/3345
f 2407/2691/3346 2254/2743/3347 2255/2745/3348
f 2408/2693/3349 2255/2745/3350 2256/2747/3351
f 2256/2747/3352 2257/2748/3353 2410/2697/3354
f 2410/2697/3355 2257/2748/3356 2258/2750/3357
f 2258/2750/3358 2259/2752/3359 2412/2701/3360
f 2259/2752/3361 2260/2754/3362 2413/2702/3363
f 2413/2702/3364 2260/2754/3365 2261/2755/3366
f 2414/2704/3367 2261/2755/3368 2415/2757/3369
f 2262/2706/3370 2415/2757/3371 2386/2709/3372
s 1
f 2357/2873/3002 2446/2822/2951 2445/2819/2948
f 2358/2874/3003 2447/2824/2953 2446/2822/2951
f 2359/2875/3004 2448/2932/3122 2447/2824/2953
f 2360/2876/3005 2449/2826/2955 2448/2932/3122
f 2361/2877/3006 2450/2933/3123 2449/2826/2955
f 2362/2878/3007 2451/2829/2958 2450/2933/3123
f 2363/2879/3008 2452/2831/2960 2451/2829/2958
f 2364/2834/3009 2453/2834/2963 2452/2831/2960
f 2454/2836/2965 2453/2834/2963 2364/2834/3009
f 2455/2934/3124 2454/2836/2965 2365/2880/3010
f 2456/2838/2967 2455/2934/3124 2366/2881/3011
f 2457/2935/3125 2456/2838/2967 2367/2882/3012
f 2458/2841/2970 2457/2935/3125 2368/2883/3013
f 2459/2843/2972 2458/2841/2970 2369/2884/3014
f 2460/2845/2974 2459/2843/2972 2370/2885/3015
f 2461/2847/2976 2460/2845/2974 2371/2886/3016
f 2462/2849/2978 2461/2847/2976 2372/2887/3017
f 2374/2889/3019 2463/2852/2981 2462/2849/2978
f 2375/2890/3020 2464/2854/2983 2463/2852/2981
f 2376/2891/3021 2465/2856/2985 2464/2854/2983
f 2377/2892/3022 2466/2858/2987 2465/2856/2985
f 2378/2893/3023 2467/2893/3282 2466/2858/2987
f 2468/2860/2989 2467/2893/3282 2378/2893/3023
f 2469/2863/2992 2468/2860/2989 2379/2894/3024
f 2470/2936/3126 2469/2863/2992 2380/2895/3025
f 2471/2865/2994 2470/2936/3126 2381/2896/3026
f 2472/2867/2996 2471/2865/2994 2382/2897/3027
f 2473/2869/2998 2472/2867/2996 2383/2898/3028
f 2385/2872/3030 2474/2872/3001 2473/2869/2998
f 2356/2900/3031 2445/2819/2948 2474/2872/3001
usemtl car_tire
f 2/1/1 52/2/2 8/3/3
f 3/4/4 2/1/1 8/3/3
f 19/5/5 8/3/3 9/6/6
f 4/7/7 19/5/5 9/6/6
f 58/8/8 16/9/9 1/10/10
f 16/9/9 18/11/11 1/10/10
f 61/12/12 5/13/13 60/14/14
f 10/15/15 6/16/16 5/13/13
f 11/17/17 7/18/18 6/16/16
f 5/13/13 339/19/19 60/14/14
f 5/13/13 331/20/20 389/21/21
f 7/18/18 331/20/20 6/16/16
f 58/8/8 8/3/3 52/2/2
f 2/1/1 62/22/22 59/23/23
f 14/24/24 2/1/1 3/4/4
f 8/3/3 18/11/11 9/6/6
f 15/25/25 3/4/4 19/5/5
f 10/15/15 62/22/22 13/26/26
f 14/24/24 10/15/15 13/26/26
f 15/25/25 11/17/17 14/24/24
f 402/27/27 57/28/28 338/29/29
f 403/30/30 16/31/9 402/27/27
f 4/7/7 23/32/31 20/33/32
f 299/34/33 20/33/32 23/32/31
f 17/35/34 298/36/35 18/11/11
f 7/18/18 24/37/36 21/38/37
f 21/38/37 25/39/38 22/40/39
f 25/39/38 300/41/40 22/40/39
f 7/18/18 332/42/41 390/43/42
f 22/40/39 332/42/41 21/38/37
f 22/40/39 2052/44/43 333/45/44
f 26/46/45 19/5/5 4/7/7
f 9/6/6 298/36/35 23/32/31
f 27/47/46 4/7/7 20/33/32
f 299/34/33 27/47/46 20/33/32
f 24/37/36 15/25/25 26/46/45
f 25/39/38 26/46/45 27/47/46
f 302/48/47 25/39/38 27/47/46
f 334/49/48 17/50/34 403/51/30
f 92/52/49 37/53/50 31/54/51
f 32/55/52 31/54/51 37/53/50
f 48/56/53 37/53/50 38/57/54
f 33/58/55 48/56/53 38/57/54
f 90/59/56 30/60/57 91/61/58
f 45/62/59 47/63/60 30/60/57
f 93/64/61 34/65/62 29/66/63
f 39/67/64 35/68/65 34/65/62
f 35/68/65 41/69/66 36/70/67
f 34/65/62 847/71/68 29/66/63
f 35/68/65 547/72/69 34/65/62
f 35/68/65 335/73/70 548/74/71
f 85/75/72 30/60/57 37/53/50
f 42/76/73 92/52/49 31/54/51
f 32/55/52 42/76/73 31/54/51
f 30/60/57 38/57/54 37/53/50
f 48/56/53 43/77/74 32/55/52
f 39/67/64 94/78/75 42/76/73
f 40/79/76 42/76/73 43/77/74
f 41/69/66 43/77/74 44/80/77
f 336/81/78 90/82/56 342/83/79
f 337/84/80 45/85/59 336/81/78
f 49/86/81 38/57/54 52/2/2
f 59/23/23 49/86/81 52/2/2
f 47/63/60 57/87/28 58/8/8
f 36/70/67 53/88/82 50/89/83
f 53/88/82 51/90/84 50/89/83
f 51/90/84 61/12/12 60/14/14
f 50/89/83 335/73/70 36/70/67
f 51/90/84 583/91/85 50/89/83
f 60/14/14 584/92/86 51/90/84
f 33/58/55 44/80/77 48/56/53
f 38/57/54 58/8/8 52/2/2
f 49/86/81 55/93/87 33/58/55
f 59/23/23 56/94/88 49/86/81
f 53/88/82 44/80/77 55/93/87
f 54/95/89 55/93/87 56/94/88
f 62/22/22 54/95/89 56/94/88
f 337/84/80 57/28/28 46/96/90
f 124/97/91 70/98/92 64/99/93
f 65/100/94 64/99/93 70/98/92
f 81/101/95 70/98/92 71/102/96
f 66/103/97 81/101/95 71/102/96
f 122/104/98 63/105/99 123/106/100
f 78/107/101 80/108/102 63/105/99
f 126/109/103 67/110/104 125/111/105
f 72/112/106 68/113/107 67/110/104
f 68/113/107 74/114/108 69/115/109
f 67/110/104 1027/116/110 125/111/105
f 67/110/104 727/117/111 340/118/112
f 68/113/107 728/119/113 727/117/111
f 117/120/114 63/105/99 70/98/92
f 75/121/115 124/97/91 64/99/93
f 76/122/116 64/99/93 65/100/94
f 63/105/99 71/102/96 70/98/92
f 81/101/95 76/122/116 65/100/94
f 75/121/115 126/109/103 127/123/117
f 76/122/116 72/112/106 75/121/115
f 77/124/118 73/125/119 76/122/116
f 740/126/120 122/127/98 951/128/121
f 740/126/120 79/129/122 78/130/101
f 66/103/97 85/75/72 82/131/123
f 92/52/49 82/131/123 85/75/72
f 79/132/122 91/61/58 80/108/102
f 69/115/109 86/133/124 83/134/125
f 86/133/124 84/135/126 83/134/125
f 87/136/127 29/66/63 84/135/126
f 83/134/125 728/119/113 69/115/109
f 84/135/126 765/137/128 83/134/125
f 29/66/63 341/138/129 84/135/126
f 66/103/97 77/124/118 81/101/95
f 71/102/96 91/61/58 85/75/72
f 89/139/130 66/103/97 82/131/123
f 94/78/75 82/131/123 92/52/49
f 86/133/124 77/124/118 88/140/131
f 87/136/127 88/140/131 89/139/130
f 94/78/75 87/136/127 89/139/130
f 741/141/132 90/82/56 79/129/122
f 96/142/133 150/143/134 102/144/135
f 97/145/136 96/142/133 102/144/135
f 97/145/136 103/146/137 113/147/138
f 98/148/139 113/147/138 103/146/137
f 156/149/140 110/150/141 95/151/142
f 95/151/142 111/152/143 112/153/144
f 158/154/145 104/155/146 99/156/147
f 99/156/147 105/157/148 100/158/149
f 105/157/148 101/159/150 100/158/149
f 158/154/145 909/160/151 1215/161/152
f 99/156/147 343/162/153 909/160/151
f 100/158/149 910/163/154 343/162/153
f 156/149/140 102/144/135 150/143/134
f 96/142/133 160/164/155 157/165/156
f 108/166/157 96/142/133 97/145/136
f 102/144/135 112/153/144 103/146/137
f 109/167/158 97/145/136 113/147/138
f 104/155/146 160/164/155 107/168/159
f 108/166/157 104/155/146 107/168/159
f 109/167/158 105/157/148 108/166/157
f 344/169/160 155/170/161 1139/171/162
f 345/172/163 110/173/141 344/169/160
f 114/174/164 103/146/137 117/120/114
f 124/97/91 114/174/164 117/120/114
f 111/152/143 123/106/100 112/153/144
f 101/159/150 118/175/165 115/176/166
f 115/176/166 119/177/167 116/178/168
f 116/178/168 126/109/103 125/111/105
f 115/176/166 910/163/154 101/159/150
f 116/178/168 346/179/169 115/176/166
f 125/111/105 347/180/170 116/178/168
f 120/181/171 113/147/138 98/148/139
f 103/146/137 123/106/100 117/120/114
f 114/174/164 120/181/171 98/148/139
f 124/97/91 121/182/172 114/174/164
f 118/175/165 109/167/158 120/181/171
f 119/177/167 120/181/171 121/182/172
f 126/109/103 121/182/172 127/123/117
f 951/128/121 111/183/143 345/172/163
f 190/184/173 135/185/174 129/186/175
f 130/187/176 129/186/175 135/185/174
f 146/188/177 135/185/174 136/189/178
f 131/190/179 146/188/177 136/189/178
f 189/191/180 143/192/181 128/193/182
f 128/193/182 144/194/183 145/195/184
f 191/196/185 137/197/186 132/198/187
f 132/198/187 138/199/188 133/200/189
f 133/200/189 139/201/190 134/202/191
f 191/196/185 1095/203/192 355/204/193
f 132/198/187 348/205/194 1095/203/192
f 133/200/189 349/206/195 348/205/194
f 183/207/196 128/193/182 135/185/174
f 140/208/197 190/184/173 129/186/175
f 141/209/198 129/186/175 130/187/176
f 128/193/182 136/189/178 135/185/174
f 142/210/199 130/187/176 146/188/177
f 140/208/197 192/211/200 193/212/201
f 141/209/198 137/197/186 140/208/197
f 142/210/199 138/199/188 141/209/198
f 1326/213/202 143/214/181 188/215/203
f 1107/216/204 144/217/183 143/214/181
f 131/190/179 150/143/134 147/218/205
f 157/165/156 147/218/205 150/143/134
f 145/195/184 155/219/161 156/149/140
f 139/201/190 148/220/206 134/202/191
f 151/221/207 149/222/208 148/220/206
f 152/223/209 158/154/145 149/222/208
f 148/220/206 349/206/195 134/202/191
f 148/220/206 350/224/210 1132/225/211
f 149/222/208 1215/161/152 350/224/210
f 153/226/212 146/188/177 131/190/179
f 145/195/184 150/143/134 136/189/178
f 154/227/213 131/190/179 147/218/205
f 157/165/156 154/227/213 147/218/205
f 153/226/212 139/201/190 142/210/199
f 154/227/213 151/221/207 153/226/212
f 160/164/155 152/223/209 154/227/213
f 1108/228/214 155/170/161 144/217/183
f 228/229/215 168/230/216 162/231/217
f 163/232/218 162/231/217 168/230/216
f 163/232/218 169/233/219 179/234/220
f 164/235/221 179/236/220 169/237/219
f 227/238/222 176/239/223 161/240/224
f 176/239/223 178/241/225 161/240/224
f 229/242/226 170/243/227 165/244/228
f 170/243/227 166/245/229 165/244/228
f 171/246/230 167/247/231 166/245/229
f 229/242/226 1283/248/232 361/249/233
f 165/244/228 351/250/234 1283/248/232
f 167/247/231 351/250/234 166/245/229
f 227/238/222 168/230/216 221/251/235
f 173/252/236 228/229/215 162/231/217
f 163/232/218 173/252/236 162/231/217
f 161/240/224 169/233/219 168/230/216
f 179/234/220 174/253/237 163/232/218
f 170/243/227 231/254/238 173/252/236
f 174/253/237 170/243/227 173/252/236
f 175/255/239 171/246/230 174/253/237
f 352/256/240 226/257/241 1532/258/242
f 352/256/240 177/259/243 176/260/223
f 180/261/244 169/237/219 183/207/196
f 190/184/173 180/261/244 183/207/196
f 178/262/225 188/263/203 189/191/180
f 167/264/231 184/265/245 181/266/246
f 181/266/246 185/267/247 182/268/248
f 182/268/248 192/211/200 191/196/185
f 167/264/231 1319/269/249 1284/270/250
f 182/268/248 1319/269/249 181/266/246
f 191/196/185 354/271/251 182/268/248
f 164/235/221 175/272/239 179/236/220
f 169/237/219 189/191/180 183/207/196
f 180/261/244 186/273/252 164/235/221
f 193/212/201 180/261/244 190/184/173
f 184/265/245 175/272/239 186/273/252
f 185/267/247 186/273/252 187/274/253
f 193/212/201 185/267/247 187/274/253
f 353/275/254 188/215/203 177/259/243
f 200/276/255 259/277/256 206/278/257
f 201/279/258 200/276/255 206/278/257
f 201/279/258 207/280/259 217/281/260
f 202/282/261 217/281/260 207/280/259
f 264/283/262 199/284/263 194/285/264
f 214/286/265 216/287/266 199/284/263
f 196/288/267 208/289/268 203/290/269
f 203/290/269 209/291/270 204/292/271
f 209/291/270 205/293/272 204/292/271
f 203/290/269 356/294/273 196/288/267
f 203/290/269 1489/295/274 357/296/275
f 204/292/271 358/297/276 1489/295/274
f 194/285/264 206/278/257 259/277/256
f 200/276/255 198/298/277 195/299/278
f 201/279/258 211/300/279 200/276/255
f 206/278/257 216/287/266 207/280/259
f 217/281/260 212/301/280 201/279/258
f 208/289/268 198/298/277 211/300/279
f 209/291/270 211/300/279 212/301/280
f 210/302/281 212/301/280 213/303/282
f 1748/304/283 214/305/265 264/306/262
f 1502/307/284 214/305/265 1501/308/285
f 202/282/261 221/251/235 218/309/286
f 228/229/215 218/309/286 221/251/235
f 215/310/287 227/238/222 216/287/266
f 205/293/272 222/311/288 219/312/289
f 219/312/289 223/313/290 220/314/291
f 220/314/291 230/315/292 229/242/226
f 205/293/272 359/316/293 358/297/276
f 219/312/289 360/317/294 359/316/293
f 229/242/226 360/317/294 220/314/291
f 202/282/261 213/303/282 217/281/260
f 207/280/259 227/238/222 221/251/235
f 225/318/295 202/282/261 218/309/286
f 231/254/238 218/309/286 228/229/215
f 222/311/288 213/303/282 224/319/296
f 225/318/295 222/311/288 224/319/296
f 231/254/238 223/313/290 225/318/295
f 1532/258/242 215/320/287 1502/307/284
f 233/321/297 244/322/298 238/323/299
f 239/324/300 238/323/299 244/322/298
f 255/325/301 244/322/298 245/326/302
f 240/327/303 255/325/301 245/326/302
f 232/328/304 252/329/305 237/330/306
f 237/330/306 253/331/307 254/332/308
f 235/333/309 241/334/310 234/335/311
f 246/336/312 242/337/313 241/334/310
f 242/337/313 248/338/314 243/339/315
f 241/334/310 362/340/316 234/335/311
f 241/334/310 364/341/317 363/342/318
f 242/337/313 365/343/319 364/341/317
f 292/344/320 237/330/306 244/322/298
f 249/345/321 233/321/297 238/323/299
f 250/346/322 238/323/299 239/324/300
f 237/330/306 245/326/302 244/322/298
f 255/325/301 250/346/322 239/324/300
f 249/345/321 235/333/309 236/347/323
f 250/346/322 246/336/312 249/345/321
f 251/348/324 247/349/325 250/346/322
f 366/350/326 297/351/327 1935/352/328
f 1717/353/329 252/354/305 366/350/326
f 256/355/330 245/326/302 259/277/256
f 195/299/278 256/355/330 259/277/256
f 254/332/308 264/283/262 194/285/264
f 243/339/315 260/356/331 257/357/332
f 260/356/331 258/358/333 257/357/332
f 261/359/334 196/288/267 258/358/333
f 243/339/315 367/360/335 365/343/319
f 258/358/333 367/360/335 257/357/332
f 196/288/267 1741/361/336 258/358/333
f 240/327/303 251/348/324 255/325/301
f 254/332/308 259/277/256 245/326/302
f 256/355/330 262/362/337 240/327/303
f 195/299/278 263/363/338 256/355/330
f 260/356/331 251/348/324 262/362/337
f 261/359/334 262/362/337 263/363/338
f 198/298/277 261/359/334 263/363/338
f 1717/353/329 264/306/262 253/364/307
f 271/365/339 325/366/340 277/367/341
f 272/368/342 271/365/339 277/367/341
f 272/368/342 278/369/343 288/370/344
f 273/371/345 288/370/344 278/369/343
f 330/372/346 270/373/347 265/374/348
f 285/375/349 287/376/350 270/373/347
f 267/377/351 279/378/352 274/379/353
f 274/379/353 280/380/354 275/381/355
f 280/380/354 276/382/356 275/381/355
f 267/377/351 368/383/357 1867/384/358
f 274/379/353 369/385/359 368/383/357
f 275/381/355 370/386/360 369/385/359
f 325/366/340 270/373/347 277/367/341
f 271/365/339 269/387/361 266/388/362
f 272/368/342 282/389/363 271/365/339
f 270/373/347 278/369/343 277/367/341
f 284/390/364 272/368/342 288/370/344
f 279/378/352 269/387/361 282/389/363
f 283/391/365 279/378/352 282/389/363
f 284/390/364 280/380/354 283/391/365
f 2123/392/366 285/393/349 330/394/346
f 1904/395/367 285/393/349 371/396/368
f 273/371/345 292/344/320 289/397/369
f 233/321/297 289/397/369 292/344/320
f 287/376/350 297/398/327 232/328/304
f 281/399/370 290/400/371 276/382/356
f 293/401/372 291/402/373 290/400/371
f 291/402/373 235/333/309 234/335/311
f 290/400/371 370/386/360 276/382/356
f 291/402/373 372/403/374 290/400/371
f 291/402/373 362/340/316 1928/404/375
f 295/405/376 288/370/344 273/371/345
f 278/369/343 232/328/304 292/344/320
f 289/397/369 295/405/376 273/371/345
f 233/321/297 296/406/377 289/397/369
f 293/401/372 284/390/364 295/405/376
f 294/407/378 295/405/376 296/406/377
f 235/333/309 296/406/377 236/347/323
f 1904/395/367 297/351/327 286/408/379
f 304/409/380 23/32/31 310/410/381
f 305/411/382 304/409/380 310/410/381
f 305/411/382 311/412/383 321/413/384
f 306/414/385 321/413/384 311/412/383
f 298/36/35 318/415/386 303/416/387
f 303/416/387 319/417/388 320/418/389
f 301/419/390 307/420/391 300/41/40
f 312/421/392 308/422/393 307/420/391
f 313/423/394 309/424/395 308/422/393
f 307/420/391 2052/44/43 300/41/40
f 308/422/393 2080/425/396 307/420/391
f 309/424/395 2081/426/397 308/422/393
f 298/36/35 310/410/381 23/32/31
f 304/409/380 302/48/47 299/34/33
f 305/411/382 315/427/398 304/409/380
f 303/416/387 311/412/383 310/410/381
f 317/428/399 305/411/382 321/413/384
f 312/421/392 302/48/47 315/427/398
f 316/429/400 312/421/392 315/427/398
f 317/428/399 313/423/394 316/429/400
f 334/49/48 318/430/386 28/431/401
f 374/432/402 319/433/388 318/430/386
f 322/434/403 311/412/383 325/366/340
f 266/388/362 322/434/403 325/366/340
f 319/417/388 265/374/348 320/418/389
f 309/424/395 326/435/404 323/436/405
f 323/436/405 327/437/406 324/438/407
f 324/438/407 268/439/408 267/377/351
f 323/436/405 373/440/409 309/424/395
f 323/436/405 376/441/410 2116/442/411
f 324/438/407 1867/384/358 376/441/410
f 328/443/412 321/413/384 306/414/385
f 311/412/383 265/374/348 325/366/340
f 329/444/413 306/414/385 322/434/403
f 269/387/361 322/434/403 266/388/362
f 328/443/412 314/445/414 317/428/399
f 327/437/406 328/443/412 329/444/413
f 269/387/361 327/437/406 329/444/413
f 375/446/415 330/394/346 319/433/388
f 2/1/1 59/23/23 52/2/2
f 19/5/5 3/4/4 8/3/3
f 58/8/8 57/87/28 16/9/9
f 16/9/9 17/35/34 18/11/11
f 61/12/12 10/15/15 5/13/13
f 10/15/15 11/17/17 6/16/16
f 11/17/17 12/2937/3127 7/18/18
f 5/13/13 389/21/21 339/19/19
f 5/13/13 6/16/16 331/20/20
f 7/18/18 390/43/42 331/20/20
f 58/8/8 1/10/10 8/3/3
f 2/1/1 13/26/26 62/22/22
f 14/24/24 13/26/26 2/1/1
f 8/3/3 1/10/10 18/11/11
f 15/25/25 14/24/24 3/4/4
f 10/15/15 61/12/12 62/22/22
f 14/24/24 11/17/17 10/15/15
f 15/25/25 12/2937/3127 11/17/17
f 402/27/27 16/31/9 57/28/28
f 403/30/30 17/2938/34 16/31/9
f 4/7/7 9/6/6 23/32/31
f 17/35/34 28/2939/401 298/36/35
f 7/18/18 12/2937/3127 24/37/36
f 21/38/37 24/37/36 25/39/38
f 25/39/38 301/419/390 300/41/40
f 7/18/18 21/38/37 332/42/41
f 22/40/39 333/45/44 332/42/41
f 22/40/39 300/41/40 2052/44/43
f 26/46/45 15/25/25 19/5/5
f 9/6/6 18/11/11 298/36/35
f 27/47/46 26/46/45 4/7/7
f 299/34/33 302/48/47 27/47/46
f 24/37/36 12/2937/3127 15/25/25
f 25/39/38 24/37/36 26/46/45
f 302/48/47 301/419/390 25/39/38
f 334/49/48 28/431/401 17/50/34
f 92/52/49 85/75/72 37/53/50
f 48/56/53 32/55/52 37/53/50
f 90/59/56 45/62/59 30/60/57
f 45/62/59 46/2940/90 47/63/60
f 93/64/61 39/67/64 34/65/62
f 39/67/64 40/79/76 35/68/65
f 35/68/65 40/79/76 41/69/66
f 34/65/62 547/72/69 847/71/68
f 35/68/65 548/74/71 547/72/69
f 35/68/65 36/70/67 335/73/70
f 85/75/72 91/61/58 30/60/57
f 42/76/73 94/78/75 92/52/49
f 32/55/52 43/77/74 42/76/73
f 30/60/57 47/63/60 38/57/54
f 48/56/53 44/80/77 43/77/74
f 39/67/64 93/64/61 94/78/75
f 40/79/76 39/67/64 42/76/73
f 41/69/66 40/79/76 43/77/74
f 336/81/78 45/85/59 90/82/56
f 337/84/80 46/96/90 45/85/59
f 49/86/81 33/58/55 38/57/54
f 47/63/60 46/2940/90 57/87/28
f 36/70/67 41/69/66 53/88/82
f 53/88/82 54/95/89 51/90/84
f 51/90/84 54/95/89 61/12/12
f 50/89/83 583/91/85 335/73/70
f 51/90/84 584/92/86 583/91/85
f 60/14/14 339/19/19 584/92/86
f 33/58/55 55/93/87 44/80/77
f 38/57/54 47/63/60 58/8/8
f 49/86/81 56/94/88 55/93/87
f 59/23/23 62/22/22 56/94/88
f 53/88/82 41/69/66 44/80/77
f 54/95/89 53/88/82 55/93/87
f 62/22/22 61/12/12 54/95/89
f 337/84/80 338/29/29 57/28/28
f 124/97/91 117/120/114 70/98/92
f 81/101/95 65/100/94 70/98/92
f 122/104/98 78/107/101 63/105/99
f 78/107/101 79/132/122 80/108/102
f 126/109/103 72/112/106 67/110/104
f 72/112/106 73/125/119 68/113/107
f 68/113/107 73/125/119 74/114/108
f 67/110/104 340/118/112 1027/116/110
f 67/110/104 68/113/107 727/117/111
f 68/113/107 69/115/109 728/119/113
f 117/120/114 123/106/100 63/105/99
f 75/121/115 127/123/117 124/97/91
f 76/122/116 75/121/115 64/99/93
f 63/105/99 80/108/102 71/102/96
f 81/101/95 77/124/118 76/122/116
f 75/121/115 72/112/106 126/109/103
f 76/122/116 73/125/119 72/112/106
f 77/124/118 74/114/108 73/125/119
f 740/126/120 78/130/101 122/127/98
f 740/126/120 741/141/132 79/129/122
f 66/103/97 71/102/96 85/75/72
f 79/132/122 90/59/56 91/61/58
f 69/115/109 74/114/108 86/133/124
f 86/133/124 87/136/127 84/135/126
f 87/136/127 93/64/61 29/66/63
f 83/134/125 765/137/128 728/119/113
f 84/135/126 341/138/129 765/137/128
f 29/66/63 847/71/68 341/138/129
f 66/103/97 88/140/131 77/124/118
f 71/102/96 80/108/102 91/61/58
f 89/139/130 88/140/131 66/103/97
f 94/78/75 89/139/130 82/131/123
f 86/133/124 74/114/108 77/124/118
f 87/136/127 86/133/124 88/140/131
f 94/78/75 93/64/61 87/136/127
f 741/141/132 342/83/79 90/82/56
f 96/142/133 157/165/156 150/143/134
f 97/145/136 102/144/135 103/146/137
f 156/149/140 155/219/161 110/150/141
f 95/151/142 110/150/141 111/152/143
f 158/154/145 159/2941/3128 104/155/146
f 99/156/147 104/155/146 105/157/148
f 105/157/148 106/2942/3129 101/159/150
f 158/154/145 99/156/147 909/160/151
f 99/156/147 100/158/149 343/162/153
f 100/158/149 101/159/150 910/163/154
f 156/149/140 95/151/142 102/144/135
f 96/142/133 107/168/159 160/164/155
f 108/166/157 107/168/159 96/142/133
f 102/144/135 95/151/142 112/153/144
f 109/167/158 108/166/157 97/145/136
f 104/155/146 159/2941/3128 160/164/155
f 108/166/157 105/157/148 104/155/146
f 109/167/158 106/2942/3129 105/157/148
f 344/169/160 110/173/141 155/170/161
f 345/172/163 111/183/143 110/173/141
f 114/174/164 98/148/139 103/146/137
f 111/152/143 122/104/98 123/106/100
f 101/159/150 106/2942/3129 118/175/165
f 115/176/166 118/175/165 119/177/167
f 116/178/168 119/177/167 126/109/103
f 115/176/166 346/179/169 910/163/154
f 116/178/168 347/180/170 346/179/169
f 125/111/105 1027/116/110 347/180/170
f 120/181/171 109/167/158 113/147/138
f 103/146/137 112/153/144 123/106/100
f 114/174/164 121/182/172 120/181/171
f 124/97/91 127/123/117 121/182/172
f 118/175/165 106/2942/3129 109/167/158
f 119/177/167 118/175/165 120/181/171
f 126/109/103 119/177/167 121/182/172
f 951/128/121 122/127/98 111/183/143
f 190/184/173 183/207/196 135/185/174
f 146/188/177 130/187/176 135/185/174
f 189/191/180 188/263/203 143/192/181
f 128/193/182 143/192/181 144/194/183
f 191/196/185 192/211/200 137/197/186
f 132/198/187 137/197/186 138/199/188
f 133/200/189 138/199/188 139/201/190
f 191/196/185 132/198/187 1095/203/192
f 132/198/187 133/200/189 348/205/194
f 133/200/189 134/202/191 349/206/195
f 183/207/196 189/191/180 128/193/182
f 140/208/197 193/212/201 190/184/173
f 141/209/198 140/208/197 129/186/175
f 128/193/182 145/195/184 136/189/178
f 142/210/199 141/209/198 130/187/176
f 140/208/197 137/197/186 192/211/200
f 141/209/198 138/199/188 137/197/186
f 142/210/199 139/201/190 138/199/188
f 1326/213/202 1107/216/204 143/214/181
f 1107/216/204 1108/228/214 144/217/183
f 131/190/179 136/189/178 150/143/134
f 145/195/184 144/194/183 155/219/161
f 139/201/190 151/221/207 148/220/206
f 151/221/207 152/223/209 149/222/208
f 152/223/209 159/2941/3128 158/154/145
f 148/220/206 1132/225/211 349/206/195
f 148/220/206 149/222/208 350/224/210
f 149/222/208 158/154/145 1215/161/152
f 153/226/212 142/210/199 146/188/177
f 145/195/184 156/149/140 150/143/134
f 154/227/213 153/226/212 131/190/179
f 157/165/156 160/164/155 154/227/213
f 153/226/212 151/221/207 139/201/190
f 154/227/213 152/223/209 151/221/207
f 160/164/155 159/2941/3128 152/223/209
f 1108/228/214 1139/171/162 155/170/161
f 228/229/215 221/251/235 168/230/216
f 163/232/218 168/230/216 169/233/219
f 227/238/222 226/2943/241 176/239/223
f 176/239/223 177/2944/243 178/241/225
f 229/242/226 230/315/292 170/243/227
f 170/243/227 171/246/230 166/245/229
f 171/246/230 172/2945/3130 167/247/231
f 229/242/226 165/244/228 1283/248/232
f 165/244/228 166/245/229 351/250/234
f 167/247/231 1284/2946/250 351/250/234
f 227/238/222 161/240/224 168/230/216
f 173/252/236 231/254/238 228/229/215
f 163/232/218 174/253/237 173/252/236
f 161/240/224 178/241/225 169/233/219
f 179/234/220 175/255/239 174/253/237
f 170/243/227 230/315/292 231/254/238
f 174/253/237 171/246/230 170/243/227
f 175/255/239 172/2945/3130 171/246/230
f 352/256/240 176/260/223 226/257/241
f 352/256/240 353/275/254 177/259/243
f 180/261/244 164/235/221 169/237/219
f 178/262/225 177/2947/243 188/263/203
f 167/264/231 172/2948/3130 184/265/245
f 181/266/246 184/265/245 185/267/247
f 182/268/248 185/267/247 192/211/200
f 167/264/231 181/266/246 1319/269/249
f 182/268/248 354/271/251 1319/269/249
f 191/196/185 355/204/193 354/271/251
f 164/235/221 186/273/252 175/272/239
f 169/237/219 178/262/225 189/191/180
f 180/261/244 187/274/253 186/273/252
f 193/212/201 187/274/253 180/261/244
f 184/265/245 172/2948/3130 175/272/239
f 185/267/247 184/265/245 186/273/252
f 193/212/201 192/211/200 185/267/247
f 353/275/254 1326/213/202 188/215/203
f 200/276/255 195/299/278 259/277/256
f 201/279/258 206/278/257 207/280/259
f 264/283/262 214/286/265 199/284/263
f 214/286/265 215/310/287 216/287/266
f 196/288/267 197/2949/3131 208/289/268
f 203/290/269 208/289/268 209/291/270
f 209/291/270 210/302/281 205/293/272
f 203/290/269 357/296/275 356/294/273
f 203/290/269 204/292/271 1489/295/274
f 204/292/271 205/293/272 358/297/276
f 194/285/264 199/284/263 206/278/257
f 200/276/255 211/300/279 198/298/277
f 201/279/258 212/301/280 211/300/279
f 206/278/257 199/284/263 216/287/266
f 217/281/260 213/303/282 212/301/280
f 208/289/268 197/2949/3131 198/298/277
f 209/291/270 208/289/268 211/300/279
f 210/302/281 209/291/270 212/301/280
f 1748/304/283 1501/308/285 214/305/265
f 1502/307/284 215/320/287 214/305/265
f 202/282/261 207/280/259 221/251/235
f 215/310/287 226/2943/241 227/238/222
f 205/293/272 210/302/281 222/311/288
f 219/312/289 222/311/288 223/313/290
f 220/314/291 223/313/290 230/315/292
f 205/293/272 219/312/289 359/316/293
f 219/312/289 220/314/291 360/317/294
f 229/242/226 361/249/233 360/317/294
f 202/282/261 224/319/296 213/303/282
f 207/280/259 216/287/266 227/238/222
f 225/318/295 224/319/296 202/282/261
f 231/254/238 225/318/295 218/309/286
f 222/311/288 210/302/281 213/303/282
f 225/318/295 223/313/290 222/311/288
f 231/254/238 230/315/292 223/313/290
f 1532/258/242 226/257/241 215/320/287
f 233/321/297 292/344/320 244/322/298
f 255/325/301 239/324/300 244/322/298
f 232/328/304 297/398/327 252/329/305
f 237/330/306 252/329/305 253/331/307
f 235/333/309 246/336/312 241/334/310
f 246/336/312 247/349/325 242/337/313
f 242/337/313 247/349/325 248/338/314
f 241/334/310 363/342/318 362/340/316
f 241/334/310 242/337/313 364/341/317
f 242/337/313 243/339/315 365/343/319
f 292/344/320 232/328/304 237/330/306
f 249/345/321 236/347/323 233/321/297
f 250/346/322 249/345/321 238/323/299
f 237/330/306 254/332/308 245/326/302
f 255/325/301 251/348/324 250/346/322
f 249/345/321 246/336/312 235/333/309
f 250/346/322 247/349/325 246/336/312
f 251/348/324 248/338/314 247/349/325
f 366/350/326 252/354/305 297/351/327
f 1717/353/329 253/364/307 252/354/305
f 256/355/330 240/327/303 245/326/302
f 254/332/308 253/331/307 264/283/262
f 243/339/315 248/338/314 260/356/331
f 260/356/331 261/359/334 258/358/333
f 261/359/334 197/2949/3131 196/288/267
f 243/339/315 257/357/332 367/360/335
f 258/358/333 1741/361/336 367/360/335
f 196/288/267 356/294/273 1741/361/336
f 240/327/303 262/362/337 251/348/324
f 254/332/308 194/285/264 259/277/256
f 256/355/330 263/363/338 262/362/337
f 195/299/278 198/298/277 263/363/338
f 260/356/331 248/338/314 251/348/324
f 261/359/334 260/356/331 262/362/337
f 198/298/277 197/2949/3131 261/359/334
f 1717/353/329 1748/304/283 264/306/262
f 271/365/339 266/388/362 325/366/340
f 272/368/342 277/367/341 278/369/343
f 330/372/346 285/375/349 270/373/347
f 285/375/349 286/2950/379 287/376/350
f 267/377/351 268/439/408 279/378/352
f 274/379/353 279/378/352 280/380/354
f 280/380/354 281/399/370 276/382/356
f 267/377/351 274/379/353 368/383/357
f 274/379/353 275/381/355 369/385/359
f 275/381/355 276/382/356 370/386/360
f 325/366/340 265/374/348 270/373/347
f 271/365/339 282/389/363 269/387/361
f 272/368/342 283/391/365 282/389/363
f 270/373/347 287/376/350 278/369/343
f 284/390/364 283/391/365 272/368/342
f 279/378/352 268/439/408 269/387/361
f 283/391/365 280/380/354 279/378/352
f 284/390/364 281/399/370 280/380/354
f 2123/392/366 371/396/368 285/393/349
f 1904/395/367 286/408/379 285/393/349
f 273/371/345 278/369/343 292/344/320
f 287/376/350 286/2950/379 297/398/327
f 281/399/370 293/401/372 290/400/371
f 293/401/372 294/407/378 291/402/373
f 291/402/373 294/407/378 235/333/309
f 290/400/371 372/403/374 370/386/360
f 291/402/373 1928/404/375 372/403/374
f 291/402/373 234/335/311 362/340/316
f 295/405/376 284/390/364 288/370/344
f 278/369/343 287/376/350 232/328/304
f 289/397/369 296/406/377 295/405/376
f 233/321/297 236/347/323 296/406/377
f 293/401/372 281/399/370 284/390/364
f 294/407/378 293/401/372 295/405/376
f 235/333/309 294/407/378 296/406/377
f 1904/395/367 1935/352/328 297/351/327
f 304/409/380 299/34/33 23/32/31
f 305/411/382 310/410/381 311/412/383
f 298/36/35 28/2939/401 318/415/386
f 303/416/387 318/415/386 319/417/388
f 301/419/390 312/421/392 307/420/391
f 312/421/392 313/423/394 308/422/393
f 313/423/394 314/445/414 309/424/395
f 307/420/391 2080/425/396 2052/44/43
f 308/422/393 2081/426/397 2080/425/396
f 309/424/395 373/440/409 2081/426/397
f 298/36/35 303/416/387 310/410/381
f 304/409/380 315/427/398 302/48/47
f 305/411/382 316/429/400 315/427/398
f 303/416/387 320/418/389 311/412/383
f 317/428/399 316/429/400 305/411/382
f 312/421/392 301/419/390 302/48/47
f 316/429/400 313/423/394 312/421/392
f 317/428/399 314/445/414 313/423/394
f 334/49/48 374/432/402 318/430/386
f 374/432/402 375/446/415 319/433/388
f 322/434/403 306/414/385 311/412/383
f 319/417/388 330/372/346 265/374/348
f 309/424/395 314/445/414 326/435/404
f 323/436/405 326/435/404 327/437/406
f 324/438/407 327/437/406 268/439/408
f 323/436/405 2116/442/411 373/440/409
f 323/436/405 324/438/407 376/441/410
f 324/438/407 267/377/351 1867/384/358
f 328/443/412 317/428/399 321/413/384
f 311/412/383 320/418/389 265/374/348
f 329/444/413 328/443/412 306/414/385
f 269/387/361 329/444/413 322/434/403
f 328/443/412 326/435/404 314/445/414
f 327/437/406 326/435/404 328/443/412
f 269/387/361 268/439/408 327/437/406
f 375/446/415 2123/392/366 330/394/346
