# Blender 5.0.1
# www.blender.org
mtllib Coche_llanta_DD.mtl
g car_wheel_FR_Malla
v -0.132245 -0.198931 -0.296387
v -0.132245 -0.228885 -0.274007
v 0.128141 -0.242553 -0.261299
v 0.128141 -0.182940 -0.305994
v -0.132245 -0.166949 -0.315601
v -0.132245 -0.133107 -0.331258
v 0.128141 -0.115431 -0.337346
v -0.132245 -0.097756 -0.343434
v 0.169874 -0.171622 -0.287086
v 0.169874 -0.227495 -0.245134
v 0.174966 -0.194127 -0.209267
v 0.174966 -0.146502 -0.245105
v 0.169874 -0.108327 -0.316475
v 0.174966 -0.092451 -0.270183
v -0.178871 -0.198428 -0.237617
v -0.173979 -0.214632 -0.257033
v -0.173979 -0.186622 -0.278093
v -0.178871 -0.172565 -0.257059
v -0.173979 -0.156622 -0.296080
v -0.178871 -0.144824 -0.273706
v -0.173979 -0.124873 -0.310788
v -0.178871 -0.115446 -0.287353
v -0.159302 -0.195454 -0.291222
v -0.159302 -0.224797 -0.269195
v -0.159302 -0.164084 -0.310082
v -0.159302 -0.130797 -0.325516
v -0.132245 -0.061378 -0.351717
v 0.128140 -0.042870 -0.353997
v -0.132245 -0.024362 -0.356276
v 0.169874 -0.040195 -0.332097
v 0.174966 -0.034316 -0.283505
v -0.173979 -0.091782 -0.322162
v -0.178871 -0.084801 -0.297851
v -0.173979 -0.057591 -0.329996
v -0.178871 -0.053260 -0.305049
v -0.173979 -0.022799 -0.334197
v -0.178872 -0.021137 -0.308931
v -0.159302 -0.096094 -0.337430
v -0.159302 -0.060309 -0.345582
v -0.159302 -0.023886 -0.350010
v -0.132245 -0.334939 -0.122978
v -0.132245 -0.345865 -0.087268
v 0.128141 -0.349482 -0.068971
v 0.128141 -0.327631 -0.140123
v -0.132245 -0.320322 -0.157269
v -0.132245 -0.302123 -0.189879
v 0.128141 -0.291427 -0.205158
v -0.132245 -0.280731 -0.220437
v 0.169874 -0.307368 -0.131485
v 0.169874 -0.327902 -0.064683
v 0.174966 -0.279791 -0.055302
v 0.174966 -0.262297 -0.112273
v 0.169874 -0.273354 -0.192465
v 0.174966 -0.233355 -0.164325
v -0.178871 -0.299993 -0.075694
v -0.173979 -0.324533 -0.081858
v -0.173979 -0.314234 -0.115380
v -0.178871 -0.290486 -0.106637
v -0.173979 -0.300502 -0.147592
v -0.178871 -0.277714 -0.136419
v -0.173979 -0.283412 -0.178142
v -0.178871 -0.262009 -0.164798
v -0.159302 -0.329114 -0.120802
v -0.159302 -0.339855 -0.085703
v -0.159302 -0.314717 -0.154573
v -0.159302 -0.296833 -0.186626
v -0.132245 -0.256220 -0.248592
v -0.173979 -0.263296 -0.206788
v -0.178871 -0.243465 -0.191197
v -0.173979 -0.240357 -0.233234
v -0.178872 -0.222172 -0.215582
v -0.159302 -0.275755 -0.216628
v -0.159302 -0.251688 -0.244281
v -0.132245 -0.342968 0.097312
v -0.132246 -0.330922 0.132607
v 0.128141 -0.323029 0.149557
v 0.128141 -0.347156 0.079142
v -0.132245 -0.351344 0.060971
v -0.132245 -0.355809 0.023917
v 0.128140 -0.356105 0.005258
v -0.132245 -0.356401 -0.013402
v 0.169874 -0.325631 0.074196
v 0.169874 -0.302986 0.140257
v 0.174966 -0.258660 0.119629
v 0.174966 -0.277949 0.063249
v 0.169874 -0.334034 0.004881
v 0.174966 -0.285118 0.004092
v -0.178871 -0.286924 0.114910
v -0.173979 -0.310359 0.124336
v -0.173979 -0.321732 0.091246
v -0.178871 -0.297384 0.084357
v -0.173979 -0.329529 0.057147
v -0.178871 -0.304713 0.052760
v -0.173979 -0.333731 0.022355
v -0.178872 -0.308594 0.020638
v -0.159302 -0.336964 0.095650
v -0.159302 -0.325087 0.130260
v -0.159302 -0.345116 0.059865
v -0.159302 -0.349544 0.023442
v -0.132245 -0.353099 -0.050674
v -0.173979 -0.334337 -0.012592
v -0.178871 -0.309009 -0.011695
v -0.173979 -0.331271 -0.047509
v -0.178871 -0.306161 -0.043942
v -0.159302 -0.350190 -0.013210
v -0.159302 -0.346904 -0.049722
v -0.132245 -0.220008 0.280195
v -0.132245 -0.189413 0.301679
v 0.128141 -0.173126 0.310732
v 0.128141 -0.234086 0.267939
v -0.132245 -0.248163 0.255684
v -0.132245 -0.273578 0.228349
v 0.128141 -0.284796 0.213437
v -0.132245 -0.296014 0.198524
v 0.169874 -0.219610 0.251355
v 0.169874 -0.162466 0.291485
v 0.174966 -0.138623 0.248696
v 0.174966 -0.187375 0.214444
v 0.169874 -0.267097 0.200184
v 0.174966 -0.228016 0.170796
v -0.178871 -0.164331 0.261566
v -0.173979 -0.177769 0.283006
v -0.173979 -0.206415 0.262889
v -0.178871 -0.190769 0.242928
v -0.173979 -0.232805 0.239821
v -0.178871 -0.215153 0.221635
v -0.173979 -0.256567 0.214189
v -0.178871 -0.237243 0.198021
v -0.159303 -0.216161 0.275311
v -0.159303 -0.186160 0.296389
v -0.159302 -0.243815 0.251244
v -0.159302 -0.268729 0.224354
v -0.132245 -0.315135 0.166505
v -0.173979 -0.277628 0.186178
v -0.178871 -0.256723 0.172066
v -0.173979 -0.295614 0.156178
v -0.178871 -0.273277 0.144288
v -0.159302 -0.290755 0.195010
v -0.159302 -0.309653 0.163547
v -0.132245 -0.013066 0.355901
v -0.132245 0.024254 0.355310
v 0.128141 0.042827 0.353059
v 0.128140 -0.031637 0.354278
v -0.132245 -0.050208 0.352655
v -0.132245 -0.086801 0.345421
v 0.128140 -0.104657 0.339958
v -0.132245 -0.122512 0.334496
v 0.169874 -0.029668 0.332286
v 0.169874 0.040217 0.331187
v 0.174966 0.034339 0.282596
v 0.174966 -0.025322 0.283563
v 0.169874 -0.098190 0.318847
v 0.174966 -0.083792 0.272107
v -0.178871 0.021067 0.308058
v -0.173979 0.022821 0.333287
v -0.173979 -0.012255 0.333837
v -0.178871 -0.011322 0.308603
v -0.173979 -0.047080 0.330734
v -0.178871 -0.043568 0.305754
v -0.173979 -0.081429 0.323997
v -0.178871 -0.075266 0.299456
v -0.159302 -0.012782 0.349653
v -0.159302 0.023909 0.349100
v -0.159303 -0.049256 0.346461
v -0.159302 -0.085237 0.339411
v -0.132245 -0.156840 0.319786
v -0.173979 -0.114951 0.313697
v -0.178871 -0.106209 0.289949
v -0.173979 -0.147163 0.299966
v -0.178871 -0.136046 0.277307
v -0.159302 -0.120373 0.328577
v -0.159302 -0.154107 0.314274
v -0.132245 0.198953 0.295478
v -0.132245 0.228778 0.273042
v 0.128141 0.242445 0.260334
v 0.128141 0.182962 0.305084
v -0.132245 0.166971 0.314691
v -0.132245 0.133037 0.330386
v 0.128141 0.115407 0.336455
v -0.132245 0.097778 0.342524
v 0.169874 0.171598 0.286195
v 0.169874 0.227452 0.244196
v 0.174966 0.194103 0.208376
v 0.174966 0.146459 0.244168
v 0.169874 0.108257 0.315602
v 0.174966 0.092362 0.269264
v -0.178872 0.198358 0.236743
v -0.173979 0.214655 0.256124
v -0.173979 0.186644 0.277183
v -0.178871 0.172494 0.256187
v -0.173979 0.156551 0.295207
v -0.178871 0.144754 0.272833
v -0.173979 0.124802 0.309915
v -0.178871 0.115376 0.286480
v -0.159302 0.195476 0.290312
v -0.159302 0.224819 0.268285
v -0.159302 0.164013 0.309209
v -0.159302 0.130726 0.324643
v -0.132245 0.061400 0.350808
v -0.173979 0.091711 0.321288
v -0.178871 0.084731 0.296978
v -0.173979 0.057613 0.329086
v -0.178871 0.053189 0.304176
v -0.159302 0.096024 0.336557
v -0.159302 0.060331 0.344673
v -0.132245 0.334924 0.121976
v -0.132245 0.345887 0.086358
v 0.128141 0.349485 0.068014
v 0.128141 0.327588 0.139186
v -0.132245 0.320251 0.156396
v -0.132245 0.302145 0.188969
v 0.128141 0.291403 0.204267
v -0.132245 0.280660 0.219565
v 0.169874 0.307260 0.130521
v 0.169874 0.327831 0.063811
v 0.174966 0.279794 0.054346
v 0.174966 0.262273 0.111382
v 0.169874 0.273376 0.191555
v 0.174966 0.233284 0.163452
v -0.178871 0.299922 0.074822
v -0.173979 0.324463 0.080985
v -0.173979 0.314126 0.114415
v -0.178871 0.290415 0.105765
v -0.173979 0.300395 0.146627
v -0.178871 0.277736 0.135509
v -0.173979 0.283434 0.177232
v -0.178871 0.261994 0.163795
v -0.159302 0.329043 0.119930
v -0.159302 0.339784 0.084830
v -0.159302 0.314610 0.153607
v -0.159302 0.296855 0.185716
v -0.132245 0.256112 0.247626
v -0.173979 0.263318 0.205878
v -0.178871 0.243394 0.190325
v -0.173979 0.240249 0.232269
v -0.178871 0.222102 0.214709
v -0.159302 0.275777 0.215718
v -0.159302 0.251673 0.243278
v -0.132245 0.342990 -0.098222
v -0.132245 0.330815 -0.133573
v 0.128141 0.322986 -0.150494
v 0.128141 0.347132 -0.080033
v -0.132245 0.351273 -0.061844
v -0.132245 0.355739 -0.024791
v 0.128141 0.356035 -0.006130
v -0.132245 0.356330 0.012529
v 0.169874 0.325653 -0.075106
v 0.169874 0.302990 -0.141213
v 0.174966 0.258552 -0.120594
v 0.174966 0.277859 -0.064168
v 0.169874 0.334009 -0.005773
v 0.174966 0.285093 -0.004983
v -0.178871 0.286909 -0.115912
v -0.173979 0.310344 -0.125339
v -0.173979 0.321755 -0.092156
v -0.178871 0.297406 -0.085267
v -0.173979 0.329551 -0.058056
v -0.178871 0.304605 -0.053725
v -0.173979 0.333753 -0.023265
v -0.178871 0.308523 -0.021510
v -0.159302 0.336894 -0.096523
v -0.159302 0.325072 -0.131263
v -0.159302 0.345139 -0.060775
v -0.159302 0.349566 -0.024353
v -0.132245 0.353083 0.049671
v -0.173979 0.334266 0.011719
v -0.178871 0.309031 0.010785
v -0.173979 0.331200 0.046637
v -0.178871 0.306183 0.043032
v -0.159303 0.350119 0.012337
v -0.159302 0.346834 0.048849
v -0.132245 0.219993 -0.281197
v -0.132245 0.189435 -0.302589
v 0.128141 0.173130 -0.311688
v 0.128141 0.234042 -0.268877
v -0.132245 0.248092 -0.256556
v -0.132245 0.273507 -0.229222
v 0.128141 0.284725 -0.214309
v -0.132245 0.295943 -0.199397
v 0.169874 0.219539 -0.252228
v 0.169874 0.162377 -0.292405
v 0.174966 0.138580 -0.249633
v 0.174966 0.187398 -0.215354
v 0.169874 0.267120 -0.201093
v 0.174966 0.227945 -0.171669
v -0.178871 0.164261 -0.262438
v -0.173979 0.177698 -0.283878
v -0.173979 0.206345 -0.263762
v -0.178871 0.190791 -0.243838
v -0.173979 0.232734 -0.240693
v -0.178871 0.215175 -0.222545
v -0.173979 0.256590 -0.215099
v -0.178871 0.237172 -0.198894
v -0.159302 0.216091 -0.276184
v -0.159302 0.186089 -0.297262
v -0.159302 0.243744 -0.252117
v -0.159302 0.268751 -0.225264
v -0.132245 0.315157 -0.167416
v -0.173979 0.277649 -0.187088
v -0.178871 0.256615 -0.173031
v -0.173979 0.295635 -0.157088
v -0.178871 0.273299 -0.145197
v -0.159302 0.290777 -0.195920
v -0.159302 0.309582 -0.164420
v -0.132245 0.012958 -0.356867
v 0.128141 0.031547 -0.355197
v -0.132245 0.050138 -0.353528
v -0.132245 0.086823 -0.346331
v 0.128141 0.104633 -0.340849
v -0.132245 0.122442 -0.335368
v 0.169874 0.029625 -0.333224
v 0.174966 0.025251 -0.284436
v 0.169874 0.098147 -0.319785
v 0.174966 0.083767 -0.272999
v -0.173979 0.012148 -0.334803
v -0.178871 0.011251 -0.309475
v -0.173979 0.047102 -0.331645
v -0.178871 0.043498 -0.306627
v -0.173979 0.081451 -0.324907
v -0.178871 0.075251 -0.300459
v -0.159302 0.012766 -0.350656
v -0.159302 0.049278 -0.347371
v -0.159302 0.085259 -0.340321
v -0.132245 0.156825 -0.320788
v -0.173979 0.114843 -0.314663
v -0.178871 0.106231 -0.290859
v -0.173979 0.147055 -0.300931
v -0.178871 0.135976 -0.278179
v -0.159302 0.120265 -0.329542
v -0.159302 0.154036 -0.315146
v -0.175976 -0.098132 0.267760
v -0.175976 -0.125630 0.256114
v -0.175976 0.049121 0.280954
v -0.175976 0.256543 0.125094
v -0.175976 0.205161 0.198278
v -0.175976 0.282797 0.039740
v -0.175976 0.176198 -0.225270
v -0.175976 0.151747 -0.242446
v -0.175976 0.237081 -0.159792
v -0.175976 0.252333 -0.134181
v -0.175976 0.010407 -0.285890
v -0.175976 -0.159419 -0.237488
v -0.175976 -0.183320 -0.219587
v -0.175976 -0.133753 -0.252870
v -0.175976 -0.106653 -0.265492
v -0.181168 -0.180830 -0.216607
v -0.178871 -0.183116 -0.219346
v -0.178871 -0.159252 -0.237339
v -0.181168 -0.157300 -0.234358
v -0.178871 -0.133641 -0.252592
v -0.181168 -0.131966 -0.249499
v -0.178871 -0.106541 -0.265215
v -0.181168 -0.105200 -0.261880
v -0.170984 -0.149305 -0.222508
v -0.170984 -0.171687 -0.205649
v -0.170684 -0.125137 -0.236534
v -0.170684 -0.099760 -0.248356
v -0.168787 -0.145243 -0.221774
v -0.168088 -0.123760 -0.233645
v -0.088915 -0.061738 -0.078120
v -0.088915 -0.043368 -0.089168
v -0.087117 -0.040648 -0.082407
v -0.087217 -0.053037 -0.074948
v -0.143128 -0.086793 -0.216121
v -0.143927 -0.111653 -0.205153
v -0.168088 -0.098567 -0.245392
v -0.124258 -0.075169 -0.187221
v -0.095604 -0.048677 -0.121362
v -0.100196 -0.097484 -0.164578
v -0.120065 -0.075269 -0.181585
v -0.105788 -0.063683 -0.153315
v -0.090112 -0.081976 -0.141006
v -0.102093 -0.100920 -0.167500
v -0.116570 -0.130816 -0.182163
v -0.141431 -0.113632 -0.202313
v -0.122561 -0.077983 -0.185121
v -0.134043 -0.158799 -0.194476
v -0.165792 -0.146960 -0.218286
v -0.088016 -0.064766 -0.081100
v -0.078830 -0.072665 -0.090836
v -0.084721 -0.066589 -0.113189
v -0.093707 -0.052771 -0.119500
v -0.167090 -0.151519 -0.217313
v -0.135740 -0.162247 -0.194488
v -0.167090 -0.169885 -0.203576
v -0.061059 -0.085018 -0.141613
v -0.086319 -0.083809 -0.139946
v -0.081327 -0.069397 -0.117225
v -0.053770 -0.069397 -0.117225
v -0.072341 -0.099243 -0.163332
v -0.096003 -0.099076 -0.163184
v -0.093008 -0.131963 -0.180734
v -0.112377 -0.131963 -0.180734
v -0.097900 -0.102716 -0.166348
v -0.074537 -0.102456 -0.166237
v -0.052672 -0.068591 -0.112814
v -0.080228 -0.068684 -0.112777
v -0.075037 -0.074281 -0.092446
v -0.047281 -0.073965 -0.091927
v -0.114873 -0.159945 -0.193045
v -0.129150 -0.159518 -0.192787
v -0.077483 -0.051588 -0.073217
v -0.077482 -0.039791 -0.080276
v 0.180258 -0.191638 -0.206556
v 0.180258 -0.144633 -0.241929
v 0.180258 -0.091258 -0.266681
v 0.169275 -0.181299 -0.195434
v 0.169375 -0.136784 -0.228836
v 0.169375 -0.086335 -0.252303
v 0.034789 -0.071339 -0.085666
v 0.034789 -0.041524 -0.103578
v -0.036098 -0.042120 -0.105060
v -0.036098 -0.072361 -0.086869
v -0.046582 -0.043424 -0.108302
v -0.046582 -0.072480 -0.090910
v -0.044285 -0.074070 -0.088979
v 0.139123 -0.178085 -0.191991
v 0.139123 -0.134394 -0.224901
v 0.139123 -0.084834 -0.247903
v -0.116571 -0.178085 -0.191991
v -0.116570 -0.134394 -0.224901
v -0.116570 -0.084834 -0.247903
v -0.116371 -0.163436 -0.195838
v -0.116371 -0.159839 -0.195456
v -0.116571 -0.129483 -0.216706
v -0.116570 -0.081739 -0.238871
v -0.092708 -0.104594 -0.197770
v -0.092709 -0.083403 -0.207692
v -0.095504 -0.052411 -0.125026
v -0.085320 -0.067489 -0.118100
v -0.053770 -0.050689 -0.126365
v -0.061059 -0.061755 -0.153875
v -0.052672 -0.049348 -0.123030
v -0.175976 -0.078361 -0.275151
v -0.175976 -0.049192 -0.281826
v -0.175976 -0.019553 -0.285462
v -0.178871 -0.078249 -0.274873
v -0.181168 -0.077316 -0.271482
v -0.178872 -0.049117 -0.281641
v -0.181168 -0.048554 -0.278101
v -0.178871 -0.019441 -0.285184
v -0.181168 -0.019193 -0.281625
v -0.170684 -0.073265 -0.257399
v -0.170984 -0.046117 -0.264015
v -0.170984 -0.018294 -0.267350
v -0.088915 -0.030122 -0.094496
v -0.088915 -0.009218 -0.099246
v -0.087217 -0.013392 -0.090895
v -0.087117 -0.027403 -0.087735
v -0.168088 -0.072258 -0.254361
v -0.143927 -0.061171 -0.225460
v -0.167989 -0.048889 -0.259672
v -0.100197 -0.043297 -0.186374
v -0.090112 -0.038163 -0.158630
v -0.105787 -0.059977 -0.154805
v -0.120065 -0.071193 -0.183224
v -0.102093 -0.042842 -0.190862
v -0.122561 -0.071591 -0.187692
v -0.141431 -0.057777 -0.224780
v -0.116570 -0.031519 -0.222105
v -0.134043 -0.019763 -0.250402
v -0.165792 -0.044884 -0.259346
v -0.088016 -0.009189 -0.103455
v -0.093707 -0.044342 -0.122891
v -0.084721 -0.030094 -0.127869
v -0.078830 -0.010141 -0.115986
v -0.167090 -0.040828 -0.261838
v -0.167090 -0.018067 -0.264644
v -0.135740 -0.017283 -0.252799
v -0.060759 -0.036481 -0.161136
v -0.053770 -0.030864 -0.132725
v -0.081327 -0.030864 -0.132725
v -0.086219 -0.036236 -0.159190
v -0.072241 -0.041221 -0.186564
v -0.096003 -0.041184 -0.186471
v -0.093008 -0.029701 -0.221868
v -0.074537 -0.040951 -0.190977
v -0.097900 -0.040840 -0.191237
v -0.112377 -0.029701 -0.221868
v -0.052672 -0.028298 -0.129022
v -0.047280 -0.009958 -0.117673
v -0.075037 -0.010089 -0.118267
v -0.080228 -0.028298 -0.129022
v -0.114873 -0.017946 -0.250165
v -0.129150 -0.018168 -0.249645
v -0.077483 -0.026546 -0.085604
v -0.077483 -0.013239 -0.088643
v 0.180258 -0.033874 -0.279863
v 0.169275 -0.032083 -0.264709
v 0.034789 -0.007610 -0.111300
v -0.036098 -0.007706 -0.112876
v -0.044285 -0.007841 -0.115620
v -0.046582 -0.010419 -0.115875
v 0.139123 -0.031472 -0.260113
v -0.116571 -0.031472 -0.260113
v -0.116571 -0.043437 -0.249058
v -0.116371 -0.019692 -0.251829
v -0.116371 -0.017361 -0.254596
v -0.092708 -0.061244 -0.215206
v -0.095504 -0.048521 -0.126591
v -0.085320 -0.032846 -0.132035
v -0.134043 -0.162889 -0.191001
v -0.129150 -0.161110 -0.191394
v -0.088915 -0.065533 -0.074980
v -0.088016 -0.067987 -0.078405
v -0.095504 -0.050466 -0.125808
v -0.120065 -0.073231 -0.182405
v -0.078830 -0.076126 -0.087938
v -0.075037 -0.077446 -0.089881
v -0.047281 -0.077037 -0.089400
v -0.046582 -0.076274 -0.087770
v -0.116371 -0.163689 -0.192186
v -0.114873 -0.161334 -0.191949
v -0.075436 -0.072970 -0.181756
v -0.072740 -0.071145 -0.177217
v -0.105787 -0.061830 -0.154060
v -0.084322 -0.051811 -0.073505
v -0.084322 -0.039940 -0.080647
v -0.084322 -0.026695 -0.085974
v -0.084322 -0.013277 -0.089004
v -0.083723 -0.013202 -0.088281
v -0.083723 -0.026396 -0.085234
v -0.083723 -0.039643 -0.079906
v -0.083723 -0.051365 -0.072931
v -0.086219 -0.039866 -0.080462
v -0.086219 -0.051774 -0.073412
v -0.086219 -0.013240 -0.088911
v -0.086219 -0.026620 -0.085790
v -0.085021 -0.039083 -0.078516
v -0.085021 -0.050380 -0.071820
v -0.085021 -0.013143 -0.086798
v -0.085021 -0.025837 -0.083845
v -0.077582 -0.015146 -0.048704
v -0.072590 -0.028702 -0.040937
v -0.072590 -0.022128 -0.044927
v -0.072590 -0.014811 -0.047870
v -0.072590 -0.007305 -0.049544
v -0.077233 -0.014544 -0.047206
v -0.077233 -0.028269 -0.040394
v -0.077582 -0.022464 -0.045761
v -0.077582 -0.007381 -0.050536
v -0.081227 -0.024175 -0.029414
v -0.077233 -0.021862 -0.044263
v -0.081227 -0.014101 -0.035403
v -0.077233 -0.007273 -0.048839
v -0.081227 -0.002592 -0.038095
v -0.081027 -0.023450 -0.028414
v -0.081027 -0.013654 -0.034292
v -0.077732 -0.019464 -0.023722
v -0.081027 -0.002516 -0.036835
v -0.077932 -0.017857 -0.021732
v -0.077732 -0.011344 -0.028549
v -0.077932 -0.010375 -0.026140
v -0.077932 -0.001924 -0.028141
v -0.077732 -0.002050 -0.030727
v -0.081027 -0.009332 -0.023547
v -0.081027 -0.016017 -0.019567
v -0.081027 -0.001752 -0.025304
v -0.077582 -0.029334 -0.041705
v -0.087217 -0.063995 -0.065805
v -0.077483 -0.062546 -0.064075
v -0.077582 -0.035396 -0.036576
v -0.085021 -0.061301 -0.062584
v -0.084322 -0.062769 -0.064361
v -0.083723 -0.062323 -0.063788
v -0.086219 -0.062731 -0.064270
v -0.072590 -0.034848 -0.035882
v -0.077233 -0.034383 -0.035352
v 0.034789 -0.000054 -0.000482
v -0.175976 -0.268296 -0.098560
v -0.175976 -0.277029 -0.069973
v -0.175976 -0.256558 -0.126096
v -0.175976 -0.241981 -0.152192
v -0.181168 -0.273338 -0.069090
v -0.178872 -0.276806 -0.069955
v -0.178872 -0.268036 -0.098449
v -0.181168 -0.264641 -0.097232
v -0.178872 -0.256391 -0.125948
v -0.181168 -0.253162 -0.124341
v -0.178872 -0.241813 -0.152044
v -0.181168 -0.238787 -0.150140
v -0.170984 -0.251283 -0.092382
v -0.170984 -0.259556 -0.065594
v -0.170685 -0.240060 -0.117988
v -0.170684 -0.226425 -0.142414
v -0.168787 -0.247560 -0.094095
v -0.168088 -0.237183 -0.116456
v -0.088915 -0.095642 -0.027033
v -0.088915 -0.087226 -0.046776
v -0.087117 -0.081138 -0.042875
v -0.087217 -0.086748 -0.029535
v -0.143128 -0.196929 -0.123931
v -0.143927 -0.210715 -0.100414
v -0.168089 -0.223696 -0.140714
v -0.124258 -0.170588 -0.107407
v -0.095604 -0.110446 -0.069720
v -0.100196 -0.175348 -0.075898
v -0.120065 -0.167335 -0.102797
v -0.105788 -0.141404 -0.086754
v -0.090112 -0.148965 -0.065957
v -0.102094 -0.179799 -0.076260
v -0.116571 -0.212603 -0.070598
v -0.141431 -0.210596 -0.096910
v -0.122561 -0.171676 -0.103956
v -0.134043 -0.242477 -0.064070
v -0.165792 -0.246922 -0.090370
v -0.088016 -0.099760 -0.027636
v -0.078830 -0.111946 -0.030913
v -0.084721 -0.120128 -0.052589
v -0.093707 -0.112700 -0.065692
v -0.167090 -0.250030 -0.086859
v -0.135740 -0.245292 -0.061969
v -0.167090 -0.256792 -0.064876
v -0.061059 -0.151669 -0.064653
v -0.086318 -0.149832 -0.064100
v -0.081327 -0.124747 -0.054175
v -0.053770 -0.124747 -0.054175
v -0.072341 -0.176086 -0.073987
v -0.096003 -0.175826 -0.073877
v -0.093008 -0.212711 -0.068725
v -0.112377 -0.212711 -0.068725
v -0.097900 -0.180629 -0.074312
v -0.074537 -0.180351 -0.074424
v -0.052672 -0.121552 -0.051047
v -0.080228 -0.121515 -0.050955
v -0.075036 -0.114209 -0.031187
v -0.047280 -0.113689 -0.030965
v -0.114873 -0.242622 -0.062289
v -0.129150 -0.242084 -0.062290
v -0.077483 -0.084504 -0.029038
v -0.077482 -0.079133 -0.041637
v 0.180258 -0.276174 -0.054605
v 0.180258 -0.258901 -0.110787
v 0.180258 -0.230301 -0.162217
v 0.169275 -0.261272 -0.051667
v 0.169375 -0.244892 -0.104853
v 0.169375 -0.217862 -0.153499
v 0.034789 -0.107787 -0.027528
v 0.034789 -0.094166 -0.059480
v -0.036099 -0.095484 -0.060349
v -0.036098 -0.109327 -0.027877
v -0.046582 -0.098510 -0.062253
v -0.046582 -0.111798 -0.031080
v -0.044285 -0.111961 -0.028540
v 0.139123 -0.256709 -0.050758
v 0.139123 -0.240606 -0.103026
v 0.139123 -0.214029 -0.150790
v -0.116570 -0.256709 -0.050758
v -0.116570 -0.240606 -0.103026
v -0.116571 -0.214029 -0.150790
v -0.116371 -0.247091 -0.062429
v -0.116371 -0.243942 -0.064234
v -0.116571 -0.231839 -0.099288
v -0.116570 -0.206296 -0.145345
v -0.092708 -0.200644 -0.098654
v -0.092708 -0.189263 -0.119051
v -0.095504 -0.115676 -0.070414
v -0.085320 -0.123749 -0.055975
v -0.053770 -0.115012 -0.072511
v -0.061059 -0.140072 -0.088259
v -0.052672 -0.111986 -0.070607
v -0.175976 -0.224804 -0.176642
v -0.175976 -0.205140 -0.199188
v -0.178872 -0.224637 -0.176494
v -0.181168 -0.221814 -0.174294
v -0.178872 -0.204972 -0.199040
v -0.181168 -0.202446 -0.196505
v -0.170684 -0.210358 -0.165342
v -0.170984 -0.192230 -0.186624
v -0.088915 -0.079704 -0.058841
v -0.087117 -0.073523 -0.054978
v -0.168088 -0.207740 -0.163382
v -0.143927 -0.181696 -0.146524
v -0.167989 -0.191849 -0.181397
v -0.100197 -0.144259 -0.125424
v -0.090112 -0.123846 -0.105978
v -0.105788 -0.139296 -0.090077
v -0.120065 -0.165024 -0.106417
v -0.102093 -0.146584 -0.129331
v -0.122561 -0.167924 -0.109878
v -0.141431 -0.178621 -0.147976
v -0.116571 -0.155768 -0.161258
v -0.165792 -0.188405 -0.183535
v -0.093707 -0.107858 -0.073452
v -0.084721 -0.099316 -0.085927
v -0.167090 -0.186707 -0.187877
v -0.060759 -0.124000 -0.109036
v -0.053770 -0.102715 -0.089295
v -0.081327 -0.102753 -0.089388
v -0.086219 -0.122552 -0.107574
v -0.072241 -0.142760 -0.126779
v -0.096003 -0.142723 -0.126687
v -0.093008 -0.154175 -0.162113
v -0.074537 -0.145141 -0.130558
v -0.097900 -0.145160 -0.130873
v -0.112377 -0.154175 -0.162113
v -0.052672 -0.098485 -0.087875
v -0.080228 -0.098486 -0.087875
v -0.077482 -0.071564 -0.053721
v -0.116571 -0.181308 -0.176059
v -0.092708 -0.175784 -0.138248
v -0.095504 -0.113365 -0.074034
v -0.085320 -0.103880 -0.087643
v -0.134043 -0.243747 -0.058932
v -0.129150 -0.242525 -0.060176
v -0.088914 -0.096838 -0.022247
v -0.088016 -0.100808 -0.023555
v -0.095504 -0.114493 -0.072289
v -0.120065 -0.166152 -0.104672
v -0.078830 -0.113069 -0.026479
v -0.075036 -0.115203 -0.027236
v -0.047281 -0.114628 -0.027144
v -0.046582 -0.112994 -0.026294
v -0.116371 -0.245101 -0.059355
v -0.114873 -0.243082 -0.060490
v -0.075436 -0.165558 -0.104265
v -0.072740 -0.161512 -0.101696
v -0.105787 -0.140331 -0.088369
v -0.084322 -0.084856 -0.029111
v -0.084322 -0.079430 -0.041840
v -0.084322 -0.071907 -0.053906
v -0.083723 -0.071221 -0.053536
v -0.083723 -0.078836 -0.041433
v -0.083723 -0.084151 -0.028964
v -0.086219 -0.079393 -0.041748
v -0.086219 -0.084726 -0.029056
v -0.086219 -0.071777 -0.053851
v -0.085021 -0.077555 -0.040657
v -0.085021 -0.082704 -0.028578
v -0.085021 -0.069940 -0.052760
v -0.077582 -0.040678 -0.030578
v -0.072590 -0.047056 -0.016336
v -0.072590 -0.044038 -0.023415
v -0.072590 -0.039824 -0.030060
v -0.077233 -0.039249 -0.029700
v -0.077233 -0.046367 -0.016183
v -0.077582 -0.044827 -0.023905
v -0.081227 -0.036540 -0.009589
v -0.077233 -0.043450 -0.023024
v -0.081227 -0.031982 -0.020463
v -0.081027 -0.035445 -0.009276
v -0.081027 -0.030960 -0.019797
v -0.077732 -0.029380 -0.007842
v -0.077932 -0.026969 -0.007198
v -0.077732 -0.025671 -0.016544
v -0.077932 -0.023498 -0.015158
v -0.081027 -0.021067 -0.013661
v -0.081027 -0.024112 -0.006517
v -0.077583 -0.047956 -0.016566
v -0.087217 -0.090244 -0.015752
v -0.077483 -0.087962 -0.015163
v -0.077582 -0.049924 -0.008887
v -0.085021 -0.086163 -0.014703
v -0.084322 -0.088315 -0.015237
v -0.083723 -0.087610 -0.015089
v -0.086219 -0.088185 -0.015181
v -0.072590 -0.049025 -0.008657
v -0.077233 -0.048336 -0.008503
v -0.175976 -0.274722 0.077824
v -0.175976 -0.265064 0.106116
v -0.175976 -0.281360 0.048748
v -0.175976 -0.285033 0.019017
v -0.181168 -0.261544 0.104701
v -0.178872 -0.264786 0.106004
v -0.178872 -0.274500 0.077843
v -0.181168 -0.271053 0.076779
v -0.178872 -0.281175 0.048673
v -0.181168 -0.277635 0.048110
v -0.178872 -0.284718 0.018998
v -0.181168 -0.281159 0.018749
v -0.170984 -0.257341 0.072878
v -0.170984 -0.248298 0.099372
v -0.170685 -0.263271 0.045561
v -0.170684 -0.266607 0.017739
v -0.168788 -0.255346 0.069277
v -0.168088 -0.260101 0.045146
v -0.088914 -0.093021 0.034330
v -0.088914 -0.097770 0.013426
v -0.087117 -0.090559 0.012893
v -0.087217 -0.087269 0.026959
v -0.143128 -0.231923 0.015410
v -0.143927 -0.229201 0.042511
v -0.168088 -0.263363 0.017510
v -0.124258 -0.200928 0.013273
v -0.095604 -0.130114 0.008464
v -0.100196 -0.186208 0.041574
v -0.120065 -0.195566 0.015099
v -0.105787 -0.165054 0.012833
v -0.090112 -0.158987 0.034069
v -0.102093 -0.190115 0.043899
v -0.116571 -0.213245 0.067731
v -0.141431 -0.227045 0.045195
v -0.122561 -0.199679 0.016645
v -0.134043 -0.233520 0.090630
v -0.165792 -0.252560 0.071923
v -0.088016 -0.096670 0.036228
v -0.078830 -0.108415 0.040738
v -0.084721 -0.127851 0.028001
v -0.093707 -0.129494 0.012950
v -0.167090 -0.253033 0.076633
v -0.135740 -0.234682 0.093896
v -0.167090 -0.245704 0.098329
v -0.061059 -0.160502 0.036723
v -0.086319 -0.158612 0.036070
v -0.081327 -0.132539 0.029456
v -0.053770 -0.132447 0.029419
v -0.072341 -0.185611 0.043594
v -0.096003 -0.185425 0.043519
v -0.093008 -0.212296 0.069287
v -0.112377 -0.212296 0.069286
v -0.097900 -0.189611 0.045956
v -0.074537 -0.189370 0.045752
v -0.052672 -0.128107 0.030041
v -0.080228 -0.128070 0.030134
v -0.075036 -0.110471 0.041780
v -0.047280 -0.109878 0.041649
v -0.114873 -0.232701 0.092130
v -0.129150 -0.232220 0.091722
v -0.077483 -0.085139 0.026102
v -0.077483 -0.088196 0.012749
v 0.180258 -0.255307 0.118065
v 0.180258 -0.274344 0.062445
v 0.180258 -0.281391 0.003992
v 0.169275 -0.241461 0.111689
v 0.169375 -0.259528 0.059014
v 0.169375 -0.266207 0.003749
v 0.034789 -0.103149 0.040987
v 0.034789 -0.110965 0.007111
v -0.036098 -0.112503 0.007299
v -0.036098 -0.104631 0.041584
v -0.046582 -0.115970 0.007510
v -0.046582 -0.108397 0.040515
v -0.044285 -0.107132 0.042590
v 0.139123 -0.237247 0.109725
v 0.139123 -0.254988 0.057995
v 0.139123 -0.261545 0.003704
v -0.116571 -0.237247 0.109724
v -0.116571 -0.254988 0.057995
v -0.116571 -0.261545 0.003703
v -0.116371 -0.236349 0.094566
v -0.116371 -0.234872 0.091282
v -0.116570 -0.245676 0.055864
v -0.116570 -0.252034 0.003537
v -0.092708 -0.220050 0.037968
v -0.092708 -0.222821 0.014762
v -0.095504 -0.134745 0.010865
v -0.085320 -0.132766 0.027287
v -0.053770 -0.135379 0.008753
v -0.061059 -0.164983 0.010868
v -0.052672 -0.131782 0.008597
v -0.175976 -0.285425 -0.010851
v -0.175976 -0.282775 -0.040650
v -0.178872 -0.285202 -0.010832
v -0.181168 -0.281624 -0.010766
v -0.178872 -0.282553 -0.040631
v -0.181168 -0.279011 -0.040119
v -0.170684 -0.267069 -0.010163
v -0.170984 -0.264935 -0.038033
v -0.088914 -0.098799 -0.000903
v -0.087117 -0.091458 -0.001381
v -0.168088 -0.263842 -0.010170
v -0.143927 -0.232884 -0.011861
v -0.167989 -0.261627 -0.034090
v -0.100196 -0.190158 -0.016671
v -0.090112 -0.162230 -0.013054
v -0.105787 -0.165358 0.008866
v -0.120065 -0.195797 0.010779
v -0.102093 -0.194352 -0.018536
v -0.122561 -0.200193 0.009750
v -0.141431 -0.231166 -0.014812
v -0.116571 -0.220552 -0.038990
v -0.165792 -0.260114 -0.037820
v -0.093707 -0.130142 0.003848
v -0.084721 -0.130523 -0.011280
v -0.167090 -0.261179 -0.042342
v -0.060759 -0.164181 -0.015497
v -0.053770 -0.135345 -0.012031
v -0.081327 -0.135344 -0.012031
v -0.086219 -0.162160 -0.015020
v -0.072241 -0.189717 -0.018786
v -0.096003 -0.189717 -0.018785
v -0.093008 -0.219739 -0.040716
v -0.074537 -0.193929 -0.020427
v -0.097900 -0.194096 -0.020576
v -0.112377 -0.219739 -0.040716
v -0.052672 -0.131083 -0.013207
v -0.080228 -0.131028 -0.013337
v -0.077483 -0.089206 -0.001534
v -0.116571 -0.249913 -0.036004
v -0.092709 -0.223200 -0.008654
v -0.095504 -0.135031 0.006676
v -0.085320 -0.135248 -0.009918
v -0.134043 -0.231545 0.095539
v -0.129150 -0.231401 0.093760
v -0.088915 -0.091195 0.038870
v -0.088016 -0.095142 0.040026
v -0.095504 -0.134841 0.008752
v -0.120065 -0.195700 0.012893
v -0.078830 -0.106739 0.044906
v -0.075037 -0.108943 0.045578
v -0.047280 -0.108425 0.045262
v -0.046582 -0.106572 0.045054
v -0.116371 -0.233009 0.095913
v -0.114873 -0.232031 0.093797
v -0.075436 -0.195070 0.012854
v -0.072740 -0.190120 0.012585
v -0.105788 -0.165206 0.010849
v -0.084322 -0.085509 0.026251
v -0.084322 -0.088576 0.012741
v -0.084322 -0.089568 -0.001495
v -0.083723 -0.088845 -0.001571
v -0.083723 -0.087816 0.012758
v -0.083723 -0.084768 0.025953
v -0.086219 -0.088446 0.012796
v -0.086219 -0.085416 0.026214
v -0.086219 -0.089475 -0.001533
v -0.085021 -0.086370 0.012607
v -0.085021 -0.083379 0.025394
v -0.085021 -0.087361 -0.001630
v -0.077582 -0.050595 -0.000922
v -0.072590 -0.047404 0.014367
v -0.072590 -0.049124 0.006880
v -0.072590 -0.049650 -0.000980
v -0.077233 -0.048958 -0.001043
v -0.077233 -0.046741 0.014100
v -0.077582 -0.050070 0.006938
v -0.081227 -0.034975 0.013564
v -0.077233 -0.048386 0.006798
v -0.081227 -0.037630 0.002149
v -0.081027 -0.033863 0.013117
v -0.081027 -0.036406 0.001980
v -0.077732 -0.028120 0.010807
v -0.077932 -0.025805 0.009876
v -0.077732 -0.030261 0.001606
v -0.077932 -0.027675 0.001481
v -0.081027 -0.024876 0.001215
v -0.081027 -0.023118 0.008795
v -0.077582 -0.048284 0.014721
v -0.087217 -0.081941 0.040204
v -0.077483 -0.079811 0.039348
v -0.077582 -0.045341 0.022039
v -0.085021 -0.078051 0.038640
v -0.084322 -0.080181 0.039497
v -0.083723 -0.079440 0.039198
v -0.086219 -0.080088 0.039459
v -0.072590 -0.044461 0.021685
v -0.077233 -0.043797 0.021418
v -0.175976 -0.176177 0.224360
v -0.175976 -0.151726 0.241536
v -0.175976 -0.198722 0.204696
v -0.175976 -0.219159 0.182784
v -0.181168 -0.149674 0.238343
v -0.178872 -0.151578 0.241369
v -0.178872 -0.176028 0.224193
v -0.181168 -0.173828 0.221370
v -0.178872 -0.198574 0.204529
v -0.181168 -0.196039 0.202002
v -0.178872 -0.218881 0.182672
v -0.181168 -0.216141 0.180386
v -0.170984 -0.165117 0.210118
v -0.170984 -0.142152 0.226278
v -0.170684 -0.185955 0.191489
v -0.170684 -0.204980 0.170946
v -0.168788 -0.165588 0.206003
v -0.168088 -0.183623 0.189260
v -0.088915 -0.054772 0.082330
v -0.088915 -0.071004 0.068197
v -0.087117 -0.065339 0.063552
v -0.087217 -0.054550 0.072986
v -0.143128 -0.178306 0.148702
v -0.143927 -0.160154 0.168950
v -0.168088 -0.202481 0.168864
v -0.124258 -0.154466 0.128781
v -0.095604 -0.100046 0.083215
v -0.100197 -0.125961 0.142928
v -0.120065 -0.149037 0.127028
v -0.105788 -0.125751 0.107330
v -0.090112 -0.108316 0.120979
v -0.102093 -0.127695 0.147177
v -0.116571 -0.132433 0.180076
v -0.141431 -0.156833 0.169982
v -0.122561 -0.151495 0.130815
v -0.134043 -0.135359 0.210524
v -0.165792 -0.161787 0.206626
v -0.088016 -0.056731 0.086024
v -0.078830 -0.063551 0.096623
v -0.084721 -0.086706 0.097651
v -0.093707 -0.096906 0.086473
v -0.167090 -0.159424 0.210626
v -0.135740 -0.134370 0.213786
v -0.167090 -0.140655 0.223846
v -0.061059 -0.107976 0.123963
v -0.086319 -0.106811 0.122311
v -0.081327 -0.089627 0.101624
v -0.053770 -0.089665 0.101531
v -0.072341 -0.124363 0.144223
v -0.096003 -0.124215 0.144055
v -0.093008 -0.130652 0.180758
v -0.112377 -0.130652 0.180758
v -0.097900 -0.126098 0.148471
v -0.074537 -0.126080 0.148248
v -0.052672 -0.085738 0.099521
v -0.080228 -0.085645 0.099484
v -0.075036 -0.064567 0.098647
v -0.047280 -0.064216 0.098182
v -0.114873 -0.133800 0.211189
v -0.129150 -0.133617 0.210577
v -0.077483 -0.053274 0.071074
v -0.077483 -0.063628 0.062056
v 0.180258 -0.136794 0.245485
v 0.180258 -0.184933 0.211686
v 0.180258 -0.225036 0.168575
v 0.169275 -0.129440 0.232196
v 0.169375 -0.174972 0.200200
v 0.169375 -0.212872 0.159485
v 0.034789 -0.059015 0.093723
v 0.034789 -0.085330 0.070839
v -0.036098 -0.086533 0.071861
v -0.036098 -0.059884 0.095041
v -0.046582 -0.089180 0.074110
v -0.046582 -0.063663 0.096346
v -0.044285 -0.061325 0.097342
v 0.139123 -0.127158 0.228103
v 0.139123 -0.171929 0.196662
v 0.139123 -0.209170 0.156651
v -0.116571 -0.127158 0.228103
v -0.116570 -0.171929 0.196662
v -0.116570 -0.209170 0.156650
v -0.116371 -0.135350 0.215364
v -0.116371 -0.136043 0.211768
v -0.116570 -0.165658 0.189512
v -0.116571 -0.201514 0.150935
v -0.092708 -0.155388 0.159930
v -0.092708 -0.171291 0.142867
v -0.095504 -0.102354 0.087911
v -0.085320 -0.091021 0.100033
v -0.053770 -0.104081 0.086560
v -0.061059 -0.126867 0.105627
v -0.052672 -0.101341 0.084275
v -0.175976 -0.237059 0.158883
v -0.175976 -0.252441 0.133216
v -0.178872 -0.236874 0.158808
v -0.181168 -0.233930 0.156763
v -0.178872 -0.252256 0.133142
v -0.181168 -0.249070 0.131430
v -0.170684 -0.221802 0.148656
v -0.170984 -0.236439 0.124842
v -0.088915 -0.080147 0.057240
v -0.087117 -0.074575 0.052631
v -0.168088 -0.219228 0.146760
v -0.143927 -0.195108 0.127265
v -0.167989 -0.231431 0.126056
v -0.100196 -0.163442 0.098170
v -0.090112 -0.138606 0.084736
v -0.105788 -0.128279 0.104258
v -0.120065 -0.151861 0.123752
v -0.102094 -0.167872 0.099199
v -0.122561 -0.155899 0.125484
v -0.141431 -0.195449 0.123743
v -0.116570 -0.201098 0.097928
v -0.165792 -0.232365 0.122127
v -0.093707 -0.102704 0.079550
v -0.084721 -0.111942 0.067554
v -0.167090 -0.235931 0.119149
v -0.060759 -0.141629 0.083908
v -0.053770 -0.116239 0.069713
v -0.081327 -0.116332 0.069750
v -0.086219 -0.139722 0.083032
v -0.072241 -0.164225 0.096225
v -0.096003 -0.164225 0.096225
v -0.093008 -0.201491 0.096149
v -0.074537 -0.168617 0.097346
v -0.097900 -0.168932 0.097365
v -0.112377 -0.201491 0.096149
v -0.052672 -0.113576 0.066166
v -0.080228 -0.113576 0.066166
v -0.077483 -0.072770 0.051098
v -0.116571 -0.223048 0.117734
v -0.092708 -0.185362 0.124206
v -0.095504 -0.105049 0.084690
v -0.085320 -0.115030 0.071379
v -0.134043 -0.130886 0.213352
v -0.129150 -0.131834 0.211797
v -0.088914 -0.050596 0.084955
v -0.088016 -0.053148 0.088243
v -0.095504 -0.103655 0.086281
v -0.120065 -0.150467 0.125343
v -0.078830 -0.059672 0.099045
v -0.075037 -0.061114 0.100809
v -0.047281 -0.060893 0.100289
v -0.046582 -0.059487 0.098970
v -0.116371 -0.131829 0.214485
v -0.114873 -0.132223 0.212168
v -0.075436 -0.149986 0.124934
v -0.072740 -0.146191 0.121794
v -0.105788 -0.127015 0.105794
v -0.084322 -0.053477 0.071371
v -0.084322 -0.063896 0.062325
v -0.084322 -0.073039 0.051367
v -0.083723 -0.072502 0.050828
v -0.083723 -0.063359 0.061786
v -0.083723 -0.053071 0.070777
v -0.086219 -0.063840 0.062195
v -0.086219 -0.053422 0.071241
v -0.086219 -0.072984 0.051237
v -0.085021 -0.062211 0.060894
v -0.085021 -0.052294 0.069496
v -0.085021 -0.071354 0.049936
v -0.077583 -0.041240 0.028891
v -0.072590 -0.029687 0.039418
v -0.072590 -0.035454 0.034312
v -0.072590 -0.040518 0.028277
v -0.077233 -0.039941 0.027794
v -0.077233 -0.029309 0.038799
v -0.077583 -0.036176 0.034925
v -0.081227 -0.020034 0.031445
v -0.077233 -0.034923 0.033847
v -0.081227 -0.028948 0.023731
v -0.081027 -0.019461 0.030461
v -0.081027 -0.027986 0.022914
v -0.077732 -0.016078 0.025226
v -0.077932 -0.014785 0.023092
v -0.077732 -0.023256 0.019020
v -0.077932 -0.021303 0.017320
v -0.081027 -0.019138 0.015481
v -0.081027 -0.013195 0.020623
v -0.077583 -0.030177 0.040207
v -0.087217 -0.042447 0.080601
v -0.077482 -0.041190 0.078643
v -0.077582 -0.023458 0.044337
v -0.085021 -0.040191 0.077111
v -0.084322 -0.041375 0.078986
v -0.083723 -0.041005 0.078299
v -0.086219 -0.041319 0.078856
v -0.072590 -0.022949 0.043595
v -0.077233 -0.022570 0.042976
v -0.175976 -0.010385 0.284981
v -0.175976 0.019445 0.284497
v -0.175976 -0.040184 0.282332
v -0.175976 -0.069507 0.276585
v -0.181168 0.019215 0.280715
v -0.178871 0.019463 0.284274
v -0.178872 -0.010367 0.284759
v -0.181168 -0.010300 0.281180
v -0.178871 -0.040166 0.282109
v -0.181168 -0.039654 0.278567
v -0.178871 -0.069489 0.276362
v -0.181168 -0.068624 0.272894
v -0.170984 -0.009771 0.266977
v -0.170984 0.018224 0.266478
v -0.170684 -0.037624 0.264083
v -0.170685 -0.065055 0.258759
v -0.168787 -0.012613 0.263923
v -0.168088 -0.037055 0.260949
v -0.088914 0.004328 0.098699
v -0.088915 -0.017108 0.096775
v -0.087117 -0.015286 0.089800
v -0.087217 -0.000915 0.091015
v -0.143128 -0.056573 0.225000
v -0.143927 -0.029938 0.230752
v -0.168089 -0.064301 0.255551
v -0.124258 -0.049011 0.194839
v -0.095604 -0.031717 0.126004
v -0.100196 -0.017540 0.189606
v -0.120065 -0.045683 0.190272
v -0.105788 -0.038436 0.160668
v -0.090112 -0.016278 0.161441
v -0.102093 -0.016549 0.193942
v -0.116570 -0.001030 0.223428
v -0.141431 -0.026752 0.229578
v -0.122561 -0.045378 0.194777
v -0.134043 0.014428 0.249818
v -0.165792 -0.009150 0.262100
v -0.088016 0.004929 0.102869
v -0.078830 0.005658 0.115382
v -0.084721 -0.012502 0.129897
v -0.093707 -0.027266 0.126904
v -0.167090 -0.004919 0.264057
v -0.135740 0.017176 0.251833
v -0.167090 0.018051 0.263642
v -0.061059 -0.014179 0.163717
v -0.086319 -0.014239 0.161697
v -0.081327 -0.012548 0.134866
v -0.053770 -0.012585 0.134773
v -0.072341 -0.015482 0.189639
v -0.096003 -0.015557 0.189454
v -0.093008 0.000712 0.222943
v -0.112377 0.000712 0.222943
v -0.097900 -0.014417 0.194161
v -0.074537 -0.014622 0.193920
v -0.052672 -0.010516 0.130820
v -0.080228 -0.010553 0.130727
v -0.075037 0.006052 0.117699
v -0.047281 0.006014 0.117069
v -0.114873 0.016207 0.249425
v -0.129150 0.015983 0.248869
v -0.077483 -0.001087 0.088716
v -0.077483 -0.014744 0.087537
v 0.180258 0.033831 0.278925
v 0.180258 -0.024977 0.279873
v 0.180258 -0.082742 0.268564
v 0.169275 0.032012 0.263837
v 0.169375 -0.023634 0.264751
v 0.169375 -0.078199 0.254039
v 0.034789 0.007540 0.110428
v 0.034789 -0.027062 0.107343
v -0.036098 -0.027412 0.108883
v -0.036098 0.007635 0.112004
v -0.046582 -0.028313 0.112259
v -0.046582 0.005398 0.115271
v -0.044285 0.007863 0.114711
v 0.139123 0.031475 0.259157
v 0.139123 -0.023207 0.260061
v 0.139123 -0.076874 0.249577
v -0.116571 0.031475 0.259157
v -0.116570 -0.023207 0.260060
v -0.116570 -0.076873 0.249577
v -0.116371 0.017383 0.253687
v -0.116371 0.014672 0.251226
v -0.116571 -0.022373 0.250630
v -0.116571 -0.074092 0.240441
v -0.092708 -0.031404 0.220688
v -0.092709 -0.054421 0.216171
v -0.095504 -0.030836 0.131137
v -0.085320 -0.014570 0.134387
v -0.053770 -0.033079 0.131179
v -0.061059 -0.040254 0.159893
v -0.052672 -0.032214 0.127710
v -0.178872 -0.098076 0.267630
v -0.181168 -0.096859 0.264235
v -0.178872 -0.125519 0.255855
v -0.181168 -0.123913 0.252625
v -0.170684 -0.091843 0.250487
v -0.170984 -0.117634 0.239876
v -0.088915 -0.030890 0.093279
v -0.087117 -0.029198 0.086248
v -0.168088 -0.090791 0.247481
v -0.143927 -0.082840 0.217487
v -0.167989 -0.112817 0.237939
v -0.100196 -0.074263 0.175403
v -0.090112 -0.062113 0.149960
v -0.105788 -0.042256 0.159729
v -0.120065 -0.049856 0.189260
v -0.102093 -0.077223 0.178746
v -0.122561 -0.052185 0.193103
v -0.141431 -0.085144 0.214970
v -0.116570 -0.104812 0.197376
v -0.165792 -0.115918 0.235312
v -0.093707 -0.036132 0.124659
v -0.084721 -0.050565 0.120348
v -0.167090 -0.120554 0.235024
v -0.060759 -0.065022 0.151023
v -0.053770 -0.052800 0.124691
v -0.081326 -0.052800 0.124691
v -0.086219 -0.064024 0.149223
v -0.072241 -0.076101 0.174312
v -0.096003 -0.076009 0.174275
v -0.093008 -0.106186 0.196099
v -0.074537 -0.078931 0.177710
v -0.097900 -0.079172 0.177915
v -0.112377 -0.106187 0.196099
v -0.052672 -0.052660 0.120222
v -0.080228 -0.052697 0.120130
v -0.077482 -0.028591 0.084014
v -0.116571 -0.110967 0.226218
v -0.092708 -0.076757 0.209336
v -0.095504 -0.035009 0.130126
v -0.085320 -0.050833 0.125299
v -0.134043 0.019748 0.249400
v -0.129150 0.018059 0.248680
v -0.088915 0.009240 0.098337
v -0.088016 0.009119 0.102582
v -0.095504 -0.032857 0.130660
v -0.120065 -0.047705 0.189794
v -0.078830 0.010163 0.115076
v -0.075036 0.010111 0.117357
v -0.047280 0.009980 0.116764
v -0.046582 0.010348 0.115002
v -0.116371 0.019677 0.250828
v -0.114873 0.017968 0.249255
v -0.075436 -0.047558 0.189089
v -0.072740 -0.046455 0.184341
v -0.105788 -0.040365 0.160153
v -0.084322 -0.001030 0.089124
v -0.084322 -0.014863 0.087908
v -0.084322 -0.028645 0.084412
v -0.083723 -0.028536 0.083615
v -0.083723 -0.014624 0.087166
v -0.083723 -0.001143 0.088308
v -0.086219 -0.014808 0.087778
v -0.086219 -0.001104 0.088938
v -0.086219 -0.028683 0.084320
v -0.085021 -0.014237 0.085720
v -0.085021 -0.001201 0.086825
v -0.085021 -0.028149 0.082168
v -0.077583 -0.016100 0.047512
v -0.072590 -0.000607 0.049243
v -0.072590 -0.008228 0.048489
v -0.072590 -0.015870 0.046612
v -0.077233 -0.015717 0.045923
v -0.077233 -0.000651 0.048508
v -0.077582 -0.008504 0.049407
v -0.081227 0.002577 0.037093
v -0.077233 -0.008075 0.047799
v -0.081227 -0.009216 0.036133
v -0.081027 0.002445 0.035963
v -0.081027 -0.008940 0.034946
v -0.077732 0.002072 0.029818
v -0.077932 0.001854 0.027268
v -0.077732 -0.007376 0.028936
v -0.077932 -0.006769 0.026432
v -0.081027 -0.006052 0.023668
v -0.081027 0.001681 0.024432
v -0.077583 -0.000522 0.050123
v -0.087217 0.013322 0.090022
v -0.077483 0.013169 0.087771
v -0.077582 0.007403 0.049626
v -0.085021 0.013035 0.085833
v -0.084322 0.013207 0.088132
v -0.083723 0.013131 0.087409
v -0.086219 0.013170 0.088039
v -0.072590 0.007327 0.048635
v -0.077233 0.007264 0.047943
v -0.175976 0.159349 0.236616
v -0.175976 0.183212 0.218622
v -0.175976 0.133682 0.251997
v -0.175976 0.106545 0.264527
v -0.181168 0.180852 0.215698
v -0.178871 0.183138 0.218437
v -0.178871 0.159237 0.236337
v -0.181168 0.157192 0.233394
v -0.178872 0.133570 0.251720
v -0.181168 0.131896 0.248626
v -0.178871 0.106471 0.264342
v -0.181168 0.105129 0.261007
v -0.170984 0.149234 0.221636
v -0.170984 0.171616 0.204777
v -0.170684 0.125066 0.235662
v -0.170684 0.099689 0.247484
v -0.168787 0.145135 0.220809
v -0.168088 0.123689 0.232772
v -0.088914 0.061761 0.077210
v -0.088915 0.043390 0.088259
v -0.087117 0.040670 0.081497
v -0.087217 0.052967 0.074076
v -0.143128 0.086686 0.215156
v -0.143927 0.111675 0.204244
v -0.168088 0.098459 0.244427
v -0.124258 0.075098 0.186350
v -0.095604 0.048607 0.120490
v -0.100196 0.097469 0.163576
v -0.120065 0.075199 0.180713
v -0.105788 0.063612 0.152443
v -0.090112 0.081998 0.140097
v -0.102094 0.100942 0.166591
v -0.116571 0.130708 0.181199
v -0.141431 0.113654 0.201403
v -0.122561 0.078005 0.184212
v -0.134043 0.158783 0.193474
v -0.165792 0.146889 0.217413
v -0.088016 0.064696 0.080227
v -0.078830 0.072687 0.089926
v -0.084721 0.066519 0.112317
v -0.093707 0.052793 0.118591
v -0.167090 0.151541 0.216403
v -0.135740 0.162232 0.193486
v -0.167090 0.169869 0.202574
v -0.061059 0.084948 0.140740
v -0.086319 0.083739 0.139074
v -0.081326 0.069326 0.116353
v -0.053770 0.069289 0.116260
v -0.072341 0.099173 0.162460
v -0.096003 0.099098 0.162275
v -0.093008 0.131893 0.179862
v -0.112377 0.131893 0.179862
v -0.097900 0.102646 0.165475
v -0.074537 0.102386 0.165364
v -0.052672 0.068613 0.111904
v -0.080228 0.068576 0.111812
v -0.075036 0.074303 0.091537
v -0.047280 0.073987 0.091018
v -0.114873 0.159967 0.192136
v -0.129150 0.159410 0.191822
v -0.077483 0.051517 0.072345
v -0.077482 0.039813 0.079367
v 0.180258 0.191614 0.205665
v 0.180258 0.144544 0.241010
v 0.180258 0.091187 0.265809
v 0.169275 0.181228 0.194561
v 0.169375 0.136713 0.227964
v 0.169375 0.086265 0.251431
v 0.034789 0.071268 0.084794
v 0.034789 0.041453 0.102705
v -0.036098 0.042012 0.104095
v -0.036098 0.072290 0.085997
v -0.046582 0.043353 0.107430
v -0.046582 0.072409 0.090039
v -0.044285 0.074092 0.088070
v 0.139123 0.178061 0.191101
v 0.139123 0.134332 0.223917
v 0.139123 0.084745 0.246984
v -0.116571 0.178061 0.191100
v -0.116570 0.134332 0.223917
v -0.116571 0.084745 0.246984
v -0.116371 0.163458 0.194929
v -0.116371 0.159823 0.194454
v -0.116571 0.129440 0.215769
v -0.116570 0.081650 0.237952
v -0.092708 0.104523 0.196897
v -0.092708 0.083295 0.206727
v -0.095504 0.052340 0.124154
v -0.085320 0.067418 0.117228
v -0.053770 0.050619 0.125492
v -0.061059 0.061685 0.153003
v -0.052672 0.049277 0.122158
v -0.175976 0.078290 0.274278
v -0.178872 0.078178 0.274000
v -0.181168 0.077245 0.270610
v -0.178872 0.049102 0.280638
v -0.181168 0.048446 0.277136
v -0.170684 0.073194 0.256527
v -0.170984 0.046046 0.263142
v -0.088915 0.030144 0.093587
v -0.087117 0.027425 0.086825
v -0.168088 0.072188 0.253488
v -0.143927 0.061193 0.224550
v -0.167989 0.048781 0.258706
v -0.100196 0.043282 0.185372
v -0.090112 0.038185 0.157721
v -0.105788 0.059907 0.153934
v -0.120065 0.071123 0.182352
v -0.102094 0.042864 0.189953
v -0.122561 0.071613 0.186782
v -0.141431 0.057798 0.223871
v -0.116571 0.031411 0.221140
v -0.165792 0.044813 0.258473
v -0.093707 0.044364 0.121982
v -0.084721 0.030023 0.126997
v -0.167090 0.040851 0.260928
v -0.060759 0.036410 0.160264
v -0.053770 0.030756 0.131760
v -0.081327 0.030793 0.131853
v -0.086219 0.036128 0.158225
v -0.072241 0.041242 0.185654
v -0.096003 0.041205 0.185562
v -0.093008 0.029631 0.220995
v -0.074537 0.040881 0.190104
v -0.097900 0.040770 0.190364
v -0.112377 0.029631 0.220995
v -0.052672 0.028320 0.128112
v -0.080228 0.028190 0.128057
v -0.077483 0.026568 0.084695
v -0.116571 0.043458 0.248149
v -0.092708 0.061173 0.214334
v -0.095504 0.048450 0.125719
v -0.085320 0.032776 0.131163
v -0.134043 0.162819 0.190128
v -0.129150 0.161132 0.190484
v -0.088915 0.065555 0.074070
v -0.088016 0.067916 0.077533
v -0.095504 0.050395 0.124937
v -0.120065 0.073161 0.181533
v -0.078830 0.076148 0.087028
v -0.075037 0.077468 0.088972
v -0.047280 0.076967 0.088528
v -0.046582 0.076166 0.086805
v -0.116371 0.163618 0.191313
v -0.114873 0.161356 0.191040
v -0.075436 0.072900 0.180884
v -0.072740 0.071074 0.176346
v -0.105788 0.061759 0.153188
v -0.084322 0.051740 0.072633
v -0.084322 0.039963 0.079737
v -0.084322 0.026717 0.085066
v -0.083723 0.026419 0.084324
v -0.083723 0.039664 0.078996
v -0.083723 0.051294 0.072058
v -0.086219 0.039888 0.079552
v -0.086219 0.051703 0.072539
v -0.086219 0.026642 0.084880
v -0.085021 0.039105 0.077607
v -0.085021 0.050272 0.070855
v -0.085021 0.025860 0.082935
v -0.077582 0.015168 0.047794
v -0.072590 0.028724 0.040027
v -0.072590 0.022132 0.043971
v -0.072590 0.014814 0.046914
v -0.077233 0.014553 0.046266
v -0.077233 0.028260 0.039497
v -0.077582 0.022486 0.044851
v -0.081227 0.024160 0.028412
v -0.077233 0.021871 0.043322
v -0.081227 0.014030 0.034531
v -0.081027 0.023379 0.027542
v -0.081027 0.013583 0.033420
v -0.077732 0.019486 0.022812
v -0.077932 0.017786 0.020860
v -0.077732 0.011273 0.027677
v -0.077932 0.010304 0.025268
v -0.081027 0.009261 0.022675
v -0.081027 0.015946 0.018694
v -0.077582 0.029356 0.040796
v -0.087217 0.064017 0.064896
v -0.077483 0.062503 0.063137
v -0.077583 0.035372 0.035686
v -0.085021 0.061323 0.061675
v -0.084322 0.062791 0.063452
v -0.083723 0.062215 0.062823
v -0.086219 0.062624 0.063304
v -0.072590 0.034777 0.035010
v -0.077233 0.034301 0.034448
v -0.175976 0.268226 0.097688
v -0.175976 0.277051 0.069063
v -0.175976 0.242002 0.151282
v -0.181168 0.273360 0.068180
v -0.178872 0.276828 0.069045
v -0.178872 0.268059 0.097540
v -0.181168 0.264663 0.096323
v -0.178872 0.256320 0.125076
v -0.181168 0.253091 0.123469
v -0.178872 0.241743 0.151172
v -0.181168 0.238717 0.149268
v -0.170984 0.251305 0.091472
v -0.170984 0.259485 0.064722
v -0.170684 0.239952 0.117023
v -0.170684 0.226354 0.141541
v -0.168787 0.247489 0.093222
v -0.168088 0.237206 0.115546
v -0.088915 0.095664 0.026123
v -0.088915 0.087211 0.045774
v -0.087117 0.081030 0.041910
v -0.087217 0.086677 0.028661
v -0.143128 0.196951 0.123022
v -0.143927 0.210607 0.099449
v -0.168088 0.223588 0.139749
v -0.124258 0.170611 0.106498
v -0.095604 0.110468 0.068810
v -0.100196 0.175277 0.075026
v -0.120065 0.167265 0.101925
v -0.105788 0.141333 0.085882
v -0.090112 0.148894 0.065084
v -0.102093 0.179820 0.075351
v -0.116570 0.212532 0.069725
v -0.141431 0.210525 0.096038
v -0.122561 0.171605 0.103084
v -0.134043 0.242499 0.063160
v -0.165792 0.246907 0.089367
v -0.088016 0.099781 0.026726
v -0.078830 0.111968 0.030004
v -0.084721 0.120150 0.051679
v -0.093707 0.112629 0.064820
v -0.167090 0.250052 0.085950
v -0.135740 0.245220 0.061097
v -0.167090 0.256814 0.063967
v -0.061059 0.151691 0.063744
v -0.086319 0.149762 0.063228
v -0.081327 0.124769 0.053265
v -0.053770 0.124677 0.053302
v -0.072341 0.175978 0.073022
v -0.096003 0.175848 0.072967
v -0.093008 0.212733 0.067816
v -0.112377 0.212733 0.067816
v -0.097900 0.180651 0.073403
v -0.074537 0.180243 0.073459
v -0.052672 0.121574 0.050138
v -0.080228 0.121537 0.050045
v -0.075036 0.114139 0.030314
v -0.047280 0.113619 0.030093
v -0.114873 0.242644 0.061380
v -0.129150 0.242014 0.061419
v -0.077482 0.084461 0.028100
v -0.077482 0.079090 0.040699
v 0.180258 0.276196 0.053695
v 0.180258 0.258877 0.109896
v 0.180258 0.230277 0.161326
v 0.169275 0.261247 0.050776
v 0.169375 0.244914 0.103944
v 0.169375 0.217838 0.152608
v 0.034789 0.107809 0.026618
v 0.034789 0.094188 0.058571
v -0.036098 0.095506 0.059440
v -0.036098 0.109348 0.026968
v -0.046582 0.098495 0.061251
v -0.046582 0.111691 0.030115
v -0.044285 0.111983 0.027630
v 0.139123 0.256666 0.049821
v 0.139123 0.240628 0.102116
v 0.139123 0.214004 0.149900
v -0.116571 0.256666 0.049821
v -0.116571 0.240628 0.102116
v -0.116571 0.214004 0.149899
v -0.116371 0.247020 0.061557
v -0.116371 0.243872 0.063361
v -0.116571 0.231860 0.098379
v -0.116571 0.206207 0.144426
v -0.092708 0.200573 0.097781
v -0.092708 0.189191 0.118179
v -0.095504 0.115605 0.069542
v -0.085320 0.123679 0.055103
v -0.053770 0.114942 0.071639
v -0.061059 0.140093 0.087349
v -0.052672 0.111916 0.069735
v -0.175976 0.224826 0.175733
v -0.178871 0.224659 0.175584
v -0.181168 0.221836 0.173384
v -0.178871 0.204994 0.198131
v -0.181168 0.202375 0.195633
v -0.170684 0.210342 0.164340
v -0.170984 0.192159 0.185752
v -0.088914 0.079633 0.057969
v -0.087117 0.073452 0.054106
v -0.168088 0.207669 0.162510
v -0.143927 0.181717 0.145614
v -0.167989 0.191871 0.180487
v -0.100197 0.144281 0.124514
v -0.090112 0.123868 0.105067
v -0.105787 0.139226 0.089205
v -0.120065 0.164954 0.105545
v -0.102093 0.146569 0.128329
v -0.122561 0.167946 0.108968
v -0.141431 0.178513 0.147011
v -0.116570 0.155697 0.160385
v -0.165792 0.188426 0.182626
v -0.093707 0.107787 0.072580
v -0.084721 0.099208 0.084962
v -0.167090 0.186637 0.187005
v -0.060759 0.123930 0.108164
v -0.053770 0.102645 0.088423
v -0.081327 0.102682 0.088515
v -0.086219 0.122574 0.106664
v -0.072241 0.142689 0.125907
v -0.096003 0.142652 0.125815
v -0.093008 0.154104 0.161241
v -0.074537 0.145070 0.129685
v -0.097900 0.145182 0.129962
v -0.112377 0.154104 0.161241
v -0.052672 0.098508 0.086966
v -0.080228 0.098378 0.086911
v -0.077483 0.071493 0.052849
v -0.116570 0.181237 0.175187
v -0.092708 0.175806 0.137338
v -0.095504 0.113387 0.073124
v -0.085320 0.103902 0.086733
v -0.134043 0.243769 0.058022
v -0.129150 0.242547 0.059267
v -0.088914 0.096860 0.021337
v -0.088016 0.100738 0.022683
v -0.095504 0.114514 0.071380
v -0.120065 0.166174 0.103762
v -0.078830 0.112998 0.025608
v -0.075037 0.115132 0.026364
v -0.047281 0.114557 0.026272
v -0.046582 0.112979 0.025292
v -0.116371 0.245123 0.058446
v -0.114873 0.243011 0.059618
v -0.075436 0.165580 0.103355
v -0.072740 0.161404 0.100731
v -0.105788 0.140261 0.087497
v -0.084322 0.084878 0.028202
v -0.084322 0.079452 0.040930
v -0.084322 0.071837 0.053034
v -0.083723 0.071150 0.052665
v -0.083723 0.078728 0.040469
v -0.083723 0.084044 0.028000
v -0.086219 0.079322 0.040875
v -0.086219 0.084655 0.028183
v -0.086219 0.071707 0.052978
v -0.085021 0.077447 0.039693
v -0.085021 0.082634 0.027706
v -0.085021 0.069962 0.051850
v -0.077582 0.040589 0.029659
v -0.072590 0.047078 0.015426
v -0.072590 0.044014 0.022524
v -0.072590 0.039846 0.029151
v -0.077233 0.039196 0.028785
v -0.077233 0.046376 0.015242
v -0.077582 0.044803 0.023014
v -0.081227 0.036562 0.008680
v -0.077233 0.043411 0.022139
v -0.081227 0.031910 0.019591
v -0.081027 0.035375 0.008404
v -0.081027 0.030890 0.018925
v -0.077732 0.029402 0.006932
v -0.077932 0.026898 0.006325
v -0.077732 0.025646 0.015653
v -0.077932 0.023520 0.014249
v -0.081027 0.021089 0.012752
v -0.081027 0.024134 0.005608
v -0.077582 0.047959 0.015610
v -0.087217 0.090136 0.014787
v -0.077483 0.087938 0.014272
v -0.077582 0.049854 0.008014
v -0.085021 0.086093 0.013831
v -0.084322 0.088337 0.014328
v -0.083722 0.087539 0.014217
v -0.086219 0.088207 0.014271
v -0.072590 0.048954 0.007784
v -0.077233 0.048252 0.007601
v -0.175976 0.274614 -0.078789
v -0.175976 0.264956 -0.107081
v -0.175976 0.281382 -0.049657
v -0.175976 0.284925 -0.019982
v -0.181168 0.261436 -0.105665
v -0.178871 0.264771 -0.107007
v -0.178872 0.274429 -0.078715
v -0.181168 0.271038 -0.077781
v -0.178872 0.281104 -0.049545
v -0.181168 0.277565 -0.048983
v -0.178871 0.284740 -0.019907
v -0.181168 0.281181 -0.019659
v -0.170984 0.257270 -0.073750
v -0.170984 0.248190 -0.100338
v -0.170684 0.263201 -0.046433
v -0.170684 0.266629 -0.018649
v -0.168788 0.255275 -0.070149
v -0.168088 0.260031 -0.046020
v -0.088915 0.092950 -0.035203
v -0.088915 0.097700 -0.014299
v -0.087117 0.090489 -0.013766
v -0.087217 0.087291 -0.027869
v -0.143128 0.231852 -0.016282
v -0.143927 0.229130 -0.043383
v -0.168088 0.263348 -0.018512
v -0.124258 0.200857 -0.014145
v -0.095604 0.130043 -0.009337
v -0.100196 0.186137 -0.042446
v -0.120065 0.195495 -0.015971
v -0.105788 0.165076 -0.013742
v -0.090112 0.159009 -0.034978
v -0.102094 0.190045 -0.044771
v -0.116570 0.213136 -0.068696
v -0.141431 0.227029 -0.046196
v -0.122561 0.199701 -0.017555
v -0.134043 0.233542 -0.091540
v -0.165792 0.252544 -0.072925
v -0.088016 0.096692 -0.037138
v -0.078830 0.108437 -0.041647
v -0.084721 0.127873 -0.028911
v -0.093707 0.129515 -0.013859
v -0.167090 0.253055 -0.077543
v -0.135740 0.234574 -0.094860
v -0.167090 0.245597 -0.099294
v -0.061059 0.160487 -0.037724
v -0.086319 0.158597 -0.037072
v -0.081327 0.132468 -0.030328
v -0.053770 0.132469 -0.030329
v -0.072341 0.185632 -0.044503
v -0.096003 0.185354 -0.044391
v -0.093008 0.212188 -0.070251
v -0.112377 0.212188 -0.070251
v -0.097900 0.189540 -0.046829
v -0.074537 0.189300 -0.046624
v -0.052672 0.127999 -0.031006
v -0.080228 0.127999 -0.031006
v -0.075036 0.110493 -0.042690
v -0.047280 0.109900 -0.042558
v -0.114873 0.232593 -0.093095
v -0.129150 0.232112 -0.092686
v -0.077483 0.085161 -0.027011
v -0.077482 0.088171 -0.013640
v 0.180258 0.255246 -0.119049
v 0.180258 0.274301 -0.063382
v 0.180258 0.281413 -0.004902
v 0.169275 0.241418 -0.112626
v 0.169375 0.259504 -0.059905
v 0.169375 0.266211 -0.004705
v 0.034789 0.103134 -0.041989
v 0.034789 0.110857 -0.008076
v -0.036098 0.112432 -0.008172
v -0.036098 0.104523 -0.042548
v -0.046582 0.115992 -0.008419
v -0.046582 0.108419 -0.041425
v -0.044285 0.107117 -0.043591
v 0.139123 0.237204 -0.110661
v 0.139123 0.254917 -0.058867
v 0.139123 0.261501 -0.004640
v -0.116571 0.237204 -0.110662
v -0.116570 0.254917 -0.058867
v -0.116571 0.261502 -0.004641
v -0.116371 0.236241 -0.095531
v -0.116371 0.234764 -0.092247
v -0.116570 0.245651 -0.056754
v -0.116571 0.252009 -0.004428
v -0.092708 0.219980 -0.038841
v -0.092708 0.222842 -0.015671
v -0.095504 0.134674 -0.011737
v -0.085320 0.132658 -0.028253
v -0.053770 0.135364 -0.009755
v -0.061059 0.164913 -0.011740
v -0.052672 0.131805 -0.009507
v -0.175976 0.285446 0.009941
v -0.178872 0.285224 0.009923
v -0.181168 0.281646 0.009856
v -0.178871 0.282574 0.039722
v -0.181168 0.279033 0.039210
v -0.170684 0.266998 0.009291
v -0.170984 0.264864 0.037161
v -0.088915 0.098692 -0.000062
v -0.087117 0.091480 0.000471
v -0.168089 0.263772 0.009297
v -0.143927 0.232868 0.010859
v -0.167989 0.261556 0.033218
v -0.100197 0.190088 0.015799
v -0.090112 0.162252 0.012144
v -0.105787 0.165380 -0.009775
v -0.120065 0.195819 -0.011689
v -0.102093 0.194282 0.017663
v -0.122561 0.200122 -0.010622
v -0.141431 0.231187 0.013903
v -0.116570 0.220481 0.038118
v -0.165792 0.260043 0.036947
v -0.093707 0.130126 -0.004850
v -0.084721 0.130507 0.010278
v -0.167090 0.261202 0.041432
v -0.060759 0.164074 0.014533
v -0.053771 0.135237 0.011066
v -0.081327 0.135367 0.011121
v -0.086219 0.162089 0.014147
v -0.072241 0.189739 0.017876
v -0.096003 0.189610 0.017821
v -0.093008 0.219761 0.039806
v -0.074537 0.193858 0.019555
v -0.097900 0.194118 0.019666
v -0.112377 0.219761 0.039806
v -0.052672 0.131012 0.012335
v -0.080228 0.130919 0.012372
v -0.077483 0.089163 0.000597
v -0.116571 0.249805 0.035039
v -0.092708 0.223184 0.007652
v -0.095504 0.134960 -0.007548
v -0.085320 0.135270 0.009008
v -0.134043 0.231567 -0.096449
v -0.129150 0.231293 -0.094724
v -0.088914 0.091125 -0.039741
v -0.088016 0.095164 -0.040936
v -0.095504 0.134863 -0.009661
v -0.120065 0.195593 -0.013857
v -0.078830 0.106761 -0.045815
v -0.075036 0.108966 -0.046488
v -0.047280 0.108447 -0.046171
v -0.046582 0.106593 -0.045963
v -0.116371 0.232901 -0.096878
v -0.114873 0.231923 -0.094763
v -0.075436 0.194962 -0.013819
v -0.072740 0.190050 -0.013458
v -0.105787 0.165228 -0.011759
v -0.084322 0.085531 -0.027160
v -0.084322 0.088597 -0.013650
v -0.084322 0.089590 0.000587
v -0.083723 0.088737 0.000607
v -0.083723 0.087745 -0.013630
v -0.083723 0.084790 -0.026862
v -0.086219 0.088468 -0.013706
v -0.086219 0.085346 -0.027086
v -0.086219 0.089367 0.000568
v -0.085021 0.086299 -0.013479
v -0.085021 0.083401 -0.026304
v -0.085021 0.087291 0.000757
v -0.077582 0.050571 0.000031
v -0.072590 0.047380 -0.015258
v -0.072590 0.049100 -0.007771
v -0.072590 0.049672 0.000070
v -0.077233 0.048905 0.000127
v -0.077233 0.046701 -0.014984
v -0.077582 0.049999 -0.007810
v -0.081227 0.034960 -0.014566
v -0.077233 0.048396 -0.007739
v -0.081227 0.037559 -0.003021
v -0.081027 0.033848 -0.014119
v -0.081027 0.036391 -0.002981
v -0.077732 0.028105 -0.011809
v -0.077932 0.025697 -0.010840
v -0.077732 0.030190 -0.002478
v -0.077932 0.027604 -0.002353
v -0.081027 0.024768 -0.002180
v -0.081027 0.023103 -0.009798
v -0.077583 0.048260 -0.015612
v -0.087217 0.081963 -0.041114
v -0.077483 0.079833 -0.040257
v -0.077582 0.045316 -0.022929
v -0.085021 0.078073 -0.039549
v -0.084322 0.080203 -0.040406
v -0.083723 0.079462 -0.040108
v -0.086219 0.080018 -0.040332
v -0.072590 0.044437 -0.022576
v -0.077233 0.043757 -0.022302
v -0.175976 0.198744 -0.205606
v -0.175976 0.219050 -0.183749
v -0.181168 0.149696 -0.239253
v -0.178871 0.151600 -0.242279
v -0.178872 0.176050 -0.225103
v -0.181168 0.173850 -0.222281
v -0.178871 0.198596 -0.205438
v -0.181168 0.196061 -0.202912
v -0.178872 0.218903 -0.183581
v -0.181168 0.216163 -0.181296
v -0.170984 0.165046 -0.210991
v -0.170984 0.142081 -0.227151
v -0.170684 0.185885 -0.192361
v -0.170684 0.204964 -0.171949
v -0.168787 0.165611 -0.206913
v -0.168088 0.183553 -0.190132
v -0.088915 0.054795 -0.083240
v -0.088915 0.070896 -0.069162
v -0.087117 0.065361 -0.064461
v -0.087217 0.054442 -0.073951
v -0.143128 0.178236 -0.149575
v -0.143927 0.160138 -0.169952
v -0.168088 0.202466 -0.169867
v -0.124258 0.154395 -0.129653
v -0.095604 0.099975 -0.084088
v -0.100196 0.125890 -0.143800
v -0.120065 0.149059 -0.127937
v -0.105787 0.125773 -0.108240
v -0.090112 0.108338 -0.121889
v -0.102094 0.127624 -0.148049
v -0.116571 0.132362 -0.180948
v -0.141431 0.156855 -0.170892
v -0.122561 0.151424 -0.131687
v -0.134043 0.135381 -0.211434
v -0.165792 0.161716 -0.207499
v -0.088016 0.056660 -0.086896
v -0.078830 0.063481 -0.097496
v -0.084721 0.086691 -0.098654
v -0.093707 0.096891 -0.087475
v -0.167090 0.159446 -0.211537
v -0.135740 0.134300 -0.214658
v -0.167090 0.140677 -0.224756
v -0.061059 0.107998 -0.124873
v -0.086318 0.106833 -0.123221
v -0.081327 0.089650 -0.102534
v -0.053770 0.089557 -0.102496
v -0.072341 0.124256 -0.145188
v -0.096003 0.124108 -0.145020
v -0.093008 0.130674 -0.181668
v -0.112377 0.130674 -0.181668
v -0.097900 0.126120 -0.149381
v -0.074537 0.126009 -0.149121
v -0.052672 0.085668 -0.100394
v -0.080228 0.085537 -0.100449
v -0.075036 0.064497 -0.099519
v -0.047281 0.064145 -0.099055
v -0.114873 0.133730 -0.212061
v -0.129150 0.133638 -0.211486
v -0.077483 0.053250 -0.071965
v -0.077483 0.063585 -0.062992
v 0.180258 0.136815 -0.246394
v 0.180258 0.184955 -0.212596
v 0.180258 0.225011 -0.169466
v 0.169275 0.129416 -0.233087
v 0.169375 0.174975 -0.201156
v 0.169375 0.212848 -0.160376
v 0.034789 0.059037 -0.094632
v 0.034789 0.085222 -0.071804
v -0.036098 0.086463 -0.072734
v -0.036098 0.059906 -0.095951
v -0.046582 0.089202 -0.075019
v -0.046582 0.063648 -0.097348
v -0.044285 0.061347 -0.098252
v 0.139123 0.127162 -0.229059
v 0.139123 0.171886 -0.197599
v 0.139123 0.209099 -0.157523
v -0.116571 0.127162 -0.229059
v -0.116571 0.171886 -0.197599
v -0.116571 0.209099 -0.157522
v -0.116371 0.135280 -0.216235
v -0.116371 0.136065 -0.212677
v -0.116570 0.165615 -0.190450
v -0.116570 0.201490 -0.151826
v -0.092708 0.155410 -0.160839
v -0.092708 0.171313 -0.143776
v -0.095504 0.102284 -0.088783
v -0.085320 0.091043 -0.100942
v -0.053770 0.104066 -0.087563
v -0.061059 0.126796 -0.106499
v -0.052672 0.101363 -0.085184
v -0.178871 0.236803 -0.159681
v -0.181168 0.233859 -0.157636
v -0.178872 0.252185 -0.134014
v -0.181168 0.249055 -0.132432
v -0.170684 0.221731 -0.149529
v -0.170984 0.236368 -0.125715
v -0.088914 0.080076 -0.058112
v -0.087117 0.074505 -0.053504
v -0.168088 0.219158 -0.147633
v -0.143927 0.195038 -0.128138
v -0.167989 0.231415 -0.127059
v -0.100197 0.163372 -0.099042
v -0.090112 0.138628 -0.085646
v -0.105787 0.128301 -0.105167
v -0.120065 0.151791 -0.124624
v -0.102093 0.167801 -0.100070
v -0.122561 0.155921 -0.126394
v -0.141431 0.195433 -0.124745
v -0.116570 0.200990 -0.098892
v -0.165792 0.232350 -0.123130
v -0.093707 0.102726 -0.080460
v -0.084721 0.111964 -0.068463
v -0.167090 0.235953 -0.120059
v -0.060759 0.141559 -0.084780
v -0.053770 0.116261 -0.070622
v -0.081327 0.116261 -0.070622
v -0.086219 0.139744 -0.083942
v -0.072241 0.164247 -0.097135
v -0.096003 0.164154 -0.097097
v -0.093008 0.201382 -0.097113
v -0.074537 0.168546 -0.098218
v -0.097900 0.168861 -0.098238
v -0.112377 0.201383 -0.097114
v -0.052672 0.113468 -0.067131
v -0.080228 0.113505 -0.067038
v -0.077483 0.072746 -0.051989
v -0.116570 0.222978 -0.118606
v -0.092709 0.185291 -0.125078
v -0.095504 0.104978 -0.085562
v -0.085320 0.114923 -0.072344
v -0.134043 0.130908 -0.214262
v -0.129151 0.131763 -0.212669
v -0.088914 0.050618 -0.085865
v -0.088016 0.053170 -0.089152
v -0.095504 0.103677 -0.087191
v -0.120065 0.150360 -0.126308
v -0.078830 0.059694 -0.099954
v -0.075037 0.061044 -0.101681
v -0.047280 0.060823 -0.101162
v -0.046582 0.059379 -0.099936
v -0.116371 0.131758 -0.215358
v -0.114873 0.132245 -0.213078
v -0.075436 0.149878 -0.125899
v -0.072740 0.146121 -0.122666
v -0.105788 0.127037 -0.106704
v -0.084322 0.053499 -0.072280
v -0.084322 0.063918 -0.063234
v -0.084322 0.073061 -0.052276
v -0.083723 0.072431 -0.051701
v -0.083723 0.063251 -0.062752
v -0.083723 0.053000 -0.071649
v -0.086219 0.063732 -0.063160
v -0.086219 0.053444 -0.072151
v -0.086219 0.073006 -0.052147
v -0.085021 0.062141 -0.061767
v -0.085021 0.052224 -0.070369
v -0.085021 0.071284 -0.050808
v -0.077582 0.041169 -0.029763
v -0.072590 0.029617 -0.040290
v -0.072590 0.035476 -0.035221
v -0.072590 0.040493 -0.029168
v -0.077233 0.039950 -0.028735
v -0.077233 0.029225 -0.039702
v -0.077582 0.036151 -0.035816
v -0.081227 0.020056 -0.032355
v -0.077233 0.034871 -0.034763
v -0.081227 0.028877 -0.024603
v -0.081027 0.019391 -0.031333
v -0.081027 0.027970 -0.023916
v -0.077732 0.016101 -0.026136
v -0.077932 0.014714 -0.023964
v -0.077732 0.023186 -0.019893
v -0.077932 0.021233 -0.018193
v -0.081027 0.019030 -0.016445
v -0.081027 0.013217 -0.021533
v -0.077583 0.030106 -0.041079
v -0.087217 0.042376 -0.081474
v -0.077482 0.041147 -0.079580
v -0.077582 0.023461 -0.045293
v -0.085021 0.040121 -0.077984
v -0.084322 0.041396 -0.079895
v -0.083723 0.040897 -0.079265
v -0.086219 0.041249 -0.079729
v -0.072590 0.022971 -0.044504
v -0.077233 0.022580 -0.043916
v -0.175976 0.040206 -0.283241
v -0.175976 0.069529 -0.277495
v -0.178871 0.010389 -0.285668
v -0.181168 0.010229 -0.282053
v -0.178871 0.040188 -0.283019
v -0.181168 0.039675 -0.279476
v -0.178872 0.069418 -0.277235
v -0.181168 0.068554 -0.273767
v -0.170984 0.009700 -0.267849
v -0.170684 0.037608 -0.265085
v -0.170684 0.064984 -0.259632
v -0.168787 0.012636 -0.264833
v -0.168088 0.036984 -0.261822
v -0.088914 -0.004306 -0.099608
v -0.088915 0.017000 -0.097740
v -0.087117 0.015216 -0.090672
v -0.087217 0.000937 -0.091924
v -0.143128 0.056595 -0.225910
v -0.143927 0.029960 -0.231662
v -0.168088 0.064193 -0.256516
v -0.124258 0.049034 -0.195749
v -0.095604 0.031739 -0.126913
v -0.100196 0.017562 -0.190515
v -0.120065 0.045612 -0.191144
v -0.105788 0.038365 -0.161541
v -0.090112 0.016300 -0.162351
v -0.102094 0.016534 -0.194945
v -0.116571 0.000960 -0.224301
v -0.141431 0.026644 -0.230542
v -0.122561 0.045400 -0.195686
v -0.134043 -0.014498 -0.250690
v -0.165792 0.009172 -0.263009
v -0.088016 -0.005000 -0.103741
v -0.078830 -0.005636 -0.116291
v -0.084721 0.012394 -0.130862
v -0.093707 0.027195 -0.127776
v -0.167091 0.004848 -0.264930
v -0.061059 0.014201 -0.164627
v -0.086318 0.014261 -0.162606
v -0.081327 0.012477 -0.135738
v -0.053770 0.012514 -0.135645
v -0.072341 0.015504 -0.190549
v -0.096003 0.015486 -0.190326
v -0.093008 -0.000783 -0.223815
v -0.112377 -0.000782 -0.223815
v -0.097900 0.014439 -0.195070
v -0.074537 0.014551 -0.194792
v -0.052672 0.010538 -0.131730
v -0.080228 0.010445 -0.131692
v -0.075037 -0.006030 -0.118608
v -0.047281 -0.006084 -0.117941
v -0.114873 -0.016185 -0.250335
v -0.129150 -0.015962 -0.249779
v -0.077483 0.001043 -0.089653
v -0.077483 0.014673 -0.088410
v 0.180258 0.024952 -0.280764
v 0.180258 0.082671 -0.269437
v 0.169375 0.023563 -0.265623
v 0.169375 0.078222 -0.254948
v 0.034789 0.027084 -0.108253
v -0.036098 0.027434 -0.109793
v -0.046582 0.028298 -0.113261
v -0.046582 -0.005506 -0.116236
v 0.139123 0.023183 -0.260951
v 0.139123 0.076849 -0.250468
v -0.116571 0.023183 -0.260951
v -0.116570 0.076849 -0.250468
v -0.116371 -0.014742 -0.252099
v -0.116570 0.022302 -0.251503
v -0.116571 0.074048 -0.241378
v -0.092708 0.031426 -0.221596
v -0.092708 0.054350 -0.217043
v -0.095504 0.030858 -0.132047
v -0.085320 0.014592 -0.135298
v -0.053770 0.033008 -0.132052
v -0.061059 0.040276 -0.160803
v -0.052672 0.032144 -0.128583
v -0.175976 0.098116 -0.268762
v -0.175976 0.125560 -0.256986
v -0.178872 0.098005 -0.268502
v -0.181168 0.096789 -0.265107
v -0.178872 0.125542 -0.256764
v -0.181168 0.123935 -0.253535
v -0.170684 0.091735 -0.251452
v -0.170984 0.117656 -0.240786
v -0.088914 0.030875 -0.094281
v -0.087117 0.029090 -0.087214
v -0.168088 0.090813 -0.248391
v -0.143927 0.082733 -0.218451
v -0.167989 0.112839 -0.238849
v -0.100196 0.074193 -0.176275
v -0.090112 0.062043 -0.150833
v -0.105787 0.042186 -0.160602
v -0.120065 0.049786 -0.190133
v -0.102094 0.077246 -0.179655
v -0.122561 0.052114 -0.193975
v -0.141431 0.085073 -0.215842
v -0.116571 0.104741 -0.198248
v -0.165792 0.115903 -0.236314
v -0.093707 0.036061 -0.125531
v -0.084721 0.050587 -0.121258
v -0.167090 0.120576 -0.235934
v -0.060759 0.064952 -0.151895
v -0.053770 0.052729 -0.125563
v -0.081327 0.052821 -0.125601
v -0.086219 0.063954 -0.150095
v -0.072241 0.076030 -0.175185
v -0.096003 0.076031 -0.175184
v -0.093008 0.106209 -0.197009
v -0.074537 0.078823 -0.178675
v -0.097900 0.079194 -0.178824
v -0.112377 0.106209 -0.197009
v -0.052672 0.052682 -0.121132
v -0.080228 0.052719 -0.121039
v -0.077483 0.028548 -0.084951
v -0.116570 0.110989 -0.227128
v -0.092708 0.076686 -0.210208
v -0.095504 0.034939 -0.130998
v -0.085320 0.050762 -0.126171
v -0.095504 0.032879 -0.131569
v -0.120065 0.047727 -0.190704
v -0.075436 0.047580 -0.189999
v -0.072740 0.046347 -0.185306
v -0.105788 0.040294 -0.161025
v -0.084322 0.001052 -0.090033
v -0.084322 0.014793 -0.088781
v -0.084322 0.028667 -0.085322
v -0.083723 0.028428 -0.084580
v -0.083723 0.014553 -0.088039
v -0.083723 0.001035 -0.089273
v -0.086219 0.014737 -0.088650
v -0.086219 0.000997 -0.089904
v -0.086219 0.028612 -0.085192
v -0.085021 0.014259 -0.086629
v -0.085021 0.001223 -0.087734
v -0.085021 0.028041 -0.083133
v -0.077582 0.016076 -0.048403
v -0.072590 0.000536 -0.050115
v -0.072590 0.008250 -0.049398
v -0.072590 0.015846 -0.047503
v -0.077233 0.015677 -0.046808
v -0.077233 0.000568 -0.049411
v -0.077582 0.008415 -0.050326
v -0.077233 0.008023 -0.048715
v -0.081227 0.009145 -0.037006
v -0.081027 0.008870 -0.035819
v -0.077732 0.007352 -0.029827
v -0.077932 0.006791 -0.027342
v -0.081027 0.006073 -0.024578
v -0.077582 0.000497 -0.051015
v 0.090401 0.129476 0.190474
v 0.090401 0.087048 0.212987
v 0.063643 0.087048 0.212987
v 0.063643 0.129476 0.190475
v 0.090401 0.166345 0.159679
v 0.063643 0.166345 0.159680
v 0.090401 0.196057 0.121863
v 0.063643 0.196057 0.121862
v 0.090401 0.217145 0.078604
v 0.063643 0.217145 0.078604
v 0.090401 0.228867 0.032058
v 0.063643 0.228867 0.032059
v 0.090401 0.230671 -0.016067
v 0.063643 0.230671 -0.016067
v 0.090401 0.222371 -0.063469
v 0.063643 0.222371 -0.063468
v 0.090401 0.204461 -0.107995
v 0.063643 0.204461 -0.107995
v 0.090401 0.177626 -0.147942
v 0.063643 0.177626 -0.147942
v 0.090401 0.142999 -0.181412
v 0.063643 0.142999 -0.181412
v 0.090401 0.102312 -0.206877
v 0.063643 0.102312 -0.206877
v 0.090401 0.057143 -0.223484
v 0.063643 0.057143 -0.223484
v 0.090401 0.009520 -0.230194
v 0.063643 0.009520 -0.230193
v 0.090401 -0.038403 -0.226881
v 0.063643 -0.038404 -0.226881
v 0.090401 -0.084602 -0.213743
v 0.063643 -0.084602 -0.213743
v 0.090401 -0.127137 -0.191189
v 0.063643 -0.127137 -0.191189
v 0.090401 -0.164005 -0.160394
v 0.063643 -0.164006 -0.160393
v 0.090401 -0.193718 -0.122576
v 0.063643 -0.193718 -0.122576
v 0.090401 -0.214806 -0.079318
v 0.063643 -0.214806 -0.079317
v 0.090401 -0.226528 -0.032773
v 0.063643 -0.226528 -0.032772
v 0.090401 -0.228226 0.015311
v 0.063643 -0.228226 0.015310
v 0.090401 -0.220032 0.062754
v 0.063643 -0.220032 0.062755
v 0.090401 -0.202122 0.107281
v 0.063643 -0.202122 0.107281
v 0.090401 -0.175180 0.147185
v 0.063643 -0.175180 0.147185
v 0.090401 -0.140660 0.180699
v 0.063643 -0.140660 0.180699
v 0.090401 -0.099973 0.206163
v 0.063643 -0.099973 0.206163
v 0.090401 -0.054804 0.222770
v 0.063643 -0.054804 0.222770
v 0.090401 -0.007181 0.229480
v 0.063643 -0.007181 0.229479
v 0.090401 0.040742 0.226167
v 0.063643 0.040742 0.226167
v 0.061646 0.128235 0.188622
v 0.061647 0.086191 0.210856
v 0.061647 0.056283 0.136503
v 0.061646 0.083524 0.122080
v 0.061647 0.164721 0.158105
v 0.061647 0.107131 0.102313
v 0.061646 0.194050 0.120566
v 0.061647 0.126209 0.078055
v 0.061646 0.214990 0.077862
v 0.061646 0.139801 0.050311
v 0.061646 0.226627 0.031722
v 0.061646 0.147184 0.020362
v 0.061646 0.228391 -0.015892
v 0.061647 0.148404 -0.010449
v 0.061647 0.220155 -0.062824
v 0.061647 0.143101 -0.040864
v 0.061646 0.202416 -0.106925
v 0.061647 0.131617 -0.069413
v 0.061647 0.175859 -0.146488
v 0.061646 0.114383 -0.095028
v 0.061646 0.141617 -0.179619
v 0.061646 0.092167 -0.116413
v 0.061646 0.101271 -0.204849
v 0.061646 0.066103 -0.132908
v 0.061646 0.056593 -0.221159
v 0.061646 0.037085 -0.143512
v 0.061646 0.009439 -0.227933
v 0.061646 0.006524 -0.147802
v 0.061647 -0.038016 -0.224686
v 0.061647 -0.024196 -0.145718
v 0.061646 -0.083745 -0.211613
v 0.061646 -0.053837 -0.137260
v 0.061646 -0.125897 -0.189336
v 0.061646 -0.081185 -0.122794
v 0.061646 -0.162382 -0.158818
v 0.061646 -0.104793 -0.103026
v 0.061646 -0.191711 -0.121280
v 0.061647 -0.123871 -0.078769
v 0.061646 -0.212651 -0.078576
v 0.061646 -0.137356 -0.051068
v 0.061646 -0.224288 -0.032436
v 0.061646 -0.144846 -0.021075
v 0.061646 -0.225945 0.015135
v 0.061646 -0.145959 0.009692
v 0.061646 -0.217816 0.062111
v 0.061646 -0.140655 0.040108
v 0.061646 -0.200077 0.106211
v 0.061646 -0.129172 0.068656
v 0.061646 -0.173413 0.145732
v 0.061646 -0.111937 0.094272
v 0.061646 -0.139278 0.178905
v 0.061646 -0.089828 0.115700
v 0.061646 -0.098932 0.204135
v 0.061646 -0.063657 0.132152
v 0.061646 -0.054254 0.220445
v 0.061646 -0.034746 0.142798
v 0.061647 -0.007100 0.227220
v 0.061646 -0.004185 0.147089
v 0.061646 0.040354 0.223972
v 0.061646 0.026535 0.145004
v 0.034590 0.044714 0.107742
v 0.034590 0.066247 0.096358
v 0.057253 0.072683 0.105897
v 0.057254 0.048998 0.118394
v 0.034589 0.084830 0.080715
v 0.057254 0.093140 0.088758
v 0.034589 0.099889 0.061539
v 0.057253 0.109644 0.067639
v 0.034590 0.110635 0.039644
v 0.057253 0.121495 0.043566
v 0.034589 0.116473 0.016009
v 0.057253 0.128033 0.017670
v 0.034590 0.117471 -0.008278
v 0.057253 0.128919 -0.009048
v 0.034589 0.113246 -0.032321
v 0.057254 0.124370 -0.035434
v 0.034589 0.104162 -0.054904
v 0.057253 0.114343 -0.060360
v 0.034589 0.090562 -0.075175
v 0.057253 0.099354 -0.082548
v 0.034589 0.073025 -0.092006
v 0.057253 0.080214 -0.101209
v 0.034589 0.052447 -0.105015
v 0.057253 0.057565 -0.115365
v 0.034589 0.029532 -0.113371
v 0.057253 0.032346 -0.124527
v 0.034589 0.005390 -0.116778
v 0.057254 0.005815 -0.128335
v 0.034589 -0.018849 -0.115196
v 0.057253 -0.020811 -0.126535
v 0.034589 -0.042268 -0.108499
v 0.057253 -0.046553 -0.119151
v 0.034589 -0.063801 -0.097114
v 0.057253 -0.070238 -0.106654
v 0.034590 -0.082491 -0.081428
v 0.057253 -0.090801 -0.089472
v 0.034590 -0.097550 -0.062253
v 0.057254 -0.107305 -0.068353
v 0.034589 -0.108189 -0.040400
v 0.057254 -0.119050 -0.044323
v 0.034589 -0.114135 -0.016722
v 0.057253 -0.125587 -0.018427
v 0.034590 -0.115026 0.007522
v 0.057253 -0.126581 0.008333
v 0.034589 -0.110907 0.031608
v 0.057253 -0.122031 0.034720
v 0.034590 -0.101823 0.054190
v 0.057253 -0.112005 0.059646
v 0.034589 -0.088117 0.074419
v 0.057254 -0.097015 0.081834
v 0.034590 -0.070687 0.091292
v 0.057253 -0.077769 0.100453
v 0.034590 -0.050001 0.104258
v 0.057253 -0.055120 0.114609
v 0.034590 -0.027193 0.112657
v 0.057253 -0.030007 0.123814
v 0.034589 -0.003051 0.116064
v 0.057253 -0.003476 0.127622
v 0.034589 0.021295 0.114439
v 0.057254 0.023257 0.125779
v 0.034589 0.001223 -0.000378
v 0.058252 0.056240 0.136397
v 0.058252 0.083482 0.121973
v 0.058252 0.107089 0.102206
v 0.058252 0.126060 0.077991
v 0.058252 0.139652 0.050248
v 0.058252 0.147184 0.020362
v 0.058252 0.148298 -0.010407
v 0.058252 0.142994 -0.040822
v 0.058252 0.131510 -0.069369
v 0.058252 0.114276 -0.094985
v 0.058252 0.092167 -0.116413
v 0.058252 0.066039 -0.132758
v 0.058252 0.037021 -0.143363
v 0.058252 0.006567 -0.147696
v 0.058252 -0.024153 -0.145612
v 0.058252 -0.053795 -0.137153
v 0.058252 -0.081036 -0.122730
v 0.058252 -0.104750 -0.102920
v 0.058252 -0.123721 -0.078705
v 0.058252 -0.137313 -0.050961
v 0.058252 -0.144846 -0.021076
v 0.058252 -0.145959 0.009692
v 0.058252 -0.140655 0.040107
v 0.058252 -0.129172 0.068656
v 0.058252 -0.111937 0.094272
v 0.058252 -0.089828 0.115699
v 0.058252 -0.063700 0.132044
v 0.058252 -0.034683 0.142649
v 0.058252 -0.004228 0.146982
v 0.058252 0.026598 0.144854
v 0.057253 0.082734 0.121037
v 0.057253 0.055811 0.135331
v 0.057253 0.106277 0.101419
v 0.057253 0.125078 0.077396
v 0.057253 0.138542 0.049951
v 0.057253 0.146012 0.020215
v 0.057253 0.147104 -0.010297
v 0.057253 0.141886 -0.040499
v 0.057253 0.130488 -0.068835
v 0.057253 0.113339 -0.094238
v 0.057253 0.091423 -0.115494
v 0.057253 0.065444 -0.131776
v 0.057253 0.036725 -0.142254
v 0.057253 0.006526 -0.146566
v 0.057253 -0.024044 -0.144418
v 0.057253 -0.053366 -0.136088
v 0.057253 -0.080395 -0.121751
v 0.057253 -0.103938 -0.102133
v 0.057253 -0.122739 -0.078110
v 0.057253 -0.136204 -0.050665
v 0.057253 -0.143673 -0.020929
v 0.057253 -0.144765 0.009584
v 0.057253 -0.139547 0.039786
v 0.057253 -0.128149 0.068121
v 0.057253 -0.111001 0.093524
v 0.057254 -0.089084 0.114781
v 0.057253 -0.063105 0.131063
v 0.057253 -0.034386 0.141540
v 0.057253 -0.004187 0.145853
v 0.057254 0.026383 0.143703
v 0.090401 0.001223 -0.000378
vn -0.0256 -0.5977 -0.8013
vn 0.0839 -0.6783 -0.7300
vn -0.0167 -0.6218 -0.7830
vn -0.0160 -0.4467 -0.8946
vn 0.2298 -0.3569 -0.9054
vn -0.0255 -0.4182 -0.9080
vn -0.0160 -0.2512 -0.9678
vn 0.2300 -0.1622 -0.9596
vn 0.9560 -0.2741 -0.1042
vn 0.8187 -0.3910 -0.4205
vn 0.8183 -0.2952 -0.4931
vn 0.8185 -0.1862 -0.5435
vn 0.9838 -0.0580 -0.1694
vn -0.9990 -0.0296 -0.0328
vn -0.8994 -0.2801 -0.3355
vn -0.9989 -0.0302 -0.0362
vn -0.9990 -0.0259 -0.0359
vn -0.8885 -0.2355 -0.3938
vn -0.9990 -0.0220 -0.0384
vn -0.8887 -0.1926 -0.4161
vn -0.9925 0.0785 0.0936
vn -0.9925 0.0571 0.1076
vn -0.4641 -0.5673 -0.6802
vn -0.4629 -0.4951 -0.7353
vn -0.4632 -0.4151 -0.7830
vn -0.4629 -0.3307 -0.8224
vn -0.8878 -0.1938 -0.4175
vn 0.7952 -0.5856 -0.1573
vn 0.5715 -0.4219 -0.7039
vn 0.5710 -0.5594 -0.6009
vn 0.5729 -0.2657 -0.7754
vn 0.2079 0.0385 -0.9774
vn -0.0163 -0.1955 -0.9806
vn -0.0165 -0.0448 -0.9989
vn 0.8186 -0.0692 -0.5702
vn 0.9823 -0.0225 -0.1859
vn -0.8994 -0.1200 -0.4204
vn -0.9990 -0.0061 -0.0438
vn -0.8993 -0.0751 -0.4309
vn -0.9990 -0.0093 -0.0430
vn -0.9992 0.0008 -0.0398
vn -0.9925 0.0333 0.1172
vn -0.9925 0.0083 0.1217
vn -0.4632 -0.2429 -0.8523
vn -0.4630 -0.1524 -0.8732
vn -0.4638 -0.0610 -0.8838
vn -0.8877 -0.0560 -0.4571
vn 0.5700 -0.0987 -0.8157
vn 0.2075 -0.8272 -0.5222
vn -0.0155 -0.9637 -0.2665
vn -0.0161 -0.9472 -0.3203
vn -0.0164 -0.8870 -0.4615
vn -0.0256 -0.8722 -0.4884
vn -0.0162 -0.7727 -0.6346
vn 0.2300 -0.6946 -0.6817
vn 0.9031 -0.3699 0.2184
vn 0.8186 -0.5284 -0.2254
vn 0.9838 -0.1648 -0.0703
vn 0.8187 -0.4698 -0.3302
vn 0.9825 -0.1522 -0.1070
vn -0.9990 -0.0433 -0.0094
vn -0.8991 -0.4246 -0.1066
vn -0.9989 -0.0457 -0.0114
vn -0.9990 -0.0419 -0.0135
vn -0.8885 -0.4219 -0.1806
vn -0.8992 -0.3705 -0.2326
vn -0.8885 -0.4003 -0.2242
vn -0.9926 0.1178 0.0295
vn -0.9926 0.1144 0.0418
vn -0.9926 0.1030 0.0645
vn -0.9992 -0.0375 -0.0151
vn 0.3144 -0.8955 -0.3151
vn 0.8135 -0.5692 -0.1195
vn -0.4629 -0.8327 -0.3039
vn -0.4628 -0.7958 -0.3904
vn -0.4635 -0.7506 -0.4709
vn -0.4669 -0.8528 -0.2339
vn 0.5736 -0.7535 -0.3212
vn 0.5713 -0.8054 -0.1579
vn 0.5741 -0.6698 -0.4710
vn -0.0258 -0.7522 -0.6584
vn -0.8993 -0.3446 -0.2694
vn -0.9990 -0.0357 -0.0261
vn -0.9992 -0.0270 -0.0300
vn -0.8884 -0.3118 -0.3368
vn -0.9926 0.0956 0.0750
vn -0.9926 0.0874 0.0847
vn -0.4640 -0.6976 -0.5460
vn -0.4636 -0.6364 -0.6165
vn 0.2082 -0.9760 0.0634
vn -0.0159 -0.9363 0.3507
vn -0.0159 -0.9549 0.2965
vn -0.0172 -0.9887 0.1488
vn -0.0262 -0.9928 0.1173
vn -0.0155 -0.9981 -0.0602
vn 0.2303 -0.9626 -0.1427
vn 0.9036 -0.1754 0.3907
vn 0.8185 -0.5599 0.1284
vn 0.9822 -0.1829 0.0419
vn 0.8186 -0.5743 0.0094
vn 0.9839 -0.1786 0.0027
vn -0.9990 -0.0403 0.0181
vn -0.8994 -0.4056 0.1631
vn -0.9989 -0.0438 0.0176
vn -0.9990 -0.0425 0.0131
vn -0.8886 -0.4473 0.1021
vn -0.8990 -0.4370 0.0301
vn -0.8882 -0.4561 0.0551
vn -0.9925 0.1131 -0.0455
vn -0.9926 0.1196 -0.0211
vn -0.9926 0.1213 -0.0082
vn -0.9992 -0.0392 0.0097
vn 0.3150 -0.9094 0.2716
vn 0.8140 -0.5298 0.2381
vn -0.4636 -0.8523 0.2423
vn -0.4639 -0.8727 0.1524
vn -0.4638 -0.8838 0.0610
vn 0.5724 -0.7993 0.1827
vn 0.5731 -0.7433 0.3451
vn 0.5758 -0.8175 0.0126
vn -0.0163 -0.9930 -0.1171
vn -0.8995 -0.4366 -0.0155
vn -0.9990 -0.0440 0.0001
vn -0.9992 -0.0386 -0.0090
vn -0.8883 -0.4505 -0.0893
vn -0.9926 0.1217 0.0046
vn -0.9926 0.1204 0.0170
vn -0.4630 -0.8858 -0.0317
vn -0.4627 -0.8777 -0.1249
vn -0.0257 -0.5766 0.8166
vn 0.0828 -0.4845 0.8708
vn -0.0161 -0.5510 0.8344
vn -0.0157 -0.7124 0.7016
vn 0.2297 -0.7500 0.6202
vn 0.2082 -0.8659 0.4549
vn -0.0165 -0.7511 0.6599
vn -0.0172 -0.8431 0.5376
vn 0.9561 -0.0134 0.2928
vn 0.8184 -0.2792 0.5023
vn 0.8184 -0.3778 0.4330
vn 0.9563 -0.0745 0.2828
vn 0.8186 -0.4592 0.3449
vn -0.9990 -0.0205 0.0409
vn -0.8993 -0.2698 0.3442
vn -0.8990 -0.2323 0.3713
vn -0.9990 -0.0318 0.0304
vn -0.8995 -0.3043 0.3135
vn -0.9990 -0.0302 0.0326
vn -0.9992 -0.0324 0.0228
vn -0.9926 0.0751 -0.0957
vn -0.9926 0.0847 -0.0875
vn -0.9926 0.0932 -0.0781
vn -0.4622 -0.4712 0.7512
vn -0.4622 -0.5467 0.6982
vn -0.4630 -0.6171 0.6362
vn -0.4638 -0.6799 0.5680
vn -0.8875 -0.3378 0.3135
vn 0.7958 0.0311 0.6048
vn 0.5714 -0.5391 0.6188
vn 0.5725 -0.3987 0.7164
vn 0.5747 -0.6542 0.4917
vn -0.0256 -0.8590 0.5113
vn -0.8989 -0.3636 0.2445
vn -0.9990 -0.0397 0.0198
vn -0.8992 -0.3867 0.2047
vn -0.9990 -0.0415 0.0149
vn -0.9926 0.1009 -0.0676
vn -0.9926 0.1076 -0.0571
vn -0.4639 -0.7351 0.4943
vn -0.4636 -0.7827 0.4153
vn -0.4989 -0.7890 0.3585
vn 0.2079 -0.2410 0.9480
vn -0.0158 0.0445 0.9989
vn -0.0164 -0.0120 0.9998
vn -0.0162 -0.1644 0.9863
vn -0.0255 -0.1955 0.9804
vn -0.0163 -0.3659 0.9305
vn 0.2304 -0.4331 0.8714
vn 0.9564 0.1608 0.2439
vn 0.8184 0.0690 0.5705
vn 0.8185 -0.0509 0.5722
vn 0.9563 0.1067 0.2724
vn 0.8185 -0.1689 0.5490
vn -0.9990 0.0043 0.0441
vn -0.8993 0.0296 0.4364
vn -0.9989 0.0033 0.0470
vn -0.8993 -0.0616 0.4331
vn -0.8884 -0.0408 0.4572
vn -0.9990 -0.0119 0.0428
vn -0.8993 -0.1066 0.4241
vn -0.9926 0.0044 -0.1215
vn -0.9926 0.0170 -0.1202
vn -0.9926 0.0297 -0.1180
vn -0.9992 -0.0024 0.0397
vn 0.3144 -0.0225 0.9490
vn -0.4633 -0.0318 0.8856
vn -0.4640 -0.1241 0.8771
vn -0.4636 -0.2163 0.8593
vn 0.5736 0.0983 0.8132
vn 0.5737 -0.0724 0.8159
vn 0.5726 -0.2411 0.7836
vn -0.0155 -0.4193 0.9077
vn -0.9990 -0.0092 0.0432
vn -0.9990 -0.0140 0.0421
vn -0.8886 -0.1799 0.4219
vn -0.8888 -0.2230 0.4003
vn -0.9926 0.0535 -0.1093
vn -0.9926 0.0646 -0.1029
vn -0.4639 -0.3034 0.8323
vn -0.4632 -0.3900 0.7959
vn 0.2079 0.3629 0.9083
vn -0.0156 0.6234 0.7818
vn -0.0166 0.5782 0.8157
vn -0.0160 0.4465 0.8946
vn 0.2076 0.1650 0.9642
vn -0.0160 0.3949 0.9186
vn -0.0160 0.2508 0.9679
vn 0.9556 0.2735 0.1096
vn 0.8185 0.3912 0.4208
vn 0.8186 0.2952 0.4928
vn 0.8186 0.1861 0.5434
vn 0.9838 0.0582 0.1693
vn -0.9990 0.0326 0.0320
vn -0.8993 0.2442 0.3629
vn -0.8993 0.2808 0.3352
vn -0.9990 0.0259 0.0358
vn -0.9992 0.0156 0.0366
vn -0.9990 0.0219 0.0385
vn -0.8887 0.1926 0.4161
vn -0.9925 -0.0681 -0.1011
vn -0.9926 -0.0570 -0.1076
vn 0.2298 0.5380 0.8110
vn -0.4627 0.4951 0.7353
vn -0.4632 0.4149 0.7831
vn -0.4629 0.3309 0.8223
vn -0.4671 0.5525 0.6903
vn -0.8878 0.1938 0.4175
vn 0.7964 0.5832 0.1602
vn 0.5721 0.4213 0.7037
vn 0.5711 0.5586 0.6015
vn 0.5679 0.2671 0.7785
vn -0.0257 0.2200 0.9752
vn 0.9037 -0.2399 0.3545
vn -0.8994 0.1199 0.4203
vn -0.9990 0.0062 0.0437
vn -0.8992 0.0750 0.4310
vn -0.9990 0.0014 0.0442
vn -0.9926 -0.0334 -0.1171
vn -0.9926 -0.0209 -0.1200
vn -0.4632 0.2427 0.8524
vn -0.4629 0.1520 0.8733
vn -0.4972 0.0973 0.8622
vn -0.0256 0.9548 0.2963
vn 0.0835 0.9779 0.1914
vn -0.0166 0.9636 0.2667
vn -0.0163 0.8872 0.4610
vn 0.2302 0.8213 0.5220
vn 0.2080 0.7005 0.6826
vn -0.0160 0.8597 0.5106
vn -0.0156 0.7715 0.6360
vn 0.9029 0.3732 -0.2132
vn 0.8186 0.5283 0.2252
vn 0.9848 0.1595 0.0681
vn 0.8186 0.4701 0.3301
vn 0.9837 0.1472 0.1034
vn -0.9990 0.0452 0.0068
vn -0.8993 0.4106 0.1501
vn -0.8989 0.4248 0.1070
vn -0.9990 0.0392 0.0208
vn -0.8991 0.3932 0.1924
vn -0.9990 0.0403 0.0180
vn -0.9992 0.0323 0.0239
vn -0.9926 -0.1181 -0.0297
vn -0.9926 -0.1143 -0.0419
vn -0.9926 -0.1032 -0.0647
vn 0.8138 0.5688 0.1193
vn -0.4634 0.8595 0.2157
vn -0.4639 0.8321 0.3040
vn -0.4639 0.7956 0.3898
vn -0.4633 0.7514 0.4698
vn -0.8876 0.4028 0.2232
vn 0.5686 0.8073 0.1581
vn 0.5737 0.7534 0.3214
vn 0.5714 0.6715 0.4718
vn -0.0161 0.7339 0.6790
vn -0.8994 0.3439 0.2699
vn -0.9990 0.0308 0.0319
vn -0.8993 0.3141 0.3043
vn -0.9990 0.0273 0.0348
vn -0.9926 -0.0958 -0.0751
vn -0.9926 -0.0874 -0.0848
vn -0.4636 0.6969 0.5471
vn -0.4633 0.6364 0.6168
vn -0.0269 0.9463 -0.3223
vn 0.0830 0.9037 -0.4200
vn -0.0158 0.9362 -0.3512
vn -0.0162 0.9889 -0.1474
vn 0.2299 0.9713 -0.0601
vn -0.0256 0.9928 -0.1170
vn -0.0158 0.9981 0.0591
vn 0.2297 0.9627 0.1430
vn 0.9559 0.1827 -0.2300
vn 0.8187 0.5208 -0.2420
vn 0.8187 0.5598 -0.1282
vn 0.9554 0.2318 -0.1829
vn 0.8185 0.5745 -0.0091
vn -0.9990 0.0406 -0.0177
vn -0.8993 0.4058 -0.1633
vn -0.9989 0.0436 -0.0175
vn -0.9990 0.0420 -0.0135
vn -0.8880 0.4483 -0.1023
vn -0.8993 0.4364 -0.0295
vn -0.8884 0.4558 -0.0544
vn -0.9926 -0.1126 0.0453
vn -0.9926 -0.1200 0.0209
vn -0.9926 -0.1213 0.0084
vn -0.9992 0.0389 -0.0099
vn -0.4632 0.8521 -0.2436
vn -0.4627 0.8733 -0.1525
vn -0.4625 0.8845 -0.0603
vn 0.7937 0.3309 -0.5105
vn 0.5672 0.8028 -0.1839
vn 0.5678 0.7465 -0.3468
vn 0.5709 0.8209 -0.0132
vn -0.0263 0.9955 0.0906
vn -0.8993 0.4371 0.0159
vn -0.9990 0.0443 0.0002
vn -0.9992 0.0391 0.0087
vn -0.8882 0.4507 0.0891
vn -0.9926 -0.1216 -0.0044
vn -0.9926 -0.1205 -0.0172
vn -0.4633 0.8856 0.0324
vn -0.4635 0.8772 0.1250
vn -0.0269 0.5772 -0.8162
vn 0.0838 0.4843 -0.8709
vn -0.0165 0.5507 -0.8346
vn -0.0156 0.7131 -0.7009
vn 0.2306 0.7499 -0.6201
vn 0.2076 0.8656 -0.4556
vn -0.0160 0.7515 -0.6596
vn -0.0157 0.8421 -0.5391
vn 0.9035 -0.0883 -0.4194
vn 0.8186 0.3776 -0.4328
vn 0.9847 0.1144 -0.1312
vn 0.8184 0.4593 -0.3453
vn 0.9825 0.1491 -0.1120
vn -0.9990 0.0204 -0.0409
vn -0.8990 0.2701 -0.3446
vn -0.8991 0.2326 -0.3709
vn -0.9990 0.0318 -0.0308
vn -0.8993 0.3043 -0.3141
vn -0.9990 0.0297 -0.0328
vn -0.9992 0.0327 -0.0232
vn -0.9926 -0.0751 0.0958
vn -0.9926 -0.0847 0.0874
vn -0.9926 -0.0933 0.0781
vn 0.8139 0.2890 -0.5041
vn -0.4637 0.4708 -0.7506
vn -0.4639 0.5466 -0.6971
vn -0.4631 0.6163 -0.6370
vn -0.4625 0.6799 -0.5690
vn -0.8875 0.3371 -0.3142
vn 0.5717 0.3988 -0.7170
vn 0.5713 0.5393 -0.6187
vn 0.5698 0.6572 -0.4934
vn -0.0169 0.8722 -0.4889
vn -0.9990 0.0329 -0.0294
vn -0.9990 0.0360 -0.0258
vn -0.8885 0.3941 -0.2352
vn -0.8879 0.4177 -0.1928
vn -0.9926 -0.1010 0.0679
vn -0.4627 0.7357 -0.4947
vn -0.4632 0.7834 -0.4144
vn -0.4971 0.7900 -0.3590
vn -0.0258 -0.0131 -0.9996
vn -0.0156 0.1647 -0.9862
vn 0.2303 0.2422 -0.9425
vn 0.2077 0.4331 -0.8771
vn -0.0160 0.2205 -0.9753
vn -0.0162 0.3649 -0.9309
vn 0.9561 -0.1613 -0.2445
vn 0.8186 0.0510 -0.5721
vn 0.9564 -0.1059 -0.2721
vn 0.8184 0.1689 -0.5493
vn -0.9990 -0.0046 -0.0438
vn -0.9990 0.0001 -0.0442
vn -0.8886 0.0413 -0.4568
vn -0.9990 0.0051 -0.0441
vn -0.8888 0.0886 -0.4496
vn -0.9926 -0.0045 0.1217
vn -0.9926 -0.0170 0.1204
vn -0.4633 0.0319 -0.8856
vn -0.4635 0.1251 -0.8772
vn -0.4632 0.2160 -0.8595
vn -0.8876 0.0886 -0.4520
vn 0.5715 0.0731 -0.8173
vn 0.5757 0.2404 -0.7816
vn -0.0265 0.3937 -0.9188
vn -0.8992 0.1502 -0.4109
vn -0.9990 0.0209 -0.0388
vn -0.8992 0.1925 -0.3928
vn -0.9990 0.0248 -0.0366
vn -0.9926 -0.0296 0.1179
vn -0.9926 -0.0536 0.1094
vn -0.9926 -0.0647 0.1032
vn -0.4628 0.3045 -0.8325
vn -0.4639 0.3898 -0.7955
vn -0.8404 -0.3024 -0.4497
vn -0.8409 -0.3476 -0.4149
vn -0.8409 -0.3476 -0.4147
vn -0.8375 -0.2560 -0.4828
vn -0.8406 -0.3022 -0.4495
vn -0.8376 -0.2556 -0.4828
vn -0.8422 -0.2012 -0.5002
vn -0.8139 0.3729 0.4456
vn -0.7908 0.3388 0.5097
vn -0.8145 0.3240 0.4813
vn -0.8132 0.2726 0.5142
vn -0.8059 0.2210 0.5493
vn -0.8118 0.2179 0.5417
vn -0.0755 -0.5573 -0.8269
vn -0.1075 -0.6373 -0.7631
vn -0.0754 -0.5570 -0.8271
vn -0.1014 -0.4653 -0.8793
vn -0.1024 -0.4650 -0.8794
vn -0.1028 -0.3712 -0.9228
vn -0.1027 -0.3712 -0.9228
vn -0.7645 0.2650 0.5876
vn -0.7949 0.2673 0.5446
vn -0.9583 0.1420 0.2480
vn -0.9757 0.1012 0.1945
vn -0.9895 0.0077 0.1440
vn -0.8118 0.2299 0.5367
vn -0.7771 0.3036 0.5513
vn -0.7908 0.2453 0.5608
vn -0.8198 0.2128 0.5316
vn -0.9923 0.0446 0.1152
vn -0.7107 -0.4532 0.5382
vn -0.8195 -0.3030 0.4865
vn -0.8264 -0.2298 0.5141
vn -0.6727 0.0300 0.7393
vn -0.6115 -0.0172 0.7911
vn -0.6415 -0.0712 0.7638
vn -0.4424 0.0701 0.8941
vn -0.7021 0.0196 0.7118
vn -0.6044 0.0925 0.7913
vn -0.8668 -0.4986 0.0047
vn -0.7430 -0.6690 -0.0194
vn -0.7011 -0.7024 -0.1226
vn -0.4463 0.4898 0.7489
vn -0.4081 0.5856 0.7003
vn -0.5299 0.5428 0.6515
vn -0.0031 -0.8396 0.5432
vn -0.0665 -0.8655 0.4964
vn -0.0814 -0.8260 0.5577
vn -0.0031 -0.8169 0.5768
vn -0.0755 -0.7964 0.6000
vn 0.0003 -0.4251 0.9052
vn -0.0685 -0.4426 0.8941
vn -0.0805 -0.3867 0.9187
vn 0.0095 -0.9831 -0.1828
vn -0.0617 -0.9392 -0.3377
vn -0.0525 -0.9834 -0.1738
vn 0.0034 -0.3604 0.9328
vn -0.0488 -0.2888 0.9561
vn 0.8110 0.3983 0.4285
vn 0.8138 0.2986 0.4987
vn 0.8103 0.3989 0.4293
vn 0.8130 0.1892 0.5507
vn 0.8143 0.2983 0.4980
vn 0.0224 -0.6421 -0.7663
vn 0.0560 -0.3677 -0.9283
vn 0.0225 -0.3731 -0.9275
vn 0.1474 -0.7198 -0.6784
vn 0.7478 -0.3168 -0.5835
vn 0.7553 -0.2719 -0.5963
vn 0.1536 0.6730 0.7235
vn 0.1513 0.5078 0.8481
vn 0.1543 0.6731 0.7233
vn 0.1517 0.3203 0.9351
vn 0.1519 0.3201 0.9351
vn -0.0000 0.6813 0.7320
vn -0.0000 0.5142 0.8577
vn -0.0000 0.3238 0.9461
vn 1.0000 -0.0026 -0.0056
vn 0.9997 -0.0196 -0.0148
vn 0.9999 -0.0076 -0.0075
vn 0.9483 0.0113 -0.3171
vn 0.8419 -0.2631 -0.4712
vn 1.0000 -0.0000 -0.0000
vn 0.8531 -0.1749 -0.4916
vn 0.7907 -0.3380 -0.5104
vn 0.8007 -0.2770 -0.5312
vn 0.8091 -0.2275 -0.5419
vn -0.6511 -0.3767 0.6589
vn -0.8653 -0.3278 0.3793
vn 0.9715 -0.1088 -0.2104
vn 0.9413 -0.1301 -0.3115
vn 0.9672 -0.0959 -0.2351
vn 0.7745 -0.3416 -0.5324
vn 0.9439 -0.1651 -0.2861
vn 0.9326 -0.2066 -0.2959
vn 0.9394 -0.1083 -0.3253
vn -0.8376 -0.1494 -0.5255
vn -0.8427 -0.2009 -0.4995
vn -0.8418 -0.0936 -0.5316
vn -0.8375 -0.1500 -0.5254
vn -0.8410 -0.0360 -0.5399
vn -0.8420 -0.0931 -0.5315
vn -0.8132 0.1594 0.5597
vn -0.7896 0.1081 0.6041
vn -0.8145 0.0997 0.5716
vn -0.7724 0.0438 0.6336
vn -0.8143 0.0397 0.5791
vn -0.1024 -0.2723 -0.9567
vn -0.1013 -0.2718 -0.9570
vn -0.0682 -0.1739 -0.9824
vn -0.0682 -0.1738 -0.9824
vn -0.0969 -0.0663 -0.9931
vn -0.0971 -0.0662 -0.9931
vn -0.9749 0.0595 0.2145
vn -0.9603 0.0447 0.2753
vn -0.9895 0.0953 0.1083
vn -0.7880 0.1676 0.5924
vn -0.7904 0.2135 0.5741
vn -0.7637 0.2062 0.6117
vn -0.6879 0.6417 0.3392
vn -0.8200 0.5545 0.1420
vn -0.7629 0.6390 0.0984
vn -0.5046 0.5646 0.6531
vn -0.6719 0.5398 0.5072
vn -0.6393 0.5826 0.5019
vn -0.6699 0.3572 0.6509
vn -0.6920 0.4974 0.5232
vn -0.8141 0.2462 -0.5260
vn -0.7422 0.4696 -0.4781
vn -0.8248 0.4245 -0.3735
vn -0.4467 0.1650 0.8793
vn -0.5309 0.0554 0.8456
vn -0.4065 0.0615 0.9116
vn -0.0035 0.9820 -0.1890
vn -0.0686 0.9682 -0.2407
vn -0.0012 0.9688 -0.2477
vn -0.0014 0.9890 -0.1482
vn -0.2413 0.9289 -0.2809
vn 0.0001 0.9331 0.3597
vn -0.0656 0.9398 0.3352
vn 0.0002 0.9524 0.3050
vn 0.0074 0.5769 -0.8168
vn -0.0583 0.4464 -0.8929
vn 0.0133 0.4404 -0.8977
vn 0.0021 0.9102 0.4141
vn -0.1883 0.9243 0.3319
vn 0.8118 0.0700 0.5797
vn 0.8130 0.1894 0.5505
vn 0.0224 -0.0680 -0.9974
vn 0.2915 -0.0432 -0.9556
vn 0.6938 -0.3259 -0.6422
vn 0.3217 -0.0512 -0.9455
vn 0.1520 0.1190 0.9812
vn 0.1522 0.1186 0.9812
vn -0.0000 0.1198 0.9928
vn 0.8601 -0.1035 -0.4995
vn 0.9999 -0.0018 -0.0105
vn 0.8640 -0.1244 -0.4878
vn 0.8072 -0.1534 -0.5700
vn 0.7908 -0.1128 -0.6016
vn -0.9026 0.4200 -0.0945
vn 0.9724 -0.0709 -0.2222
vn 0.9429 -0.1060 -0.3159
vn 0.7747 -0.0788 -0.6275
vn 0.9355 -0.1631 -0.3134
vn 0.9548 -0.0812 -0.2859
vn -0.6592 0.6967 0.2830
vn -0.0794 0.9886 -0.1280
vn -0.9896 0.1404 0.0323
vn -0.5798 -0.7579 0.2992
vn -0.9766 0.0802 0.1995
vn -0.8875 0.1264 0.4432
vn -0.7076 0.0071 -0.7066
vn 0.9356 -0.3166 -0.1561
vn 0.3926 -0.6270 -0.6729
vn 0.6954 -0.6478 -0.3111
vn 0.7713 -0.4350 -0.4647
vn 0.9145 -0.1786 -0.3631
vn 0.8609 -0.1763 -0.4773
vn 0.9076 -0.1791 -0.3796
vn 0.8492 -0.2457 -0.4674
vn -0.3740 0.9090 0.1840
vn -0.3984 0.7566 -0.5184
vn -0.5953 0.2348 0.7684
vn 0.9042 -0.1383 -0.4040
vn 0.8482 -0.1467 -0.5090
vn 0.0041 0.9820 -0.1890
vn -0.8424 -0.5388 -0.0117
vn -0.9274 0.1396 0.3470
vn -0.7713 0.4229 0.4757
vn -0.0000 -0.8675 0.4974
vn -0.0004 -0.4760 0.8794
vn -0.3658 -0.5173 -0.7737
vn 0.0145 -0.9406 -0.3391
vn 0.0159 -0.1740 -0.9846
vn -0.9381 0.2917 0.1870
vn -0.5907 0.8057 -0.0433
vn -0.7873 0.1559 -0.5966
vn -0.0094 0.8634 0.5044
vn -0.7800 0.2396 0.5781
vn -0.7948 0.1477 0.5886
vn -0.0008 0.4449 0.8956
vn 0.0088 0.5797 0.8148
vn 0.0010 0.5803 0.8144
vn 0.0084 0.1495 0.9887
vn -0.0007 0.2989 0.9543
vn 0.0019 0.1451 0.9894
vn -0.0004 -0.3017 -0.9534
vn 0.0012 -0.1458 -0.9893
vn -0.0012 -0.3014 -0.9535
vn 0.0008 -0.5790 -0.8153
vn -0.0004 -0.4422 -0.8969
vn -0.0014 -0.4426 -0.8967
vn 0.1022 0.4421 0.8911
vn 0.0229 0.4428 0.8963
vn 0.1022 0.2978 0.9491
vn 0.0512 0.1471 0.9878
vn -0.7517 -0.3845 -0.5359
vn -0.7545 -0.2891 -0.5891
vn -0.7520 -0.3842 -0.5357
vn -0.7545 -0.1991 -0.6254
vn -0.7519 -0.0951 -0.6523
vn -0.7509 -0.0954 -0.6535
vn 0.9021 -0.1445 -0.4067
vn 0.9423 -0.1505 -0.2992
vn -0.9799 0.0287 0.1973
vn -0.9805 0.0596 0.1873
vn -0.9799 0.0607 0.1900
vn -0.9178 0.1794 0.3542
vn -0.9463 0.1028 0.3066
vn -0.9178 0.1157 0.3797
vn -0.8930 0.0669 0.4450
vn 0.0001 -0.3001 -0.9539
vn -0.0440 -0.1460 -0.9883
vn 0.0010 -0.1460 -0.9893
vn 0.0009 -0.5781 -0.8160
vn -0.0415 -0.4439 -0.8951
vn -0.0006 -0.4446 -0.8957
vn -0.0566 0.5800 0.8127
vn -0.0467 0.4461 0.8938
vn -0.0627 0.5801 0.8121
vn -0.0609 0.1474 0.9872
vn -0.0468 0.2970 0.9537
vn -0.0425 0.2949 0.9546
vn -0.9704 -0.1513 -0.1884
vn -0.9474 -0.1781 -0.2660
vn -0.9679 -0.1609 -0.1933
vn -0.9693 -0.0848 -0.2308
vn -0.9473 -0.0869 -0.3082
vn -0.8934 0.2891 0.3440
vn -0.8944 0.1664 0.4152
vn -0.8954 0.2874 0.3401
vn -0.9035 0.1103 0.4142
vn -0.8939 0.1666 0.4161
vn -0.8925 0.0315 0.4499
vn -0.8932 -0.3005 -0.3345
vn -0.9979 -0.0412 -0.0494
vn -0.8381 -0.3503 -0.4182
vn -0.8966 -0.1863 -0.4018
vn -0.9980 -0.0237 -0.0588
vn -0.6758 -0.4737 -0.5647
vn -0.6703 -0.2769 -0.6885
vn -0.6755 -0.0504 -0.7356
vn -0.9601 0.1968 0.1987
vn -0.9799 0.1157 0.1623
vn -0.9804 0.1374 0.1409
vn -0.9799 0.1392 0.1428
vn 0.0089 0.6980 0.7160
vn 0.0009 0.6985 0.7156
vn 0.0016 -0.5788 -0.8155
vn 0.0007 -0.6989 -0.7152
vn 0.0009 -0.6991 -0.7151
vn 0.0511 0.5771 0.8151
vn -0.7709 -0.4433 -0.4574
vn -0.9450 0.0480 0.3235
vn 0.0246 0.2956 0.9550
vn -0.7549 -0.2889 -0.5888
vn -0.7548 -0.1992 -0.6250
vn -0.9799 0.0878 0.1790
vn -0.8929 0.2595 0.3678
vn -0.9477 -0.2295 -0.2219
vn -0.9476 -0.1510 -0.2817
vn -0.0425 -0.3000 -0.9530
vn -0.0460 -0.6975 -0.7151
vn -0.0007 -0.6984 -0.7157
vn -0.0477 0.7000 0.7125
vn -0.0429 0.4482 0.8929
vn -0.9805 0.0866 0.1764
vn -0.8415 -0.5240 -0.1316
vn -0.8434 -0.5045 -0.1845
vn -0.8414 -0.5242 -0.1316
vn -0.8435 -0.4826 -0.2357
vn -0.8435 -0.5044 -0.1843
vn -0.8415 -0.4575 -0.2873
vn -0.8434 -0.4826 -0.2360
vn -0.7658 0.6106 0.2019
vn -0.8129 0.5471 0.1997
vn -0.8130 0.5647 0.1421
vn -0.7560 0.6235 0.1993
vn -0.8118 0.5249 0.2559
vn -0.8021 0.5426 0.2495
vn -0.8118 0.4946 0.3105
vn -0.0955 -0.9352 -0.3411
vn -0.0765 -0.9672 -0.2423
vn -0.0969 -0.9351 -0.3407
vn -0.0749 -0.8952 -0.4392
vn -0.0744 -0.8953 -0.4393
vn -0.0759 -0.8443 -0.5305
vn -0.0759 -0.8444 -0.5304
vn -0.7642 0.5583 0.3229
vn -0.9592 0.2589 0.1135
vn -0.9756 0.1966 0.0981
vn -0.9896 0.0900 0.1124
vn -0.8119 0.5009 0.2998
vn -0.7817 0.5650 0.2642
vn -0.7922 0.5277 0.3065
vn -0.8206 0.4827 0.3058
vn -0.9923 0.1055 0.0654
vn -0.7116 -0.0541 0.7005
vn -0.8180 0.0381 0.5739
vn -0.8264 0.1187 0.5505
vn -0.6719 0.4613 0.5794
vn -0.6134 0.4512 0.6483
vn -0.6402 0.3902 0.6617
vn -0.4406 0.5824 0.6832
vn -0.7060 0.4336 0.5599
vn -0.6027 0.5394 0.5881
vn -0.8672 -0.4022 0.2937
vn -0.7415 -0.5536 0.3791
vn -0.7053 -0.6356 0.3140
vn -0.4452 0.8379 0.3158
vn -0.4144 0.8828 0.2211
vn -0.5301 0.8229 0.2044
vn -0.0041 -0.3600 0.9329
vn -0.0660 -0.4075 0.9108
vn -0.0780 -0.3410 0.9368
vn -0.0017 -0.3215 0.9469
vn -0.0734 -0.2934 0.9532
vn 0.0008 0.1881 0.9821
vn -0.0652 0.1672 0.9838
vn -0.0830 0.2282 0.9701
vn 0.0072 -0.9056 0.4241
vn -0.0655 -0.9585 0.2774
vn -0.0532 -0.8994 0.4339
vn 0.0056 0.2583 0.9660
vn -0.0471 0.3273 0.9438
vn 0.8130 0.5354 0.2288
vn 0.8107 0.5747 0.1120
vn 0.8106 0.5747 0.1121
vn 0.8129 0.4766 0.3346
vn 0.8133 0.5349 0.2290
vn 0.0223 -0.9693 -0.2447
vn 0.0565 -0.8432 -0.5347
vn 0.0223 -0.8471 -0.5310
vn 0.1469 -0.9809 -0.1275
vn 0.7494 -0.5968 -0.2869
vn 0.7559 -0.5698 -0.3223
vn 0.1524 0.9698 0.1903
vn 0.1523 0.9090 0.3879
vn 0.1525 0.9698 0.1902
vn 0.1524 0.9090 0.3879
vn 0.1533 0.8087 0.5678
vn -0.0000 0.9813 0.1925
vn -0.0000 0.9198 0.3925
vn -0.0000 0.8182 0.5750
vn 1.0000 -0.0054 -0.0031
vn 0.9997 -0.0244 -0.0001
vn 0.9999 -0.0105 -0.0016
vn 0.9467 -0.1796 -0.2672
vn 0.8430 -0.4882 -0.2258
vn 0.8506 -0.4339 -0.2970
vn 0.7906 -0.5738 -0.2138
vn 0.8002 -0.5366 -0.2680
vn 0.8090 -0.5027 -0.3048
vn -0.6458 0.0854 0.7588
vn -0.8663 -0.0422 0.4978
vn 0.9714 -0.2122 -0.1065
vn 0.9415 -0.2883 -0.1746
vn 0.9672 -0.2160 -0.1339
vn 0.7729 -0.5903 -0.2327
vn 0.9438 -0.3018 -0.1347
vn 0.9347 -0.3340 -0.1216
vn 0.9392 -0.2792 -0.1998
vn -0.8417 -0.4250 -0.3331
vn -0.8414 -0.4576 -0.2875
vn -0.8416 -0.3878 -0.3759
vn -0.8417 -0.4249 -0.3331
vn -0.8416 -0.3878 -0.3760
vn -0.8002 0.5151 0.3072
vn -0.8116 0.4596 0.3607
vn -0.7895 0.4425 0.4254
vn -0.8129 0.4184 0.4052
vn -0.0767 -0.7848 -0.6150
vn -0.0767 -0.7846 -0.6152
vn -0.0777 -0.7169 -0.6928
vn -0.0768 -0.7172 -0.6927
vn -0.9749 0.1742 0.1386
vn -0.7903 0.4828 0.3772
vn -0.7893 0.5129 0.3376
vn -0.7659 0.5237 0.3731
vn -0.6843 0.7218 -0.1034
vn -0.8191 0.5325 -0.2132
vn -0.7675 0.5708 -0.2918
vn -0.5035 0.8417 0.1952
vn -0.6727 0.7338 0.0951
vn -0.6442 0.7624 0.0613
vn -0.6884 0.7137 0.1294
vn -0.9783 -0.0559 -0.1997
vn -0.7416 0.0997 -0.6634
vn -0.8238 0.1251 -0.5529
vn -0.4497 0.6508 0.6118
vn -0.0018 0.6830 -0.7304
vn -0.0647 0.6432 -0.7629
vn -0.0002 0.6351 -0.7724
vn -0.0027 0.7105 -0.7037
vn -0.2459 0.5851 -0.7728
vn 0.0008 0.9660 -0.2585
vn -0.0659 0.9582 -0.2784
vn 0.0004 0.9481 -0.3180
vn 0.0082 -0.0164 -0.9998
vn -0.1864 0.9427 -0.2767
vn 0.8126 0.4770 0.3348
vn 0.8597 -0.3776 -0.3440
vn 0.8073 -0.4592 -0.3706
vn 0.7910 -0.4443 -0.4206
vn -0.9033 0.2842 -0.3213
vn 0.9723 -0.1887 -0.1379
vn 0.9430 -0.2714 -0.1924
vn 0.9545 -0.2347 -0.1837
vn -0.6631 0.7266 -0.1798
vn -0.0761 0.7215 -0.6882
vn -0.9895 0.1329 -0.0568
vn -0.5721 -0.4365 0.6944
vn -0.9766 0.1802 0.1174
vn -0.8859 0.3627 0.2891
vn -0.7061 -0.4142 -0.5744
vn 0.9369 -0.3443 0.0601
vn 0.3935 -0.9043 -0.1655
vn 0.6972 -0.7035 0.1379
vn 0.7706 -0.6257 -0.1213
vn 0.9148 -0.3588 -0.1856
vn 0.8592 -0.4262 -0.2830
vn 0.9084 -0.3664 -0.2014
vn 0.8493 -0.4732 -0.2341
vn -0.3628 0.8523 -0.3768
vn -0.3968 0.3075 -0.8649
vn -0.6012 0.6431 0.4743
vn 0.9053 -0.3477 -0.2440
vn 0.8493 -0.4170 -0.3239
vn 0.0057 0.6807 -0.7326
vn -0.8436 -0.4412 0.3060
vn -0.9276 0.3154 0.2001
vn -0.9361 -0.3453 -0.0671
vn -0.0009 -0.4118 0.9113
vn 0.0016 0.1349 0.9909
vn -0.3571 -0.8795 -0.3147
vn 0.0128 -0.9607 0.2773
vn 0.0144 -0.7213 -0.6925
vn -0.9390 0.3436 -0.0175
vn -0.5903 0.6272 -0.5081
vn -0.7815 0.5306 0.3281
vn -0.7970 0.4655 0.3849
vn 0.0039 0.8882 0.4595
vn -0.0001 0.9485 0.3168
vn 0.0003 0.8865 0.4627
vn -0.0016 0.8035 0.5953
vn -0.0014 -0.8039 -0.5947
vn -0.0014 -0.8040 -0.5947
vn 0.0001 -0.9488 -0.3160
vn 0.0013 -0.8852 -0.4652
vn 0.0415 0.8847 0.4644
vn 0.0091 0.9509 0.3093
vn 0.0492 0.6973 0.7150
vn 0.0074 0.8102 0.5860
vn -0.7550 -0.6223 -0.2068
vn -0.7551 -0.5800 -0.3059
vn -0.7550 -0.6223 -0.2067
vn -0.7548 -0.5276 -0.3898
vn -0.7709 -0.4436 -0.4572
vn -0.7544 -0.5280 -0.3900
vn 0.9012 -0.3563 -0.2468
vn 0.9425 -0.2971 -0.1532
vn -0.9800 0.1601 0.1186
vn -0.9805 0.1578 0.1174
vn -0.9165 0.3561 0.1820
vn -0.9453 0.2666 0.1880
vn -0.9624 0.2203 0.1588
vn -0.8941 0.3103 0.3229
vn -0.0453 -0.8045 -0.5922
vn 0.0029 -0.8053 -0.5928
vn 0.0006 -0.9475 -0.3198
vn -0.0462 -0.8839 -0.4653
vn -0.0002 -0.8847 -0.4663
vn -0.0453 0.8861 0.4613
vn -0.0455 0.9462 0.3204
vn -0.0476 0.8852 0.4627
vn -0.0548 0.8005 0.5968
vn -0.0385 0.7005 0.7126
vn -0.9697 -0.2354 -0.0654
vn -0.9476 -0.2999 -0.1100
vn -0.9688 -0.2405 -0.0599
vn -0.9473 -0.2523 -0.1976
vn -0.8955 0.4314 0.1094
vn -0.8958 0.3766 0.2362
vn -0.8927 0.4371 0.1096
vn -0.8946 0.3786 0.2373
vn -0.8945 -0.4383 -0.0884
vn -0.9978 -0.0637 -0.0164
vn -0.8392 -0.5267 -0.1350
vn -0.9980 -0.0541 -0.0336
vn -0.6869 -0.7034 -0.1828
vn -0.6781 -0.6248 -0.3871
vn -0.9622 0.2689 0.0428
vn -0.9805 0.1864 0.0622
vn -0.9800 0.1963 0.0337
vn -0.9800 0.1887 0.0636
vn -0.0002 0.9858 0.1682
vn 0.0001 -0.9856 -0.1689
vn 0.0740 0.9468 0.3133
vn 0.0100 0.9870 0.1606
vn -0.7544 -0.6469 -0.1113
vn -0.7543 -0.6470 -0.1113
vn 0.0007 -0.8851 -0.4655
vn 0.0710 0.8029 0.5919
vn -0.7551 -0.5800 -0.3057
vn -0.9805 0.1740 0.0914
vn -0.9800 0.1765 0.0921
vn -0.9007 0.4121 0.1375
vn -0.9179 0.3190 0.2360
vn -0.9481 -0.3149 -0.0436
vn -0.9472 -0.2884 -0.1403
vn -0.0445 -0.9848 -0.1678
vn -0.0000 -0.9859 -0.1673
vn -0.0466 0.9850 0.1659
vn -0.0454 0.9850 0.1664
vn -0.0558 0.7999 0.5975
vn -0.8360 -0.5086 0.2057
vn -0.8432 -0.5172 0.1468
vn -0.8361 -0.5086 0.2056
vn -0.8434 -0.5169 0.1464
vn -0.8420 -0.5315 0.0924
vn -0.8410 -0.5398 0.0365
vn -0.8420 -0.5314 0.0929
vn -0.7645 0.6143 -0.1955
vn -0.8138 0.5591 -0.1587
vn -0.8141 0.5388 -0.2167
vn -0.7583 0.6191 -0.2042
vn -0.8123 0.5745 -0.1002
vn -0.8003 0.5879 -0.1180
vn -0.8119 0.5824 -0.0396
vn -0.1021 -0.9224 0.3726
vn -0.0729 -0.9593 0.2728
vn -0.0721 -0.9594 0.2728
vn -0.0687 -0.9827 0.1722
vn -0.0674 -0.9827 0.1723
vn -0.1062 -0.9921 0.0671
vn -0.1084 -0.9918 0.0671
vn -0.7662 0.6387 -0.0708
vn -0.9587 0.2785 -0.0582
vn -0.9756 0.2165 -0.0362
vn -0.9895 0.1394 0.0372
vn -0.8117 0.5818 -0.0523
vn -0.7778 0.6172 -0.1186
vn -0.7915 0.6081 -0.0609
vn -0.8218 0.5683 -0.0409
vn -0.9923 0.1238 -0.0073
vn -0.7142 0.3642 0.5977
vn -0.8195 0.3695 0.4381
vn -0.8234 0.4218 0.3796
vn -0.6709 0.7160 0.1929
vn -0.6114 0.7473 0.2601
vn -0.6417 0.7031 0.3065
vn -0.4421 0.8712 0.2135
vn -0.7066 0.6786 0.2008
vn -0.6036 0.7819 0.1557
vn -0.8667 -0.1529 0.4748
vn -0.7430 -0.2260 0.6300
vn -0.7040 -0.3289 0.6294
vn -0.4482 0.8631 -0.2328
vn -0.4107 0.8459 -0.3402
vn -0.5336 0.7858 -0.3126
vn -0.0039 0.2574 0.9663
vn -0.0703 0.2046 0.9763
vn -0.0757 0.2750 0.9585
vn -0.0024 0.2995 0.9541
vn -0.0754 0.3244 0.9429
vn 0.0001 0.7293 0.6841
vn -0.0687 0.7115 0.6993
vn -0.0797 0.7538 0.6522
vn 0.0088 -0.4819 0.8762
vn -0.0585 -0.6069 0.7926
vn -0.0512 -0.4686 0.8819
vn 0.0060 0.7831 0.6219
vn -0.0415 0.8163 0.5761
vn 0.8116 0.5300 -0.2460
vn 0.8130 0.5676 -0.1297
vn 0.8115 0.5301 -0.2458
vn 0.8128 0.5824 -0.0092
vn 0.8132 0.5673 -0.1298
vn 0.0223 -0.9276 0.3730
vn 0.0547 -0.9966 0.0623
vn 0.0221 -0.9975 0.0677
vn 0.1458 -0.8698 0.4714
vn 0.7474 -0.6546 0.1132
vn 0.7549 -0.6516 0.0740
vn 0.1523 0.8964 -0.4163
vn 0.1521 0.9635 -0.2204
vn 0.1524 0.8964 -0.4163
vn 0.1520 0.9634 -0.2206
vn 0.1523 0.9882 -0.0157
vn -0.0000 0.9070 -0.4212
vn -0.0000 0.9747 -0.2234
vn -0.0000 0.9999 -0.0158
vn 1.0000 -0.0062 0.0007
vn 0.9997 -0.0195 0.0146
vn 0.9999 -0.0094 0.0049
vn 0.9449 -0.3097 -0.1061
vn 0.8403 -0.5319 0.1044
vn 0.8536 -0.5207 0.0145
vn 0.7906 -0.5902 0.1632
vn 0.8002 -0.5916 0.0984
vn 0.8085 -0.5865 0.0484
vn -0.6446 0.5144 0.5656
vn -0.8658 0.2590 0.4281
vn 0.9713 -0.2347 0.0385
vn 0.9414 -0.3362 0.0282
vn 0.9676 -0.2520 0.0189
vn 0.7705 -0.6173 0.1587
vn 0.9436 -0.3239 0.0679
vn 0.9348 -0.3412 0.0990
vn 0.9396 -0.3422 0.0028
vn -0.8416 -0.5398 -0.0194
vn -0.8409 -0.5399 0.0365
vn -0.8416 -0.5397 -0.0200
vn -0.8416 -0.5347 -0.0760
vn -0.8417 -0.5347 -0.0759
vn -0.8061 0.5914 0.0215
vn -0.8119 0.5834 0.0218
vn -0.7890 0.6087 0.0836
vn -0.8131 0.5763 0.0818
vn -0.0778 -0.9963 -0.0374
vn -0.0768 -0.9963 -0.0378
vn -0.0769 -0.9871 -0.1404
vn -0.0768 -0.9871 -0.1404
vn -0.0759 -0.9674 -0.2418
vn -0.9751 0.2217 0.0095
vn -0.7887 0.6144 0.0216
vn -0.7905 0.6119 -0.0256
vn -0.7642 0.6449 -0.0088
vn -0.6888 0.5191 -0.5061
vn -0.8168 0.3045 -0.4900
vn -0.7611 0.2907 -0.5798
vn -0.5092 0.7938 -0.3325
vn -0.6723 0.6492 -0.3556
vn -0.6386 0.6574 -0.4000
vn -0.6922 0.6507 -0.3121
vn -0.7425 -0.3093 -0.5942
vn -0.8250 -0.2236 -0.5190
vn -0.4470 0.8866 0.1192
vn -0.0062 0.1232 -0.9924
vn -0.0709 0.0683 -0.9951
vn -0.0008 0.0710 -0.9975
vn -0.0036 0.1645 -0.9864
vn -0.2400 0.0199 -0.9706
vn 0.0005 0.6300 -0.7766
vn -0.0659 0.6115 -0.7885
vn -0.0003 0.5852 -0.8109
vn 0.0095 -0.5932 -0.8050
vn -0.1930 0.6010 -0.7756
vn 0.8126 0.5828 -0.0092
vn 0.8600 -0.5072 -0.0562
vn 0.8070 -0.5899 -0.0300
vn 0.7911 -0.6066 -0.0792
vn -0.9036 0.0418 -0.4264
vn 0.9723 -0.2336 -0.0004
vn 0.9429 -0.3331 0.0039
vn 0.9548 -0.2970 -0.0097
vn -0.6614 0.4798 -0.5765
vn -0.0789 0.1889 -0.9788
vn -0.9895 0.0751 -0.1237
vn -0.5880 0.0429 0.8077
vn -0.9766 0.2148 -0.0142
vn -0.8858 0.4636 0.0230
vn -0.7055 -0.6731 -0.2218
vn 0.9367 -0.2434 0.2516
vn 0.3895 -0.8339 0.3910
vn 0.6951 -0.4963 0.5201
vn 0.7712 -0.5762 0.2708
vn 0.9145 -0.4001 0.0602
vn 0.8615 -0.5074 0.0180
vn 0.9076 -0.4164 0.0532
vn 0.8489 -0.5210 0.0896
vn -0.3731 0.4598 -0.8058
vn -0.3958 -0.2599 -0.8808
vn -0.5934 0.8048 0.0154
vn 0.9048 -0.4258 0.0067
vn 0.8486 -0.5287 -0.0179
vn 0.0051 0.1154 -0.9933
vn -0.8413 -0.1797 0.5098
vn -0.9279 0.3716 -0.0300
vn -0.7141 0.6307 -0.3037
vn -0.9380 -0.3116 0.1520
vn -0.0004 0.2012 0.9795
vn -0.0009 0.6907 0.7231
vn 0.0134 -0.9891 -0.1466
vn 0.0140 -0.6191 0.7852
vn -0.5924 0.2043 -0.7793
vn -0.7824 0.6210 -0.0465
vn -0.7969 0.6035 -0.0249
vn -0.0004 0.9895 -0.1448
vn 0.0108 0.9541 -0.2993
vn -0.0012 0.9540 -0.2998
vn -0.0001 1.0000 0.0095
vn 0.0005 -1.0000 -0.0075
vn 0.0006 -1.0000 -0.0076
vn -0.0003 -0.9532 0.3022
vn -0.0000 -0.9892 0.1466
vn 0.0009 -0.9893 0.1462
vn 0.0630 0.9874 -0.1452
vn 0.0042 0.9909 -0.1342
vn 0.0504 0.9987 0.0091
vn 0.0724 0.9829 0.1695
vn -0.7546 -0.6254 0.1987
vn -0.7460 -0.6587 0.0981
vn -0.7548 -0.6252 0.1985
vn -0.7520 -0.6591 -0.0054
vn 0.9027 -0.4301 0.0129
vn 0.9424 -0.3305 0.0507
vn -0.9805 0.1966 0.0016
vn -0.9804 0.1940 0.0333
vn -0.9186 0.3902 -0.0622
vn -0.9464 0.3229 -0.0026
vn -0.9609 0.2768 -0.0008
vn -0.9053 0.4184 0.0732
vn -0.0380 -0.9993 -0.0015
vn 0.0019 -1.0000 -0.0019
vn -0.0408 -0.9531 0.3000
vn -0.0028 -0.9895 0.1447
vn 0.0021 -0.9537 0.3009
vn -0.0450 0.9886 -0.1438
vn -0.0427 0.9527 -0.3009
vn -0.0428 0.9527 -0.3009
vn -0.0470 0.9988 0.0097
vn -0.0479 0.9988 0.0092
vn -0.9743 -0.1399 0.1766
vn -0.9474 -0.3151 0.0555
vn -0.9476 -0.3078 0.0861
vn -0.9478 -0.3185 -0.0112
vn -0.9909 -0.0502 -0.1247
vn -0.8938 0.4473 -0.0310
vn -0.8944 0.4148 -0.1673
vn -0.8939 0.4156 -0.1680
vn -0.8931 -0.4089 0.1875
vn -0.9979 -0.0608 0.0245
vn -0.8394 -0.5046 0.2020
vn -0.9980 -0.0633 0.0046
vn -0.6818 -0.6796 0.2707
vn -0.6750 -0.7359 0.0521
vn -0.9446 0.3016 0.1298
vn -0.9607 0.2469 -0.1271
vn -0.9804 0.1877 -0.0594
vn -0.9799 0.1787 -0.0886
vn -0.9799 0.1905 -0.0599
vn 0.0108 0.8956 -0.4447
vn -0.0010 0.8959 -0.4443
vn -0.0008 -0.9532 0.3024
vn -0.0002 -0.8970 0.4420
vn -0.0011 -0.8971 0.4418
vn 0.0526 0.9530 -0.2985
vn -0.7545 -0.5889 0.2897
vn -0.7458 -0.6589 0.0982
vn -0.7522 -0.6589 -0.0055
vn -0.9800 0.1991 0.0013
vn -0.9805 0.1944 -0.0290
vn -0.9799 0.1973 -0.0289
vn -0.8936 0.4285 -0.1335
vn -0.9113 0.4116 0.0062
vn -0.9473 -0.2826 0.1507
vn -0.0426 -0.9885 0.1448
vn -0.0400 -0.8947 0.4449
vn 0.0010 -0.8958 0.4445
vn -0.0428 0.8957 -0.4426
vn -0.0448 0.9886 -0.1437
vn -0.8415 -0.2869 0.4578
vn -0.8416 -0.3331 0.4250
vn -0.8414 -0.2870 0.4579
vn -0.8417 -0.3755 0.3881
vn -0.8417 -0.3332 0.4250
vn -0.8410 -0.4147 0.3475
vn -0.8416 -0.3757 0.3880
vn -0.7658 0.3806 -0.5183
vn -0.8131 0.3595 -0.4578
vn -0.8130 0.3090 -0.4935
vn -0.7574 0.3822 -0.5294
vn -0.8119 0.4060 -0.4195
vn -0.8009 0.4064 -0.4397
vn -0.8123 0.4472 -0.3744
vn -0.0760 -0.5304 0.8444
vn -0.0768 -0.6150 0.7848
vn -0.0768 -0.6152 0.7846
vn -0.0767 -0.6940 0.7159
vn -0.0773 -0.6937 0.7161
vn -0.0972 -0.7623 0.6398
vn -0.0970 -0.7624 0.6398
vn -0.7661 0.4790 -0.4286
vn -0.9596 0.1874 -0.2098
vn -0.9758 0.1534 -0.1558
vn -0.9895 0.1350 -0.0518
vn -0.8116 0.4393 -0.3851
vn -0.7803 0.4276 -0.4564
vn -0.7909 0.4574 -0.4066
vn -0.8218 0.4378 -0.3646
vn -0.9923 0.0948 -0.0794
vn -0.7116 0.6489 0.2692
vn -0.8188 0.5569 0.1393
vn -0.8260 0.5606 0.0580
vn -0.6725 0.6922 -0.2619
vn -0.6151 0.7540 -0.2305
vn -0.6397 0.7505 -0.1661
vn -0.4417 0.8294 -0.3419
vn -0.7020 0.6712 -0.2382
vn -0.6035 0.7243 -0.3336
vn -0.8648 0.1585 0.4765
vn -0.7430 0.1885 0.6422
vn -0.7046 0.0977 0.7029
vn -0.4461 0.5577 -0.6999
vn -0.4144 0.4839 -0.7708
vn -0.5275 0.4555 -0.7171
vn -0.0031 0.7753 0.6316
vn -0.0658 0.7425 0.6666
vn -0.0753 0.7848 0.6152
vn -0.0014 0.8027 0.5964
vn -0.0740 0.8152 0.5744
vn 0.0005 0.9923 0.1241
vn -0.0661 0.9873 0.1442
vn -0.0853 0.9930 0.0815
vn 0.0066 0.1192 0.9928
vn -0.0581 -0.0260 0.9980
vn -0.0516 0.1408 0.9887
vn 0.0057 0.9984 0.0571
vn -0.0486 0.9985 -0.0262
vn 0.8128 0.3831 -0.4388
vn 0.8110 0.2846 -0.5112
vn 0.8103 0.2849 -0.5120
vn 0.8129 0.4653 -0.3504
vn 0.8132 0.3830 -0.4383
vn 0.1239 -0.6136 0.7798
vn 0.0224 -0.7668 0.6415
vn 0.0223 -0.5309 0.8471
vn 0.7501 -0.4618 0.4734
vn 0.7553 -0.4834 0.4426
vn 0.1736 -0.8266 0.5353
vn 0.1531 0.4806 -0.8635
vn 0.1526 0.6494 -0.7450
vn 0.1536 0.4806 -0.8634
vn 0.1523 0.7900 -0.5939
vn 0.1523 0.7899 -0.5940
vn -0.0000 0.4864 -0.8738
vn -0.0000 0.6569 -0.7539
vn -0.0000 0.7995 -0.6007
vn 1.0000 -0.0046 0.0042
vn 0.9997 -0.0067 0.0232
vn 0.9999 -0.0048 0.0095
vn 0.9427 -0.3191 0.0970
vn 0.8433 -0.3655 0.3940
vn 0.8507 -0.4163 0.3210
vn 0.7906 -0.3813 0.4791
vn 0.8003 -0.4203 0.4276
vn 0.8086 -0.4451 0.3848
vn -0.6441 0.7493 0.1541
vn -0.8665 0.4603 0.1932
vn 0.9714 -0.1672 0.1687
vn 0.9415 -0.2552 0.2201
vn 0.9674 -0.1934 0.1633
vn 0.7699 -0.4069 0.4916
vn 0.9439 -0.2219 0.2446
vn 0.9363 -0.2184 0.2750
vn 0.9393 -0.2762 0.2035
vn -0.8420 -0.4477 0.3011
vn -0.8409 -0.4149 0.3475
vn -0.8421 -0.4474 0.3010
vn -0.8441 -0.4742 0.2504
vn -0.8438 -0.4744 0.2508
vn -0.8055 0.4917 -0.3307
vn -0.8123 0.4841 -0.3254
vn -0.7900 0.5405 -0.2894
vn -0.8136 0.5136 -0.2726
vn -0.0683 -0.8282 0.5563
vn -0.0674 -0.8283 0.5562
vn -0.0685 -0.8821 0.4661
vn -0.0695 -0.8820 0.4660
vn -0.1020 -0.9224 0.3726
vn -0.9749 0.1858 -0.1230
vn -0.7875 0.5112 -0.3442
vn -0.7919 0.4805 -0.3768
vn -0.7655 0.5173 -0.3828
vn -0.6869 0.1198 -0.7168
vn -0.8196 -0.0366 -0.5717
vn -0.7647 -0.1031 -0.6360
vn -0.5013 0.4470 -0.7409
vn -0.6715 0.3187 -0.6690
vn -0.6411 0.2962 -0.7080
vn -0.6983 0.3415 -0.6291
vn -0.7431 -0.5984 -0.2994
vn -0.8226 -0.4896 -0.2891
vn -0.4495 0.7834 -0.4293
vn -0.0042 -0.4838 -0.8752
vn -0.0670 -0.5277 -0.8468
vn -0.0015 -0.5375 -0.8432
vn -0.0024 -0.4457 -0.8952
vn -0.2456 -0.5545 -0.7951
vn 0.0001 0.0541 -0.9985
vn -0.0684 0.0310 -0.9972
vn -0.0013 -0.0024 -1.0000
vn 0.0070 -0.9555 -0.2950
vn -0.3856 -0.8914 0.2382
vn -0.1848 0.0307 -0.9823
vn 0.8126 0.4657 -0.3504
vn 0.8597 -0.4435 0.2533
vn 0.8070 -0.4945 0.3229
vn 0.7909 -0.5372 0.2932
vn -0.9034 -0.2163 -0.3702
vn 0.9724 -0.1891 0.1365
vn 0.9430 -0.2672 0.1986
vn 0.9545 -0.2472 0.1668
vn -0.6627 0.0540 -0.7469
vn -0.0763 -0.4391 -0.8952
vn -0.8148 -0.4869 0.3146
vn -0.5791 0.5202 0.6276
vn -0.9766 0.1648 -0.1385
vn -0.8870 0.3797 -0.2627
vn -0.0653 -0.8835 0.4638
vn -0.7073 -0.6738 0.2137
vn 0.9375 -0.0498 0.3443
vn 0.3961 -0.4361 0.8080
vn 0.6983 -0.0857 0.7107
vn 0.7735 -0.3054 0.5553
vn 0.9172 -0.2864 0.2769
vn 0.8610 -0.4004 0.3136
vn 0.9080 -0.3053 0.2869
vn 0.8485 -0.3695 0.3787
vn -0.3738 -0.1044 -0.9216
vn -0.3989 -0.7251 -0.5614
vn -0.5988 0.6562 -0.4592
vn 0.9049 -0.3404 0.2553
vn 0.8493 -0.4373 0.2959
vn 0.0056 -0.4826 -0.8758
vn -0.8419 0.1543 0.5171
vn -0.9273 0.2889 -0.2378
vn 0.0003 0.7355 0.6775
vn 0.0007 0.9849 0.1731
vn 0.0128 -0.8851 0.4652
vn 0.0137 -0.0416 0.9990
vn -0.9356 0.0871 -0.3421
vn -0.5918 -0.2875 -0.7531
vn -0.7821 0.4749 -0.4034
vn -0.7972 0.4733 -0.3747
vn 0.0148 0.7123 -0.7017
vn 0.0013 0.5942 -0.8043
vn -0.0010 0.7152 -0.6989
vn 0.0002 0.8140 -0.5809
vn 0.0007 -0.8145 0.5802
vn 0.0012 -0.8144 0.5804
vn 0.0018 -0.5936 0.8048
vn -0.0002 -0.7165 0.6976
vn 0.0017 -0.5936 0.8047
vn 0.0722 0.5932 -0.8018
vn 0.0685 0.7133 -0.6975
vn 0.0632 0.8124 -0.5797
vn 0.0526 0.8942 -0.4445
vn -0.7540 -0.3891 0.5293
vn -0.7441 -0.4787 0.4659
vn -0.7439 -0.4789 0.4661
vn -0.7461 -0.5428 0.3857
vn -0.7547 -0.5886 0.2897
vn 0.9023 -0.3413 0.2632
vn 0.9424 -0.2377 0.2353
vn -0.9799 0.1623 -0.1158
vn -0.9804 0.1765 -0.0871
vn -0.9805 0.1604 -0.1137
vn -0.9414 0.2694 -0.2030
vn -0.9015 0.2555 -0.3492
vn -0.9142 0.2887 -0.2844
vn -0.9187 0.3241 -0.2256
vn -0.8936 0.4016 -0.2005
vn -0.0471 -0.8151 0.5773
vn -0.0025 -0.8160 0.5781
vn -0.0463 -0.5950 0.8024
vn 0.0032 -0.7184 0.6957
vn -0.0005 -0.5959 0.8030
vn -0.0470 0.7139 -0.6986
vn -0.0471 0.5956 -0.8019
vn -0.0479 0.7143 -0.6982
vn -0.0449 0.8128 -0.5808
vn -0.0448 0.8128 -0.5809
vn -0.9743 -0.0064 0.2252
vn -0.9476 -0.2223 0.2296
vn -0.9481 -0.1966 0.2498
vn -0.9770 -0.2131 0.0067
vn -0.9470 -0.2664 0.1793
vn -0.8930 0.3466 -0.2871
vn -0.8932 0.2409 -0.3797
vn -0.8955 0.2355 -0.3776
vn -0.9350 0.1533 -0.3199
vn -0.8423 -0.2497 0.4777
vn -0.9980 -0.0490 0.0405
vn -0.9978 -0.0346 0.0559
vn -0.9123 -0.3905 0.1234
vn -0.6852 -0.3868 0.6171
vn -0.6773 -0.5624 0.4742
vn -0.9613 0.1253 -0.2452
vn -0.9805 0.0908 -0.1741
vn -0.9800 0.1179 -0.1602
vn -0.9804 0.1168 -0.1584
vn 0.0132 0.5998 -0.8000
vn -0.0007 0.4651 -0.8852
vn -0.0005 -0.4639 0.8859
vn 0.0742 0.4660 -0.8817
vn 0.0091 0.4561 -0.8899
vn -0.7539 -0.3890 0.5295
vn -0.7410 -0.3130 0.5941
vn -0.7410 -0.3129 0.5941
vn -0.9334 0.3023 -0.1934
vn 0.0089 0.8195 -0.5731
vn -0.0007 -0.7166 0.6975
vn -0.7456 -0.5433 0.3859
vn -0.9800 0.1428 -0.1388
vn -0.9477 -0.1408 0.2864
vn -0.0446 -0.7181 0.6945
vn -0.0461 -0.4624 0.8855
vn -0.0002 -0.4624 0.8867
vn -0.0435 0.4619 -0.8859
vn -0.0468 0.5946 -0.8026
vn -0.9805 0.1407 -0.1373
vn -0.8409 0.0373 0.5400
vn -0.8416 -0.0198 0.5397
vn -0.8408 0.0374 0.5401
vn -0.8417 -0.0196 0.5396
vn -0.8416 -0.0760 0.5347
vn -0.8414 -0.1311 0.5242
vn -0.8416 -0.0759 0.5347
vn -0.8138 -0.0403 -0.5797
vn -0.7908 0.0258 -0.6116
vn -0.8129 0.0216 -0.5821
vn -0.8126 0.0816 -0.5770
vn -0.8088 0.1430 -0.5704
vn -0.8121 0.1422 -0.5660
vn -0.0763 0.0674 0.9948
vn -0.0767 -0.0360 0.9964
vn -0.0767 -0.0362 0.9964
vn -0.0767 -0.1404 0.9871
vn -0.0767 -0.1400 0.9872
vn -0.0760 -0.2427 0.9671
vn -0.0752 -0.2431 0.9671
vn -0.7677 0.1288 -0.6278
vn -0.7948 0.1019 -0.5983
vn -0.9595 0.0279 -0.2802
vn -0.9756 0.0329 -0.2171
vn -0.9896 0.0793 -0.1204
vn -0.8118 0.1295 -0.5694
vn -0.7778 0.0784 -0.6236
vn -0.7905 0.1321 -0.5980
vn -0.8207 0.1378 -0.5545
vn -0.9923 0.0308 -0.1199
vn -0.7102 0.6852 -0.1617
vn -0.8192 0.5318 -0.2148
vn -0.8270 0.4848 -0.2848
vn -0.6721 0.4072 -0.6184
vn -0.6110 0.4795 -0.6299
vn -0.6434 0.5080 -0.5726
vn -0.4418 0.4678 -0.7655
vn -0.7027 0.4039 -0.5858
vn -0.6047 0.3919 -0.6934
vn -0.8659 0.4051 0.2935
vn -0.7408 0.5324 0.4097
vn -0.7055 0.4949 0.5073
vn -0.4475 0.0444 -0.8932
vn -0.4135 -0.0624 -0.9084
vn -0.5285 -0.0576 -0.8470
vn -0.0044 0.9986 0.0534
vn -0.0648 0.9927 0.1014
vn -0.0807 0.9961 0.0344
vn -0.0052 0.9998 0.0169
vn -0.0695 0.9974 -0.0194
vn 0.0008 0.8760 -0.4824
vn -0.0651 0.8840 -0.4629
vn -0.0796 0.8531 -0.5157
vn 0.0061 0.6785 0.7346
vn -0.0632 0.5689 0.8200
vn -0.0516 0.6953 0.7169
vn 0.0049 0.8435 -0.5371
vn -0.0529 0.7855 -0.6166
vn 0.8110 -0.0704 -0.5808
vn 0.8125 0.0518 -0.5806
vn 0.8105 -0.0705 -0.5815
vn 0.8128 0.0517 -0.5803
vn 0.8134 0.1701 -0.5563
vn 0.0219 0.0681 0.9974
vn 0.0556 -0.2483 0.9671
vn 0.0223 -0.2435 0.9697
vn 0.1471 0.1816 0.9723
vn 0.7504 -0.0920 0.6545
vn 0.7568 -0.1307 0.6404
vn 0.1541 -0.1188 -0.9809
vn 0.1537 0.0875 -0.9842
vn 0.1544 -0.1189 -0.9808
vn 0.1523 0.2900 -0.9448
vn 0.1523 0.2902 -0.9448
vn -0.0000 -0.1203 -0.9927
vn -0.0000 0.0881 -0.9961
vn -0.0000 0.2939 -0.9558
vn -0.0000 0.2938 -0.9559
vn 1.0000 -0.0012 0.0061
vn 0.9997 0.0075 0.0234
vn 0.9999 0.0017 0.0105
vn 0.9456 -0.1945 0.2607
vn 0.8403 -0.0649 0.5382
vn 0.8534 -0.1473 0.5001
vn 0.7908 -0.0262 0.6115
vn 0.8004 -0.0892 0.5928
vn 0.8089 -0.1344 0.5725
vn -0.6460 0.6940 -0.3177
vn -0.8666 0.4859 -0.1136
vn 0.9714 -0.0361 0.2348
vn 0.9414 -0.0774 0.3282
vn 0.9672 -0.0605 0.2468
vn 0.7714 -0.0373 0.6353
vn 0.9441 -0.0353 0.3277
vn 0.9359 -0.0139 0.3519
vn 0.9396 -0.1032 0.3265
vn -0.8434 -0.1848 0.5044
vn -0.8413 -0.1311 0.5244
vn -0.8436 -0.1850 0.5042
vn -0.8435 -0.2365 0.4823
vn -0.8436 -0.2363 0.4822
vn -0.8054 0.2036 -0.5566
vn -0.8129 0.2005 -0.5468
vn -0.7890 0.2677 -0.5530
vn -0.8129 0.2564 -0.5230
vn -0.0511 -0.3433 0.9378
vn -0.0487 -0.3432 0.9380
vn -0.0954 -0.4368 0.8945
vn -0.0962 -0.4367 0.8944
vn -0.0765 -0.5304 0.8443
vn -0.9749 0.0781 -0.2087
vn -0.9995 -0.0304 0.0057
vn -0.7870 0.2114 -0.5796
vn -0.7901 0.1638 -0.5907
vn -0.7655 0.1937 -0.6136
vn -0.6870 -0.3200 -0.6524
vn -0.8180 -0.3699 -0.4405
vn -0.7657 -0.4562 -0.4533
vn -0.5069 -0.0736 -0.8588
vn -0.6722 -0.1375 -0.7275
vn -0.6402 -0.1766 -0.7476
vn -0.6903 -0.0959 -0.7171
vn -0.7414 -0.6620 0.1100
vn -0.8243 -0.5638 0.0510
vn -0.4478 0.3822 -0.8083
vn -0.0039 -0.9052 -0.4249
vn -0.0667 -0.9246 -0.3751
vn -0.0008 -0.9281 -0.3724
vn -0.0040 -0.8874 -0.4610
vn -0.2463 -0.9154 -0.3183
vn 0.0001 -0.5445 -0.8388
vn -0.0672 -0.5606 -0.8253
vn -0.0020 -0.5915 -0.8063
vn 0.0072 -0.9470 0.3211
vn -0.1905 -0.5527 -0.8113
vn 0.8131 0.1707 -0.5566
vn 0.8598 -0.2103 0.4653
vn 0.8072 -0.2107 0.5513
vn 0.7909 -0.2631 0.5525
vn -0.9034 -0.3926 -0.1723
vn 0.9724 -0.0728 0.2216
vn 0.9429 -0.0990 0.3180
vn 0.9545 -0.1027 0.2799
vn -0.6604 -0.3951 -0.6386
vn -0.0755 -0.8837 -0.4619
vn -0.8134 -0.2128 0.5414
vn -0.5742 0.7938 0.2003
vn -0.9766 0.0488 -0.2095
vn -0.8877 0.1538 -0.4340
vn -0.0630 -0.4422 0.8947
vn -0.7038 -0.4195 0.5734
vn 0.9352 0.1659 0.3129
vn 0.3925 0.1048 0.9138
vn 0.6943 0.3426 0.6329
vn 0.7702 0.0787 0.6329
vn 0.9157 -0.0638 0.3967
vn 0.8609 -0.1380 0.4898
vn 0.9084 -0.0785 0.4107
vn 0.8500 -0.0764 0.5213
vn -0.3730 -0.6213 -0.6891
vn -0.3989 -0.9167 -0.0241
vn -0.5979 0.2567 -0.7593
vn 0.9041 -0.1255 0.4085
vn 0.8487 -0.1804 0.4971
vn 0.0076 -0.9025 -0.4306
vn -0.8425 0.4280 0.3271
vn -0.9276 0.0890 -0.3627
vn -0.7739 -0.0622 -0.6302
vn -0.0018 0.9930 0.1185
vn 0.0001 0.9046 -0.4262
vn 0.0140 -0.4433 0.8963
vn 0.0151 0.5556 0.8313
vn -0.9376 -0.1262 -0.3240
vn -0.5889 -0.6762 -0.4427
vn -0.7841 0.1472 -0.6029
vn 0.0167 0.1638 -0.9864
vn -0.0022 0.0090 -1.0000
vn 0.0008 0.1677 -0.9858
vn -0.0005 0.3192 -0.9477
vn -0.0003 -0.3188 0.9478
vn -0.0011 -0.4641 0.8858
vn -0.0001 -0.3187 0.9479
vn -0.0021 -0.0097 1.0000
vn 0.0010 -0.1685 0.9857
vn -0.0017 -0.0095 1.0000
vn 0.0955 0.0110 -0.9954
vn 0.0705 0.1663 -0.9836
vn 0.0414 0.3167 -0.9476
vn -0.7525 -0.0050 0.6586
vn -0.7543 -0.1114 0.6471
vn -0.7543 -0.1116 0.6470
vn -0.7544 -0.2069 0.6230
vn 0.9019 -0.1221 0.4143
vn 0.9423 -0.0546 0.3303
vn -0.9805 0.0622 -0.1863
vn -0.9799 0.0921 -0.1768
vn -0.9425 0.0982 -0.3195
vn -0.9017 0.0015 -0.4324
vn -0.9173 0.0661 -0.3926
vn -0.9606 0.0848 -0.2646
vn -0.9011 0.2044 -0.3824
vn -0.0445 -0.3145 0.9482
vn 0.0016 -0.3144 0.9493
vn -0.0565 -0.0106 0.9983
vn 0.0007 -0.1703 0.9854
vn -0.0019 -0.0101 0.9999
vn -0.0521 0.1659 -0.9848
vn -0.0482 0.0112 -0.9988
vn -0.0408 0.0105 -0.9991
vn -0.0435 0.4618 -0.8859
vn -0.0476 0.3183 -0.9468
vn -0.0500 0.3169 -0.9471
vn -0.9691 0.0105 0.2463
vn -0.9474 -0.0118 0.3199
vn -0.9687 0.0172 0.2477
vn -0.9474 -0.1111 0.3003
vn -0.8946 0.1088 -0.4334
vn -0.8925 -0.0291 -0.4502
vn -0.8933 -0.0296 -0.4484
vn -0.9346 -0.0644 -0.3498
vn -0.8403 0.0772 0.5366
vn -0.9980 -0.0157 0.0616
vn -0.9979 0.0045 0.0642
vn -0.9106 -0.2459 0.3323
vn -0.6758 0.0494 0.7354
vn -0.6781 -0.1828 0.7118
vn -0.9993 0.0115 -0.0360
vn -0.9599 -0.0450 -0.2768
vn -0.9805 0.0013 -0.1967
vn -0.9799 -0.0290 -0.1973
vn -0.9799 0.0024 -0.1995
vn 0.0212 0.0156 -0.9997
vn 0.0018 -0.1457 -0.9893
vn 0.0023 0.1441 0.9896
vn 0.0535 -0.1478 -0.9876
vn 0.0013 -0.1544 -0.9880
vn -0.7536 -0.0048 0.6573
vn -0.7703 0.0928 0.6308
vn -0.7704 0.0928 0.6307
vn -0.0026 0.3288 -0.9444
vn 0.0012 -0.1684 0.9857
vn -0.7554 -0.2062 0.6220
vn -0.9799 0.0335 -0.1966
vn -0.9799 0.0636 -0.1891
vn -0.8934 -0.0669 -0.4442
vn -0.9475 0.0560 0.3147
vn -0.9469 -0.0457 0.3184
vn -0.0492 -0.1690 0.9844
vn -0.0462 0.1475 0.9880
vn 0.0025 0.1491 0.9888
vn -0.0610 -0.1469 -0.9873
vn -0.0656 -0.1454 -0.9872
vn -0.0533 0.1650 -0.9848
vn -0.9805 0.0331 -0.1937
vn -0.8409 0.3472 0.4151
vn -0.8419 0.3009 0.4479
vn -0.8410 0.3471 0.4150
vn -0.8418 0.3006 0.4483
vn -0.8376 0.2567 0.4823
vn -0.8376 0.2567 0.4822
vn -0.8422 0.2012 0.5002
vn -0.7656 -0.3741 -0.5233
vn -0.8129 -0.3256 -0.4829
vn -0.8143 -0.3719 -0.4457
vn -0.7561 -0.3865 -0.5282
vn -0.8129 -0.2731 -0.5144
vn -0.8088 -0.2195 -0.5456
vn -0.8118 -0.2179 -0.5417
vn -0.0663 0.6393 0.7661
vn -0.0998 0.5559 0.8252
vn -0.1006 0.5560 0.8251
vn -0.1022 0.4663 0.8787
vn -0.1013 0.4664 0.8788
vn -0.0709 0.3722 0.9254
vn -0.0688 0.3723 0.9256
vn -0.7660 -0.2598 -0.5880
vn -0.7956 -0.2696 -0.5426
vn -0.9580 -0.1438 -0.2479
vn -0.9757 -0.1012 -0.1945
vn -0.9895 -0.0063 -0.1441
vn -0.8115 -0.2299 -0.5372
vn -0.7790 -0.3033 -0.5487
vn -0.7910 -0.2450 -0.5606
vn -0.8192 -0.2148 -0.5317
vn -0.9923 -0.0475 -0.1140
vn -0.7148 0.4562 -0.5300
vn -0.8201 0.3012 -0.4864
vn -0.8265 0.2267 -0.5152
vn -0.6728 -0.0328 -0.7391
vn -0.6102 0.0175 -0.7921
vn -0.6423 0.0728 -0.7630
vn -0.4432 -0.0689 -0.8938
vn -0.7020 -0.0211 -0.7119
vn -0.6037 -0.0917 -0.7919
vn -0.8665 0.4992 -0.0015
vn -0.7414 0.6708 0.0198
vn -0.7039 0.7002 0.1194
vn -0.4455 -0.4924 -0.7477
vn -0.4124 -0.5853 -0.6981
vn -0.5274 -0.5444 -0.6523
vn -0.0031 0.8396 -0.5432
vn -0.0671 0.8648 -0.4976
vn -0.0753 0.8266 -0.5578
vn -0.0002 0.8155 -0.5787
vn -0.0733 0.7983 -0.5978
vn 0.0003 0.4241 -0.9056
vn -0.0665 0.4461 -0.8925
vn -0.0762 0.3877 -0.9186
vn 0.0062 0.9813 0.1925
vn -0.0602 0.9399 0.3361
vn -0.0523 0.9832 0.1749
vn 0.0042 0.3642 -0.9313
vn -0.0520 0.2763 -0.9597
vn 0.8130 -0.2987 -0.4998
vn 0.8109 -0.3987 -0.4283
vn 0.8109 -0.3988 -0.4283
vn 0.8128 -0.1888 -0.5511
vn 0.8134 -0.2982 -0.4995
vn 0.0219 0.6413 0.7670
vn 0.0562 0.3677 0.9282
vn 0.0211 0.3731 0.9275
vn 0.1464 0.7190 0.6794
vn 0.7484 0.3141 0.5841
vn 0.7565 0.2710 0.5952
vn 0.1536 -0.6725 -0.7240
vn 0.1535 -0.5074 -0.8480
vn 0.1537 -0.6726 -0.7239
vn 0.1534 -0.5075 -0.8479
vn 0.1536 -0.3204 -0.9348
vn -0.0000 -0.6806 -0.7326
vn -0.0000 -0.5138 -0.8579
vn -0.0000 -0.3241 -0.9460
vn 1.0000 0.0025 0.0057
vn 0.9997 0.0197 0.0135
vn 0.9999 0.0076 0.0075
vn 0.9428 -0.0084 0.3333
vn 0.8402 0.2638 0.4737
vn 0.8535 0.1750 0.4909
vn 0.7905 0.3379 0.5108
vn 0.8002 0.2763 0.5322
vn 0.8086 0.2276 0.5426
vn -0.6448 0.3764 -0.6653
vn -0.8657 0.3274 -0.3787
vn 0.9713 0.1095 0.2111
vn 0.9420 0.1313 0.3088
vn 0.9676 0.0954 0.2338
vn 0.7700 0.3425 0.5384
vn 0.9434 0.1656 0.2874
vn 0.9336 0.2032 0.2951
vn 0.9395 0.1081 0.3250
vn -0.8377 0.1493 0.5253
vn -0.8427 0.2009 0.4995
vn -0.8405 0.0929 0.5339
vn -0.8373 0.1493 0.5260
vn -0.8406 0.0927 0.5336
vn -0.8129 -0.1592 -0.5602
vn -0.7893 -0.1080 -0.6045
vn -0.8128 -0.0999 -0.5739
vn -0.1015 0.2719 0.9570
vn -0.1023 0.2714 0.9570
vn -0.1076 0.1717 0.9793
vn -0.1068 0.1715 0.9794
vn -0.0771 0.0674 0.9947
vn -0.9749 -0.0595 -0.2145
vn -0.7874 -0.1704 -0.5924
vn -0.7909 -0.2126 -0.5738
vn -0.7642 -0.2100 -0.6099
vn -0.6862 -0.6456 -0.3352
vn -0.8195 -0.5553 -0.1417
vn -0.7674 -0.6335 -0.0993
vn -0.4990 -0.5679 -0.6546
vn -0.6714 -0.5402 -0.5073
vn -0.6445 -0.5785 -0.4999
vn -0.6918 -0.4956 -0.5252
vn -0.7420 -0.4697 0.4782
vn -0.8230 -0.4275 0.3741
vn -0.4467 -0.1610 -0.8801
vn -0.0032 -0.9816 0.1909
vn -0.0675 -0.9683 0.2405
vn -0.0008 -0.9698 0.2438
vn -0.0011 -0.9889 0.1486
vn -0.2527 -0.9250 0.2838
vn 0.0005 -0.9335 -0.3587
vn -0.0692 -0.9387 -0.3377
vn 0.0003 -0.9516 -0.3073
vn 0.0084 -0.5806 0.8141
vn -0.1811 -0.9262 -0.3307
vn 0.8130 -0.1886 -0.5508
vn 0.8597 0.1037 0.5002
vn 0.8070 0.1543 0.5701
vn 0.7907 0.1129 0.6017
vn -0.9026 -0.4204 0.0930
vn 0.9722 0.0708 0.2230
vn 0.9444 0.1011 0.3128
vn 0.9543 0.0816 0.2876
vn -0.6645 -0.6914 -0.2836
vn -0.0727 -0.9864 0.1473
vn -0.8122 0.1475 0.5645
vn -0.5768 0.7603 -0.2985
vn -0.9766 -0.0794 -0.1998
vn -0.8866 -0.1261 -0.4450
vn -0.7059 -0.0022 0.7083
vn 0.9371 0.3134 0.1536
vn 0.3939 0.6452 0.6546
vn 0.6963 0.6504 0.3036
vn 0.7698 0.4367 0.4655
vn 0.9149 0.1818 0.3605
vn 0.8607 0.1762 0.4776
vn 0.9076 0.1791 0.3796
vn 0.8492 0.2456 0.4676
vn -0.3734 -0.9063 -0.1979
vn -0.3960 -0.7574 0.5192
vn -0.5938 -0.2446 -0.7665
vn 0.9032 0.1362 0.4070
vn 0.8482 0.1469 0.5089
vn 0.0057 -0.9835 0.1807
vn -0.8439 0.5364 0.0131
vn -0.9274 -0.1396 -0.3470
vn -0.0019 0.8718 -0.4899
vn 0.0008 0.4731 -0.8810
vn 0.0138 0.1694 0.9855
vn 0.0128 0.9392 0.3432
vn -0.9372 -0.2951 -0.1860
vn -0.5938 -0.8034 0.0444
vn -0.7844 -0.2346 -0.5742
vn -0.7954 -0.1501 -0.5872
vn -0.0007 -0.4452 -0.8954
vn 0.0062 -0.5810 -0.8139
vn 0.0035 -0.5811 -0.8138
vn -0.0008 -0.2991 -0.9542
vn -0.0003 0.3020 0.9533
vn 0.0027 0.1442 0.9896
vn -0.0014 0.3017 0.9534
vn 0.0022 0.5830 0.8125
vn -0.0004 0.4425 0.8968
vn -0.0012 0.4428 0.8966
vn 0.1024 -0.4423 -0.8910
vn 0.0227 -0.4433 -0.8961
vn 0.1026 -0.2981 -0.9490
vn -0.7694 0.3724 0.5190
vn -0.7556 0.2910 0.5868
vn -0.7714 0.3713 0.5167
vn -0.7555 0.1966 0.6249
vn 0.9014 0.1464 0.4075
vn 0.9425 0.1502 0.2987
vn -0.9805 -0.0591 -0.1876
vn -0.9804 -0.0284 -0.1949
vn -0.9179 -0.1795 -0.3540
vn -0.9463 -0.1030 -0.3065
vn -0.9178 -0.1158 -0.3798
vn -0.0413 0.2997 0.9531
vn 0.0003 0.3000 0.9540
vn -0.0478 0.5801 0.8132
vn 0.0003 0.4441 0.8960
vn 0.0007 0.5796 0.8149
vn -0.0630 -0.4425 -0.8946
vn -0.0654 -0.5749 -0.8156
vn -0.0607 -0.4435 -0.8942
vn -0.0628 -0.3002 -0.9518
vn -0.0610 -0.2992 -0.9522
vn -0.9693 0.1535 0.1922
vn -0.9475 0.1776 0.2658
vn -0.9683 0.1603 0.1918
vn -0.9476 0.0876 0.3071
vn -0.8939 -0.1680 -0.4156
vn -0.8930 -0.2875 -0.3462
vn -0.8925 -0.2888 -0.3463
vn -0.9340 -0.2595 -0.2457
vn -0.8404 0.3778 0.3885
vn -0.9980 0.0236 0.0589
vn -0.9980 0.0409 0.0490
vn -0.9095 0.0017 0.4157
vn -0.6756 0.4730 0.5656
vn -0.6703 0.2769 0.6885
vn -0.9625 -0.1918 -0.1921
vn -0.9805 -0.1370 -0.1411
vn -0.9799 -0.1159 -0.1623
vn -0.9804 -0.1146 -0.1604
vn -0.0028 -0.6973 -0.7168
vn -0.0027 0.6978 0.7163
vn 0.0038 0.5832 0.8123
vn 0.1135 -0.6918 -0.7131
vn 0.0286 -0.7008 -0.7128
vn -0.7453 0.4631 0.4797
vn -0.7447 0.4635 0.4801
vn -0.9450 -0.0482 -0.3235
vn -0.7544 0.2920 0.5879
vn -0.7544 0.1966 0.6263
vn -0.9799 -0.0607 -0.1900
vn -0.9805 -0.0874 -0.1762
vn -0.9799 -0.0877 -0.1791
vn -0.9034 -0.2989 -0.3074
vn -0.9474 0.2309 0.2215
vn -0.9477 0.1494 0.2819
vn -0.0418 0.4439 0.8951
vn -0.0583 0.6976 0.7141
vn -0.0015 0.6981 0.7160
vn -0.0504 -0.7013 -0.7111
vn -0.0633 -0.5760 -0.8150
vn -0.0467 -0.7029 -0.7098
vn -0.8415 0.5240 0.1316
vn -0.8435 0.5043 0.1851
vn -0.8414 0.5242 0.1316
vn -0.8436 0.5042 0.1849
vn -0.8434 0.4824 0.2365
vn -0.8415 0.4577 0.2870
vn -0.8435 0.4824 0.2363
vn -0.7648 -0.6111 -0.2042
vn -0.8131 -0.5466 -0.2002
vn -0.8145 -0.5626 -0.1415
vn -0.7571 -0.6218 -0.2005
vn -0.8129 -0.5227 -0.2567
vn -0.7979 -0.5479 -0.2513
vn -0.8122 -0.4944 -0.3096
vn -0.0758 0.9671 0.2429
vn -0.0718 0.9366 0.3429
vn -0.0716 0.9366 0.3430
vn -0.0724 0.8959 0.4384
vn -0.0719 0.8959 0.4383
vn -0.0948 0.8431 0.5294
vn -0.0950 0.8430 0.5295
vn -0.7687 -0.5545 -0.3187
vn -0.9601 -0.2552 -0.1139
vn -0.9758 -0.1955 -0.0979
vn -0.9895 -0.0909 -0.1124
vn -0.8116 -0.5017 -0.2992
vn -0.7737 -0.5736 -0.2692
vn -0.7907 -0.5280 -0.3098
vn -0.8204 -0.4855 -0.3021
vn -0.9923 -0.1045 -0.0666
vn -0.7125 0.0515 -0.6998
vn -0.8179 -0.0381 -0.5741
vn -0.8272 -0.1201 -0.5489
vn -0.6717 -0.4628 -0.5785
vn -0.6129 -0.4511 -0.6487
vn -0.6394 -0.3906 -0.6623
vn -0.4385 -0.5854 -0.6819
vn -0.7009 -0.4336 -0.5663
vn -0.6041 -0.5373 -0.5885
vn -0.8655 0.4021 -0.2988
vn -0.7430 0.5533 -0.3765
vn -0.7021 0.6394 -0.3134
vn -0.4479 -0.8357 -0.3176
vn -0.4119 -0.8840 -0.2210
vn -0.5237 -0.8264 -0.2069
vn -0.0054 0.3595 -0.9331
vn -0.0680 0.4068 -0.9110
vn -0.0780 0.3407 -0.9369
vn -0.0031 0.3198 -0.9475
vn -0.0777 0.2911 -0.9535
vn 0.0002 -0.1881 -0.9822
vn -0.0670 -0.1673 -0.9836
vn -0.0836 -0.2281 -0.9701
vn 0.0067 0.9066 -0.4220
vn -0.0587 0.9584 -0.2795
vn -0.0524 0.8970 -0.4389
vn 0.0073 -0.2754 -0.9613
vn -0.0506 -0.3206 -0.9459
vn 0.8113 -0.5736 -0.1129
vn 0.8126 -0.5361 -0.2288
vn 0.8113 -0.5735 -0.1130
vn 0.8129 -0.4766 -0.3348
vn 0.8127 -0.5360 -0.2286
vn 0.0223 0.9699 0.2425
vn 0.0556 0.8427 0.5355
vn 0.0223 0.8467 0.5315
vn 0.1447 0.9809 0.1299
vn 0.7496 0.5926 0.2947
vn 0.7557 0.5699 0.3229
vn 0.1531 -0.9698 -0.1897
vn 0.1524 -0.9091 -0.3878
vn 0.1535 -0.9698 -0.1896
vn 0.1524 -0.9090 -0.3879
vn 0.1532 -0.8085 -0.5682
vn -0.0000 -0.9814 -0.1919
vn -0.0000 -0.9199 -0.3921
vn -0.0000 -0.8180 -0.5752
vn 1.0000 0.0054 0.0031
vn 0.9997 0.0244 -0.0002
vn 0.9999 0.0105 0.0016
vn 0.9441 0.1924 0.2675
vn 0.8404 0.4916 0.2281
vn 0.8535 0.4300 0.2944
vn 0.7910 0.5730 0.2144
vn 0.8006 0.5360 0.2679
vn 0.8087 0.5030 0.3048
vn -0.6459 -0.0833 -0.7588
vn -0.8663 0.0419 -0.4978
vn 0.9713 0.2124 0.1068
vn 0.9412 0.2888 0.1753
vn 0.9674 0.2151 0.1334
vn 0.7697 0.5938 0.2345
vn 0.9440 0.3012 0.1349
vn 0.9368 0.3276 0.1228
vn 0.9396 0.2783 0.1991
vn -0.8417 0.4252 0.3327
vn -0.8414 0.4578 0.2871
vn -0.8442 0.3848 0.3732
vn -0.8416 0.4254 0.3328
vn -0.8442 0.3848 0.3731
vn -0.8066 -0.4654 -0.3644
vn -0.8128 -0.4585 -0.3594
vn -0.7894 -0.4427 -0.4253
vn -0.8129 -0.4183 -0.4053
vn -0.0773 0.7851 0.6145
vn -0.0767 0.7851 0.6146
vn -0.0766 0.7159 0.6940
vn -0.0762 0.7161 0.6938
vn -0.0658 0.6391 0.7663
vn -0.9750 -0.1743 -0.1380
vn -0.9995 -0.0036 0.0305
vn -0.7886 -0.4853 -0.3776
vn -0.7914 -0.5076 -0.3405
vn -0.7645 -0.5257 -0.3731
vn -0.6860 -0.7200 0.1053
vn -0.8167 -0.5348 0.2168
vn -0.7643 -0.5737 0.2946
vn -0.5030 -0.8413 -0.1980
vn -0.6717 -0.7349 -0.0934
vn -0.6403 -0.7655 -0.0639
vn -0.6961 -0.7058 -0.1312
vn -0.7404 -0.1000 0.6647
vn -0.8242 -0.1232 0.5528
vn -0.4483 -0.6485 -0.6152
vn -0.0043 -0.6829 0.7305
vn -0.0699 -0.6437 0.7621
vn -0.0011 -0.6359 0.7718
vn -0.0036 -0.7135 0.7006
vn -0.2478 -0.5832 0.7736
vn 0.0001 -0.9661 0.2583
vn -0.0675 -0.9579 0.2791
vn -0.0015 -0.9500 0.3123
vn 0.0068 0.0157 0.9999
vn -0.3902 0.4937 0.7772
vn -0.1862 -0.9433 0.2749
vn 0.8127 -0.4768 -0.3350
vn 0.8597 0.3778 0.3438
vn 0.8071 0.4595 0.3707
vn 0.7910 0.4441 0.4208
vn -0.9032 -0.2822 0.3235
vn 0.9722 0.1890 0.1382
vn 0.9429 0.2717 0.1927
vn 0.9546 0.2351 0.1831
vn -0.6625 -0.7285 0.1742
vn -0.0807 -0.7299 0.6788
vn -0.8138 0.4512 0.3662
vn -0.5836 0.4417 -0.6814
vn -0.9765 -0.1829 -0.1142
vn -0.8867 -0.3611 -0.2889
vn -0.0593 0.7107 0.7010
vn -0.7091 0.4118 0.5724
vn 0.9354 0.3480 -0.0621
vn 0.3936 0.9001 0.1870
vn 0.6927 0.7105 -0.1242
vn 0.7735 0.6226 0.1187
vn 0.9168 0.3534 0.1860
vn 0.8616 0.4221 0.2820
vn 0.9069 0.3696 0.2023
vn 0.8488 0.4745 0.2334
vn -0.3747 -0.8448 0.3819
vn -0.4009 -0.3143 0.8605
vn -0.5981 -0.6400 -0.4824
vn 0.9043 0.3495 0.2453
vn 0.8485 0.4173 0.3253
vn 0.0037 -0.6736 0.7391
vn -0.8418 0.4439 -0.3071
vn -0.9281 -0.3155 -0.1977
vn -0.7168 -0.6847 -0.1319
vn -0.0005 0.4162 -0.9093
vn -0.0007 -0.1348 -0.9909
vn 0.0127 0.9595 -0.2813
vn 0.0137 0.7218 0.6920
vn -0.5969 -0.6220 0.5069
vn -0.7840 -0.5280 -0.3265
vn -0.7989 -0.5010 -0.3327
vn 0.0136 -0.8870 -0.4615
vn -0.0013 -0.9483 -0.3173
vn -0.0009 -0.8852 -0.4652
vn 0.0020 -0.8045 -0.5939
vn 0.0025 0.8050 0.5933
vn -0.0032 0.6977 0.7164
vn 0.0027 0.8050 0.5932
vn -0.0009 0.9479 0.3187
vn -0.0014 0.8859 0.4639
vn -0.0003 0.9479 0.3184
vn 0.1119 -0.9418 -0.3171
vn 0.0737 -0.8841 -0.4614
vn 0.0742 -0.8015 -0.5933
vn -0.7411 0.6370 0.2119
vn -0.7536 0.5822 0.3051
vn -0.7411 0.6371 0.2120
vn -0.7427 0.5391 0.3972
vn 0.9027 0.3551 0.2431
vn 0.9423 0.2975 0.1535
vn -0.9799 -0.1605 -0.1187
vn -0.9806 -0.1579 -0.1163
vn -0.9406 -0.2770 -0.1963
vn -0.9009 -0.4122 -0.1359
vn -0.9118 -0.3642 -0.1897
vn -0.9166 -0.3192 -0.2405
vn -0.0605 0.8012 0.5954
vn -0.0005 0.8031 0.5959
vn 0.0001 0.9491 0.3150
vn -0.0539 0.8831 0.4660
vn 0.0022 0.8848 0.4660
vn -0.0472 -0.9473 -0.3170
vn -0.0531 -0.8838 -0.4649
vn -0.0472 -0.9473 -0.3169
vn -0.0483 -0.8021 -0.5952
vn -0.0494 -0.8025 -0.5946
vn -0.9734 0.2203 -0.0620
vn -0.9474 0.2872 0.1408
vn -0.9478 0.2992 0.1100
vn -0.9472 0.2522 0.1981
vn -0.9909 -0.0350 0.1303
vn -0.8932 -0.4363 -0.1087
vn -0.8951 -0.3778 -0.2366
vn -0.8950 -0.4328 -0.1077
vn -0.8938 -0.3803 -0.2378
vn -0.8963 0.4348 0.0875
vn -0.9979 0.0622 0.0153
vn -0.8389 0.5285 0.1301
vn -0.9979 0.0550 0.0345
vn -0.6781 0.7137 0.1755
vn -0.6779 0.6232 0.3899
vn -0.9995 -0.0240 -0.0225
vn -0.9600 -0.2765 -0.0443
vn -0.9799 -0.1892 -0.0634
vn -0.9805 -0.1938 -0.0331
vn -0.9799 -0.1966 -0.0334
vn 0.0276 -0.9463 -0.3221
vn 0.0011 -0.9859 -0.1676
vn 0.0016 0.9857 0.1682
vn 0.0760 -0.9829 -0.1679
vn 0.0076 -0.9866 -0.1632
vn -0.7537 0.6475 0.1127
vn -0.9329 -0.2786 -0.2282
vn 0.0114 -0.8007 -0.5989
vn -0.0006 0.8861 0.4636
vn -0.7434 0.5385 0.3967
vn -0.7550 0.5807 0.3046
vn -0.9805 -0.1741 -0.0911
vn -0.9798 -0.1767 -0.0933
vn -0.8952 -0.4387 -0.0782
vn -0.9474 0.3171 0.0436
vn 0.0013 0.9860 0.1668
vn -0.0490 0.9479 0.3147
vn -0.0477 -0.9850 -0.1658
vn -0.0489 -0.9849 -0.1659
vn -0.8376 0.5256 -0.1490
vn -0.8424 0.4996 -0.2017
vn -0.8418 0.5316 -0.0936
vn -0.8376 0.5257 -0.1488
vn -0.8410 0.5398 -0.0374
vn -0.8419 0.5315 -0.0931
vn -0.7659 -0.6133 0.1932
vn -0.8152 -0.5572 0.1582
vn -0.8144 -0.5382 0.2170
vn -0.7562 -0.6213 0.2054
vn -0.8126 -0.5740 0.1010
vn -0.8082 -0.5875 0.0404
vn -0.8120 -0.5822 0.0404
vn -0.0684 0.9592 -0.2743
vn -0.0687 0.9255 -0.3724
vn -0.0694 0.9592 -0.2741
vn -0.0995 0.9804 -0.1702
vn -0.0995 0.9803 -0.1704
vn -0.0664 0.9954 -0.0695
vn -0.0659 0.9954 -0.0695
vn -0.7655 -0.6397 0.0690
vn -0.7945 -0.6008 0.0884
vn -0.9597 -0.2748 0.0594
vn -0.9757 -0.2163 0.0357
vn -0.9895 -0.1393 -0.0380
vn -0.8117 -0.5817 0.0527
vn -0.7780 -0.6168 0.1193
vn -0.7913 -0.6084 0.0606
vn -0.8215 -0.5690 0.0365
vn -0.9923 -0.1233 0.0085
vn -0.7137 -0.3658 -0.5974
vn -0.8201 -0.3694 -0.4369
vn -0.8245 -0.4205 -0.3787
vn -0.6740 -0.7123 -0.1959
vn -0.6101 -0.7479 -0.2617
vn -0.6418 -0.7038 -0.3047
vn -0.4423 -0.8724 -0.2081
vn -0.7034 -0.6821 -0.1998
vn -0.6040 -0.7809 -0.1591
vn -0.8664 0.1494 -0.4765
vn -0.7414 0.2268 -0.6316
vn -0.7038 0.3328 -0.6276
vn -0.4446 -0.8645 0.2346
vn -0.4127 -0.8450 0.3400
vn -0.5260 -0.7886 0.3186
vn -0.0041 -0.2575 -0.9663
vn -0.0653 -0.2077 -0.9760
vn -0.0833 -0.2757 -0.9576
vn -0.0026 -0.2968 -0.9549
vn -0.0748 -0.3211 -0.9441
vn 0.0001 -0.7304 -0.6830
vn -0.0687 -0.7133 -0.6975
vn -0.0786 -0.7546 -0.6514
vn 0.0073 0.4843 -0.8749
vn -0.0606 0.6089 -0.7909
vn -0.0499 0.4706 -0.8810
vn 0.0051 -0.7711 -0.6367
vn -0.0555 -0.8286 -0.5571
vn 0.8129 -0.5677 0.1299
vn 0.8118 -0.5296 0.2461
vn 0.8114 -0.5300 0.2463
vn 0.8129 -0.5823 0.0097
vn 0.8131 -0.5676 0.1294
vn 0.1259 0.9554 -0.2673
vn 0.0219 0.9974 -0.0684
vn 0.0214 0.9278 -0.3725
vn 0.7489 0.6530 -0.1133
vn 0.7559 0.6505 -0.0740
vn 0.1771 0.9826 0.0558
vn 0.1528 -0.8963 0.4163
vn 0.1534 -0.9632 0.2209
vn 0.1524 -0.8963 0.4164
vn 0.1536 -0.9630 0.2212
vn 0.1538 -0.9880 0.0160
vn -0.0000 -0.9069 0.4213
vn -0.0000 -0.9747 0.2236
vn -0.0000 -0.9748 0.2233
vn -0.0000 -0.9999 0.0161
vn 1.0000 0.0062 -0.0007
vn 0.9997 0.0195 -0.0146
vn 0.9999 0.0094 -0.0049
vn 0.9448 0.3102 0.1056
vn 0.8415 0.5301 -0.1047
vn 0.8528 0.5220 -0.0144
vn 0.7909 0.5897 -0.1636
vn 0.8006 0.5909 -0.0993
vn 0.8090 0.5857 -0.0493
vn -0.6520 -0.5112 -0.5600
vn -0.8668 -0.2584 -0.4265
vn 0.9716 0.2335 -0.0382
vn 0.9413 0.3363 -0.0275
vn 0.9672 0.2536 -0.0182
vn 0.7707 0.6169 -0.1596
vn 0.9438 0.3233 -0.0687
vn 0.9343 0.3427 -0.0984
vn 0.9391 0.3436 -0.0025
vn -0.8416 0.5397 0.0199
vn -0.8409 0.5400 -0.0374
vn -0.8416 0.5397 0.0200
vn -0.8416 0.5347 0.0760
vn -0.8416 0.5347 0.0759
vn -0.8134 -0.5813 -0.0222
vn -0.7899 -0.6076 -0.0835
vn -0.8148 -0.5740 -0.0811
vn -0.0763 0.9964 0.0362
vn -0.0767 0.9964 0.0360
vn -0.0768 0.9872 0.1401
vn -0.0768 0.9871 0.1404
vn -0.0760 0.9671 0.2428
vn -0.9749 -0.2225 -0.0094
vn -0.7887 -0.6144 -0.0214
vn -0.7900 -0.6125 0.0267
vn -0.7638 -0.6454 0.0073
vn -0.6849 -0.5227 0.5076
vn -0.8201 -0.3063 0.4834
vn -0.7644 -0.2906 0.5755
vn -0.5026 -0.7973 0.3343
vn -0.6730 -0.6497 0.3534
vn -0.6381 -0.6571 0.4014
vn -0.6923 -0.6508 0.3118
vn -0.7424 0.3093 0.5942
vn -0.8224 0.2245 0.5228
vn -0.4474 -0.8870 -0.1139
vn -0.0035 -0.1234 0.9923
vn -0.0676 -0.0728 0.9951
vn -0.0008 -0.0607 0.9982
vn -0.0027 -0.1671 0.9859
vn -0.2436 -0.0185 0.9697
vn -0.0004 -0.6309 0.7759
vn -0.0647 -0.6097 0.7900
vn -0.0020 -0.5884 0.8085
vn 0.0067 0.6008 0.7994
vn -0.1851 -0.6035 0.7756
vn 0.8131 -0.5820 0.0100
vn 0.1537 -0.9880 0.0160
vn 0.8597 0.5077 0.0562
vn 0.8070 0.5897 0.0301
vn 0.7903 0.6076 0.0786
vn -0.9032 -0.0422 0.4271
vn 0.9723 0.2339 0.0011
vn 0.9430 0.3327 -0.0039
vn 0.9543 0.2987 0.0110
vn -0.6651 -0.4834 0.5692
vn -0.0738 -0.1654 0.9835
vn -0.9894 -0.0745 0.1243
vn -0.5797 -0.0452 -0.8136
vn -0.9764 -0.2153 0.0147
vn -0.8883 -0.4592 -0.0104
vn -0.7066 0.6711 0.2244
vn 0.9356 0.2465 -0.2526
vn 0.3972 0.8285 -0.3948
vn 0.6957 0.4902 -0.5251
vn 0.7711 0.5762 -0.2709
vn 0.9146 0.3998 -0.0607
vn 0.8615 0.5073 -0.0204
vn 0.9065 0.4190 -0.0528
vn 0.8477 0.5227 -0.0902
vn -0.3708 -0.4565 0.8088
vn -0.3979 0.2556 0.8811
vn -0.5942 -0.8043 -0.0058
vn 0.9042 0.4271 -0.0073
vn 0.8481 0.5295 0.0176
vn 0.0060 -0.1343 0.9909
vn -0.8424 0.1786 -0.5083
vn -0.9272 -0.3734 0.0287
vn -0.0013 -0.2015 -0.9795
vn -0.0007 -0.6934 -0.7206
vn 0.0139 0.9899 0.1413
vn 0.0136 0.6205 -0.7841
vn -0.9345 -0.2759 0.2250
vn -0.5942 -0.2107 0.7762
vn -0.7841 -0.6189 0.0458
vn -0.7963 -0.6036 -0.0398
vn -0.0005 -0.9894 0.1449
vn 0.0251 -0.9536 0.3001
vn 0.0009 -0.9543 0.2989
vn -0.0007 -1.0000 -0.0095
vn -0.0001 1.0000 0.0076
vn 0.0018 0.9858 0.1682
vn -0.0009 1.0000 0.0078
vn 0.0006 0.9545 -0.2984
vn -0.0002 0.9898 -0.1424
vn -0.0007 0.9898 -0.1426
vn 0.0652 -0.9878 0.1411
vn 0.0023 -0.9905 0.1372
vn 0.0248 -0.9997 -0.0046
vn -0.7545 0.6262 -0.1966
vn -0.7460 0.6591 -0.0953
vn -0.7546 0.6260 -0.1965
vn -0.7442 0.6679 0.0047
vn -0.7538 0.6474 0.1126
vn -0.7440 0.6682 0.0046
vn 0.9029 0.4296 -0.0109
vn 0.9424 0.3308 -0.0497
vn -0.9799 -0.1993 -0.0014
vn -0.9805 -0.1965 -0.0017
vn -0.9126 -0.4043 0.0613
vn -0.9441 -0.3297 0.0026
vn -0.9629 -0.2699 0.0014
vn -0.0572 0.9983 0.0087
vn -0.0058 0.9999 0.0082
vn -0.0000 0.9539 -0.3003
vn -0.0506 0.9883 -0.1438
vn 0.0032 0.9895 -0.1448
vn -0.0492 -0.9880 0.1464
vn -0.0589 -0.9527 0.2981
vn -0.0605 -0.9523 0.2992
vn -0.0465 -0.9989 -0.0101
vn -0.0455 -0.9989 -0.0107
vn -0.9699 0.2274 -0.0866
vn -0.9472 0.3084 -0.0878
vn -0.9674 0.2350 -0.0942
vn -0.9473 0.3202 0.0123
vn -0.8948 -0.4143 0.1666
vn -0.8943 -0.4466 0.0300
vn -0.8955 -0.4129 0.1663
vn -0.8947 -0.4457 0.0297
vn -0.8956 0.4058 -0.1822
vn -0.9980 0.0589 -0.0237
vn -0.8387 0.5052 -0.2033
vn -0.9980 0.0635 -0.0045
vn -0.6719 0.6872 -0.2765
vn -0.6763 0.7350 -0.0491
vn -0.9614 -0.2449 0.1255
vn -0.9800 -0.1902 0.0595
vn -0.9805 -0.1760 0.0873
vn -0.9799 -0.1785 0.0888
vn 0.0007 -0.8955 0.4451
vn 0.0012 0.9545 -0.2981
vn 0.0007 0.8952 -0.4457
vn 0.0009 0.8951 -0.4459
vn 0.1044 -0.9480 0.3008
vn 0.0226 -0.8941 0.4474
vn -0.7547 0.5877 -0.2918
vn -0.7545 0.5879 -0.2918
vn 0.1145 -0.9934 -0.0064
vn -0.7455 0.6596 -0.0954
vn -0.9805 -0.1945 0.0284
vn -0.9799 -0.1972 0.0288
vn -0.9022 -0.4111 0.1304
vn -0.9201 -0.3916 -0.0026
vn -0.9468 0.2848 -0.1501
vn -0.9477 0.3142 -0.0556
vn -0.0573 0.8946 -0.4432
vn -0.0020 0.8955 -0.4451
vn -0.0608 -0.8942 0.4436
vn -0.0587 -0.8937 0.4447
vn -0.0476 -0.9882 0.1453
vn -0.8415 0.2869 -0.4578
vn -0.8416 0.3332 -0.4251
vn -0.8414 0.2870 -0.4579
vn -0.8416 0.3758 -0.3879
vn -0.8416 0.3332 -0.4250
vn -0.8410 0.4153 -0.3468
vn -0.8416 0.3758 -0.3880
vn -0.7647 -0.3832 0.5181
vn -0.8148 -0.3577 0.4562
vn -0.8145 -0.3079 0.4917
vn -0.7562 -0.3808 0.5321
vn -0.8134 -0.4040 0.4185
vn -0.8073 -0.4527 0.3786
vn -0.8120 -0.4480 0.3740
vn -0.0754 0.5299 -0.8447
vn -0.0767 0.6150 -0.7848
vn -0.0767 0.6152 -0.7846
vn -0.0768 0.6936 -0.7163
vn -0.0768 0.6938 -0.7161
vn -0.0768 0.7653 -0.6390
vn -0.0760 0.7656 -0.6388
vn -0.7641 -0.4754 0.4361
vn -0.7962 -0.4330 0.4225
vn -0.9590 -0.1881 0.2118
vn -0.9757 -0.1541 0.1557
vn -0.9896 -0.1351 0.0499
vn -0.8117 -0.4398 0.3842
vn -0.7791 -0.4285 0.4576
vn -0.7900 -0.4597 0.4056
vn -0.8215 -0.4356 0.3681
vn -0.9923 -0.0945 0.0802
vn -0.7154 -0.6452 -0.2681
vn -0.8198 -0.5560 -0.1375
vn -0.8234 -0.5646 -0.0572
vn -0.6728 -0.6921 0.2612
vn -0.6133 -0.7560 0.2286
vn -0.6371 -0.7528 0.1659
vn -0.4392 -0.8300 0.3438
vn -0.7037 -0.6699 0.2366
vn -0.6052 -0.7239 0.3312
vn -0.8670 -0.1559 -0.4732
vn -0.7421 -0.1883 -0.6433
vn -0.7065 -0.1026 -0.7002
vn -0.4467 -0.5627 0.6956
vn -0.4119 -0.4847 0.7716
vn -0.5243 -0.4533 0.7209
vn -0.0042 -0.7763 -0.6304
vn -0.0690 -0.7377 -0.6716
vn -0.0749 -0.7860 -0.6137
vn -0.0010 -0.8046 -0.5938
vn -0.0802 -0.8141 -0.5751
vn -0.0004 -0.9924 -0.1230
vn -0.0650 -0.9867 -0.1491
vn -0.0816 -0.9932 -0.0828
vn 0.0096 -0.1304 -0.9914
vn -0.0578 0.0253 -0.9980
vn -0.0506 -0.1372 -0.9893
vn 0.0037 -0.9978 -0.0669
vn -0.0545 -0.9978 0.0378
vn 0.8114 -0.2840 0.5109
vn 0.8126 -0.3831 0.4392
vn 0.8110 -0.2843 0.5113
vn 0.8128 -0.3829 0.4391
vn 0.8128 -0.4654 0.3503
vn 0.1249 0.6141 -0.7793
vn 0.0221 0.7664 -0.6420
vn 0.0223 0.5310 -0.8471
vn 0.7457 0.4601 -0.4820
vn 0.7558 0.4831 -0.4420
vn 0.1766 0.8279 -0.5323
vn 0.1520 -0.4804 0.8637
vn 0.1535 -0.6495 0.7447
vn 0.1513 -0.4805 0.8638
vn 0.1538 -0.7901 0.5933
vn 0.1537 -0.7902 0.5932
vn -0.0000 -0.4861 0.8739
vn -0.0000 -0.6577 0.7533
vn -0.0000 -0.7995 0.6006
vn 1.0000 0.0046 -0.0042
vn 0.9997 0.0074 -0.0236
vn 0.9999 0.0047 -0.0095
vn 0.9484 0.3037 -0.0914
vn 0.8419 0.3669 -0.3956
vn 0.8515 0.4155 -0.3198
vn 0.7907 0.3809 -0.4793
vn 0.8003 0.4205 -0.4275
vn 0.8086 0.4456 -0.3842
vn -0.6442 -0.7491 -0.1546
vn -0.8663 -0.4604 -0.1936
vn 0.9713 0.1673 -0.1690
vn 0.9412 0.2560 -0.2202
vn 0.9673 0.1937 -0.1639
vn 0.7733 0.4017 -0.4905
vn 0.9434 0.2221 -0.2461
vn 0.9318 0.2174 -0.2905
vn 0.9393 0.2761 -0.2038
vn -0.8417 0.4479 -0.3016
vn -0.8409 0.4154 -0.3469
vn -0.8369 0.4839 -0.2560
vn -0.8420 0.4477 -0.3010
vn -0.8369 0.4839 -0.2558
vn -0.8127 -0.4841 0.3243
vn -0.7888 -0.5417 0.2903
vn -0.8156 -0.5109 0.2715
vn -0.0990 0.8261 -0.5548
vn -0.1006 0.8261 -0.5545
vn -0.0728 0.8810 -0.4676
vn -0.0721 0.8810 -0.4676
vn -0.0688 0.9255 -0.3724
vn -0.9749 -0.1858 0.1229
vn -0.7884 -0.5111 0.3423
vn -0.7899 -0.4793 0.3824
vn -0.7634 -0.5193 0.3841
vn -0.6863 -0.1201 0.7173
vn -0.8198 0.0360 0.5715
vn -0.7632 0.1034 0.6378
vn -0.5019 -0.4475 0.7402
vn -0.6722 -0.3165 0.6693
vn -0.6422 -0.2957 0.7072
vn -0.6905 -0.3437 0.6365
vn -0.9792 0.2026 0.0105
vn -0.7411 0.6021 0.2971
vn -0.8237 0.4878 0.2889
vn -0.4451 -0.7864 0.4284
vn -0.0040 0.4837 0.8752
vn -0.0716 0.5289 0.8456
vn -0.0004 0.5305 0.8477
vn -0.0023 0.4454 0.8953
vn -0.2457 0.5552 0.7946
vn 0.0001 -0.0525 0.9986
vn -0.0686 -0.0288 0.9972
vn -0.0011 0.0037 1.0000
vn 0.0090 0.9542 0.2992
vn -0.3856 0.8914 -0.2380
vn -0.1851 -0.0292 0.9823
vn 0.8126 -0.4658 0.3502
vn 0.8599 0.4433 -0.2531
vn 0.8071 0.4948 -0.3221
vn 0.7909 0.5371 -0.2933
vn -0.9029 0.2200 0.3694
vn 0.9724 0.1893 -0.1364
vn 0.9429 0.2672 -0.1990
vn 0.9545 0.2477 -0.1659
vn -0.6650 -0.0575 0.7446
vn -0.0765 0.4459 0.8918
vn -0.9895 0.0117 0.1442
vn -0.5811 -0.5107 -0.6337
vn -0.9764 -0.1656 0.1385
vn -0.8862 -0.3850 0.2577
vn -0.7042 0.6761 -0.2169
vn 0.9366 0.0506 -0.3468
vn 0.3917 0.4318 -0.8125
vn 0.6942 0.1102 -0.7113
vn 0.7700 0.3081 -0.5587
vn 0.9133 0.2908 -0.2853
vn 0.8620 0.3986 -0.3131
vn 0.9071 0.3069 -0.2881
vn 0.8484 0.3693 -0.3792
vn -0.3743 0.1042 0.9214
vn -0.3937 0.7286 0.5605
vn -0.5923 -0.6601 0.4620
vn 0.9038 0.3421 -0.2570
vn 0.8479 0.4395 -0.2967
vn 0.0073 0.4669 0.8843
vn -0.8433 -0.1557 -0.5145
vn -0.9273 -0.2891 0.2378
vn -0.9385 0.1660 -0.3027
vn -0.0012 -0.7406 -0.6720
vn -0.0011 -0.9850 -0.1727
vn 0.0127 0.8871 -0.4615
vn 0.0177 0.0409 -0.9990
vn -0.9370 -0.0858 0.3385
vn -0.5980 0.2961 0.7448
vn -0.7829 -0.4740 0.4029
vn -0.7940 -0.5151 0.3229
vn 0.0003 -0.7152 0.6990
vn 0.0116 -0.5953 0.8034
vn -0.0003 -0.5947 0.8039
vn -0.0009 -0.8141 0.5807
vn -0.0004 0.8131 -0.5821
vn -0.0016 0.8132 -0.5820
vn 0.0002 0.5942 -0.8044
vn 0.0009 0.7165 -0.6976
vn 0.0006 0.7164 -0.6976
vn 0.0940 -0.7119 0.6959
vn 0.0185 -0.7197 0.6941
vn 0.0649 -0.8110 0.5814
vn 0.1046 -0.8922 0.4393
vn -0.7542 0.3898 -0.5284
vn -0.7521 0.4717 -0.4603
vn -0.7542 0.3897 -0.5284
vn -0.7460 0.5418 -0.3872
vn 0.9032 0.3402 -0.2618
vn 0.9424 0.2384 -0.2348
vn -0.9805 -0.1600 0.1142
vn -0.9430 -0.2673 0.1980
vn -0.8991 -0.2573 0.3543
vn -0.9176 -0.2843 0.2777
vn -0.9125 -0.3345 0.2354
vn -0.9022 -0.3869 0.1906
vn 0.0045 0.8164 -0.5775
vn 0.0011 0.5959 -0.8030
vn -0.0538 0.7124 -0.6997
vn -0.0030 0.7139 -0.7002
vn -0.0470 -0.5961 0.8016
vn -0.0465 -0.7137 0.6990
vn -0.0478 -0.5965 0.8012
vn -0.0492 -0.8142 0.5785
vn -0.9737 0.0090 -0.2275
vn -0.9476 0.2222 -0.2297
vn -0.9474 0.1989 -0.2507
vn -0.9475 0.2653 -0.1785
vn -0.9909 0.1089 0.0792
vn -0.8953 -0.3405 0.2872
vn -0.8947 -0.2376 0.3782
vn -0.8932 -0.2395 0.3806
vn -0.9329 -0.1557 0.3248
vn -0.8409 0.2533 -0.4783
vn -0.9980 0.0488 -0.0408
vn -0.9979 0.0342 -0.0541
vn -0.9095 0.3949 -0.1300
vn -0.6731 0.5660 -0.4759
vn -0.6780 0.3910 -0.6224
vn -0.9619 -0.1236 0.2439
vn -0.9805 -0.1171 0.1581
vn -0.9799 -0.0925 0.1765
vn -0.9799 -0.1191 0.1600
vn 0.0295 -0.4637 0.8855
vn -0.0002 -0.4650 0.8853
vn 0.0002 0.5941 -0.8044
vn 0.0002 0.4657 -0.8849
vn 0.0740 -0.5939 0.8011
vn -0.7551 0.3056 -0.5800
vn -0.9425 -0.2982 0.1507
vn -0.0056 -0.8133 0.5818
vn -0.7459 0.5419 -0.3873
vn -0.7522 0.4715 -0.4602
vn -0.9799 -0.1429 0.1391
vn -0.9799 -0.1623 0.1158
vn -0.9002 -0.2022 0.3856
vn -0.9478 0.1387 -0.2870
vn -0.0475 0.8152 -0.5773
vn 0.0010 0.4669 -0.8843
vn -0.0460 0.5962 -0.8015
vn -0.0493 -0.4628 0.8851
vn -0.0488 -0.4629 0.8851
vn -0.0455 -0.7133 0.6994
vn -0.0476 -0.8136 0.5795
vn -0.9805 -0.1406 0.1374
vn -0.8442 0.0193 -0.5357
vn -0.8411 -0.0361 -0.5397
vn -0.8418 0.0763 -0.5344
vn -0.8442 0.0192 -0.5357
vn -0.8414 0.1315 -0.5242
vn -0.8417 0.0764 -0.5345
vn -0.7901 -0.0250 0.6125
vn -0.8129 -0.0215 0.5820
vn -0.8114 -0.0820 0.5786
vn -0.8039 -0.0709 0.5906
vn -0.8117 -0.1426 0.5665
vn -0.0774 0.0363 -0.9963
vn -0.0768 0.0360 -0.9964
vn -0.0772 0.1412 -0.9870
vn -0.0766 0.1413 -0.9870
vn -0.0953 0.2416 -0.9657
vn -0.0958 0.2414 -0.9657
vn -0.7646 -0.1290 0.6315
vn -0.9591 -0.0298 0.2816
vn -0.9757 -0.0325 0.2167
vn -0.9896 -0.0787 0.1204
vn -0.8117 -0.1292 0.5695
vn -0.7857 -0.0764 0.6139
vn -0.7904 -0.1321 0.5982
vn -0.8202 -0.1388 0.5549
vn -0.9923 -0.0293 0.1205
vn -0.7130 -0.6816 0.1644
vn -0.8167 -0.5360 0.2138
vn -0.8291 -0.4809 0.2853
vn -0.6723 -0.4060 0.6190
vn -0.6124 -0.4773 0.6302
vn -0.6412 -0.5076 0.5755
vn -0.4437 -0.4733 0.7610
vn -0.7034 -0.4018 0.5863
vn -0.6050 -0.3887 0.6949
vn -0.8661 -0.4076 -0.2894
vn -0.7414 -0.5313 -0.4099
vn -0.7040 -0.4954 -0.5089
vn -0.4482 -0.0457 0.8928
vn -0.0044 -0.9985 -0.0549
vn -0.0691 -0.9919 -0.1067
vn -0.0774 -0.9964 -0.0355
vn -0.0018 -1.0000 -0.0087
vn -0.0747 -0.9971 0.0157
vn 0.0001 -0.8758 0.4826
vn -0.0686 -0.8843 0.4619
vn -0.0804 -0.8529 0.5159
vn 0.0089 -0.6830 -0.7303
vn -0.0655 -0.5682 -0.8203
vn -0.0490 -0.6946 -0.7178
vn 0.0067 -0.8298 0.5580
vn -0.0441 -0.8027 0.5948
vn 0.8118 0.0699 0.5798
vn 0.8130 -0.0516 0.5799
vn 0.8131 -0.0514 0.5799
vn 0.8123 -0.1712 0.5576
vn 0.0553 0.2476 -0.9673
vn 0.0223 0.2428 -0.9698
vn 0.7480 0.0902 -0.6576
vn 0.7561 0.1308 -0.6413
vn 0.1529 -0.0878 0.9843
vn 0.1531 -0.0877 0.9843
vn 0.1531 -0.2902 0.9447
vn 0.1528 -0.2901 0.9447
vn -0.0000 -0.0887 0.9961
vn -0.0000 -0.2932 0.9560
vn 1.0000 0.0013 -0.0061
vn 0.9944 -0.0794 -0.0692
vn 0.9409 0.2046 -0.2699
vn 0.8418 0.0644 -0.5359
vn 0.8516 0.1480 -0.5029
vn 0.7909 0.0260 -0.6113
vn 0.8005 0.0889 -0.5927
vn 0.8090 0.1351 -0.5721
vn -0.6459 -0.6958 0.3141
vn -0.8662 -0.4868 0.1132
vn 0.9713 0.0363 -0.2351
vn 0.9415 0.0776 -0.3279
vn 0.9675 0.0603 -0.2457
vn 0.7693 0.0407 -0.6376
vn 0.9434 0.0353 -0.3299
vn 0.9330 0.0065 -0.3598
vn 0.9392 0.1040 -0.3272
vn -0.8415 0.1315 -0.5240
vn -0.8435 0.1846 -0.5045
vn -0.8436 0.1844 -0.5044
vn -0.8434 0.2360 -0.4826
vn -0.8435 0.2357 -0.4826
vn -0.8052 -0.2036 0.5570
vn -0.8117 -0.2008 0.5484
vn -0.7889 -0.2680 0.5530
vn -0.8131 -0.2561 0.5227
vn -0.0963 0.3419 -0.9348
vn -0.0971 0.3423 -0.9346
vn -0.0721 0.4382 -0.8960
vn -0.0717 0.4382 -0.8960
vn -0.0756 0.5296 -0.8449
vn -0.9750 -0.0775 0.2084
vn -0.7877 -0.2122 0.5783
vn -0.7920 -0.1672 0.5871
vn -0.7640 -0.1893 0.6168
vn -0.6892 0.3195 0.6504
vn -0.8179 0.3701 0.4406
vn -0.7643 0.4578 0.4542
vn -0.5070 0.0741 0.8588
vn -0.6716 0.1382 0.7279
vn -0.6394 0.1767 0.7483
vn -0.6957 0.0933 0.7122
vn -0.7429 0.6600 -0.1117
vn -0.8229 0.5657 -0.0526
vn -0.4471 -0.3874 0.8063
vn -0.0032 0.9055 0.4242
vn -0.0679 0.9247 0.3747
vn 0.0001 0.9305 0.3663
vn -0.0028 0.8893 0.4573
vn -0.2465 0.9161 0.3161
vn 0.0009 0.5443 0.8389
vn -0.0643 0.5600 0.8260
vn 0.0006 0.5962 0.8029
vn 0.0067 0.9463 -0.3233
vn -0.3761 0.5847 -0.7189
vn -0.1903 0.5530 0.8112
vn 0.8123 -0.1713 0.5575
vn 0.8599 0.2099 -0.4653
vn 0.8072 0.2103 -0.5516
vn 0.7909 0.2622 -0.5529
vn -0.9032 0.3940 0.1702
vn 0.9723 0.0730 -0.2221
vn 0.9429 0.0997 -0.3177
vn 0.9545 0.1018 -0.2802
vn -0.5855 -0.7828 -0.2107
vn -0.9765 -0.0529 0.2090
vn -0.8879 -0.1564 0.4326
vn 0.8601 0.1385 -0.4910
vn 0.9079 0.0782 -0.4118
vn 0.8496 0.0758 -0.5220
vn -0.3747 0.6201 0.6892
vn -0.3960 0.9180 0.0193
vn -0.5912 -0.2595 0.7637
vn 0.9053 0.1252 -0.4060
vn 0.8494 0.1794 -0.4963
vn -0.8434 -0.4269 -0.3262
vn -0.9273 -0.0888 0.3635
vn -0.0003 -0.9935 -0.1137
vn -0.0003 -0.8991 0.4378
vn 0.0145 -0.5608 -0.8278
vn -0.9400 0.1229 0.3184
vn -0.5952 0.6769 0.4332
vn -0.7810 -0.1478 0.6068
vn -0.7952 -0.1632 0.5839
vn -0.0001 -0.1682 0.9858
vn 0.0156 -0.0078 0.9998
vn -0.0004 -0.0079 1.0000
vn 0.0142 -0.3175 0.9481
vn -0.0002 -0.3168 0.9485
vn 0.0002 0.3160 -0.9488
vn -0.0004 0.0085 -1.0000
vn 0.0002 0.1689 -0.9856
vn 0.0001 0.1689 -0.9856
vn 0.0723 -0.1677 0.9832
vn 0.0074 -0.1752 0.9845
vn 0.1115 -0.4599 0.8810
vn -0.7632 0.0063 -0.6462
vn -0.7435 0.1113 -0.6594
vn -0.7632 0.0062 -0.6461
vn -0.7547 0.2085 -0.6220
vn -0.7551 0.3057 -0.5800
vn -0.7543 0.2085 -0.6225
vn 0.9014 0.1231 -0.4152
vn 0.9425 0.0544 -0.3299
vn -0.9805 -0.0625 0.1864
vn -0.9804 -0.0914 0.1743
vn -0.9168 -0.0632 0.3943
vn -0.9457 -0.0974 0.3100
vn -0.9165 -0.1309 0.3779
vn 0.0002 0.3151 -0.9491
vn -0.0484 0.4658 -0.8836
vn 0.0003 0.0089 -1.0000
vn -0.0547 0.1671 -0.9844
vn 0.0001 0.1670 -0.9860
vn -0.0498 -0.0132 0.9987
vn -0.0508 -0.1681 0.9845
vn -0.0447 -0.0143 0.9989
vn -0.0522 -0.3156 0.9474
vn -0.0514 -0.3154 0.9476
vn -0.9471 0.0456 -0.3178
vn -0.9472 0.0122 -0.3204
vn -0.9474 0.1097 -0.3008
vn -0.9911 0.1326 -0.0089
vn -0.8947 -0.1087 0.4332
vn -0.8938 -0.1097 0.4349
vn -0.9979 0.0158 -0.0628
vn -0.9980 -0.0044 -0.0637
vn -0.9128 0.2427 -0.3285
vn -0.6779 0.1793 -0.7130
vn -0.9805 -0.0014 0.1966
vn -0.9799 -0.0021 0.1993
vn -0.0000 0.0086 -1.0000
vn 0.0019 -0.1460 -0.9893
vn 0.0675 -0.0082 0.9977
vn -0.9329 -0.1313 0.3355
vn 0.0736 -0.3183 0.9451
vn -0.7431 0.1112 -0.6599
vn -0.9799 -0.0334 0.1964
vn -0.9799 -0.0628 0.1892
vn -0.8962 -0.0042 0.4436
vn -0.9470 -0.0551 -0.3164
vn -0.0554 0.3138 -0.9479
vn -0.0482 0.0091 -0.9988
vn -0.0605 0.1473 0.9872
vn -0.0522 -0.1689 0.9842
vn -0.9805 -0.0329 0.1936
vn -1.0000 -0.0000 -0.0000
vn -0.0000 0.5579 0.8299
vn -0.0000 0.3730 0.9278
vn -0.0000 0.7176 0.6964
vn -0.0000 0.8474 0.5310
vn -0.0000 0.9393 0.3430
vn -0.0000 0.9900 0.1413
vn -0.0000 0.9977 -0.0679
vn -0.0000 0.9616 -0.2743
vn -0.0000 0.8836 -0.4683
vn -0.0000 0.7668 -0.6419
vn -0.0000 0.6161 -0.7876
vn -0.0000 0.4402 -0.8979
vn -0.0000 0.2437 -0.9699
vn -0.0000 0.0355 -0.9994
vn -0.0000 -0.1722 -0.9851
vn -0.0000 -0.3731 -0.9278
vn -0.0000 -0.5578 -0.8300
vn -0.0000 -0.7176 -0.6964
vn -0.0000 -0.8474 -0.5310
vn -0.0000 -0.9392 -0.3434
vn -0.0000 -0.9901 -0.1405
vn -0.0000 -0.9393 -0.3430
vn -0.0000 -0.9977 0.0678
vn -0.0000 -0.9620 0.2732
vn -0.0000 -0.8830 0.4693
vn -0.0000 -0.7668 0.6419
vn -0.0000 -0.6170 0.7870
vn -0.0000 -0.4398 0.8981
vn -0.0000 -0.2437 0.9699
vn -0.0000 -0.0355 0.9994
vn -0.0000 0.1723 0.9850
vn -0.0000 0.3733 0.9277
vn -0.4308 0.3400 0.8360
vn -0.4076 0.4985 0.7651
vn -0.4519 0.3333 0.8274
vn -0.4091 0.5221 0.7484
vn -0.4333 0.6467 0.6277
vn -0.4545 0.6414 0.6181
vn -0.4334 0.6495 0.6248
vn -0.4104 0.7642 0.4976
vn -0.4545 0.6398 0.6198
vn -0.4317 0.7658 0.4766
vn -0.4092 0.8524 0.3256
vn -0.4529 0.7554 0.4735
vn -0.4308 0.8495 0.3047
vn -0.4093 0.9016 0.1398
vn -0.4527 0.8382 0.3041
vn -0.4079 0.9053 0.1186
vn -0.4291 0.9016 -0.0541
vn -0.4508 0.8909 -0.0564
vn -0.4111 0.9084 -0.0765
vn -0.4334 0.8671 -0.2454
vn -0.4547 0.8561 -0.2454
vn -0.4088 0.8737 -0.2637
vn -0.4320 0.7984 -0.4196
vn -0.4534 0.7875 -0.4175
vn -0.4334 0.7955 -0.4234
vn -0.4111 0.7083 -0.5738
vn -0.4547 0.7877 -0.4157
vn -0.4291 0.6880 -0.5853
vn -0.4079 0.5710 -0.7125
vn -0.4508 0.6818 -0.5762
vn -0.4093 0.5537 -0.7252
vn -0.4308 0.4019 -0.8080
vn -0.4527 0.3942 -0.7998
vn -0.4092 0.3895 -0.8251
vn -0.4317 0.2225 -0.8741
vn -0.4529 0.2171 -0.8647
vn -0.4104 0.2068 -0.8881
vn -0.4334 0.0359 -0.9005
vn -0.4545 0.0324 -0.8901
vn -0.4333 0.0319 -0.9007
vn -0.4091 -0.1415 -0.9015
vn -0.4545 0.0348 -0.8901
vn -0.4076 -0.1701 -0.8972
vn -0.4308 -0.3336 -0.8385
vn -0.4519 -0.3325 -0.8278
vn -0.4308 -0.3400 -0.8360
vn -0.4078 -0.4981 -0.7652
vn -0.4519 -0.3334 -0.8274
vn -0.4305 -0.5069 -0.7468
vn -0.4083 -0.6469 -0.6441
vn -0.4522 -0.4983 -0.7397
vn -0.4333 -0.6490 -0.6254
vn -0.4099 -0.7649 -0.4968
vn -0.4546 -0.6392 -0.6203
vn -0.4313 -0.7667 -0.4755
vn -0.4093 -0.8526 -0.3249
vn -0.4529 -0.7561 -0.4724
vn -0.4108 -0.8613 -0.2989
vn -0.4340 -0.8915 -0.1299
vn -0.4553 -0.8815 -0.1253
vn -0.4105 -0.9046 -0.1148
vn -0.4337 -0.8992 0.0572
vn -0.4549 -0.8886 0.0595
vn -0.4343 -0.8986 0.0625
vn -0.4101 -0.8814 0.2343
vn -0.4553 -0.8884 0.0587
vn -0.4093 -0.8739 0.2622
vn -0.4328 -0.7974 0.4205
vn -0.4543 -0.7866 0.4182
vn -0.4101 -0.7982 0.4413
vn -0.4343 -0.6916 0.5772
vn -0.4553 -0.6816 0.5728
vn -0.4337 -0.6883 0.5815
vn -0.4104 -0.5731 0.7093
vn -0.4549 -0.6823 0.5723
vn -0.4340 -0.5533 0.7110
vn -0.4109 -0.4144 0.8121
vn -0.4553 -0.5492 0.7008
vn -0.4093 -0.3902 0.8248
vn -0.4313 -0.2239 0.8740
vn -0.4529 -0.2184 0.8644
vn -0.4100 -0.2079 0.8881
vn -0.4333 -0.0352 0.9006
vn -0.4546 -0.0316 0.8902
vn -0.4083 -0.0207 0.9126
vn -0.4305 0.1514 0.8898
vn -0.4521 0.1527 0.8788
vn -0.4078 0.1705 0.8970
vn -0.4308 0.3336 0.8385
vn -0.4519 0.3325 0.8278
vn -0.0332 0.5573 0.8296
vn -0.2792 0.3585 0.8908
vn -0.0339 0.3730 0.9272
vn -0.0310 0.7175 0.6958
vn -0.4265 0.6229 0.6559
vn -0.0467 0.8463 0.5307
vn -0.4143 0.7493 0.5166
vn -0.2855 0.9004 0.3282
vn -0.4282 0.8344 0.3471
vn -0.0028 0.9900 0.1410
vn -0.0476 0.9387 0.3414
vn -0.2860 0.9561 -0.0640
vn -0.4119 0.9109 -0.0260
vn -0.0321 0.9973 -0.0667
vn -0.2811 0.9230 -0.2627
vn -0.0338 0.8829 -0.4683
vn -0.0337 0.9613 -0.2736
vn -0.0320 0.7657 -0.6425
vn -0.4219 0.7190 -0.5523
vn -0.0028 0.6166 -0.7873
vn -0.4274 0.5856 -0.6887
vn -0.2854 0.4225 -0.8602
vn -0.4123 0.4328 -0.8017
vn -0.0465 0.2432 -0.9689
vn -0.0478 0.4409 -0.8963
vn -0.2745 0.0346 -0.9610
vn -0.4259 0.0721 -0.9019
vn -0.0305 0.0359 -0.9989
vn -0.2877 -0.1651 -0.9434
vn -0.0329 -0.1719 -0.9846
vn -0.2791 -0.3582 -0.8909
vn -0.0341 -0.3729 -0.9272
vn -0.2870 -0.5340 -0.7953
vn -0.0397 -0.5570 -0.8296
vn -0.2771 -0.6897 -0.6690
vn -0.0466 -0.8470 -0.5295
vn -0.0309 -0.7174 -0.6960
vn -0.0233 -0.9391 -0.3429
vn -0.4281 -0.8346 -0.3467
vn -0.0007 -0.9900 -0.1410
vn -0.4094 -0.8976 -0.1636
vn -0.2661 -0.9617 0.0655
vn -0.4117 -0.9109 0.0289
vn -0.0000 -0.9977 0.0682
vn -0.2555 -0.9299 0.2646
vn -0.0000 -0.9619 0.2735
vn -0.2572 -0.8537 0.4528
vn -0.0000 -0.8834 0.4686
vn -0.2661 -0.7392 0.6186
vn -0.0001 -0.7670 0.6416
vn -0.2640 -0.5948 0.7593
vn -0.0008 -0.6162 0.7876
vn -0.2706 -0.4237 0.8644
vn -0.0234 -0.4401 0.8976
vn -0.2857 -0.2340 0.9293
vn -0.0466 -0.2444 0.9686
vn -0.2771 -0.0342 0.9602
vn -0.0399 0.1727 0.9842
vn -0.0312 -0.0358 0.9989
vn -0.4234 0.3022 0.8541
vn -0.9525 -0.1146 0.2821
vn -0.9981 0.0231 0.0569
vn -0.9499 -0.0455 0.3092
vn -0.9503 0.0137 0.3110
vn -0.9502 0.0807 0.3010
vn -0.9524 0.1381 0.2718
vn -0.9529 0.1880 0.2379
vn -0.9982 0.0587 -0.0152
vn -0.9978 0.0576 -0.0322
vn -0.9533 0.2910 0.0807
vn -0.9983 0.0349 -0.0456
vn -0.9982 0.0272 -0.0543
vn -0.9984 0.0145 -0.0546
vn -0.9980 0.0017 -0.0630
vn -0.9986 -0.0092 -0.0515
vn -0.9981 -0.0227 -0.0571
vn -0.9985 -0.0307 -0.0455
vn -0.9983 -0.0409 -0.0411
vn -0.9504 -0.0135 -0.3109
vn -0.9500 -0.0796 -0.3019
vn -0.9984 -0.0564 -0.0097
vn -0.9985 -0.0547 0.0028
vn -0.9980 -0.0618 0.0161
vn -0.9980 -0.0546 0.0306
vn -0.9534 -0.2910 -0.0796
vn -0.9527 -0.3035 -0.0162
vn -0.9507 -0.3060 0.0497
vn -0.9984 -0.0145 0.0544
vn -0.9983 -0.0010 0.0581
vn -0.9515 -0.2197 0.2153
vn -0.7896 0.3200 0.5236
vn -0.7556 0.2442 0.6078
vn -0.7546 0.2449 0.6087
vn -0.7852 0.4160 0.4588
vn -0.7471 0.3709 0.5516
vn -0.7461 0.3713 0.5526
vn -0.7855 0.5067 0.3553
vn -0.7450 0.4794 0.4639
vn -0.7440 0.4799 0.4650
vn -0.7657 0.5444 0.3427
vn -0.7246 0.6318 0.2754
vn -0.7666 0.5431 0.3426
vn -0.7558 0.6148 0.2254
vn -0.7115 0.6899 0.1334
vn -0.7566 0.6139 0.2250
vn -0.7490 0.6560 0.0934
vn -0.7092 0.7048 -0.0159
vn -0.7499 0.6550 0.0932
vn -0.7509 0.6588 -0.0453
vn -0.7133 0.6823 -0.1602
vn -0.7519 0.6577 -0.0452
vn -0.7912 0.5531 -0.2611
vn -0.7566 0.6288 -0.1794
vn -0.7556 0.6299 -0.1797
vn -0.7907 0.4862 -0.3721
vn -0.7578 0.5766 -0.3053
vn -0.7568 0.5776 -0.3059
vn -0.7888 0.4010 -0.4657
vn -0.7559 0.5021 -0.4201
vn -0.7549 0.5030 -0.4209
vn -0.7886 0.3029 -0.5351
vn -0.7512 0.4067 -0.5199
vn -0.7502 0.4075 -0.5207
vn -0.7865 0.1796 -0.5909
vn -0.7485 0.2911 -0.5958
vn -0.7476 0.2920 -0.5966
vn -0.7671 0.1580 -0.6218
vn -0.7243 0.0695 -0.6860
vn -0.7680 0.1583 -0.6206
vn -0.7548 0.0244 -0.6555
vn -0.7091 -0.0893 -0.6995
vn -0.7556 0.0244 -0.6545
vn -0.7427 -0.1163 -0.6595
vn -0.7029 -0.2329 -0.6721
vn -0.7437 -0.1165 -0.6583
vn -0.7896 -0.3199 -0.5236
vn -0.7556 -0.2442 -0.6078
vn -0.7547 -0.2449 -0.6087
vn -0.7852 -0.4160 -0.4588
vn -0.7472 -0.3708 -0.5516
vn -0.7462 -0.3712 -0.5527
vn -0.7854 -0.5068 -0.3554
vn -0.7448 -0.4796 -0.4640
vn -0.7438 -0.4800 -0.4651
vn -0.7657 -0.5444 -0.3427
vn -0.7246 -0.6318 -0.2754
vn -0.7666 -0.5432 -0.3426
vn -0.7558 -0.6148 -0.2254
vn -0.7112 -0.6903 -0.1331
vn -0.7566 -0.6139 -0.2250
vn -0.7862 -0.6179 0.0102
vn -0.7508 -0.6540 -0.0926
vn -0.7498 -0.6551 -0.0929
vn -0.7510 -0.6588 0.0452
vn -0.7129 -0.6830 0.1590
vn -0.7519 -0.6577 0.0452
vn -0.7916 -0.5524 0.2613
vn -0.7567 -0.6289 0.1786
vn -0.7557 -0.6300 0.1789
vn -0.7897 -0.4868 0.3732
vn -0.7577 -0.5764 0.3061
vn -0.7567 -0.5773 0.3067
vn -0.7538 -0.5041 0.4214
vn -0.7114 -0.4608 0.5306
vn -0.7547 -0.5034 0.4207
vn -0.7887 -0.3028 0.5351
vn -0.7512 -0.4072 0.5195
vn -0.7502 -0.4080 0.5203
vn -0.7865 -0.1795 0.5909
vn -0.7486 -0.2911 0.5957
vn -0.7476 -0.2920 0.5965
vn -0.7670 -0.1580 0.6218
vn -0.7242 -0.0695 0.6861
vn -0.7679 -0.1583 0.6207
vn -0.7546 -0.0244 0.6557
vn -0.7088 0.0895 0.6997
vn -0.7555 -0.0244 0.6547
vn -0.7426 0.1165 0.6595
vn -0.7029 0.2330 0.6720
vn -0.7436 0.1166 0.6584
vn -0.9925 0.0680 0.1012
vn -0.9925 0.0455 0.1132
vn -0.9925 0.0210 0.1201
vn -0.9925 0.1096 0.0538
vn -0.9925 0.1172 -0.0333
vn -0.9926 -0.0082 -0.1214
vn -0.9926 0.0417 -0.1143
vn -0.9926 -0.0781 -0.0933
vn -0.9926 -0.0453 -0.1127
vn -0.9926 -0.1093 -0.0535
vn -0.9926 -0.1166 0.0334
vn -0.9926 -0.1073 0.0567
vn -0.9925 -0.0420 0.1146
vn 0.1504 0.5078 0.8482
vn -0.9805 0.0284 0.1945
vn -0.0406 -0.5776 -0.8153
vn -0.9805 0.1141 0.1599
vn 0.1533 0.8088 0.5677
vn -0.0450 -0.9466 -0.3194
vn 0.0081 0.9999 0.0093
vn -0.0425 0.8957 -0.4426
vn 0.1524 0.6494 -0.7450
vn 0.1538 0.0878 -0.9842
vn -0.9118 0.1314 -0.3890
vn 0.1535 -0.3205 -0.9347
vn 0.0259 -0.2986 -0.9540
vn 0.0514 -0.5807 -0.8125
vn -0.8931 -0.2612 -0.3662
vn -0.9799 -0.1401 -0.1419
vn 0.1533 -0.8086 -0.5681
vn -0.0552 -0.8836 -0.4650
vn -0.9805 -0.1863 -0.0629
vn -0.0486 0.9851 0.1651
vn -0.0594 0.9518 -0.3009
vn -0.9805 -0.1874 0.0589
vn 0.1539 -0.6493 0.7448
vn -0.0000 0.1726 0.9850
vn -0.4913 0.3350 0.8040
vn -0.4533 0.4971 0.7398
vn -0.4752 0.4878 0.7322
vn -0.4740 0.4932 0.7295
vn -0.4521 0.4970 0.7407
vn -0.4916 0.6177 0.6138
vn -0.4915 0.6348 0.5962
vn -0.4524 0.7558 0.4733
vn -0.4737 0.7446 0.4702
vn -0.4927 0.7426 0.4536
vn -0.4552 0.8359 0.3067
vn -0.4771 0.8238 0.3062
vn -0.4961 0.8181 0.2909
vn -0.4575 0.8801 0.1271
vn -0.4787 0.8686 0.1282
vn -0.4799 0.8695 0.1169
vn -0.4586 0.8803 0.1214
vn -0.4958 0.8669 -0.0520
vn -0.4742 0.8782 -0.0620
vn -0.4526 0.8898 -0.0591
vn -0.4916 0.8410 -0.2258
vn -0.4749 0.8456 -0.2439
vn -0.4534 0.8572 -0.2441
vn -0.4926 0.7739 -0.3980
vn -0.4916 0.7631 -0.4195
vn -0.4526 0.6828 -0.5735
vn -0.4742 0.6765 -0.5634
vn -0.4958 0.6614 -0.5628
vn -0.4586 0.5510 -0.6972
vn -0.4799 0.5464 -0.6864
vn -0.4787 0.5379 -0.6939
vn -0.4575 0.5469 -0.7011
vn -0.4961 0.3887 -0.7764
vn -0.4771 0.3824 -0.7913
vn -0.4552 0.3907 -0.8001
vn -0.4927 0.2217 -0.8415
vn -0.4737 0.2117 -0.8549
vn -0.4524 0.2175 -0.8649
vn -0.4915 0.0451 -0.8697
vn -0.4916 0.0206 -0.8706
vn -0.4521 -0.1544 -0.8785
vn -0.4740 -0.1493 -0.8678
vn -0.4752 -0.1551 -0.8661
vn -0.4534 -0.1537 -0.8780
vn -0.4913 -0.3150 -0.8120
vn -0.4913 -0.3350 -0.8040
vn -0.4534 -0.4967 -0.7401
vn -0.4751 -0.4875 -0.7325
vn -0.4933 -0.4933 -0.7165
vn -0.4545 -0.6394 -0.6202
vn -0.4759 -0.6292 -0.6145
vn -0.4919 -0.6341 -0.5966
vn -0.4525 -0.7564 -0.4724
vn -0.4741 -0.7451 -0.4691
vn -0.4933 -0.7429 -0.4524
vn -0.4545 -0.8364 -0.3062
vn -0.4759 -0.8247 -0.3055
vn -0.4746 -0.8276 -0.2997
vn -0.4534 -0.8370 -0.3063
vn -0.4935 -0.8592 -0.1349
vn -0.4762 -0.8710 -0.1213
vn -0.4546 -0.8817 -0.1261
vn -0.4931 -0.8687 0.0469
vn -0.4929 -0.8673 0.0699
vn -0.4538 -0.8572 0.2436
vn -0.4756 -0.8470 0.2374
vn -0.4762 -0.8451 0.2431
vn -0.4544 -0.8570 0.2430
vn -0.4939 -0.7731 0.3979
vn -0.4756 -0.7755 0.4152
vn -0.4538 -0.7871 0.4178
vn -0.4929 -0.6741 0.5502
vn -0.4932 -0.6592 0.5677
vn -0.4546 -0.5488 0.7015
vn -0.4762 -0.5444 0.6906
vn -0.4935 -0.5265 0.6923
vn -0.4534 -0.3918 0.8006
vn -0.4746 -0.3896 0.7893
vn -0.4759 -0.3835 0.7915
vn -0.4545 -0.3914 0.8001
vn -0.4933 -0.2227 0.8408
vn -0.4741 -0.2127 0.8544
vn -0.4525 -0.2186 0.8645
vn -0.4919 -0.0444 0.8695
vn -0.4759 -0.0284 0.8790
vn -0.4545 -0.0318 0.8902
vn -0.4933 0.1402 0.8585
vn -0.4751 0.1555 0.8661
vn -0.4533 0.1541 0.8779
vn -0.4913 0.3150 0.8120
vn -0.7427 0.3727 0.5563
vn -0.7437 0.3718 0.5556
vn -0.7029 0.2974 0.6461
vn -0.7548 0.4716 0.4560
vn -0.7557 0.4708 0.4553
vn -0.7091 0.4199 0.5664
vn -0.7669 0.5447 0.3393
vn -0.7678 0.5441 0.3382
vn -0.7241 0.5252 0.4469
vn -0.7865 0.5387 0.3020
vn -0.7476 0.6237 0.2282
vn -0.7486 0.6225 0.2282
vn -0.7887 0.5889 0.1764
vn -0.7503 0.6545 0.0935
vn -0.7512 0.6534 0.0935
vn -0.7887 0.6120 0.0582
vn -0.7547 0.6545 -0.0446
vn -0.7557 0.6534 -0.0446
vn -0.7907 0.6084 -0.0683
vn -0.7569 0.6285 -0.1792
vn -0.7578 0.6274 -0.1790
vn -0.7547 0.5798 -0.3070
vn -0.7557 0.5788 -0.3065
vn -0.7153 0.6614 -0.2255
vn -0.7510 0.5065 -0.4235
vn -0.7520 0.5057 -0.4228
vn -0.7134 0.6031 -0.3569
vn -0.7488 0.4087 -0.5218
vn -0.7497 0.4082 -0.5209
vn -0.7091 0.5196 -0.4766
vn -0.7558 0.2875 -0.5883
vn -0.7567 0.2871 -0.5874
vn -0.7116 0.4054 -0.5739
vn -0.7658 0.1554 -0.6241
vn -0.7667 0.1546 -0.6231
vn -0.7247 0.2650 -0.6361
vn -0.7855 0.1195 -0.6072
vn -0.7439 0.0242 -0.6679
vn -0.7448 0.0247 -0.6668
vn -0.7851 -0.0176 -0.6191
vn -0.7461 -0.1148 -0.6558
vn -0.7471 -0.1143 -0.6548
vn -0.7896 -0.1316 -0.5993
vn -0.7547 -0.2448 -0.6087
vn -0.7556 -0.2447 -0.6076
vn -0.7427 -0.3726 -0.5564
vn -0.7437 -0.3717 -0.5557
vn -0.7030 -0.2972 -0.6461
vn -0.7546 -0.4717 -0.4561
vn -0.7555 -0.4710 -0.4554
vn -0.7089 -0.4199 -0.5667
vn -0.7670 -0.5446 -0.3393
vn -0.7679 -0.5441 -0.3382
vn -0.7242 -0.5252 -0.4469
vn -0.7865 -0.5387 -0.3020
vn -0.7476 -0.6237 -0.2282
vn -0.7485 -0.6226 -0.2283
vn -0.7887 -0.5890 -0.1764
vn -0.7503 -0.6545 -0.0928
vn -0.7513 -0.6534 -0.0928
vn -0.7539 -0.6555 0.0451
vn -0.7548 -0.6544 0.0451
vn -0.7114 -0.6999 -0.0637
vn -0.7898 -0.6096 0.0678
vn -0.7568 -0.6288 0.1785
vn -0.7578 -0.6277 0.1783
vn -0.7546 -0.5795 0.3077
vn -0.7556 -0.5785 0.3072
vn -0.7148 -0.6621 0.2252
vn -0.7510 -0.5066 0.4235
vn -0.7519 -0.5058 0.4228
vn -0.7129 -0.6029 0.3582
vn -0.7861 -0.4529 0.4206
vn -0.7498 -0.4083 0.5207
vn -0.7508 -0.4077 0.5197
vn -0.7558 -0.2875 0.5883
vn -0.7567 -0.2871 0.5874
vn -0.7112 -0.4059 0.5740
vn -0.7657 -0.1554 0.6242
vn -0.7666 -0.1546 0.6233
vn -0.7246 -0.2651 0.6361
vn -0.7854 -0.1194 0.6074
vn -0.7437 -0.0242 0.6681
vn -0.7447 -0.0247 0.6669
vn -0.7851 0.0176 0.6191
vn -0.7461 0.1149 0.6558
vn -0.7471 0.1145 0.6547
vn -0.7896 0.1318 0.5993
vn -0.7547 0.2448 0.6088
vn -0.7556 0.2447 0.6076
vt 0.462023 0.262640
vt 0.436790 0.755426
vt 0.445167 0.262640
vt 0.478878 0.262640
vt 0.470451 0.755426
vt 0.495631 0.262640
vt 0.512487 0.262640
vt 0.504059 0.755426
vt 0.470451 0.938359
vt 0.436790 0.858677
vt 0.470451 0.858677
vt 0.504059 0.858676
vt 0.504059 0.938359
vt 0.462023 0.101116
vt 0.445167 0.149051
vt 0.445167 0.101116
vt 0.478878 0.101116
vt 0.462023 0.149051
vt 0.495631 0.101116
vt 0.478878 0.149051
vt 0.445167 0.050319
vt 0.478878 0.050319
vt 0.445167 0.196986
vt 0.462023 0.196986
vt 0.478878 0.196985
vt 0.495631 0.196985
vt 0.495631 0.149051
vt 0.336247 0.940095
vt 0.338356 0.940469
vt 0.336247 0.940469
vt 0.338356 0.940095
vt 0.339938 0.940469
vt 0.537720 0.755426
vt 0.529343 0.262640
vt 0.546096 0.262640
vt 0.537720 0.858676
vt 0.537720 0.938359
vt 0.512487 0.149051
vt 0.512487 0.101116
vt 0.529343 0.149051
vt 0.546096 0.101116
vt 0.529343 0.101116
vt 0.512487 0.050319
vt 0.546096 0.050319
vt 0.512487 0.196985
vt 0.529343 0.196985
vt 0.546096 0.196985
vt 0.546096 0.149051
vt 0.277167 0.940095
vt 0.279276 0.940469
vt 0.277167 0.940469
vt 0.369521 0.755427
vt 0.344340 0.262640
vt 0.361093 0.262640
vt 0.377949 0.262640
vt 0.394805 0.262640
vt 0.411558 0.262640
vt 0.403181 0.755426
vt 0.335912 0.938359
vt 0.369521 0.858677
vt 0.369521 0.938359
vt 0.403181 0.858677
vt 0.403181 0.938359
vt 0.361093 0.101116
vt 0.344340 0.149051
vt 0.344340 0.101116
vt 0.377949 0.101116
vt 0.361093 0.149051
vt 0.394805 0.149051
vt 0.377949 0.149051
vt 0.344340 0.050319
vt 0.361093 0.050319
vt 0.394805 0.050319
vt 0.394805 0.101116
vt 0.335912 0.755427
vt 0.335912 0.858677
vt 0.361093 0.196986
vt 0.377949 0.196986
vt 0.394805 0.196986
vt 0.344340 0.196986
vt 0.329920 0.940095
vt 0.332029 0.940469
vt 0.329920 0.940469
vt 0.332029 0.940095
vt 0.334138 0.940469
vt 0.428414 0.262640
vt 0.436790 0.938359
vt 0.411558 0.149051
vt 0.428414 0.101116
vt 0.411558 0.101116
vt 0.428414 0.149051
vt 0.411558 0.050319
vt 0.428414 0.050319
vt 0.411558 0.196986
vt 0.428414 0.196986
vt 0.268643 0.755427
vt 0.243410 0.262641
vt 0.260266 0.262641
vt 0.277019 0.262640
vt 0.293875 0.262640
vt 0.310628 0.262640
vt 0.302252 0.755427
vt 0.234982 0.938359
vt 0.268643 0.858677
vt 0.268643 0.938359
vt 0.302252 0.858677
vt 0.302252 0.938359
vt 0.260266 0.101117
vt 0.243410 0.149052
vt 0.243410 0.101117
vt 0.277019 0.101117
vt 0.260266 0.149052
vt 0.293875 0.149051
vt 0.277019 0.149051
vt 0.243410 0.050320
vt 0.277019 0.050320
vt 0.293875 0.050319
vt 0.293875 0.101116
vt 0.234982 0.755427
vt 0.234982 0.858677
vt 0.260266 0.196986
vt 0.277019 0.196986
vt 0.293875 0.196986
vt 0.323592 0.940095
vt 0.325701 0.940469
vt 0.323592 0.940469
vt 0.327811 0.940095
vt 0.327811 0.940469
vt 0.327484 0.262640
vt 0.310628 0.149051
vt 0.327484 0.101116
vt 0.310628 0.101116
vt 0.327484 0.149051
vt 0.310628 0.050319
vt 0.327484 0.050319
vt 0.310628 0.196986
vt 0.327484 0.196986
vt 0.159337 0.262641
vt 0.134105 0.755427
vt 0.142481 0.262641
vt 0.176090 0.262641
vt 0.167713 0.755427
vt 0.201373 0.755427
vt 0.192946 0.262641
vt 0.209801 0.262641
vt 0.167713 0.938359
vt 0.134105 0.858677
vt 0.167713 0.858677
vt 0.201373 0.938359
vt 0.201373 0.858677
vt 0.142481 0.101117
vt 0.159337 0.149052
vt 0.142481 0.149052
vt 0.159337 0.101117
vt 0.176090 0.149052
vt 0.192946 0.101117
vt 0.176090 0.101117
vt 0.159337 0.050320
vt 0.176090 0.050320
vt 0.192946 0.050320
vt 0.142481 0.196986
vt 0.159337 0.196986
vt 0.176090 0.196986
vt 0.192946 0.196986
vt 0.192946 0.149052
vt 0.317265 0.940095
vt 0.319374 0.940469
vt 0.317265 0.940469
vt 0.319374 0.940095
vt 0.321483 0.940469
vt 0.226555 0.262641
vt 0.209801 0.149052
vt 0.209801 0.101117
vt 0.226555 0.149052
vt 0.226554 0.101117
vt 0.209801 0.050320
vt 0.226554 0.050320
vt 0.209801 0.196986
vt 0.226555 0.196986
vt 0.243410 0.196986
vt 0.321483 0.940095
vt 0.066835 0.755427
vt 0.041551 0.262641
vt 0.058407 0.262641
vt 0.075263 0.262641
vt 0.092016 0.262641
vt 0.108872 0.262641
vt 0.100444 0.755427
vt 0.066835 0.938359
vt 0.033175 0.858677
vt 0.066835 0.858677
vt 0.100444 0.938359
vt 0.100444 0.858677
vt 0.058407 0.101117
vt 0.041551 0.149052
vt 0.041551 0.101117
vt 0.075263 0.149052
vt 0.058407 0.149052
vt 0.075263 0.101117
vt 0.092016 0.149052
vt 0.058407 0.050320
vt 0.075263 0.050320
vt 0.092016 0.050320
vt 0.092016 0.101117
vt 0.033175 0.755427
vt 0.058407 0.196987
vt 0.075263 0.196986
vt 0.092016 0.196986
vt 0.310937 0.940469
vt 0.313047 0.940095
vt 0.313047 0.940469
vt 0.315156 0.940095
vt 0.315156 0.940469
vt 0.125728 0.262641
vt 0.134105 0.938359
vt 0.108872 0.101117
vt 0.125728 0.101117
vt 0.108872 0.149052
vt 0.125728 0.149052
vt 0.125728 0.050320
vt 0.142481 0.050320
vt 0.108872 0.196986
vt 0.125728 0.196986
vt 0.972888 0.755426
vt 0.949403 0.262640
vt 0.965334 0.262640
vt 0.980443 0.262640
vt 1.000038 0.755425
vt 0.995140 0.262640
vt 0.008148 0.262641
vt 0.000080 0.755427
vt -0.007988 0.262641
vt 0.972888 0.938359
vt 0.941130 0.858676
vt 0.972888 0.858676
vt 1.000038 0.858676
vt 1.000038 0.938359
vt 0.949403 0.101116
vt 0.965334 0.149051
vt 0.949403 0.149051
vt 0.980443 0.101116
vt 0.965334 0.101116
vt 0.995140 0.101116
vt 0.980443 0.149051
vt 0.965334 0.050319
vt 0.980443 0.050319
vt 0.941130 0.755426
vt 0.965334 0.196985
vt 0.980443 0.196985
vt 0.995140 0.196985
vt 0.949403 0.196985
vt 0.995140 0.149051
vt 0.304610 0.940095
vt 0.306719 0.940469
vt 0.304610 0.940469
vt 0.308828 0.940095
vt 0.308828 0.940469
vt 0.024798 0.262641
vt 0.033175 0.938359
vt 0.000080 0.858677
vt -0.007988 0.101117
vt 0.008148 0.149052
vt -0.007988 0.149052
vt 0.008148 0.101117
vt 0.024798 0.149052
vt 0.024798 0.101117
vt 0.008148 0.050320
vt 0.024798 0.050320
vt -0.007988 0.196987
vt 0.008148 0.196987
vt 0.024798 0.196987
vt 0.041551 0.196987
vt 0.310937 0.940095
vt 0.865638 0.262640
vt 0.840406 0.755426
vt 0.848782 0.262640
vt 0.882494 0.262640
vt 0.874066 0.755426
vt 0.907675 0.755426
vt 0.899247 0.262640
vt 0.916103 0.262640
vt 0.840406 0.938359
vt 0.874066 0.858676
vt 0.874066 0.938359
vt 0.907675 0.858676
vt 0.907675 0.938359
vt 0.848782 0.101116
vt 0.865638 0.149051
vt 0.848782 0.149051
vt 0.865638 0.101116
vt 0.882494 0.149051
vt 0.899247 0.101116
vt 0.882494 0.101116
vt 0.848782 0.050319
vt 0.865638 0.050319
vt 0.899247 0.050319
vt 0.840406 0.858676
vt 0.848782 0.196985
vt 0.865638 0.196985
vt 0.882494 0.196985
vt 0.899247 0.196985
vt 0.899247 0.149051
vt 0.298282 0.940469
vt 0.300392 0.940095
vt 0.300392 0.940469
vt 0.302501 0.940469
vt 0.932856 0.262640
vt 0.941130 0.938359
vt 0.916103 0.149051
vt 0.916103 0.101116
vt 0.932856 0.149051
vt 0.932856 0.101116
vt 0.916103 0.050319
vt 0.932856 0.050319
vt 0.916103 0.196985
vt 0.932856 0.196985
vt 0.302501 0.940095
vt 0.764708 0.262640
vt 0.739527 0.755426
vt 0.747955 0.262640
vt 0.781564 0.262640
vt 0.773136 0.755426
vt 0.798420 0.262640
vt 0.815173 0.262640
vt 0.806797 0.755426
vt 0.773136 0.938359
vt 0.739527 0.858676
vt 0.773136 0.858676
vt 0.806797 0.938359
vt 0.806797 0.858676
vt 0.764708 0.101116
vt 0.747955 0.149051
vt 0.747955 0.101116
vt 0.781564 0.101116
vt 0.764708 0.149051
vt 0.798420 0.149051
vt 0.781564 0.149051
vt 0.747955 0.050319
vt 0.781564 0.050319
vt 0.798420 0.050319
vt 0.798420 0.101116
vt 0.764708 0.196985
vt 0.781564 0.196985
vt 0.798420 0.196985
vt 0.291951 0.940095
vt 0.294064 0.940469
vt 0.291951 0.940469
vt 0.294064 0.940095
vt 0.296173 0.940469
vt 0.832029 0.262640
vt 0.815173 0.149051
vt 0.832029 0.101116
vt 0.815173 0.101116
vt 0.832029 0.149051
vt 0.815173 0.050319
vt 0.832029 0.050319
vt 0.815173 0.196985
vt 0.832029 0.196985
vt 0.298282 0.940095
vt 0.663882 0.262640
vt 0.638598 0.755426
vt 0.647026 0.262640
vt 0.680635 0.262640
vt 0.672258 0.755426
vt 0.705867 0.755426
vt 0.697491 0.262640
vt 0.714244 0.262640
vt 0.638598 0.938359
vt 0.672258 0.858676
vt 0.672258 0.938359
vt 0.705867 0.858676
vt 0.705867 0.938359
vt 0.647026 0.101117
vt 0.663882 0.149051
vt 0.647026 0.149051
vt 0.663882 0.101117
vt 0.680635 0.149051
vt 0.697491 0.101116
vt 0.680635 0.101117
vt 0.663882 0.050320
vt 0.680635 0.050320
vt 0.697491 0.050319
vt 0.638598 0.858676
vt 0.647026 0.196986
vt 0.663882 0.196986
vt 0.680635 0.196986
vt 0.697491 0.196985
vt 0.697491 0.149051
vt 0.285603 0.940469
vt 0.287712 0.940095
vt 0.287712 0.940469
vt 0.289822 0.940469
vt 0.731099 0.262640
vt 0.739527 0.938359
vt 0.714244 0.101116
vt 0.731099 0.101116
vt 0.714244 0.149051
vt 0.731099 0.149051
vt 0.714244 0.050319
vt 0.714244 0.196985
vt 0.731099 0.196985
vt 0.747955 0.196985
vt 0.562952 0.262640
vt 0.579705 0.262640
vt 0.571329 0.755426
vt 0.604989 0.755426
vt 0.596561 0.262640
vt 0.613417 0.262640
vt 0.571329 0.938359
vt 0.571329 0.858676
vt 0.604989 0.938359
vt 0.604989 0.858676
vt 0.562952 0.101116
vt 0.579705 0.101116
vt 0.562952 0.149051
vt 0.596561 0.101116
vt 0.579705 0.149051
vt 0.562952 0.050319
vt 0.579705 0.050319
vt 0.562952 0.196985
vt 0.579705 0.196985
vt 0.596561 0.196985
vt 0.596561 0.149051
vt 0.281385 0.940095
vt 0.281385 0.940469
vt 0.283494 0.940095
vt 0.283494 0.940469
vt 0.630170 0.262640
vt 0.613417 0.149051
vt 0.613417 0.101116
vt 0.630170 0.149051
vt 0.630170 0.101117
vt 0.596561 0.050319
vt 0.630170 0.050320
vt 0.647026 0.050320
vt 0.613417 0.196985
vt 0.630170 0.196986
vt 0.285603 0.940095
vt 0.115126 0.298478
vt 0.119350 0.297802
vt 0.118962 0.296417
vt 0.111392 0.301182
vt 0.115430 0.299931
vt 0.111206 0.299729
vt 0.107337 0.301621
vt 0.114721 0.294727
vt 0.107235 0.296214
vt 0.107235 0.300134
vt 0.115667 0.301452
vt 0.111544 0.302770
vt 0.107387 0.303209
vt 0.114247 0.294118
vt 0.110986 0.295808
vt 0.110108 0.248156
vt 0.108198 0.250724
vt 0.111054 0.249846
vt 0.107235 0.286818
vt 0.110969 0.294963
vt 0.110902 0.286616
vt 0.107235 0.278471
vt 0.107235 0.259342
vt 0.111172 0.275024
vt 0.107506 0.268805
vt 0.107522 0.277051
vt 0.107691 0.278200
vt 0.114433 0.282763
vt 0.111443 0.276105
vt 0.117323 0.288677
vt 0.111290 0.286075
vt 0.114636 0.293442
vt 0.111274 0.250859
vt 0.109888 0.259072
vt 0.111764 0.254104
vt 0.115261 0.293645
vt 0.118252 0.292057
vt 0.117762 0.289015
vt 0.112642 0.267960
vt 0.110023 0.260390
vt 0.110682 0.267521
vt 0.113065 0.272692
vt 0.111443 0.274855
vt 0.115109 0.277930
vt 0.111730 0.276004
vt 0.114653 0.282526
vt 0.112254 0.261911
vt 0.111899 0.254678
vt 0.110158 0.259173
vt 0.116782 0.281986
vt 0.117492 0.288305
vt 0.336247 0.970181
vt 0.338356 0.970825
vt 0.336247 0.970825
vt 0.339938 0.970181
vt 0.338356 0.970181
vt 0.104022 0.241070
vt 0.106777 0.252385
vt 0.106809 0.241950
vt 0.102424 0.251016
vt 0.102424 0.253037
vt 0.106777 0.254440
vt 0.338356 0.972580
vt 0.336247 0.972580
vt 0.339938 0.970825
vt 0.339938 0.972580
vt 0.338356 0.987506
vt 0.336247 0.987506
vt 0.339938 0.987506
vt 0.101462 0.291370
vt 0.096538 0.287179
vt 0.094582 0.287701
vt 0.096962 0.286756
vt 0.101641 0.288924
vt 0.108554 0.292120
vt 0.108489 0.289641
vt 0.099603 0.280494
vt 0.103744 0.281962
vt 0.106777 0.282288
vt 0.110412 0.267588
vt 0.107522 0.260626
vt 0.104070 0.259103
vt 0.106777 0.267190
vt 0.106777 0.259494
vt 0.096832 0.286201
vt 0.103956 0.257961
vt 0.102293 0.253461
vt 0.106777 0.258548
vt 0.103264 0.299729
vt 0.099328 0.298478
vt 0.103264 0.301182
vt 0.095492 0.296417
vt 0.099243 0.299931
vt 0.099733 0.294727
vt 0.096083 0.292767
vt 0.103214 0.302770
vt 0.099091 0.301452
vt 0.095069 0.299323
vt 0.095306 0.297802
vt 0.106272 0.250724
vt 0.104346 0.248156
vt 0.103417 0.249846
vt 0.103484 0.294963
vt 0.103569 0.286616
vt 0.100307 0.293916
vt 0.103298 0.275024
vt 0.106965 0.268805
vt 0.104042 0.267588
vt 0.100020 0.282763
vt 0.106762 0.278200
vt 0.103011 0.276105
vt 0.097131 0.288677
vt 0.103180 0.286075
vt 0.103197 0.250859
vt 0.104582 0.259072
vt 0.106610 0.259275
vt 0.099192 0.293645
vt 0.096708 0.289015
vt 0.096202 0.292057
vt 0.102048 0.268129
vt 0.104430 0.260390
vt 0.102589 0.262958
vt 0.101541 0.272725
vt 0.103771 0.267521
vt 0.099395 0.277795
vt 0.102741 0.276004
vt 0.101355 0.273469
vt 0.102521 0.262147
vt 0.102572 0.254678
vt 0.101727 0.258869
vt 0.097756 0.281648
vt 0.099801 0.282526
vt 0.277167 0.970181
vt 0.279276 0.970825
vt 0.277167 0.970825
vt 0.109597 0.241070
vt 0.111130 0.251016
vt 0.111130 0.253037
vt 0.111407 0.252744
vt 0.277167 0.972580
vt 0.279276 0.972580
vt 0.277167 0.987506
vt 0.279276 0.987506
vt 0.113592 0.288386
vt 0.115573 0.289886
vt 0.116592 0.286756
vt 0.109809 0.281962
vt 0.113934 0.280494
vt 0.106948 0.260626
vt 0.109467 0.259103
vt 0.110184 0.266505
vt 0.116722 0.286201
vt 0.111260 0.253461
vt 0.109597 0.257961
vt 0.117998 0.288238
vt 0.117779 0.288136
vt 0.111679 0.249406
vt 0.109753 0.260390
vt 0.107235 0.260626
vt 0.107235 0.277051
vt 0.112355 0.253732
vt 0.101804 0.253135
vt 0.102130 0.252744
vt 0.101821 0.252646
vt 0.096603 0.286038
vt 0.096343 0.286332
vt 0.106777 0.275016
vt 0.102717 0.273125
vt 0.102473 0.274136
vt 0.103028 0.274855
vt 0.104295 0.259173
vt 0.099817 0.293442
vt 0.110836 0.273092
vt 0.111081 0.274136
vt 0.116951 0.281884
vt 0.107843 0.259275
vt 0.107235 0.268805
vt 0.118370 0.292767
vt 0.112169 0.262722
vt 0.113234 0.273401
vt 0.112423 0.254340
vt 0.112575 0.258700
vt 0.112946 0.258464
vt 0.106931 0.277051
vt 0.104718 0.260390
vt 0.102690 0.254104
vt 0.096962 0.288305
vt 0.107235 0.295335
vt 0.103467 0.295808
vt 0.108114 0.246162
vt 0.109956 0.247074
vt 0.109770 0.245621
vt 0.104515 0.247074
vt 0.106365 0.246162
vt 0.104718 0.245621
vt 0.021173 0.197952
vt 0.019303 0.198687
vt 0.021173 0.199288
vt 0.024980 0.198654
vt 0.023026 0.197919
vt 0.023127 0.199255
vt 0.108198 0.248223
vt 0.108165 0.247615
vt 0.106272 0.248223
vt 0.104430 0.247649
vt 0.024730 0.197117
vt 0.024780 0.197351
vt 0.019453 0.197117
vt 0.019420 0.197384
vt 0.106777 0.273744
vt 0.103369 0.266505
vt 0.020505 0.188133
vt 0.021156 0.197652
vt 0.021565 0.188467
vt 0.108198 0.248764
vt 0.017592 0.237451
vt 0.016641 0.236261
vt 0.016571 0.237126
vt 0.019667 0.237094
vt 0.018581 0.236553
vt 0.018646 0.237418
vt 0.023577 0.187065
vt 0.022642 0.188467
vt 0.023711 0.188150
vt 0.020622 0.187098
vt 0.021607 0.187399
vt 0.018095 0.233819
vt 0.019527 0.236251
vt 0.019586 0.233365
vt 0.016587 0.233365
vt 0.017592 0.236553
vt 0.019295 0.231549
vt 0.018095 0.233559
vt 0.019538 0.233105
vt 0.016636 0.233105
vt 0.018095 0.231921
vt 0.016879 0.231549
vt 0.018079 0.231322
vt 0.019197 0.230965
vt 0.016976 0.230965
vt 0.053333 0.187672
vt 0.055661 0.184157
vt 0.053294 0.184956
vt 0.050965 0.184237
vt 0.111949 0.246973
vt 0.026516 0.195982
vt 0.024738 0.187516
vt 0.111730 0.245891
vt 0.111434 0.244540
vt 0.026850 0.197418
vt 0.026566 0.196216
vt 0.110023 0.247649
vt 0.106272 0.248764
vt 0.106289 0.247615
vt 0.023026 0.197652
vt 0.020478 0.235645
vt 0.020673 0.236445
vt 0.022592 0.187399
vt 0.106852 0.241661
vt 0.106852 0.224418
vt 0.104187 0.240828
vt 0.109518 0.240828
vt 0.137954 0.268839
vt 0.136247 0.275936
vt 0.138815 0.269616
vt 0.132631 0.280634
vt 0.135453 0.275024
vt 0.129556 0.285636
vt 0.133375 0.281681
vt 0.136399 0.266575
vt 0.134017 0.272455
vt 0.131330 0.277727
vt 0.137007 0.277018
vt 0.134050 0.282864
vt 0.130198 0.286785
vt 0.130806 0.288069
vt 0.133459 0.272523
vt 0.116613 0.240214
vt 0.115802 0.244540
vt 0.117846 0.240450
vt 0.125636 0.274855
vt 0.131043 0.277051
vt 0.128542 0.270360
vt 0.123186 0.268095
vt 0.117559 0.252617
vt 0.125349 0.260694
vt 0.120567 0.259984
vt 0.123000 0.266608
vt 0.123473 0.267352
vt 0.130282 0.263094
vt 0.125889 0.261235
vt 0.134338 0.264479
vt 0.128694 0.269481
vt 0.133577 0.271509
vt 0.118336 0.241025
vt 0.119621 0.249305
vt 0.119688 0.243052
vt 0.134152 0.270934
vt 0.136095 0.266135
vt 0.134794 0.264243
vt 0.124014 0.253326
vt 0.120127 0.250183
vt 0.122763 0.255185
vt 0.125450 0.256165
vt 0.125518 0.260221
vt 0.128137 0.257585
vt 0.126092 0.260829
vt 0.130384 0.262654
vt 0.122307 0.249508
vt 0.119959 0.243357
vt 0.119891 0.249034
vt 0.130401 0.258396
vt 0.134371 0.264006
vt 0.332029 0.970181
vt 0.329920 0.970825
vt 0.329920 0.970181
vt 0.334138 0.970181
vt 0.332029 0.970825
vt 0.099505 0.234613
vt 0.098495 0.247005
vt 0.101494 0.238559
vt 0.095381 0.240776
vt 0.094777 0.242407
vt 0.097891 0.248635
vt 0.332029 0.972580
vt 0.329920 0.972580
vt 0.334138 0.972580
vt 0.329920 0.987506
vt 0.332029 0.987506
vt 0.334138 0.987506
vt 0.082729 0.272293
vt 0.079990 0.263114
vt 0.078254 0.261239
vt 0.080447 0.263244
vt 0.083601 0.270532
vt 0.088933 0.279157
vt 0.084425 0.261320
vt 0.087343 0.267353
vt 0.089707 0.271168
vt 0.122561 0.255557
vt 0.118167 0.253326
vt 0.094337 0.249255
vt 0.094142 0.258972
vt 0.096408 0.252744
vt 0.080512 0.262657
vt 0.094566 0.248179
vt 0.094549 0.242602
vt 0.096685 0.251994
vt 0.126785 0.291212
vt 0.122679 0.293578
vt 0.126210 0.289961
vt 0.123152 0.294896
vt 0.128390 0.282459
vt 0.121885 0.290063
vt 0.127309 0.292598
vt 0.123591 0.296349
vt 0.119705 0.299323
vt 0.114247 0.246804
vt 0.124994 0.285838
vt 0.122594 0.278978
vt 0.122121 0.288745
vt 0.118979 0.269954
vt 0.120127 0.260626
vt 0.117407 0.263026
vt 0.118607 0.280059
vt 0.122730 0.268433
vt 0.119080 0.271137
vt 0.122138 0.279045
vt 0.111797 0.250521
vt 0.115346 0.255523
vt 0.117035 0.253293
vt 0.121141 0.289826
vt 0.116359 0.266034
vt 0.115599 0.256740
vt 0.115312 0.261167
vt 0.117272 0.270360
vt 0.117171 0.263296
vt 0.117052 0.277220
vt 0.118826 0.271407
vt 0.117356 0.271171
vt 0.115025 0.260626
vt 0.118370 0.280127
vt 0.334138 0.970825
vt 0.088256 0.281228
vt 0.093424 0.284147
vt 0.092250 0.274494
vt 0.096033 0.278179
vt 0.117711 0.254002
vt 0.098707 0.255581
vt 0.097093 0.262429
vt 0.099131 0.254831
vt 0.134760 0.263330
vt 0.134540 0.263533
vt 0.118235 0.239369
vt 0.119908 0.250521
vt 0.117931 0.253664
vt 0.122763 0.266946
vt 0.120043 0.242072
vt 0.094256 0.241755
vt 0.094631 0.241852
vt 0.094402 0.241396
vt 0.080365 0.262266
vt 0.080072 0.262201
vt 0.091843 0.265331
vt 0.089104 0.259005
vt 0.088615 0.259527
vt 0.118708 0.270123
vt 0.115143 0.255929
vt 0.121581 0.288914
vt 0.095690 0.268527
vt 0.095593 0.269668
vt 0.130468 0.258159
vt 0.118032 0.251840
vt 0.120347 0.260288
vt 0.118657 0.240112
vt 0.122425 0.250150
vt 0.125720 0.256470
vt 0.120280 0.242478
vt 0.122307 0.246060
vt 0.122476 0.245553
vt 0.122527 0.267284
vt 0.115836 0.256436
vt 0.128137 0.281749
vt 0.125230 0.286548
vt 0.114856 0.242072
vt 0.115515 0.238575
vt 0.114332 0.240957
vt 0.112921 0.243002
vt 0.028136 0.194646
vt 0.028536 0.195715
vt 0.030891 0.189904
vt 0.030106 0.193377
vt 0.031442 0.190705
vt 0.115075 0.242512
vt 0.116140 0.239504
vt 0.111865 0.246432
vt 0.113352 0.244269
vt 0.030774 0.189770
vt 0.029639 0.192442
vt 0.028052 0.194412
vt 0.092218 0.264288
vt 0.091598 0.254407
vt 0.025681 0.186497
vt 0.115227 0.242951
vt 0.113673 0.245215
vt 0.021332 0.234791
vt 0.021597 0.235505
vt 0.023186 0.232748
vt 0.022143 0.233624
vt 0.022456 0.234240
vt 0.026524 0.185211
vt 0.026900 0.183024
vt 0.026199 0.184426
vt 0.025397 0.185595
vt 0.024512 0.186464
vt 0.020932 0.231970
vt 0.022829 0.232284
vt 0.022002 0.229830
vt 0.021232 0.228711
vt 0.020867 0.231776
vt 0.021905 0.229668
vt 0.020373 0.230430
vt 0.020202 0.229960
vt 0.020997 0.228371
vt 0.058503 0.184317
vt 0.059529 0.178724
vt 0.057792 0.182000
vt 0.117745 0.237071
vt 0.027952 0.182005
vt 0.027318 0.183708
vt 0.116537 0.235719
vt 0.031993 0.186898
vt 0.116376 0.239876
vt 0.117238 0.236462
vt 0.031876 0.186731
vt 0.113504 0.244776
vt 0.029555 0.192208
vt 0.023407 0.230651
vt 0.023802 0.230997
vt 0.027485 0.181421
vt 0.101772 0.238329
vt 0.099856 0.234497
vt 0.145202 0.224194
vt 0.146030 0.232103
vt 0.146250 0.223992
vt 0.145000 0.232136
vt 0.145388 0.240112
vt 0.143344 0.247649
vt 0.144374 0.239977
vt 0.143276 0.224194
vt 0.143090 0.231731
vt 0.142448 0.239166
vt 0.147247 0.224025
vt 0.147027 0.232305
vt 0.146368 0.240484
vt 0.145287 0.248494
vt 0.144341 0.247987
vt 0.142651 0.232441
vt 0.119519 0.226121
vt 0.120144 0.230548
vt 0.120601 0.224870
vt 0.137007 0.243559
vt 0.142026 0.238963
vt 0.138038 0.236496
vt 0.133037 0.240957
vt 0.123946 0.235043
vt 0.132614 0.232407
vt 0.128525 0.237476
vt 0.132445 0.239977
vt 0.133054 0.239977
vt 0.137312 0.228588
vt 0.133223 0.232204
vt 0.141012 0.224904
vt 0.137920 0.235617
vt 0.142448 0.231494
vt 0.121158 0.224735
vt 0.124639 0.229940
vt 0.122848 0.224803
vt 0.142735 0.230379
vt 0.142904 0.224194
vt 0.141299 0.224194
vt 0.129640 0.227472
vt 0.125298 0.230041
vt 0.128897 0.230987
vt 0.131938 0.227878
vt 0.132614 0.231866
vt 0.134980 0.226019
vt 0.133256 0.231663
vt 0.137261 0.228081
vt 0.126751 0.226695
vt 0.123169 0.224735
vt 0.124774 0.229433
vt 0.137413 0.224194
vt 0.140894 0.224498
vt 0.323592 0.970181
vt 0.325701 0.970825
vt 0.323592 0.970825
vt 0.327811 0.970181
vt 0.325701 0.970181
vt 0.097777 0.224146
vt 0.093375 0.232918
vt 0.098218 0.229624
vt 0.092691 0.224211
vt 0.091712 0.224830
vt 0.092397 0.233537
vt 0.325701 0.972580
vt 0.323592 0.972580
vt 0.327811 0.972580
vt 0.323592 0.987506
vt 0.325701 0.987506
vt 0.327811 0.987506
vt 0.073192 0.234841
vt 0.073664 0.224211
vt 0.072817 0.220640
vt 0.074007 0.224830
vt 0.074406 0.234450
vt 0.075026 0.248570
vt 0.076183 0.247673
vt 0.077789 0.227961
vt 0.078376 0.236276
vt 0.079159 0.242146
vt 0.128846 0.231562
vt 0.124639 0.234908
vt 0.089348 0.229852
vt 0.086332 0.237483
vt 0.090001 0.235102
vt 0.074219 0.224439
vt 0.089838 0.229265
vt 0.091484 0.224700
vt 0.090441 0.234809
vt 0.142887 0.255557
vt 0.141924 0.255084
vt 0.141029 0.262789
vt 0.140116 0.262181
vt 0.140116 0.253496
vt 0.138444 0.260255
vt 0.143800 0.256233
vt 0.141891 0.263601
vt 0.139626 0.270562
vt 0.119553 0.234232
vt 0.139728 0.253158
vt 0.135774 0.250454
vt 0.138241 0.258903
vt 0.130181 0.247378
vt 0.128373 0.238490
vt 0.126869 0.243661
vt 0.132851 0.255996
vt 0.132766 0.241768
vt 0.130620 0.248257
vt 0.135402 0.251028
vt 0.123000 0.240011
vt 0.123710 0.236192
vt 0.137768 0.260931
vt 0.126244 0.246770
vt 0.123574 0.240687
vt 0.124352 0.244540
vt 0.127934 0.248798
vt 0.126768 0.244168
vt 0.129404 0.253833
vt 0.130485 0.248764
vt 0.128170 0.249271
vt 0.124014 0.244472
vt 0.132682 0.256368
vt 0.327811 0.970825
vt 0.078360 0.257016
vt 0.080251 0.247820
vt 0.082224 0.255222
vt 0.124453 0.235989
vt 0.091011 0.240124
vt 0.087702 0.243744
vt 0.091598 0.239994
vt 0.141012 0.223485
vt 0.140894 0.223890
vt 0.120601 0.223518
vt 0.125213 0.230582
vt 0.124554 0.235448
vt 0.132361 0.240518
vt 0.122848 0.223586
vt 0.091484 0.223689
vt 0.091761 0.224211
vt 0.091712 0.223559
vt 0.074219 0.223950
vt 0.074007 0.223559
vt 0.082599 0.239896
vt 0.082256 0.231580
vt 0.081702 0.231417
vt 0.130012 0.247852
vt 0.122949 0.240585
vt 0.137869 0.259680
vt 0.084783 0.247037
vt 0.084360 0.247820
vt 0.137413 0.223958
vt 0.124098 0.233860
vt 0.128458 0.237983
vt 0.132276 0.241092
vt 0.121158 0.223620
vt 0.127089 0.226999
vt 0.132310 0.227810
vt 0.125636 0.223823
vt 0.125636 0.224329
vt 0.123659 0.240146
vt 0.141063 0.246162
vt 0.141468 0.246432
vt 0.117838 0.229382
vt 0.118928 0.226121
vt 0.118100 0.226070
vt 0.117306 0.232728
vt 0.032811 0.183758
vt 0.032577 0.187532
vt 0.033446 0.184159
vt 0.034314 0.176712
vt 0.033379 0.180185
vt 0.034030 0.180419
vt 0.118945 0.229771
vt 0.118641 0.229669
vt 0.118353 0.233454
vt 0.117508 0.236766
vt 0.033512 0.176712
vt 0.033646 0.176678
vt 0.083218 0.239505
vt 0.085615 0.230798
vt 0.032661 0.183658
vt 0.119215 0.229940
vt 0.118624 0.233623
vt 0.023834 0.228943
vt 0.024256 0.229181
vt 0.024310 0.225160
vt 0.024580 0.227171
vt 0.024742 0.225128
vt 0.028236 0.177780
vt 0.028937 0.175893
vt 0.028386 0.175810
vt 0.028420 0.180068
vt 0.027919 0.179651
vt 0.022942 0.224122
vt 0.024148 0.227030
vt 0.022699 0.227138
vt 0.021791 0.226555
vt 0.022797 0.224122
vt 0.021986 0.224155
vt 0.021532 0.226360
vt 0.021710 0.224155
vt 0.061738 0.175448
vt 0.061068 0.169936
vt 0.060634 0.174570
vt 0.060436 0.180402
vt 0.022570 0.227041
vt 0.119519 0.222268
vt 0.028954 0.173739
vt 0.118928 0.222369
vt 0.118100 0.222572
vt 0.034314 0.172771
vt 0.033646 0.172971
vt 0.119249 0.226121
vt 0.033512 0.172971
vt 0.033228 0.180118
vt 0.028737 0.178014
vt 0.024304 0.223150
vt 0.024726 0.222987
vt 0.098648 0.229749
vt 0.098190 0.224418
vt 0.137954 0.179550
vt 0.141029 0.185160
vt 0.138815 0.178367
vt 0.141924 0.193305
vt 0.140116 0.186207
vt 0.143344 0.200706
vt 0.142887 0.192426
vt 0.136399 0.181814
vt 0.138444 0.188134
vt 0.140116 0.194893
vt 0.139626 0.177522
vt 0.141891 0.184450
vt 0.143800 0.191851
vt 0.144341 0.199996
vt 0.145287 0.199557
vt 0.138308 0.189215
vt 0.117745 0.211318
vt 0.119553 0.214157
vt 0.118235 0.209020
vt 0.137007 0.204829
vt 0.139728 0.195231
vt 0.135774 0.197935
vt 0.133037 0.207431
vt 0.123946 0.213346
vt 0.130181 0.201010
vt 0.128373 0.209899
vt 0.132276 0.207296
vt 0.132766 0.206620
vt 0.132851 0.192358
vt 0.130620 0.200131
vt 0.134760 0.185058
vt 0.135402 0.197360
vt 0.137869 0.188708
vt 0.118657 0.208276
vt 0.123000 0.208378
vt 0.120043 0.206316
vt 0.137768 0.187424
vt 0.136095 0.182253
vt 0.134794 0.184146
vt 0.126650 0.201179
vt 0.123574 0.207702
vt 0.126751 0.204221
vt 0.128576 0.199016
vt 0.130012 0.200537
vt 0.130249 0.193676
vt 0.130485 0.199625
vt 0.132682 0.192020
vt 0.124098 0.203612
vt 0.120280 0.205911
vt 0.122949 0.207803
vt 0.131465 0.189080
vt 0.134540 0.184856
vt 0.319374 0.970181
vt 0.317265 0.970825
vt 0.317265 0.970181
vt 0.321483 0.970825
vt 0.319374 0.970825
vt 0.095381 0.207645
vt 0.098218 0.218635
vt 0.099505 0.213678
vt 0.094402 0.206993
vt 0.092397 0.214852
vt 0.093375 0.215471
vt 0.319374 0.972580
vt 0.317265 0.972580
vt 0.321483 0.972580
vt 0.319374 0.987506
vt 0.317265 0.987506
vt 0.321483 0.987506
vt 0.076477 0.193313
vt 0.079990 0.185275
vt 0.080349 0.181395
vt 0.080072 0.186188
vt 0.077577 0.194438
vt 0.075124 0.207238
vt 0.082224 0.193167
vt 0.080251 0.200569
vt 0.079159 0.206243
vt 0.126869 0.204728
vt 0.124453 0.212399
vt 0.091011 0.208297
vt 0.086332 0.210906
vt 0.090001 0.213287
vt 0.080365 0.186123
vt 0.091598 0.208395
vt 0.094256 0.206634
vt 0.090441 0.213580
vt 0.145388 0.207837
vt 0.144374 0.208412
vt 0.146030 0.215880
vt 0.145000 0.216252
vt 0.142448 0.209223
vt 0.143090 0.216658
vt 0.146368 0.207567
vt 0.147027 0.215745
vt 0.120144 0.217807
vt 0.142026 0.209425
vt 0.138038 0.211893
vt 0.142516 0.215813
vt 0.132614 0.215982
vt 0.128525 0.210912
vt 0.128846 0.216827
vt 0.137312 0.219801
vt 0.133054 0.208378
vt 0.133223 0.216151
vt 0.137920 0.212771
vt 0.124639 0.218449
vt 0.124098 0.214529
vt 0.142735 0.218010
vt 0.129640 0.220679
vt 0.125298 0.218348
vt 0.127089 0.221153
vt 0.131921 0.220274
vt 0.128897 0.217367
vt 0.134980 0.222133
vt 0.133256 0.216725
vt 0.132310 0.220342
vt 0.126751 0.221457
vt 0.123169 0.223654
vt 0.137261 0.220308
vt 0.321483 0.970181
vt 0.073925 0.206585
vt 0.074137 0.217330
vt 0.078376 0.212113
vt 0.077789 0.220428
vt 0.124639 0.213481
vt 0.089348 0.218537
vt 0.085599 0.217591
vt 0.089838 0.219124
vt 0.134338 0.183909
vt 0.134371 0.184382
vt 0.118336 0.207364
vt 0.123659 0.208209
vt 0.124554 0.212940
vt 0.132361 0.207871
vt 0.119959 0.205032
vt 0.119688 0.205336
vt 0.094549 0.205786
vt 0.094631 0.206537
vt 0.094777 0.205982
vt 0.080512 0.185732
vt 0.080447 0.185145
vt 0.082599 0.208493
vt 0.084767 0.201352
vt 0.084360 0.200569
vt 0.132614 0.216523
vt 0.124774 0.218956
vt 0.142448 0.216894
vt 0.082273 0.216808
vt 0.081702 0.216972
vt 0.131381 0.188844
vt 0.123710 0.212197
vt 0.128458 0.210405
vt 0.124470 0.203545
vt 0.128846 0.198509
vt 0.122155 0.201923
vt 0.122341 0.202463
vt 0.132445 0.208412
vt 0.125213 0.217807
vt 0.141063 0.202193
vt 0.141468 0.201923
vt 0.118066 0.215238
vt 0.116537 0.212906
vt 0.117306 0.215897
vt 0.117838 0.219243
vt 0.033395 0.169464
vt 0.034030 0.169064
vt 0.031993 0.162785
vt 0.033395 0.165323
vt 0.032544 0.161983
vt 0.117508 0.211622
vt 0.118353 0.214934
vt 0.118945 0.218584
vt 0.119249 0.222268
vt 0.032661 0.166025
vt 0.032794 0.165924
vt 0.083218 0.208884
vt 0.087718 0.204645
vt 0.028754 0.171635
vt 0.033245 0.169565
vt 0.118624 0.214765
vt 0.024153 0.221247
vt 0.024564 0.220944
vt 0.023413 0.217647
vt 0.024240 0.218966
vt 0.023769 0.217118
vt 0.028411 0.169615
vt 0.027468 0.168229
vt 0.027919 0.169999
vt 0.028236 0.171869
vt 0.022002 0.218447
vt 0.023840 0.219355
vt 0.022699 0.221139
vt 0.021791 0.221723
vt 0.021905 0.218609
vt 0.021232 0.219566
vt 0.022570 0.221236
vt 0.021013 0.219907
vt 0.021532 0.221917
vt 0.061738 0.164503
vt 0.059647 0.161067
vt 0.060712 0.165222
vt 0.062173 0.170016
vt 0.116613 0.208175
vt 0.030791 0.159913
vt 0.027944 0.167661
vt 0.031876 0.162952
vt 0.117238 0.211994
vt 0.115515 0.210068
vt 0.030891 0.159746
vt 0.116376 0.208513
vt 0.116140 0.208952
vt 0.119215 0.218415
vt 0.118641 0.218787
vt 0.022824 0.216026
vt 0.023121 0.215399
vt 0.027318 0.165891
vt 0.098648 0.219087
vt 0.099856 0.214256
vt 0.118962 0.151972
vt 0.123152 0.153087
vt 0.119350 0.150147
vt 0.122679 0.154811
vt 0.126785 0.156771
vt 0.129556 0.162753
vt 0.126210 0.158427
vt 0.121885 0.158326
vt 0.128390 0.165930
vt 0.119705 0.148761
vt 0.123591 0.151702
vt 0.127309 0.155487
vt 0.130806 0.159982
vt 0.130198 0.161198
vt 0.122104 0.159373
vt 0.125230 0.161807
vt 0.111949 0.201416
vt 0.114247 0.201585
vt 0.111679 0.198949
vt 0.125636 0.173500
vt 0.124994 0.162550
vt 0.122594 0.169377
vt 0.123186 0.180293
vt 0.117559 0.195772
vt 0.118979 0.178434
vt 0.120127 0.187762
vt 0.122527 0.181104
vt 0.122730 0.179955
vt 0.118607 0.168329
vt 0.119080 0.177252
vt 0.117998 0.160151
vt 0.122138 0.169343
vt 0.121581 0.159475
vt 0.111797 0.197867
vt 0.115346 0.192832
vt 0.112355 0.194657
vt 0.121141 0.158562
vt 0.118252 0.156332
vt 0.117762 0.159373
vt 0.116140 0.182355
vt 0.115599 0.191615
vt 0.117171 0.185092
vt 0.117052 0.178198
vt 0.118708 0.178265
vt 0.116968 0.171608
vt 0.118826 0.176981
vt 0.118370 0.168262
vt 0.114839 0.187458
vt 0.112423 0.194048
vt 0.115143 0.192460
vt 0.116714 0.166166
vt 0.117779 0.160252
vt 0.310937 0.970181
vt 0.313047 0.970825
vt 0.310937 0.970825
vt 0.313047 0.970181
vt 0.315156 0.970825
vt 0.104022 0.207189
vt 0.098495 0.201384
vt 0.101494 0.209732
vt 0.102424 0.197406
vt 0.101821 0.195743
vt 0.097891 0.199754
vt 0.313047 0.972580
vt 0.310937 0.972580
vt 0.315156 0.972580
vt 0.313047 0.987506
vt 0.310937 0.987506
vt 0.315156 0.987506
vt 0.091337 0.163606
vt 0.096538 0.161210
vt 0.097973 0.158503
vt 0.096343 0.162057
vt 0.091900 0.165807
vt 0.085370 0.171335
vt 0.086153 0.173259
vt 0.096033 0.170210
vt 0.092250 0.173895
vt 0.089707 0.177221
vt 0.117407 0.185363
vt 0.117711 0.194386
vt 0.098707 0.192808
vt 0.094142 0.189417
vt 0.096408 0.195645
vt 0.096603 0.162351
vt 0.099131 0.193558
vt 0.101804 0.195254
vt 0.096685 0.196395
vt 0.133375 0.166302
vt 0.132631 0.167755
vt 0.136247 0.172047
vt 0.135453 0.173365
vt 0.131330 0.170661
vt 0.134017 0.175933
vt 0.134050 0.165220
vt 0.137007 0.171067
vt 0.115802 0.203849
vt 0.117846 0.207938
vt 0.131043 0.171337
vt 0.128542 0.178029
vt 0.133324 0.175933
vt 0.125349 0.187695
vt 0.120567 0.188404
vt 0.122561 0.192832
vt 0.130282 0.185295
vt 0.123473 0.181037
vt 0.125889 0.187154
vt 0.128694 0.178874
vt 0.119621 0.199084
vt 0.118032 0.196549
vt 0.134152 0.177454
vt 0.124098 0.194217
vt 0.120127 0.198205
vt 0.122290 0.197597
vt 0.125720 0.191243
vt 0.122763 0.193203
vt 0.128796 0.189722
vt 0.126092 0.187559
vt 0.126058 0.190871
vt 0.122138 0.198273
vt 0.130384 0.185734
vt 0.315156 0.970181
vt 0.082387 0.180286
vt 0.087343 0.181036
vt 0.084425 0.187069
vt 0.118167 0.195062
vt 0.094337 0.199134
vt 0.091582 0.193949
vt 0.094566 0.200210
vt 0.117323 0.159711
vt 0.117492 0.160083
vt 0.111274 0.197529
vt 0.115836 0.191953
vt 0.117931 0.194724
vt 0.122763 0.181442
vt 0.111899 0.193710
vt 0.111764 0.194285
vt 0.102293 0.194928
vt 0.102130 0.195645
vt 0.102424 0.195351
vt 0.096832 0.162188
vt 0.096962 0.161666
vt 0.091843 0.183090
vt 0.095674 0.179829
vt 0.095593 0.178721
vt 0.125518 0.188134
vt 0.119891 0.199354
vt 0.133577 0.176880
vt 0.089120 0.189417
vt 0.088615 0.188862
vt 0.116596 0.166065
vt 0.117035 0.195096
vt 0.120347 0.188100
vt 0.118370 0.155622
vt 0.115092 0.186951
vt 0.117120 0.177454
vt 0.112929 0.188269
vt 0.113217 0.188506
vt 0.123000 0.181780
vt 0.119908 0.197867
vt 0.128137 0.166640
vt 0.113352 0.204221
vt 0.111434 0.204086
vt 0.112921 0.205623
vt 0.114332 0.207685
vt 0.029655 0.157208
vt 0.031375 0.158811
vt 0.030056 0.156139
vt 0.026550 0.153467
vt 0.028453 0.153868
vt 0.026767 0.152165
vt 0.111865 0.201923
vt 0.113504 0.203612
vt 0.115075 0.205877
vt 0.028052 0.155271
vt 0.028136 0.155037
vt 0.092218 0.184101
vt 0.097093 0.185993
vt 0.029572 0.157475
vt 0.113673 0.203173
vt 0.115227 0.205437
vt 0.022148 0.214686
vt 0.022391 0.213940
vt 0.020489 0.212621
vt 0.021532 0.212707
vt 0.020624 0.211799
vt 0.025397 0.164087
vt 0.024713 0.162150
vt 0.024512 0.163186
vt 0.026900 0.166626
vt 0.026550 0.164421
vt 0.026199 0.165256
vt 0.020932 0.216307
vt 0.019586 0.214913
vt 0.020381 0.217847
vt 0.019538 0.215172
vt 0.019295 0.216729
vt 0.020851 0.216502
vt 0.019197 0.217312
vt 0.020219 0.218318
vt 0.058542 0.155634
vt 0.055780 0.155714
vt 0.057911 0.157792
vt 0.111054 0.198543
vt 0.110108 0.200233
vt 0.026516 0.153701
vt 0.023703 0.161466
vt 0.111730 0.202565
vt 0.109770 0.203021
vt 0.024780 0.152265
vt 0.110023 0.200740
vt 0.109956 0.201416
vt 0.024746 0.152532
vt 0.114856 0.206418
vt 0.025673 0.163202
vt 0.019532 0.212016
vt 0.021343 0.213497
vt 0.019603 0.211151
vt 0.023561 0.162551
vt 0.101772 0.210424
vt 0.104187 0.208009
vt 0.095492 0.151972
vt 0.099243 0.148052
vt 0.095306 0.150147
vt 0.099328 0.149910
vt 0.103264 0.146801
vt 0.103264 0.148660
vt 0.107337 0.146362
vt 0.096083 0.155622
vt 0.099733 0.153662
vt 0.107235 0.152175
vt 0.107235 0.148254
vt 0.095069 0.148761
vt 0.099091 0.146598
vt 0.103214 0.145314
vt 0.107387 0.144875
vt 0.100206 0.154270
vt 0.103467 0.152580
vt 0.104346 0.200233
vt 0.106272 0.197664
vt 0.103417 0.198543
vt 0.107235 0.161536
vt 0.103484 0.153425
vt 0.103569 0.161773
vt 0.107235 0.169918
vt 0.107235 0.189046
vt 0.103298 0.173365
vt 0.106965 0.179550
vt 0.106931 0.171337
vt 0.106762 0.170188
vt 0.100020 0.165626
vt 0.103011 0.172284
vt 0.097131 0.159711
vt 0.103180 0.162314
vt 0.099817 0.154946
vt 0.103197 0.197529
vt 0.104582 0.189283
vt 0.102690 0.194285
vt 0.099192 0.154743
vt 0.096202 0.156332
vt 0.096708 0.159373
vt 0.102352 0.180834
vt 0.104430 0.187999
vt 0.103771 0.180868
vt 0.101930 0.176609
vt 0.103028 0.173534
vt 0.099953 0.171946
vt 0.102741 0.172385
vt 0.099801 0.165828
vt 0.102741 0.186241
vt 0.102572 0.193710
vt 0.104295 0.189215
vt 0.098195 0.168329
vt 0.096962 0.160083
vt 0.306719 0.970181
vt 0.304610 0.970825
vt 0.304610 0.970181
vt 0.308828 0.970825
vt 0.306719 0.970825
vt 0.109597 0.207189
vt 0.106777 0.196004
vt 0.106809 0.206341
vt 0.111130 0.197406
vt 0.111130 0.195351
vt 0.106777 0.193982
vt 0.306719 0.972580
vt 0.304610 0.972580
vt 0.308828 0.972580
vt 0.306719 0.987506
vt 0.304610 0.987506
vt 0.308828 0.987506
vt 0.112092 0.157019
vt 0.116999 0.161210
vt 0.118956 0.160704
vt 0.116592 0.161666
vt 0.111896 0.159465
vt 0.105000 0.156269
vt 0.105057 0.158748
vt 0.113934 0.167894
vt 0.109809 0.166427
vt 0.106777 0.166101
vt 0.104042 0.180800
vt 0.106948 0.187762
vt 0.109467 0.189286
vt 0.106777 0.181199
vt 0.106777 0.188895
vt 0.116722 0.162188
vt 0.109597 0.190428
vt 0.111260 0.194928
vt 0.106777 0.189841
vt 0.111206 0.148660
vt 0.115430 0.148052
vt 0.111392 0.146801
vt 0.115126 0.149910
vt 0.114721 0.153662
vt 0.111544 0.145314
vt 0.115667 0.146598
vt 0.108198 0.197664
vt 0.110969 0.153425
vt 0.110902 0.161773
vt 0.114163 0.154473
vt 0.111172 0.173365
vt 0.107506 0.179550
vt 0.110412 0.180800
vt 0.114433 0.165626
vt 0.107691 0.170188
vt 0.111443 0.172284
vt 0.111290 0.162314
vt 0.109888 0.189283
vt 0.107843 0.189114
vt 0.115261 0.154743
vt 0.112456 0.179279
vt 0.110023 0.187999
vt 0.111949 0.184349
vt 0.112929 0.174818
vt 0.110682 0.180868
vt 0.114856 0.169850
vt 0.111730 0.172385
vt 0.113081 0.174108
vt 0.112000 0.185126
vt 0.114653 0.165828
vt 0.308828 0.970181
vt 0.099946 0.160003
vt 0.103744 0.166427
vt 0.099603 0.167894
vt 0.107522 0.187762
vt 0.104070 0.189286
vt 0.103369 0.181884
vt 0.103956 0.190428
vt 0.096455 0.160151
vt 0.096692 0.160252
vt 0.102656 0.197867
vt 0.104718 0.187999
vt 0.107235 0.187762
vt 0.107235 0.171337
vt 0.102115 0.194657
vt 0.111749 0.195254
vt 0.111407 0.195645
vt 0.111733 0.195743
vt 0.116950 0.162351
vt 0.117211 0.162057
vt 0.106777 0.173373
vt 0.110836 0.175264
vt 0.111081 0.174253
vt 0.111443 0.173534
vt 0.110158 0.189215
vt 0.114636 0.154946
vt 0.102717 0.175297
vt 0.102473 0.174253
vt 0.098060 0.168431
vt 0.106610 0.189114
vt 0.107235 0.179550
vt 0.102825 0.185532
vt 0.101761 0.175967
vt 0.101423 0.189351
vt 0.101727 0.189148
vt 0.107522 0.171337
vt 0.109753 0.187999
vt 0.107235 0.153054
vt 0.110986 0.152580
vt 0.106365 0.202497
vt 0.104515 0.201416
vt 0.104718 0.203021
vt 0.108114 0.202497
vt 0.023043 0.151697
vt 0.024897 0.150962
vt 0.023043 0.150361
vt 0.019219 0.150996
vt 0.021173 0.151731
vt 0.021073 0.150395
vt 0.106272 0.200165
vt 0.106289 0.200841
vt 0.108198 0.200165
vt 0.019470 0.152532
vt 0.019420 0.152298
vt 0.106777 0.174645
vt 0.110184 0.181884
vt 0.023043 0.151998
vt 0.106272 0.199625
vt 0.018592 0.211713
vt 0.018581 0.210827
vt 0.016646 0.211994
vt 0.017527 0.210827
vt 0.016506 0.211183
vt 0.021574 0.161215
vt 0.020622 0.162585
vt 0.021607 0.162251
vt 0.022634 0.161182
vt 0.022592 0.162251
vt 0.018079 0.214459
vt 0.016587 0.214913
vt 0.018095 0.216356
vt 0.016636 0.215172
vt 0.016887 0.216729
vt 0.018079 0.214718
vt 0.016976 0.217312
vt 0.018095 0.216956
vt 0.053372 0.152279
vt 0.051044 0.155794
vt 0.053412 0.154995
vt 0.102521 0.201416
vt 0.017683 0.153668
vt 0.020497 0.161499
vt 0.103062 0.204086
vt 0.017650 0.153434
vt 0.102605 0.201923
vt 0.102724 0.202565
vt 0.108198 0.199625
vt 0.021173 0.151998
vt 0.015695 0.212632
vt 0.017592 0.211713
vt 0.015484 0.211864
vt 0.019687 0.163186
vt 0.019470 0.162134
vt 0.106852 0.207176
vt 0.109518 0.208009
vt 0.076517 0.179550
vt 0.078409 0.172047
vt 0.075858 0.178367
vt 0.079017 0.173365
vt 0.081299 0.166302
vt 0.084914 0.162753
vt 0.081822 0.167755
vt 0.078071 0.181814
vt 0.080437 0.175933
vt 0.083140 0.170661
vt 0.075131 0.177522
vt 0.077767 0.171067
vt 0.080707 0.165220
vt 0.083951 0.159982
vt 0.084458 0.161198
vt 0.080994 0.175866
vt 0.097857 0.208175
vt 0.098652 0.203849
vt 0.096607 0.207938
vt 0.088818 0.173500
vt 0.083411 0.171337
vt 0.085928 0.178029
vt 0.091285 0.180293
vt 0.096911 0.195772
vt 0.089105 0.187695
vt 0.093904 0.188404
vt 0.091454 0.181780
vt 0.090980 0.181037
vt 0.084188 0.185295
vt 0.088564 0.187154
vt 0.080116 0.183909
vt 0.085759 0.178874
vt 0.080876 0.176880
vt 0.096117 0.207364
vt 0.094833 0.199084
vt 0.094765 0.205336
vt 0.080319 0.177454
vt 0.078375 0.182253
vt 0.079660 0.184146
vt 0.090592 0.194589
vt 0.094326 0.198205
vt 0.091707 0.193203
vt 0.088953 0.191716
vt 0.088936 0.188134
vt 0.085878 0.190263
vt 0.088361 0.187559
vt 0.084070 0.185734
vt 0.092552 0.198509
vt 0.094495 0.205032
vt 0.094579 0.199354
vt 0.083292 0.189452
vt 0.080082 0.184382
vt 0.298282 0.970181
vt 0.300392 0.970825
vt 0.298282 0.970825
vt 0.302501 0.970181
vt 0.300392 0.970181
vt 0.114097 0.213678
vt 0.115059 0.201384
vt 0.112108 0.209732
vt 0.118173 0.207645
vt 0.118776 0.205982
vt 0.115662 0.199754
vt 0.300392 0.972580
vt 0.298282 0.972580
vt 0.302501 0.972580
vt 0.298282 0.987506
vt 0.300392 0.987506
vt 0.302501 0.987506
vt 0.130816 0.176096
vt 0.133563 0.185275
vt 0.135300 0.187150
vt 0.133091 0.185145
vt 0.129944 0.177857
vt 0.125289 0.167161
vt 0.124621 0.169231
vt 0.129113 0.187069
vt 0.126211 0.181036
vt 0.123847 0.177221
vt 0.091910 0.192832
vt 0.096303 0.195062
vt 0.119216 0.199134
vt 0.119412 0.189417
vt 0.117146 0.195645
vt 0.133042 0.185732
vt 0.118988 0.200210
vt 0.119004 0.205786
vt 0.116869 0.196395
vt 0.088243 0.158427
vt 0.091504 0.153087
vt 0.087871 0.156771
vt 0.091792 0.154811
vt 0.089223 0.161807
vt 0.092569 0.158326
vt 0.087449 0.155487
vt 0.091166 0.151702
vt 0.100206 0.201585
vt 0.102774 0.198949
vt 0.089460 0.162550
vt 0.091859 0.169377
vt 0.092349 0.159644
vt 0.095475 0.178434
vt 0.094326 0.187762
vt 0.097063 0.185363
vt 0.095847 0.168329
vt 0.091741 0.179955
vt 0.095390 0.177252
vt 0.092315 0.169343
vt 0.099125 0.192832
vt 0.097418 0.195096
vt 0.093312 0.158562
vt 0.098432 0.183504
vt 0.098854 0.191615
vt 0.099463 0.187830
vt 0.097536 0.179617
vt 0.097300 0.185092
vt 0.097722 0.173466
vt 0.095644 0.176981
vt 0.097469 0.178908
vt 0.099733 0.188303
vt 0.102048 0.194048
vt 0.096100 0.168262
vt 0.302501 0.970825
vt 0.120113 0.164242
vt 0.121287 0.173895
vt 0.117521 0.170210
vt 0.096759 0.194386
vt 0.114847 0.192808
vt 0.116461 0.185960
vt 0.114407 0.193558
vt 0.079693 0.185058
vt 0.079913 0.184856
vt 0.095796 0.208276
vt 0.094563 0.197867
vt 0.096523 0.194724
vt 0.091690 0.181442
vt 0.094174 0.205911
vt 0.094411 0.206316
vt 0.119298 0.206634
vt 0.118923 0.206537
vt 0.119151 0.206993
vt 0.133172 0.186123
vt 0.133482 0.186188
vt 0.121711 0.183090
vt 0.124434 0.189384
vt 0.124939 0.188862
vt 0.095745 0.178265
vt 0.099328 0.192460
vt 0.092873 0.159475
vt 0.117863 0.179862
vt 0.117961 0.178721
vt 0.083191 0.189688
vt 0.096421 0.196549
vt 0.094123 0.188100
vt 0.091927 0.181104
vt 0.092400 0.197833
vt 0.088632 0.191378
vt 0.092552 0.201990
vt 0.092349 0.202531
vt 0.098635 0.191953
vt 0.086317 0.166640
vt 0.086063 0.165930
vt 0.099598 0.206418
vt 0.098973 0.210068
vt 0.100155 0.207685
vt 0.101566 0.205623
vt 0.016064 0.155003
vt 0.017349 0.152231
vt 0.015680 0.153935
vt 0.013308 0.159746
vt 0.014093 0.156273
vt 0.012774 0.158944
vt 0.098077 0.208513
vt 0.099395 0.205877
vt 0.100950 0.203612
vt 0.013425 0.159913
vt 0.014561 0.157241
vt 0.121336 0.184101
vt 0.121955 0.193982
vt 0.018518 0.163152
vt 0.016147 0.155237
vt 0.099226 0.205437
vt 0.014847 0.213486
vt 0.014576 0.212805
vt 0.013004 0.215496
vt 0.014031 0.214664
vt 0.013717 0.214037
vt 0.017316 0.166626
vt 0.017675 0.164438
vt 0.016882 0.165941
vt 0.018802 0.164087
vt 0.014171 0.218447
vt 0.013355 0.215994
vt 0.015241 0.216307
vt 0.014941 0.219566
vt 0.015322 0.216502
vt 0.014268 0.218609
vt 0.015801 0.217847
vt 0.015971 0.218318
vt 0.015176 0.219907
vt 0.048203 0.155634
vt 0.047177 0.161227
vt 0.048913 0.157951
vt 0.050650 0.153158
vt 0.096218 0.209020
vt 0.096725 0.211318
vt 0.012323 0.162919
vt 0.016247 0.167644
vt 0.098314 0.208952
vt 0.097942 0.212906
vt 0.012206 0.162752
vt 0.096945 0.211622
vt 0.097215 0.211994
vt 0.100781 0.203173
vt 0.101119 0.204221
vt 0.014644 0.157475
vt 0.012761 0.217626
vt 0.012371 0.217247
vt 0.016715 0.168262
vt 0.111891 0.210424
vt 0.113807 0.214256
vt 0.069471 0.216252
vt 0.068423 0.223992
vt 0.069251 0.224194
vt 0.070079 0.208412
vt 0.068626 0.215880
vt 0.071110 0.200706
vt 0.069268 0.207837
vt 0.071177 0.224194
vt 0.071380 0.216658
vt 0.072985 0.201923
vt 0.067747 0.215745
vt 0.068389 0.207567
vt 0.069471 0.199557
vt 0.070316 0.199996
vt 0.071803 0.215948
vt 0.072005 0.209223
vt 0.094934 0.222268
vt 0.094309 0.217807
vt 0.093853 0.223518
vt 0.077446 0.204829
vt 0.072428 0.209425
vt 0.076415 0.211893
vt 0.081434 0.207431
vt 0.090524 0.213346
vt 0.081839 0.215982
vt 0.085928 0.210912
vt 0.082008 0.208412
vt 0.081400 0.208378
vt 0.077142 0.219801
vt 0.081248 0.216151
vt 0.073458 0.223485
vt 0.076551 0.212771
vt 0.072022 0.216894
vt 0.093295 0.223620
vt 0.089815 0.218449
vt 0.091606 0.223586
vt 0.071718 0.218010
vt 0.071549 0.224194
vt 0.073154 0.224194
vt 0.085404 0.220375
vt 0.089156 0.218348
vt 0.085573 0.217367
vt 0.083157 0.219970
vt 0.081839 0.216523
vt 0.080166 0.221862
vt 0.081197 0.216725
vt 0.077193 0.220308
vt 0.088243 0.221186
vt 0.091302 0.223654
vt 0.089696 0.218956
vt 0.077767 0.223721
vt 0.073577 0.223890
vt 0.294064 0.970181
vt 0.291951 0.970825
vt 0.291951 0.970181
vt 0.296173 0.970181
vt 0.294064 0.970825
vt 0.120863 0.224211
vt 0.115385 0.218635
vt 0.115825 0.224146
vt 0.121841 0.223559
vt 0.121140 0.214852
vt 0.120178 0.215471
vt 0.294064 0.972580
vt 0.291951 0.972580
vt 0.296173 0.972580
vt 0.294064 0.987506
vt 0.291951 0.987506
vt 0.296173 0.987506
vt 0.140362 0.213548
vt 0.139889 0.224211
vt 0.140729 0.227765
vt 0.139547 0.223559
vt 0.139131 0.213939
vt 0.138520 0.199819
vt 0.137362 0.200716
vt 0.135764 0.220428
vt 0.135178 0.212113
vt 0.134395 0.206243
vt 0.085624 0.216827
vt 0.089815 0.213481
vt 0.124205 0.218537
vt 0.127221 0.210906
vt 0.123553 0.213287
vt 0.139319 0.223950
vt 0.123700 0.219124
vt 0.122069 0.223689
vt 0.123113 0.213580
vt 0.071786 0.192426
vt 0.072546 0.193305
vt 0.073627 0.185160
vt 0.074337 0.186207
vt 0.076010 0.188134
vt 0.070975 0.191851
vt 0.072867 0.184450
vt 0.094901 0.214157
vt 0.074743 0.195231
vt 0.078696 0.197935
vt 0.076213 0.189486
vt 0.084272 0.201010
vt 0.086097 0.209899
vt 0.087584 0.204728
vt 0.081603 0.192358
vt 0.081687 0.206620
vt 0.083850 0.200131
vt 0.079051 0.197360
vt 0.091454 0.208378
vt 0.090744 0.212197
vt 0.076686 0.187424
vt 0.088040 0.201281
vt 0.090896 0.207702
vt 0.090220 0.203545
vt 0.086097 0.199219
vt 0.087702 0.204221
vt 0.084424 0.194082
vt 0.083985 0.199625
vt 0.085827 0.198712
vt 0.090592 0.203612
vt 0.081789 0.192020
vt 0.296173 0.970825
vt 0.135194 0.191373
vt 0.133303 0.200569
vt 0.131330 0.193167
vt 0.090000 0.212399
vt 0.122526 0.208297
vt 0.125836 0.204645
vt 0.121955 0.208395
vt 0.073458 0.224904
vt 0.073577 0.224498
vt 0.093853 0.224870
vt 0.089240 0.217807
vt 0.089916 0.212940
vt 0.082093 0.207871
vt 0.091606 0.224803
vt 0.122069 0.224700
vt 0.121792 0.224211
vt 0.121841 0.224830
vt 0.139319 0.224439
vt 0.139547 0.224830
vt 0.130939 0.208493
vt 0.131297 0.216808
vt 0.131852 0.216972
vt 0.084441 0.200537
vt 0.091504 0.207803
vt 0.076601 0.188708
vt 0.128770 0.201384
vt 0.129194 0.200569
vt 0.077767 0.223958
vt 0.090372 0.214529
vt 0.086013 0.210405
vt 0.087905 0.220882
vt 0.082785 0.220037
vt 0.089341 0.224093
vt 0.089341 0.223552
vt 0.082194 0.207296
vt 0.090795 0.208209
vt 0.073408 0.202193
vt 0.074337 0.194893
vt 0.096649 0.219243
vt 0.095543 0.222369
vt 0.096387 0.222572
vt 0.097190 0.215897
vt 0.011388 0.165891
vt 0.011622 0.162117
vt 0.010770 0.165490
vt 0.009886 0.172938
vt 0.010821 0.169464
vt 0.010169 0.169231
vt 0.095509 0.218584
vt 0.095813 0.218787
vt 0.096404 0.215238
vt 0.010704 0.172938
vt 0.010553 0.172971
vt 0.011539 0.165991
vt 0.130335 0.208884
vt 0.127939 0.217591
vt 0.015780 0.169581
vt 0.095238 0.218415
vt 0.095847 0.214765
vt 0.012334 0.219334
vt 0.011917 0.219096
vt 0.011431 0.223149
vt 0.012026 0.221247
vt 0.011593 0.221106
vt 0.015980 0.171902
vt 0.015262 0.173756
vt 0.015813 0.173839
vt 0.016281 0.169999
vt 0.013474 0.221139
vt 0.011874 0.223117
vt 0.013247 0.224155
vt 0.014187 0.224139
vt 0.013604 0.221236
vt 0.013377 0.224155
vt 0.014382 0.221723
vt 0.014641 0.221917
vt 0.014463 0.224122
vt 0.044967 0.164503
vt 0.045638 0.170016
vt 0.046032 0.165382
vt 0.094934 0.226121
vt 0.010687 0.176678
vt 0.015245 0.175910
vt 0.096387 0.226070
vt 0.009886 0.176879
vt 0.010553 0.176678
vt 0.095222 0.222268
vt 0.095543 0.226121
vt 0.096100 0.214934
vt 0.010971 0.169531
vt 0.015471 0.171635
vt 0.011869 0.225128
vt 0.011447 0.225290
vt 0.015813 0.175843
vt 0.115056 0.219087
vt 0.115473 0.224418
vt 0.076517 0.268839
vt 0.073627 0.262789
vt 0.075858 0.269616
vt 0.072546 0.255084
vt 0.074337 0.262181
vt 0.071110 0.247649
vt 0.071786 0.255557
vt 0.078071 0.266575
vt 0.076010 0.260255
vt 0.072985 0.246432
vt 0.075131 0.270562
vt 0.072867 0.263601
vt 0.070975 0.256233
vt 0.069471 0.248494
vt 0.070316 0.247987
vt 0.076145 0.259173
vt 0.074337 0.253496
vt 0.096725 0.237071
vt 0.094901 0.234232
vt 0.096218 0.239369
vt 0.077446 0.243559
vt 0.074743 0.253158
vt 0.078696 0.250454
vt 0.081434 0.240957
vt 0.090524 0.235043
vt 0.084272 0.247378
vt 0.086097 0.238490
vt 0.082194 0.241092
vt 0.081687 0.241768
vt 0.081603 0.255996
vt 0.083850 0.248257
vt 0.079693 0.263330
vt 0.079051 0.251028
vt 0.076601 0.259680
vt 0.095796 0.240112
vt 0.091454 0.240011
vt 0.094411 0.242072
vt 0.076686 0.260931
vt 0.078375 0.266135
vt 0.079660 0.264243
vt 0.088040 0.246770
vt 0.090896 0.240687
vt 0.087702 0.244168
vt 0.086165 0.248899
vt 0.084441 0.247852
vt 0.084543 0.254138
vt 0.083985 0.248764
vt 0.081789 0.256368
vt 0.090490 0.244371
vt 0.094174 0.242478
vt 0.091504 0.240585
vt 0.083377 0.258666
vt 0.079913 0.263533
vt 0.285603 0.970181
vt 0.287712 0.970825
vt 0.285603 0.970825
vt 0.287712 0.970181
vt 0.289822 0.970825
vt 0.118173 0.240776
vt 0.115385 0.229624
vt 0.114097 0.234613
vt 0.119151 0.241396
vt 0.121140 0.233537
vt 0.120178 0.232918
vt 0.287712 0.972580
vt 0.285603 0.972580
vt 0.289822 0.972580
vt 0.285603 0.987506
vt 0.287712 0.987506
vt 0.289822 0.987506
vt 0.137077 0.255076
vt 0.133563 0.263114
vt 0.133205 0.266994
vt 0.133482 0.262201
vt 0.135968 0.253950
vt 0.138422 0.241151
vt 0.131330 0.255222
vt 0.133303 0.247820
vt 0.134395 0.242146
vt 0.087584 0.243661
vt 0.090000 0.235989
vt 0.122526 0.240124
vt 0.127221 0.237483
vt 0.123553 0.235102
vt 0.133172 0.262266
vt 0.121955 0.239994
vt 0.119298 0.241755
vt 0.123113 0.234809
vt 0.069268 0.240112
vt 0.069471 0.232136
vt 0.070079 0.239977
vt 0.068626 0.232103
vt 0.071380 0.231731
vt 0.068389 0.240484
vt 0.067747 0.232305
vt 0.067528 0.224025
vt 0.094309 0.230548
vt 0.072428 0.238963
vt 0.076415 0.236496
vt 0.071938 0.232576
vt 0.081839 0.232407
vt 0.085928 0.237476
vt 0.085624 0.231562
vt 0.077142 0.228588
vt 0.081400 0.239977
vt 0.081248 0.232204
vt 0.076551 0.235617
vt 0.093295 0.224735
vt 0.089815 0.229940
vt 0.090372 0.233860
vt 0.071718 0.230379
vt 0.085404 0.227270
vt 0.089156 0.230041
vt 0.087905 0.226797
vt 0.083174 0.227675
vt 0.085557 0.230987
vt 0.080166 0.225783
vt 0.081197 0.231663
vt 0.082785 0.227608
vt 0.088243 0.226492
vt 0.091302 0.224735
vt 0.077193 0.228081
vt 0.289822 0.970181
vt 0.139620 0.241803
vt 0.139400 0.231059
vt 0.135178 0.236276
vt 0.135764 0.227961
vt 0.089815 0.234908
vt 0.124205 0.229852
vt 0.127939 0.230798
vt 0.123700 0.229265
vt 0.080116 0.264479
vt 0.080082 0.264006
vt 0.096607 0.240450
vt 0.090795 0.240146
vt 0.089916 0.235448
vt 0.082093 0.240518
vt 0.094765 0.243052
vt 0.119004 0.242602
vt 0.118923 0.241852
vt 0.118776 0.242407
vt 0.133042 0.262657
vt 0.133091 0.263244
vt 0.130939 0.239896
vt 0.128787 0.247037
vt 0.129194 0.247820
vt 0.081839 0.231866
vt 0.089696 0.229433
vt 0.072022 0.231494
vt 0.131281 0.231580
vt 0.131852 0.231417
vt 0.083461 0.258903
vt 0.090744 0.236192
vt 0.086013 0.237983
vt 0.096117 0.241025
vt 0.090136 0.244438
vt 0.085911 0.249406
vt 0.092366 0.246027
vt 0.092180 0.245520
vt 0.082008 0.239977
vt 0.089240 0.230582
vt 0.073408 0.246162
vt 0.072005 0.239166
vt 0.097190 0.232728
vt 0.097215 0.236462
vt 0.097942 0.235719
vt 0.096649 0.229382
vt 0.010821 0.180185
vt 0.010186 0.180586
vt 0.011672 0.187666
vt 0.011405 0.183725
vt 0.010804 0.184326
vt 0.096100 0.233454
vt 0.096404 0.233252
vt 0.095509 0.229771
vt 0.095222 0.226121
vt 0.012323 0.186731
vt 0.012223 0.186898
vt 0.130335 0.239505
vt 0.125836 0.243744
vt 0.010954 0.180085
vt 0.095847 0.233623
vt 0.096945 0.236766
vt 0.011609 0.227333
vt 0.012420 0.231159
vt 0.012339 0.228911
vt 0.011934 0.229311
vt 0.016731 0.181421
vt 0.015788 0.180035
vt 0.016264 0.182005
vt 0.015963 0.177780
vt 0.014171 0.229830
vt 0.012771 0.230619
vt 0.012020 0.227030
vt 0.013474 0.227138
vt 0.014382 0.226555
vt 0.014268 0.229668
vt 0.014941 0.228727
vt 0.013604 0.227041
vt 0.015160 0.228371
vt 0.014641 0.226360
vt 0.045993 0.174729
vt 0.046230 0.180402
vt 0.047098 0.178884
vt 0.044967 0.175448
vt 0.097857 0.240214
vt 0.016882 0.183758
vt 0.098314 0.239504
vt 0.098973 0.238575
vt 0.012824 0.190839
vt 0.013308 0.189904
vt 0.013409 0.189770
vt 0.095238 0.229940
vt 0.095813 0.229669
vt 0.011539 0.183658
vt 0.015454 0.178014
vt 0.098077 0.239876
vt 0.013344 0.232251
vt 0.013036 0.232878
vt 0.017316 0.183024
vt 0.016281 0.179651
vt 0.115056 0.229749
vt 0.113807 0.234497
vt 0.091792 0.293578
vt 0.088243 0.289961
vt 0.091504 0.294896
vt 0.084458 0.286785
vt 0.087871 0.291212
vt 0.092569 0.290063
vt 0.089223 0.286548
vt 0.084914 0.285636
vt 0.091166 0.296349
vt 0.087449 0.292598
vt 0.083951 0.288069
vt 0.092366 0.289015
vt 0.102521 0.246973
vt 0.100206 0.246804
vt 0.102774 0.249406
vt 0.088818 0.274855
vt 0.089460 0.285838
vt 0.091859 0.278978
vt 0.091285 0.268095
vt 0.096911 0.252617
vt 0.095475 0.269920
vt 0.094326 0.260626
vt 0.091927 0.267284
vt 0.091741 0.268433
vt 0.095847 0.280059
vt 0.095390 0.271137
vt 0.096455 0.288238
vt 0.092315 0.279045
vt 0.092873 0.288914
vt 0.102656 0.250521
vt 0.099125 0.255523
vt 0.102115 0.253732
vt 0.093312 0.289826
vt 0.098415 0.264952
vt 0.098854 0.256740
vt 0.097300 0.263296
vt 0.097418 0.269211
vt 0.095745 0.270123
vt 0.097536 0.275970
vt 0.095644 0.271407
vt 0.096100 0.280127
vt 0.099851 0.259714
vt 0.102048 0.254340
vt 0.099328 0.255929
vt 0.097621 0.281546
vt 0.096692 0.288136
vt 0.279276 0.970181
vt 0.281385 0.970825
vt 0.281385 0.970181
vt 0.283494 0.970825
vt 0.115059 0.247005
vt 0.112108 0.238559
vt 0.111733 0.252646
vt 0.115662 0.248635
vt 0.281385 0.972580
vt 0.283494 0.972580
vt 0.281385 0.987506
vt 0.283494 0.987506
vt 0.122208 0.284799
vt 0.116999 0.287179
vt 0.117211 0.286332
vt 0.121646 0.282582
vt 0.127401 0.275130
vt 0.117521 0.278179
vt 0.121287 0.274494
vt 0.123847 0.271168
vt 0.097063 0.263026
vt 0.096759 0.254002
vt 0.114847 0.255581
vt 0.119412 0.258972
vt 0.117146 0.252744
vt 0.116950 0.286038
vt 0.114407 0.254831
vt 0.111749 0.253135
vt 0.116869 0.251994
vt 0.081299 0.281681
vt 0.081822 0.280634
vt 0.078409 0.275936
vt 0.079017 0.275024
vt 0.083140 0.277727
vt 0.080437 0.272455
vt 0.080707 0.282864
vt 0.077767 0.277018
vt 0.098652 0.244540
vt 0.083411 0.277051
vt 0.085928 0.270360
vt 0.081146 0.272455
vt 0.089105 0.260694
vt 0.093904 0.259984
vt 0.091910 0.255557
vt 0.084188 0.263094
vt 0.090980 0.267352
vt 0.088564 0.261235
vt 0.085759 0.269481
vt 0.094833 0.249305
vt 0.096421 0.251840
vt 0.080319 0.270934
vt 0.090490 0.253631
vt 0.094326 0.250183
vt 0.092231 0.250319
vt 0.088919 0.256537
vt 0.091707 0.255185
vt 0.085945 0.258024
vt 0.088361 0.260829
vt 0.088598 0.256909
vt 0.092383 0.249643
vt 0.094495 0.243357
vt 0.084070 0.262654
vt 0.283494 0.970181
vt 0.128167 0.277054
vt 0.131151 0.268103
vt 0.126211 0.267353
vt 0.129113 0.261320
vt 0.096303 0.253326
vt 0.119216 0.249255
vt 0.121972 0.254440
vt 0.118988 0.248179
vt 0.098635 0.256436
vt 0.096523 0.253664
vt 0.091690 0.266946
vt 0.121711 0.265331
vt 0.117863 0.268559
vt 0.117961 0.269668
vt 0.088936 0.260221
vt 0.094579 0.249034
vt 0.080876 0.271509
vt 0.124417 0.258972
vt 0.124939 0.259527
vt 0.097418 0.253293
vt 0.094123 0.260288
vt 0.099547 0.260221
vt 0.097334 0.269988
vt 0.101406 0.258632
vt 0.091454 0.266608
vt 0.094563 0.250521
vt 0.086317 0.281749
vt 0.086063 0.282459
vt 0.101566 0.243002
vt 0.102724 0.245891
vt 0.103062 0.244540
vt 0.099598 0.242072
vt 0.100155 0.240957
vt 0.014143 0.193510
vt 0.017433 0.197518
vt 0.016064 0.194613
vt 0.015746 0.195815
vt 0.100950 0.244776
vt 0.101119 0.244269
vt 0.017683 0.195948
vt 0.017650 0.196249
vt 0.014628 0.192208
vt 0.014544 0.192442
vt 0.121336 0.264288
vt 0.116445 0.262429
vt 0.100781 0.245215
vt 0.099395 0.242512
vt 0.013766 0.234337
vt 0.015549 0.236510
vt 0.014830 0.234802
vt 0.014641 0.235570
vt 0.019687 0.186464
vt 0.018526 0.186480
vt 0.019487 0.187482
vt 0.017650 0.185261
vt 0.018000 0.184426
vt 0.015690 0.235656
vt 0.014014 0.233635
vt 0.015241 0.231970
vt 0.015322 0.231776
vt 0.015801 0.230430
vt 0.015971 0.229960
vt 0.048834 0.182160
vt 0.050650 0.186794
vt 0.048203 0.184317
vt 0.102605 0.246432
vt 0.099226 0.242951
vt 0.016147 0.194379
vt 0.018802 0.185562
vt 0.111891 0.238329
vt 0.882118 0.600728
vt 0.887414 0.595795
vt 0.881683 0.596955
vt 0.877112 0.603920
vt 0.876242 0.600438
vt 0.872470 0.609289
vt 0.871309 0.606242
vt 0.867029 0.613932
vt 0.865433 0.624959
vt 0.863619 0.623218
vt 0.863257 0.634681
vt 0.861298 0.633665
vt 0.862168 0.645128
vt 0.860137 0.644838
vt 0.862168 0.655720
vt 0.860137 0.656301
vt 0.861298 0.667473
vt 0.863619 0.677920
vt 0.863257 0.666167
vt 0.867029 0.687207
vt 0.865433 0.675889
vt 0.871309 0.694897
vt 0.868552 0.684450
vt 0.877112 0.696783
vt 0.876242 0.700556
vt 0.881683 0.704183
vt 0.887414 0.705344
vt 0.882118 0.700120
vt 0.893145 0.704183
vt 0.887414 0.701281
vt 0.898585 0.700556
vt 0.892709 0.700120
vt 0.903591 0.694897
vt 0.897788 0.696783
vt 0.907871 0.687207
vt 0.902358 0.691560
vt 0.911208 0.677920
vt 0.906275 0.684450
vt 0.913530 0.667473
vt 0.909467 0.675889
vt 0.912732 0.655720
vt 0.914763 0.656301
vt 0.914763 0.644838
vt 0.913530 0.633665
vt 0.912732 0.645128
vt 0.909467 0.624959
vt 0.911208 0.623218
vt 0.906275 0.616399
vt 0.907871 0.613932
vt 0.902358 0.609289
vt 0.903591 0.606242
vt 0.897788 0.603920
vt 0.898585 0.600438
vt 0.893145 0.596955
vt 0.887414 0.599567
vt 0.884077 0.618865
vt 0.887414 0.600583
vt 0.882263 0.601599
vt 0.877258 0.604791
vt 0.880812 0.620897
vt 0.877910 0.624234
vt 0.872760 0.610014
vt 0.875371 0.628877
vt 0.868842 0.616979
vt 0.865796 0.625540
vt 0.873413 0.634246
vt 0.872034 0.640485
vt 0.863692 0.634971
vt 0.862604 0.645273
vt 0.871309 0.647160
vt 0.871309 0.653834
vt 0.862604 0.655720
vt 0.872034 0.660509
vt 0.863692 0.665877
vt 0.865796 0.675454
vt 0.873413 0.666603
vt 0.875371 0.672116
vt 0.868842 0.683869
vt 0.872760 0.690834
vt 0.877910 0.676614
vt 0.877258 0.696058
vt 0.880812 0.680097
vt 0.884077 0.682128
vt 0.882263 0.699395
vt 0.887414 0.700411
vt 0.887414 0.682854
vt 0.890823 0.682128
vt 0.892637 0.699395
vt 0.897570 0.696058
vt 0.894015 0.680097
vt 0.896917 0.676614
vt 0.902140 0.690834
vt 0.905985 0.683869
vt 0.899456 0.672116
vt 0.909032 0.675454
vt 0.901415 0.666603
vt 0.911208 0.665877
vt 0.902793 0.660509
vt 0.903518 0.653834
vt 0.912296 0.655720
vt 0.903518 0.647160
vt 0.912296 0.645273
vt 0.911208 0.634971
vt 0.902793 0.640485
vt 0.901415 0.634246
vt 0.909032 0.625540
vt 0.899456 0.628877
vt 0.905985 0.616979
vt 0.896917 0.624234
vt 0.902140 0.610014
vt 0.897570 0.604791
vt 0.894015 0.620897
vt 0.890823 0.618865
vt 0.892637 0.601599
vt 0.887414 0.618140
vt 0.844500 0.665575
vt 0.842698 0.669891
vt 0.844500 0.669594
vt 0.840145 0.667361
vt 0.840971 0.671082
vt 0.839395 0.672868
vt 0.838193 0.669594
vt 0.838043 0.675250
vt 0.836542 0.672571
vt 0.836992 0.678078
vt 0.834365 0.680311
vt 0.836241 0.681502
vt 0.833839 0.684627
vt 0.835866 0.684925
vt 0.833839 0.688944
vt 0.835866 0.688498
vt 0.836241 0.692070
vt 0.834289 0.693410
vt 0.836917 0.695345
vt 0.836542 0.701001
vt 0.838043 0.698321
vt 0.838193 0.703978
vt 0.839395 0.700703
vt 0.840145 0.706210
vt 0.840971 0.702489
vt 0.842698 0.703680
vt 0.844500 0.707997
vt 0.844500 0.704127
vt 0.846302 0.703680
vt 0.846677 0.707550
vt 0.848028 0.702638
vt 0.848854 0.706210
vt 0.849605 0.700852
vt 0.850806 0.703978
vt 0.850956 0.698470
vt 0.853734 0.697428
vt 0.852008 0.695493
vt 0.854635 0.693410
vt 0.852758 0.692219
vt 0.853134 0.688646
vt 0.855161 0.684627
vt 0.853134 0.685074
vt 0.854635 0.680311
vt 0.852758 0.681502
vt 0.852082 0.678227
vt 0.853734 0.676292
vt 0.850956 0.675250
vt 0.850806 0.669743
vt 0.849605 0.672868
vt 0.848854 0.667510
vt 0.848028 0.671082
vt 0.846752 0.666170
vt 0.846302 0.669891
vt 0.844500 0.686860
vt 0.841872 0.663044
vt 0.844500 0.663193
vt 0.844425 0.662598
vt 0.839470 0.664682
vt 0.842022 0.663640
vt 0.837217 0.667212
vt 0.839620 0.664980
vt 0.835566 0.670933
vt 0.837443 0.667510
vt 0.833839 0.674655
vt 0.835340 0.670636
vt 0.833088 0.679418
vt 0.834064 0.674952
vt 0.832788 0.679418
vt 0.832563 0.684330
vt 0.832262 0.689391
vt 0.832262 0.684330
vt 0.832863 0.694452
vt 0.832563 0.689391
vt 0.833914 0.699066
vt 0.833088 0.694154
vt 0.835566 0.702787
vt 0.834064 0.698768
vt 0.837292 0.706508
vt 0.835416 0.703233
vt 0.839620 0.708592
vt 0.837443 0.706062
vt 0.839545 0.709039
vt 0.842022 0.710081
vt 0.842022 0.710676
vt 0.844500 0.710676
vt 0.844575 0.711122
vt 0.846977 0.710081
vt 0.847128 0.710676
vt 0.849380 0.708592
vt 0.851782 0.706508
vt 0.849530 0.709039
vt 0.853659 0.703085
vt 0.851557 0.706062
vt 0.855161 0.698917
vt 0.853434 0.702787
vt 0.855911 0.694154
vt 0.854935 0.698768
vt 0.856212 0.694303
vt 0.856437 0.689242
vt 0.856737 0.689242
vt 0.856437 0.684330
vt 0.856737 0.684181
vt 0.855986 0.679418
vt 0.856137 0.679120
vt 0.854935 0.674803
vt 0.855086 0.674506
vt 0.853434 0.670785
vt 0.853584 0.670487
vt 0.851557 0.667510
vt 0.851707 0.667063
vt 0.849380 0.664980
vt 0.846977 0.663044
vt 0.849455 0.664533
vt 0.846977 0.663491
vt 0.841947 0.663640
vt 0.844500 0.663044
vt 0.839545 0.665128
vt 0.842248 0.666021
vt 0.837443 0.667659
vt 0.835566 0.671082
vt 0.834064 0.675101
vt 0.833088 0.679567
vt 0.835265 0.676143
vt 0.832563 0.684479
vt 0.833163 0.694303
vt 0.835265 0.697428
vt 0.834139 0.698768
vt 0.835641 0.702787
vt 0.837518 0.706062
vt 0.839695 0.708592
vt 0.842248 0.707550
vt 0.842097 0.710081
vt 0.844575 0.710527
vt 0.847052 0.710081
vt 0.849455 0.708443
vt 0.851557 0.705913
vt 0.853434 0.702638
vt 0.854935 0.698619
vt 0.855911 0.694005
vt 0.855161 0.689093
vt 0.856437 0.684181
vt 0.855911 0.679418
vt 0.854860 0.674803
vt 0.853359 0.670785
vt 0.851482 0.667510
vt 0.849305 0.665128
vt 0.868552 0.616399
vt 0.872470 0.691560
vt 0.911571 0.666167
vt 0.911571 0.634681
vt 0.892709 0.600728
vt 0.887361 0.601126
vt 0.887361 0.650734
vt 0.892652 0.602118
vt 0.897447 0.605425
vt 0.902077 0.610386
vt 0.905880 0.617331
vt 0.908856 0.625930
vt 0.911005 0.635190
vt 0.912163 0.645442
vt 0.912163 0.655695
vt 0.911005 0.665947
vt 0.908856 0.675538
vt 0.905880 0.683806
vt 0.902077 0.690751
vt 0.897447 0.696043
vt 0.892652 0.699350
vt 0.887361 0.700342
vt 0.882235 0.699350
vt 0.877274 0.696043
vt 0.872810 0.690751
vt 0.869007 0.683806
vt 0.865865 0.675538
vt 0.863881 0.665947
vt 0.862724 0.655695
vt 0.862724 0.645442
vt 0.863881 0.635190
vt 0.865865 0.625930
vt 0.869007 0.617331
vt 0.872810 0.610386
vt 0.877274 0.605425
vt 0.882235 0.602118
vt 0.462023 0.050319
vt 0.495631 0.050319
vt 0.339938 0.940095
vt 0.529343 0.050319
vt 0.279276 0.940095
vt 0.377949 0.050319
vt 0.334138 0.940095
vt 0.260266 0.050320
vt 0.325701 0.940095
vt 0.041551 0.050320
vt 0.108872 0.050320
vt 0.949403 0.050319
vt 0.995140 0.050319
vt 0.306719 0.940095
vt 0.000080 0.938359
vt -0.007988 0.050320
vt 0.882494 0.050319
vt 0.764708 0.050319
vt 0.296173 0.940095
vt 0.289822 0.940095
vt 0.731099 0.050319
vt 0.613417 0.050319
vt 0.056056 0.186794
vt 0.118066 0.233252
vt 0.028386 0.173806
vt 0.060476 0.159549
vt 0.056056 0.153158
vt 0.108165 0.200841
vt 0.104430 0.200740
vt 0.018000 0.165256
vt 0.046269 0.159549
vt 0.044533 0.169936
vt 0.852458 0.701001
vt 0.852458 0.672720
s 1
g off
usemtl car_body
f 349/439/408 347/440/409 346/441/410
f 349/439/408 350/442/411 348/443/412
f 351/444/413 352/445/414 350/442/411
f 346/441/415 354/446/416 349/439/417
f 354/446/416 351/444/418 349/439/417
f 351/444/418 357/447/419 353/448/420
f 342/449/421 347/440/422 348/443/423
f 344/450/424 348/443/423 350/442/425
f 344/450/424 352/445/426 345/451/427
f 358/452/428 356/453/429 354/446/416
f 363/454/430 361/455/431 360/456/432
f 364/457/433 359/458/434 365/459/435
f 365/459/435 367/460/436 364/457/433
f 368/461/437 360/456/432 361/455/431
f 369/462/438 371/463/439 370/464/440
f 376/465/441 374/466/442 373/467/443
f 377/468/444 375/469/445 378/470/446
f 379/471/447 381/472/448 380/473/449
f 383/474/450 385/475/451 384/476/452
f 386/477/453 388/478/454 387/479/455
f 390/480/456 387/479/455 391/481/457
f 392/482/458 394/483/459 393/484/460
f 396/485/461 398/486/462 397/487/463
f 400/488/464 393/484/460 401/489/465
f 404/490/466 408/491/467 407/492/468
f 406/493/469 408/491/467 405/494/470
f 410/495/471 412/496/472 411/497/473
f 413/498/474 415/499/475 414/500/476
f 414/500/476 412/496/472 413/498/474
f 407/492/477 418/501/478 417/502/479
f 418/501/478 409/503/480 419/504/481
f 417/502/482 421/505/483 420/506/482
f 421/505/483 419/504/484 422/507/484
f 421/508/485 423/509/486 420/510/487
f 424/511/488 421/508/485 425/512/489
f 425/512/489 422/513/490 426/514/491
f 392/515/492 425/512/489 427/516/493
f 425/512/489 428/517/494 427/516/493
f 372/518/495 429/519/496 371/463/439
f 389/520/497 432/521/498 431/522/499
f 400/523/500 425/512/489 392/515/492
f 396/524/501 415/499/475 399/525/502
f 396/524/501 433/526/503 414/500/476
f 438/527/504 352/445/414 353/448/505
f 440/528/506 437/529/507 438/527/504
f 442/530/508 439/531/509 440/528/506
f 357/447/419 438/527/510 353/448/420
f 438/527/510 444/532/511 440/528/512
f 440/528/512 445/533/513 442/530/514
f 434/534/515 352/445/426 437/529/516
f 435/535/517 437/529/516 439/531/518
f 436/536/519 439/531/518 441/537/520
f 446/538/521 448/539/522 447/540/523
f 447/540/523 368/461/437 446/538/521
f 450/541/524 364/457/433 451/542/525
f 364/457/433 367/460/436 451/542/525
f 451/542/525 452/543/526 450/541/524
f 453/544/527 455/545/528 454/546/529
f 460/547/530 458/548/531 457/549/532
f 461/550/533 459/551/534 460/547/530
f 463/552/535 465/553/536 464/554/537
f 467/555/538 469/556/539 468/557/540
f 470/558/541 472/559/542 471/560/543
f 474/561/544 473/562/545 470/558/541
f 476/563/546 478/564/547 477/565/548
f 480/566/549 482/567/550 481/568/551
f 484/569/552 479/570/553 476/563/546
f 406/571/469 489/572/554 409/573/555
f 412/496/472 490/574/556 411/497/473
f 491/575/557 493/576/558 492/577/559
f 493/576/558 412/496/472 414/500/476
f 419/578/481 489/572/560 494/579/561
f 422/580/484 494/579/562 495/581/562
f 422/513/490 496/582/563 426/514/491
f 495/583/564 497/584/565 496/582/563
f 428/517/494 426/514/491 499/585/566
f 499/585/566 496/582/563 476/586/567
f 500/587/568 454/546/529 455/545/528
f 471/588/569 432/521/498 470/589/570
f 484/590/571 496/582/563 497/584/565
f 414/500/476 481/591/572 493/576/558
f 481/591/572 433/526/503 480/592/573
f 502/593/574 377/468/444 384/476/452
f 502/593/574 503/594/575 401/489/465
f 379/471/447 504/595/576 360/456/432
f 388/478/454 381/472/448 430/596/577
f 368/461/437 500/587/568 506/597/578
f 507/598/579 458/548/531 367/460/436
f 394/483/459 369/462/438 373/467/443
f 354/446/416 378/470/446 358/452/428
f 398/486/462 508/599/580 380/473/449
f 510/600/581 416/601/582 511/602/583
f 510/600/581 399/525/502 415/499/475
f 400/523/500 423/509/486 424/511/488
f 400/523/500 513/603/584 512/604/585
f 514/605/586 390/606/587 395/607/588
f 433/526/503 389/520/497 431/522/499
f 478/564/547 453/544/527 475/608/589
f 472/559/542 465/553/536 483/609/590
f 462/610/591 444/532/511 452/543/526
f 474/611/592 514/605/586 477/612/593
f 471/588/569 433/526/503 431/522/499
f 401/489/465 513/613/594 400/488/464
f 387/479/455 430/596/577 372/518/495
f 382/614/595 430/596/577 381/472/448
f 455/545/528 507/598/579 516/615/596
f 370/464/440 373/467/443 369/462/438
f 391/481/457 372/518/495 369/462/438
f 365/459/435 376/465/441 367/460/436
f 393/484/460 373/467/443 374/466/442
f 383/474/450 377/468/444 378/470/446
f 401/489/465 374/466/442 377/468/444
f 397/487/463 380/473/449 381/472/448
f 508/599/580 379/471/447 380/473/449
f 360/456/432 382/614/595 379/471/447
f 355/616/597 383/474/450 354/446/416
f 389/617/598 397/487/463 388/478/454
f 395/618/599 391/481/457 394/483/459
f 509/619/600 399/620/601 510/621/602
f 506/597/578 455/545/528 516/615/596
f 467/555/538 445/533/513 444/532/511
f 475/608/589 454/546/529 473/562/545
f 479/570/553 457/549/532 478/564/547
f 456/622/603 457/549/532 458/548/531
f 464/554/537 501/623/604 500/587/568
f 467/555/538 461/550/533 469/556/539
f 483/609/590 466/624/605 482/567/550
f 485/625/606 460/547/530 479/570/553
f 477/565/548 475/608/589 474/561/544
f 471/560/543 483/609/590 480/566/549
f 462/610/591 451/542/525 459/551/534
f 451/542/525 458/548/531 459/551/534
f 447/540/523 464/554/537 368/461/437
f 473/562/545 501/623/604 472/559/542
f 356/453/429 366/626/607 357/447/419
f 366/626/607 443/627/608 357/447/419
f 443/627/608 452/543/526 444/532/511
f 403/628/609 517/629/610 402/630/611
f 520/631/612 486/632/613 487/633/614
f 522/634/615 487/635/616 486/636/617
f 402/637/618 523/638/619 403/639/620
f 525/640/621 517/629/610 518/641/622
f 528/642/623 520/631/612 527/643/624
f 530/644/625 523/638/626 524/645/627
f 522/634/628 531/646/629 521/647/630
f 429/519/496 368/461/437 506/597/578
f 371/463/439 506/597/578 516/615/596
f 507/598/579 371/463/439 516/615/596
f 376/465/441 507/598/579 367/460/436
f 359/458/434 358/452/428 365/459/435
f 378/470/446 365/459/435 358/452/428
f 515/648/631 386/649/632 390/606/587
f 470/589/570 515/648/631 474/611/592
f 477/612/593 499/585/566 476/586/567
f 427/516/493 514/605/586 395/607/588
f 514/605/586 499/585/566 477/612/593
f 427/516/493 395/607/588 392/515/492
f 541/650/633 532/651/634 533/652/635
f 363/454/430 525/640/636 362/653/637
f 448/539/522 528/642/638 527/643/639
f 536/654/640 545/655/641 537/656/642
f 534/657/643 543/658/644 535/659/645
f 534/660/646 540/661/647 559/662/648
f 537/663/649 533/652/650 536/664/651
f 544/665/652 539/666/653 542/667/654
f 546/668/655 538/669/656 544/665/652
f 549/670/657 548/671/658 547/672/659
f 550/673/660 552/674/661 555/675/662
f 553/676/663 549/670/664 551/677/665
f 554/678/666 552/674/667 553/676/663
f 553/679/663 557/680/668 556/681/669
f 558/682/670 553/679/663 556/681/669
f 542/667/654 548/671/658 544/665/652
f 544/665/652 550/673/660 546/668/655
f 361/455/431 446/538/521 368/461/437
f 360/456/432 560/683/671 363/454/430
f 559/662/672 563/684/673 562/685/674
f 402/630/611 564/686/675 561/687/676
f 524/645/677 561/688/678 565/689/679
f 526/690/680 564/686/675 517/629/610
f 524/645/627 563/684/681 530/644/625
f 446/538/521 362/653/637 449/691/682
f 519/692/683 403/628/609 486/632/613
f 523/638/619 486/636/617 403/639/620
f 525/640/621 519/692/683 528/642/623
f 522/634/628 529/693/684 532/651/685
f 532/651/634 540/661/686 533/652/635
f 560/683/671 526/690/687 363/454/430
f 525/640/636 449/691/682 362/653/637
f 568/694/688 542/667/654 539/666/653
f 543/658/689 544/665/652 538/669/656
f 535/659/645 538/669/690 536/654/640
f 568/694/691 534/657/643 567/695/692
f 562/685/693 534/660/646 559/662/648
f 535/696/694 533/652/650 540/661/647
f 529/693/695 559/662/672 540/661/686
f 411/697/490 569/698/490 410/699/490
f 490/700/490 569/698/490 411/697/490
f 574/701/696 576/702/697 575/703/698
f 579/704/699 576/702/697 577/705/700
f 581/706/701 578/707/702 579/704/699
f 583/708/703 577/705/704 574/701/705
f 582/709/706 579/704/707 577/705/704
f 584/710/708 581/706/709 579/704/707
f 570/711/710 575/703/711 576/702/712
f 570/711/710 578/707/713 572/712/714
f 572/712/714 580/713/715 573/714/716
f 586/715/717 584/710/708 582/709/706
f 591/716/718 589/717/719 588/718/720
f 592/719/721 587/720/722 593/721/723
f 593/721/723 595/722/724 592/719/721
f 596/723/725 588/718/720 589/717/719
f 597/724/726 599/725/727 598/726/728
f 604/727/729 602/728/730 601/729/731
f 605/730/732 603/731/733 606/732/734
f 607/733/735 609/734/736 608/735/737
f 611/736/738 613/737/739 612/738/740
f 614/739/741 616/740/742 615/741/743
f 618/742/744 615/741/743 619/743/745
f 620/744/746 622/745/747 621/746/748
f 624/747/749 626/748/750 625/749/751
f 628/750/752 621/746/748 629/751/753
f 633/752/754 635/753/755 632/754/756
f 634/755/757 636/756/758 633/752/754
f 638/757/759 640/758/760 639/759/761
f 641/760/762 643/761/763 642/762/764
f 642/762/764 640/758/760 641/760/762
f 635/753/765 646/763/766 645/764/767
f 636/756/768 647/765/769 646/763/766
f 648/766/770 646/763/771 649/767/771
f 649/767/771 647/765/772 650/768/772
f 649/769/773 651/770/774 648/771/775
f 652/772/776 649/769/773 653/773/777
f 649/769/773 654/774/778 653/773/777
f 620/775/779 653/773/777 655/776/780
f 653/773/777 656/777/781 655/776/780
f 600/778/782 657/779/783 599/725/727
f 617/780/784 660/781/785 659/782/786
f 628/783/787 653/773/777 620/775/779
f 624/784/788 643/761/763 627/785/789
f 624/784/788 661/786/790 642/762/764
f 581/706/701 664/787/791 580/713/792
f 667/788/793 664/787/791 665/789/794
f 346/441/410 666/790/795 667/788/793
f 585/791/796 665/789/797 581/706/709
f 665/789/797 669/792/798 667/788/799
f 669/792/798 346/441/415 667/788/799
f 573/714/716 664/787/800 662/793/801
f 662/793/801 666/790/802 663/794/803
f 343/795/422 666/790/802 347/440/422
f 670/796/804 560/683/671 504/595/576
f 504/595/576 596/723/725 670/796/804
f 672/797/805 592/719/721 673/798/806
f 592/719/721 595/722/724 673/798/806
f 673/798/806 674/799/807 672/797/805
f 675/800/808 677/801/809 676/802/810
f 682/803/811 680/804/812 679/805/813
f 502/593/574 681/806/814 682/803/811
f 505/807/815 685/808/816 684/809/817
f 686/810/818 384/476/452 385/475/451
f 687/811/819 689/812/820 688/813/821
f 691/814/822 690/815/823 687/811/819
f 693/816/824 695/817/825 694/818/826
f 697/819/827 509/619/600 510/621/602
f 513/613/594 696/820/828 693/816/824
f 404/490/466 637/821/829 634/755/757
f 640/758/760 410/495/471 639/759/761
f 413/498/474 511/602/583 416/601/582
f 511/602/583 640/758/760 642/762/764
f 647/765/769 407/492/477 417/502/479
f 650/768/772 417/502/482 420/506/482
f 650/822/490 700/823/830 654/774/778
f 420/510/487 512/604/585 700/823/830
f 656/777/781 654/774/778 701/824/831
f 701/824/831 700/823/830 693/825/832
f 702/826/833 676/802/810 677/801/809
f 688/827/834 660/781/785 687/828/835
f 513/603/584 700/823/830 512/604/585
f 642/762/764 510/600/581 511/602/583
f 510/600/581 661/786/790 697/829/836
f 704/830/837 605/730/732 612/738/740
f 704/830/837 705/831/838 629/751/753
f 607/733/735 706/832/839 588/718/720
f 616/740/742 609/734/736 658/833/840
f 596/723/725 702/826/833 708/834/841
f 709/835/842 680/804/812 595/722/724
f 622/745/747 597/724/726 601/729/731
f 582/709/706 606/732/734 586/715/717
f 626/748/750 710/836/843 608/735/737
f 712/837/844 644/838/845 713/839/846
f 712/837/844 627/785/789 643/761/763
f 628/783/787 651/770/774 652/772/776
f 628/783/787 715/840/847 714/841/848
f 716/842/849 618/843/850 623/844/851
f 661/786/790 617/780/784 659/782/786
f 695/817/825 675/800/808 692/845/852
f 689/812/820 685/808/816 698/846/853
f 683/847/854 669/792/798 674/799/807
f 691/848/855 716/842/849 694/849/856
f 688/827/834 661/786/790 659/782/786
f 629/751/753 715/850/857 628/750/752
f 615/741/743 658/833/840 600/778/782
f 610/851/858 658/833/840 609/734/736
f 677/801/809 709/835/842 718/852/859
f 598/726/728 601/729/731 597/724/726
f 619/743/745 600/778/782 597/724/726
f 593/721/723 604/727/729 595/722/724
f 621/746/748 601/729/731 602/728/730
f 611/736/738 605/730/732 606/732/734
f 629/751/753 602/728/730 605/730/732
f 625/749/751 608/735/737 609/734/736
f 707/853/860 608/735/737 710/836/843
f 588/718/720 610/851/858 607/733/735
f 583/708/703 611/736/738 582/709/706
f 617/854/861 625/749/751 616/740/742
f 623/855/862 619/743/745 622/745/747
f 711/856/863 627/857/864 712/858/865
f 708/834/841 677/801/809 718/852/859
f 686/810/818 355/616/597 669/792/798
f 692/845/852 676/802/810 690/815/823
f 696/820/828 679/805/813 695/817/825
f 678/859/866 679/805/813 680/804/812
f 684/809/817 703/860/867 702/826/833
f 686/810/818 502/593/574 384/476/452
f 698/846/853 508/599/580 509/619/600
f 503/594/575 682/803/811 696/820/828
f 694/818/826 692/845/852 691/814/822
f 688/813/821 698/846/853 697/819/827
f 683/847/854 673/798/806 681/806/814
f 673/798/806 680/804/812 681/806/814
f 504/595/576 684/809/817 596/723/725
f 690/815/823 703/860/867 689/812/820
f 584/710/708 594/861/868 585/791/796
f 594/861/868 668/862/869 585/791/796
f 668/862/869 674/799/807 669/792/798
f 720/863/870 630/864/871 631/865/872
f 564/686/675 699/866/873 561/687/676
f 722/867/874 561/688/678 699/868/875
f 724/869/876 631/870/877 630/871/876
f 725/872/878 719/873/879 720/863/870
f 566/874/880 721/875/881 564/686/675
f 729/876/882 723/877/883 724/869/884
f 730/878/885 565/689/886 722/867/887
f 657/779/783 596/723/725 708/834/841
f 718/852/859 657/779/783 708/834/841
f 709/835/842 599/725/727 718/852/859
f 604/727/729 709/835/842 595/722/724
f 587/720/722 586/715/717 593/721/723
f 606/732/734 593/721/723 586/715/717
f 717/879/888 614/880/889 618/843/850
f 687/828/835 717/879/888 691/848/855
f 694/849/856 701/824/831 693/825/832
f 655/776/780 716/842/849 623/844/851
f 716/842/849 701/824/831 694/849/856
f 655/776/780 623/844/851 620/775/779
f 731/881/890 563/684/673 730/878/891
f 591/716/718 725/872/892 590/882/893
f 671/883/894 566/874/895 560/683/671
f 735/884/896 567/695/692 734/885/897
f 732/886/898 739/887/899 733/888/900
f 737/889/901 732/890/902 733/891/903
f 562/685/693 734/892/904 567/893/905
f 740/894/906 736/895/907 738/896/908
f 542/667/654 735/884/909 740/894/906
f 743/897/910 742/898/911 741/899/912
f 547/672/659 745/900/913 549/670/657
f 746/901/914 743/897/915 744/902/916
f 551/677/665 745/900/917 746/901/914
f 746/903/914 748/904/918 747/905/919
f 557/680/668 746/903/914 747/905/919
f 738/896/908 742/898/911 740/894/906
f 740/894/906 547/672/659 542/667/654
f 589/717/719 670/796/804 596/723/725
f 591/716/718 706/832/839 750/906/920
f 729/876/921 752/907/922 749/908/923
f 719/873/879 751/909/924 630/864/871
f 630/871/876 755/910/925 724/869/876
f 726/911/926 754/912/927 719/873/879
f 729/876/882 755/910/928 753/913/929
f 671/883/894 589/717/719 590/882/893
f 721/875/881 631/865/872 699/866/873
f 723/877/930 699/868/875 631/870/877
f 720/863/870 727/914/931 725/872/878
f 722/867/887 728/915/932 730/878/885
f 731/881/890 728/915/933 737/889/934
f 750/906/920 726/911/935 591/716/718
f 590/882/893 727/914/936 671/883/894
f 758/916/937 738/896/908 736/895/907
f 739/887/938 740/894/906 735/884/909
f 733/888/900 735/884/896 734/885/897
f 758/916/939 732/886/898 757/917/940
f 757/918/941 749/908/902 752/907/942
f 733/891/903 731/881/943 737/889/901
f 729/876/921 737/889/934 728/915/933
f 639/919/490 569/698/490 638/920/490
f 410/699/490 569/698/490 639/919/490
f 763/921/944 765/922/945 764/923/946
f 766/924/947 767/925/948 765/922/945
f 770/926/949 767/925/948 768/927/950
f 772/928/951 766/924/952 763/921/953
f 771/929/954 768/927/955 766/924/952
f 773/930/956 770/926/957 768/927/955
f 760/931/958 765/922/959 759/932/960
f 759/932/960 767/925/961 761/933/962
f 762/934/963 767/925/961 769/935/964
f 775/936/965 773/930/956 771/929/954
f 780/937/966 778/938/967 777/939/968
f 781/940/969 776/941/970 782/942/971
f 782/942/971 784/943/972 781/940/969
f 785/944/973 777/939/968 778/938/967
f 786/945/974 788/946/975 787/947/976
f 793/948/977 791/949/978 790/950/979
f 794/951/980 792/952/981 795/953/982
f 796/954/983 798/955/984 797/956/985
f 800/957/986 802/958/987 801/959/988
f 803/960/989 805/961/990 804/962/991
f 807/963/992 804/962/991 808/964/993
f 809/965/994 811/966/995 810/967/996
f 813/968/997 815/969/998 814/970/999
f 817/971/1000 810/967/996 818/972/1001
f 821/973/1002 825/974/1003 824/975/1004
f 823/976/1005 825/974/1003 822/977/1006
f 827/978/1007 829/979/1008 828/980/1009
f 830/981/1010 832/982/1011 831/983/1012
f 831/983/1012 829/979/1008 830/981/1010
f 824/975/1013 835/984/1014 834/985/1015
f 825/974/1016 836/986/1017 835/984/1014
f 837/987/1018 835/984/1019 838/988/1019
f 838/988/1019 836/986/1020 839/989/1020
f 838/990/1021 840/991/1022 837/992/1023
f 841/993/1024 838/990/1021 842/994/1025
f 842/994/1025 839/995/490 843/996/1026
f 809/997/1027 842/994/1025 844/998/1028
f 844/998/1028 843/996/1026 845/999/1029
f 789/1000/1030 846/1001/1031 788/946/975
f 806/1002/1032 849/1003/1033 848/1004/1034
f 817/1005/1035 842/994/1025 809/997/1027
f 813/1006/1036 832/982/1011 816/1007/1037
f 813/1006/1036 850/1008/1038 831/983/1012
f 770/926/949 853/1009/1039 769/935/1040
f 854/1010/1041 855/1011/1042 853/1009/1039
f 574/701/696 855/1011/1042 856/1012/1043
f 770/926/957 857/1013/1044 854/1010/1045
f 854/1010/1045 858/1014/1046 856/1012/1047
f 856/1012/1047 583/708/703 574/701/705
f 762/934/963 853/1009/1048 851/1015/1049
f 852/1016/1050 853/1009/1048 855/1011/1051
f 571/1017/1052 855/1011/1051 575/703/711
f 859/1018/1053 750/906/920 706/832/839
f 706/832/839 785/944/973 859/1018/1053
f 861/1019/1054 781/940/969 862/1020/1055
f 781/940/969 784/943/972 862/1020/1055
f 862/1020/1055 863/1021/1056 861/1019/1054
f 864/1022/1057 866/1023/1058 865/1024/1059
f 871/1025/1060 869/1026/1061 868/1027/1062
f 704/830/837 870/1028/1063 871/1025/1060
f 707/853/860 874/1029/1064 873/1030/1065
f 875/1031/1066 612/738/740 613/737/739
f 876/1032/1067 878/1033/1068 877/1034/1069
f 880/1035/1070 879/1036/1071 876/1032/1067
f 882/1037/1072 884/1038/1073 883/1039/1074
f 886/1040/1075 711/856/863 712/858/865
f 715/850/857 885/1041/1076 882/1037/1072
f 632/754/756 826/1042/1077 823/976/1005
f 828/980/1009 641/760/762 638/757/759
f 641/760/762 713/839/846 644/838/845
f 713/839/846 829/979/1008 831/983/1012
f 836/986/1017 635/753/765 645/764/767
f 836/986/1020 648/766/770 839/989/1020
f 839/995/490 889/1043/1078 843/996/1026
f 648/771/775 714/841/848 889/1043/1078
f 845/999/1029 843/996/1026 890/1044/1079
f 890/1044/1079 889/1043/1078 882/1045/1080
f 891/1046/1081 865/1024/1059 866/1023/1058
f 877/1047/1082 849/1003/1033 876/1048/1083
f 715/840/847 889/1043/1078 714/841/848
f 831/983/1012 712/837/844 713/839/846
f 712/837/844 850/1008/1038 886/1049/1084
f 893/1050/1085 794/951/980 801/959/988
f 893/1050/1085 894/1051/1086 818/972/1001
f 796/954/983 895/1052/1087 777/939/968
f 805/961/990 798/955/984 847/1053/1088
f 785/944/973 891/1046/1081 897/1054/1089
f 898/1055/1090 869/1026/1061 784/943/972
f 811/966/995 786/945/974 790/950/979
f 771/929/954 795/953/982 775/936/965
f 815/969/998 899/1056/1091 797/956/985
f 901/1057/1092 833/1058/1093 902/1059/1094
f 901/1057/1092 816/1007/1037 832/982/1011
f 817/1005/1035 840/991/1022 841/993/1024
f 817/1005/1035 904/1060/1095 903/1061/1096
f 905/1062/1097 807/1063/1098 812/1064/1099
f 850/1008/1038 806/1002/1032 848/1004/1034
f 884/1038/1073 864/1022/1057 881/1065/1100
f 878/1033/1068 874/1029/1064 887/1066/1101
f 872/1067/1102 858/1014/1046 863/1021/1056
f 880/1068/1103 905/1062/1097 883/1069/1104
f 877/1047/1082 850/1008/1038 848/1004/1034
f 818/972/1001 904/1070/1105 817/971/1000
f 804/962/991 847/1053/1088 789/1000/1030
f 799/1071/1106 847/1053/1088 798/955/984
f 907/1072/1107 867/1073/1108 898/1055/1090
f 787/947/976 790/950/979 786/945/974
f 808/964/993 789/1000/1030 786/945/974
f 782/942/971 793/948/977 784/943/972
f 810/967/996 790/950/979 791/949/978
f 800/957/986 794/951/980 795/953/982
f 818/972/1001 791/949/978 794/951/980
f 814/970/999 797/956/985 798/955/984
f 896/1074/1109 797/956/985 899/1056/1091
f 777/939/968 799/1071/1106 796/954/983
f 772/928/951 800/957/986 771/929/954
f 806/1075/1110 814/970/999 805/961/990
f 812/1076/1111 808/964/993 811/966/995
f 901/1077/1112 815/969/998 816/1078/1113
f 891/1046/1081 907/1072/1107 897/1054/1089
f 875/1031/1066 583/708/703 858/1014/1046
f 881/1065/1100 865/1024/1059 879/1036/1071
f 885/1041/1076 868/1027/1062 884/1038/1073
f 867/1073/1108 868/1027/1062 869/1026/1061
f 873/1030/1065 892/1079/1114 891/1046/1081
f 875/1031/1066 704/830/837 612/738/740
f 887/1066/1101 710/836/843 711/856/863
f 705/831/838 871/1025/1060 885/1041/1076
f 883/1039/1074 881/1065/1100 880/1035/1070
f 877/1034/1069 887/1066/1101 886/1040/1075
f 872/1067/1102 862/1020/1055 870/1028/1063
f 862/1020/1055 869/1026/1061 870/1028/1063
f 706/832/839 873/1030/1065 785/944/973
f 879/1036/1071 892/1079/1114 878/1033/1068
f 773/930/956 783/1080/1115 774/1081/1116
f 783/1080/1115 857/1013/1044 774/1081/1116
f 857/1013/1044 863/1021/1056 858/1014/1046
f 820/1082/1117 908/1083/1118 819/1084/1119
f 754/912/927 888/1085/1120 751/909/924
f 911/1086/1121 751/1087/925 888/1088/1122
f 819/1089/1123 912/1090/1124 820/1091/1125
f 914/1092/1126 908/1083/1118 909/1093/1127
f 916/1094/1128 754/912/927 756/1095/1129
f 918/1096/1130 912/1090/1131 913/1097/1132
f 911/1086/1133 753/913/929 755/910/928
f 846/1001/1031 785/944/973 897/1054/1089
f 907/1072/1107 846/1001/1031 897/1054/1089
f 898/1055/1090 788/946/975 907/1072/1107
f 793/948/977 898/1055/1090 784/943/972
f 776/941/970 775/936/965 782/942/971
f 795/953/982 782/942/971 775/936/965
f 906/1098/1134 803/1099/1135 807/1063/1098
f 876/1048/1083 906/1098/1134 880/1068/1103
f 883/1069/1104 890/1044/1079 882/1045/1080
f 844/998/1028 905/1062/1097 812/1064/1099
f 905/1062/1097 890/1044/1079 883/1069/1104
f 844/998/1028 812/1064/1099 809/997/1027
f 919/1100/1136 752/907/922 753/913/1137
f 780/937/966 914/1092/1138 779/1101/1139
f 860/1102/1140 756/1095/1141 750/906/920
f 924/1103/1142 757/917/940 923/1104/1143
f 925/1105/1144 922/1106/1145 921/1107/1146
f 922/1108/1147 938/1109/1148 921/1110/1149
f 757/918/941 920/1111/1150 923/1112/1151
f 927/1113/1152 928/1114/1153 925/1105/1154
f 738/896/908 924/1103/1155 929/1115/1156
f 934/1116/1157 930/1117/1158 932/1118/1159
f 741/899/912 934/1116/1157 743/897/910
f 935/1119/1160 932/1118/1161 933/1120/1162
f 744/902/916 934/1116/1163 935/1119/1160
f 935/1121/1160 937/1122/1164 936/1123/1165
f 744/1124/916 936/1123/1165 748/904/918
f 929/1115/1156 930/1117/1158 931/1125/1166
f 738/896/908 931/1125/1166 741/899/912
f 778/938/967 859/1018/1053 785/944/973
f 777/939/968 939/1126/1167 780/937/966
f 918/1096/1168 941/1127/1169 938/1109/1170
f 819/1084/1119 943/1128/1171 940/1129/1172
f 913/1097/1173 940/1130/1174 944/1131/1175
f 915/1132/1176 943/1128/1171 908/1083/1118
f 913/1097/1132 942/1133/1177 918/1096/1130
f 859/1018/1053 779/1101/1139 860/1102/1140
f 888/1085/1120 909/1093/1127 820/1082/1117
f 820/1091/1125 911/1086/1121 888/1088/1122
f 909/1093/1127 916/1094/1128 914/1092/1126
f 911/1086/1133 917/1134/1178 919/1100/1179
f 920/1111/1180 917/1134/1181 926/1135/1182
f 939/1126/1167 915/1132/1183 780/937/966
f 779/1101/1139 916/1094/1184 860/1102/1140
f 947/1136/1185 927/1113/1152 925/1105/1154
f 928/1114/1153 929/1115/1156 924/1103/1155
f 928/1114/1186 923/1104/1143 922/1106/1145
f 947/1136/1187 921/1107/1146 946/1137/1188
f 941/1127/1189 921/1110/1149 938/1109/1148
f 926/1135/1190 923/1112/1151 920/1111/1150
f 918/1096/1168 926/1135/1182 917/1134/1181
f 828/1138/490 569/698/490 827/1139/490
f 638/920/490 569/698/490 828/1138/490
f 952/1140/1191 954/1141/1192 953/1142/1193
f 957/1143/1194 954/1141/1192 955/1144/1195
f 959/1145/1196 956/1146/1197 957/1143/1194
f 961/1147/1198 955/1144/1199 952/1140/1200
f 960/1148/1201 957/1143/1202 955/1144/1199
f 962/1149/1203 959/1145/1204 957/1143/1202
f 949/1150/1205 954/1141/1206 948/1151/1207
f 948/1151/1207 956/1146/1208 950/1152/1209
f 950/1152/1209 958/1153/1210 951/1154/1211
f 964/1155/1212 962/1149/1203 960/1148/1201
f 969/1156/1213 967/1157/1214 966/1158/1215
f 970/1159/1216 965/1160/1217 971/1161/1218
f 971/1161/1218 973/1162/1219 970/1159/1216
f 974/1163/1220 966/1158/1215 967/1157/1214
f 975/1164/1221 977/1165/1222 976/1166/1223
f 982/1167/1224 980/1168/1225 979/1169/1226
f 983/1170/1227 981/1171/1228 984/1172/1229
f 985/1173/1230 987/1174/1231 986/1175/1232
f 989/1176/1233 991/1177/1234 990/1178/1235
f 992/1179/1236 994/1180/1237 993/1181/1238
f 996/1182/1239 993/1181/1238 997/1183/1240
f 998/1184/1241 1000/1185/1242 999/1186/1243
f 1002/1187/1244 1004/1188/1245 1003/1189/1246
f 1006/1190/1247 999/1186/1243 1007/1191/1248
f 1011/1192/1249 1013/1193/1250 1010/1194/1251
f 1011/1192/1249 1015/1195/1252 1014/1196/1253
f 1019/1197/1254 1017/1198/1255 1016/1199/1256
f 1019/1197/1254 1021/1200/1257 1020/1201/1258
f 1020/1201/1258 1018/1202/1259 1019/1197/1254
f 1013/1193/1260 1024/1203/1261 1023/1204/1262
f 1024/1203/1261 1015/1195/1263 1025/1205/1264
f 1023/1204/1265 1027/1206/1266 1026/1207/1265
f 1027/1206/1266 1025/1205/1267 1028/1208/1267
f 1027/1209/1268 1029/1210/1269 1026/1211/1270
f 1030/1212/1271 1027/1209/1268 1031/1213/1272
f 1027/1209/1268 1032/1214/1273 1031/1213/1272
f 998/1215/1274 1031/1213/1272 1033/1216/1275
f 1031/1213/1272 1034/1217/1276 1033/1216/1275
f 978/1218/1277 1035/1219/1278 977/1165/1222
f 995/1220/1279 1038/1221/1280 1037/1222/1281
f 1006/1223/1282 1031/1213/1272 998/1215/1274
f 1002/1224/1283 1021/1200/1257 1005/1225/1284
f 1002/1224/1283 1039/1226/1285 1020/1201/1258
f 959/1145/1196 1042/1227/1286 958/1153/1287
f 1043/1228/1288 1044/1229/1289 1042/1227/1286
f 1045/1230/1290 764/923/946 1044/1229/1289
f 959/1145/1204 1046/1231/1291 1043/1228/1292
f 1043/1228/1292 1047/1232/1293 1045/1230/1294
f 1045/1230/1294 772/928/951 763/921/953
f 951/1154/1211 1042/1227/1295 1040/1233/1296
f 1040/1233/1296 1044/1229/1297 1041/1234/1298
f 1041/1234/1298 764/923/1299 760/931/958
f 1048/1235/1300 939/1126/1167 895/1052/1087
f 895/1052/1087 974/1163/1220 1048/1235/1300
f 1050/1236/1301 970/1159/1216 1051/1237/1302
f 970/1159/1216 973/1162/1219 1051/1237/1302
f 1051/1237/1302 1052/1238/1303 1050/1236/1301
f 1053/1239/1304 1055/1240/1305 1054/1241/1306
f 1060/1242/1307 1058/1243/1308 1057/1244/1309
f 893/1050/1085 1059/1245/1310 1060/1242/1307
f 896/1074/1109 1063/1246/1311 1062/1247/1312
f 1064/1248/1313 801/959/988 802/958/987
f 1065/1249/1314 1067/1250/1315 1066/1251/1316
f 1069/1252/1317 1068/1253/1318 1065/1249/1314
f 1071/1254/1319 1073/1255/1320 1072/1256/1321
f 1075/1257/1322 900/1258/1323 901/1077/1112
f 904/1070/1105 1074/1259/1324 1071/1254/1319
f 1012/1260/1325 824/975/1004 1015/1195/1252
f 1017/1198/1255 830/981/1010 827/978/1007
f 830/981/1010 902/1059/1094 833/1058/1093
f 902/1059/1094 1018/1202/1259 1020/1201/1258
f 1025/1205/1264 824/975/1013 834/985/1015
f 1028/1208/1267 834/985/1018 837/987/1018
f 1028/1261/490 1078/1262/1326 1032/1214/1273
f 837/992/1023 903/1061/1096 1078/1262/1326
f 1034/1217/1276 1032/1214/1273 1079/1263/1327
f 1079/1263/1327 1078/1262/1326 1071/1264/1328
f 1080/1265/1329 1054/1241/1306 1055/1240/1305
f 1066/1266/1330 1038/1221/1280 1065/1267/1331
f 904/1060/1095 1078/1262/1326 903/1061/1096
f 1020/1201/1258 901/1057/1092 902/1059/1094
f 901/1057/1092 1039/1226/1285 1075/1268/1332
f 1082/1269/1333 983/1170/1227 990/1178/1235
f 1082/1269/1333 1083/1270/1334 1007/1191/1248
f 1085/1271/1335 966/1158/1215 985/1173/1230
f 994/1180/1237 987/1174/1231 1036/1272/1336
f 974/1163/1220 1080/1265/1329 1086/1273/1337
f 1087/1274/1338 1058/1243/1308 973/1162/1219
f 1000/1185/1242 975/1164/1221 979/1169/1226
f 960/1148/1201 984/1172/1229 964/1155/1212
f 986/1175/1232 1089/1275/1339 1088/1276/1340
f 1090/1277/1341 1022/1278/1342 1091/1279/1343
f 1090/1277/1341 1005/1225/1284 1021/1200/1257
f 1006/1223/1282 1029/1210/1269 1030/1212/1271
f 1006/1223/1282 1093/1280/1344 1092/1281/1345
f 1094/1282/1346 996/1283/1347 1001/1284/1348
f 1039/1226/1285 995/1220/1279 1037/1222/1281
f 1073/1255/1320 1053/1239/1304 1070/1285/1349
f 1067/1250/1315 1063/1246/1311 1076/1286/1350
f 1061/1287/1351 1047/1232/1293 1052/1238/1303
f 1069/1288/1352 1094/1282/1346 1072/1289/1353
f 1066/1266/1330 1039/1226/1285 1037/1222/1281
f 1006/1190/1247 1083/1270/1334 1093/1290/1354
f 993/1181/1238 1036/1272/1336 978/1218/1277
f 988/1291/1355 1036/1272/1336 987/1174/1231
f 1055/1240/1305 1087/1274/1338 1096/1292/1356
f 976/1166/1223 979/1169/1226 975/1164/1221
f 997/1183/1240 978/1218/1277 975/1164/1221
f 971/1161/1218 982/1167/1224 973/1162/1219
f 999/1186/1243 979/1169/1226 980/1168/1225
f 989/1176/1233 983/1170/1227 984/1172/1229
f 1007/1191/1248 980/1168/1225 983/1170/1227
f 1003/1189/1246 986/1175/1232 987/1174/1231
f 1088/1276/1340 985/1173/1230 986/1175/1232
f 966/1158/1215 988/1291/1355 985/1173/1230
f 961/1147/1198 989/1176/1233 960/1148/1201
f 995/1293/1357 1003/1189/1246 994/1180/1237
f 1001/1294/1358 997/1183/1240 1000/1185/1242
f 1090/1295/1359 1004/1188/1245 1005/1296/1360
f 1080/1265/1329 1096/1292/1356 1086/1273/1337
f 1064/1248/1313 772/928/951 1047/1232/1293
f 1070/1285/1349 1054/1241/1306 1068/1253/1318
f 1074/1259/1324 1057/1244/1309 1073/1255/1320
f 1056/1297/1361 1057/1244/1309 1058/1243/1308
f 1062/1247/1312 1081/1298/1362 1080/1265/1329
f 1064/1248/1313 893/1050/1085 801/959/988
f 1076/1286/1350 899/1056/1091 900/1258/1323
f 894/1051/1086 1060/1242/1307 1074/1259/1324
f 1072/1256/1321 1070/1285/1349 1069/1252/1317
f 1066/1251/1316 1076/1286/1350 1075/1257/1322
f 1061/1287/1351 1051/1237/1302 1059/1245/1310
f 1051/1237/1302 1058/1243/1308 1059/1245/1310
f 895/1052/1087 1062/1247/1312 974/1163/1220
f 1068/1253/1318 1081/1298/1362 1067/1250/1315
f 962/1149/1203 972/1299/1363 963/1300/1364
f 972/1299/1363 1046/1231/1291 963/1300/1364
f 1046/1231/1291 1052/1238/1303 1047/1232/1293
f 1098/1301/1365 1008/1302/1366 1009/1303/1367
f 943/1128/1171 1077/1304/1368 940/1129/1172
f 1100/1305/1369 940/1130/1174 1077/1306/1370
f 1102/1307/1371 1009/1308/1372 1008/1309/1373
f 1104/1310/1374 1098/1301/1365 1103/1311/1375
f 1105/1312/1376 943/1128/1171 945/1313/1377
f 1102/1307/1378 1106/1314/1379 1101/1315/1380
f 1100/1305/1381 942/1133/1177 944/1131/1382
f 1035/1219/1278 974/1163/1220 1086/1273/1337
f 1096/1292/1356 1035/1219/1278 1086/1273/1337
f 1087/1274/1338 977/1165/1222 1096/1292/1356
f 982/1167/1224 1087/1274/1338 973/1162/1219
f 965/1160/1217 964/1155/1212 971/1161/1218
f 984/1172/1229 971/1161/1218 964/1155/1212
f 1095/1316/1383 992/1317/1384 996/1283/1347
f 1065/1267/1331 1095/1316/1383 1069/1288/1352
f 1072/1289/1353 1079/1263/1327 1071/1264/1328
f 1033/1216/1275 1094/1282/1346 1001/1284/1348
f 1094/1282/1346 1079/1263/1327 1072/1289/1353
f 1033/1216/1275 1001/1284/1348 998/1215/1274
f 1109/1318/1385 942/1133/1386 1108/1319/1387
f 968/1320/1388 1104/1310/1389 1103/1311/1390
f 939/1126/1167 1105/1312/1391 945/1313/1392
f 1113/1321/1393 946/1137/1188 1112/1322/1394
f 1114/1323/1395 1111/1324/1396 1110/1325/1397
f 1115/1326/1398 1110/1327/1399 1111/1328/1400
f 1112/1329/1401 941/1127/1189 1109/1318/1402
f 1116/1330/1403 1117/1331/1404 1114/1323/1405
f 1118/1332/1406 947/1136/1185 1113/1321/1407
f 1123/1333/1408 1119/1334/1409 1121/1335/1410
f 932/1118/1159 1120/1336/1411 1123/1333/1408
f 1122/1337/1412 1123/1333/1413 1121/1335/1414
f 932/1118/1161 1124/1338/1415 933/1120/1162
f 1124/1339/1415 1126/1340/1416 1125/1341/1417
f 933/1342/1162 1125/1341/1417 937/1122/1164
f 1118/1332/1406 1119/1334/1409 1120/1336/1411
f 927/1113/1152 1120/1336/1411 930/1117/1158
f 967/1157/1214 1048/1235/1300 974/1163/1220
f 966/1158/1215 1128/1343/1418 969/1156/1213
f 1131/1344/1419 1127/1345/1420 1107/1346/1421
f 1097/1347/1422 1129/1348/1423 1008/1302/1366
f 1008/1309/1373 1133/1349/1424 1102/1307/1371
f 1097/1347/1422 1134/1350/1425 1132/1351/1426
f 1107/1346/1427 1133/1349/1428 1131/1344/1429
f 1049/1352/1430 967/1157/1214 968/1320/1388
f 1099/1353/1431 1009/1303/1367 1077/1304/1368
f 1101/1315/1432 1077/1306/1370 1009/1308/1372
f 1103/1311/1375 1099/1353/1431 1105/1312/1376
f 1108/1319/1433 1101/1315/1380 1106/1314/1379
f 1108/1319/1387 1115/1326/1434 1109/1318/1385
f 1128/1343/1418 1104/1310/1389 969/1156/1213
f 1103/1311/1390 1049/1352/1430 968/1320/1388
f 1136/1354/1435 1116/1330/1403 1114/1323/1405
f 1117/1331/1404 1118/1332/1406 1113/1321/1407
f 1117/1331/1436 1112/1322/1394 1111/1324/1396
f 1136/1354/1437 1110/1325/1397 1135/1355/1438
f 1130/1356/1439 1110/1327/1399 1127/1345/1440
f 1111/1328/1400 1109/1318/1402 1115/1326/1398
f 1106/1314/1441 1127/1345/1420 1115/1326/1434
f 1017/1357/490 569/698/490 1016/1358/490
f 827/1139/490 569/698/490 1017/1357/490
f 1141/1359/1442 1143/1360/1443 1142/1361/1444
f 1144/1362/1445 1145/1363/1446 1143/1360/1443
f 1148/1364/1447 1145/1363/1446 1146/1365/1448
f 1141/1359/1449 1149/1366/1450 1144/1362/1451
f 1149/1366/1450 1146/1365/1452 1144/1362/1451
f 1146/1365/1452 1152/1367/1453 1148/1364/1454
f 1138/1368/1455 1143/1360/1456 1137/1369/1457
f 1139/1370/1458 1143/1360/1456 1145/1363/1459
f 1140/1371/1460 1145/1363/1459 1147/1372/1461
f 1153/1373/1462 1151/1374/1463 1149/1366/1450
f 1158/1375/1464 1156/1376/1465 1155/1377/1466
f 1159/1378/1467 1154/1379/1468 1160/1380/1469
f 1160/1380/1469 1162/1381/1470 1159/1378/1467
f 1163/1382/1471 1155/1377/1466 1156/1376/1465
f 1164/1383/1472 1166/1384/1473 1165/1385/1474
f 1171/1386/1475 1169/1387/1476 1168/1388/1477
f 1172/1389/1478 1170/1390/1479 1173/1391/1480
f 1174/1392/1481 1176/1393/1482 1175/1394/1483
f 1178/1395/1484 1180/1396/1485 1179/1397/1486
f 1181/1398/1487 1183/1399/1488 1182/1400/1489
f 1185/1401/1490 1182/1400/1489 1186/1402/1491
f 1187/1403/1492 1189/1404/1493 1188/1405/1494
f 1191/1406/1495 1193/1407/1496 1192/1408/1497
f 1195/1409/1498 1188/1405/1494 1196/1410/1499
f 1199/1411/1500 1203/1412/1501 1202/1413/1502
f 1200/1414/1503 1204/1415/1504 1203/1412/1501
f 1205/1416/1505 1207/1417/1506 1206/1418/1507
f 1208/1419/1508 1210/1420/1509 1209/1421/1510
f 1209/1421/1510 1207/1417/1506 1208/1419/1508
f 1202/1413/1511 1213/1422/1512 1212/1423/1513
f 1213/1422/1512 1204/1415/1514 1214/1424/1515
f 1212/1423/1516 1216/1425/1517 1215/1426/1516
f 1216/1425/1517 1214/1424/1518 1217/1427/1519
f 1216/1428/1520 1218/1429/1521 1215/1430/1522
f 1219/1431/1523 1216/1428/1520 1220/1432/1524
f 1220/1432/1524 1217/1433/490 1221/1434/1525
f 1187/1435/1526 1220/1432/1524 1222/1436/1527
f 1222/1436/1527 1221/1434/1525 1223/1437/1528
f 1167/1438/1529 1224/1439/1530 1166/1384/1473
f 1184/1440/1531 1227/1441/1532 1226/1442/1533
f 1195/1443/1534 1220/1432/1524 1187/1435/1526
f 1191/1444/1535 1210/1420/1509 1194/1445/1536
f 1191/1444/1535 1228/1446/1537 1209/1421/1510
f 1148/1364/1447 1229/1447/1538 1147/1372/1539
f 1230/1448/1540 1231/1449/1541 1229/1447/1538
f 952/1140/1191 1231/1449/1541 1232/1450/1542
f 1148/1364/1454 1233/1451/1543 1230/1448/1544
f 1230/1448/1544 1234/1452/1545 1232/1450/1546
f 1232/1450/1546 961/1147/1198 952/1140/1200
f 331/1453/1547 1147/1372/1461 1229/1447/1548
f 331/1453/1547 1231/1449/1549 332/1454/1550
f 332/1454/1550 953/1142/1551 949/1150/1205
f 1235/1455/1552 1128/1343/1418 1084/1456/1553
f 1084/1456/1553 1163/1382/1471 1235/1455/1552
f 1237/1457/1554 1159/1378/1467 1238/1458/1555
f 1159/1378/1467 1162/1381/1470 1238/1458/1555
f 1238/1458/1555 1239/1459/1556 1237/1457/1554
f 1240/1460/1557 1242/1461/1558 1241/1462/1559
f 1247/1463/1560 1245/1464/1561 1244/1465/1562
f 1082/1269/1333 1246/1466/1563 1247/1463/1560
f 1085/1271/1335 1250/1467/1564 1249/1468/1565
f 1251/1469/1566 990/1178/1235 991/1177/1234
f 1252/1470/1567 1254/1471/1568 1253/1472/1569
f 1256/1473/1570 1255/1474/1571 1252/1470/1567
f 1258/1475/1572 1260/1476/1573 1259/1477/1574
f 1262/1478/1575 1089/1275/1339 1090/1295/1359
f 1093/1290/1354 1261/1479/1576 1258/1475/1572
f 1201/1480/1577 1013/1193/1250 1204/1415/1504
f 1207/1417/1506 1016/1199/1256 1206/1418/1507
f 1019/1197/1254 1091/1279/1343 1022/1278/1342
f 1091/1279/1343 1207/1417/1506 1209/1421/1510
f 1214/1424/1515 1013/1193/1260 1023/1204/1262
f 1217/1427/1519 1023/1204/1265 1026/1207/1265
f 1217/1433/490 1265/1481/1578 1221/1434/1525
f 1026/1211/1270 1092/1281/1345 1265/1481/1578
f 1223/1437/1528 1221/1434/1525 1266/1482/1579
f 1266/1482/1579 1265/1481/1578 1258/1483/1580
f 1267/1484/1581 1241/1462/1559 1242/1461/1558
f 1253/1485/1582 1227/1441/1532 1252/1486/1583
f 1093/1280/1344 1265/1481/1578 1092/1281/1345
f 1209/1421/1510 1090/1277/1341 1091/1279/1343
f 1090/1277/1341 1228/1446/1537 1262/1487/1584
f 1269/1488/1585 1172/1389/1478 1179/1397/1486
f 1269/1488/1585 1270/1489/1586 1196/1410/1499
f 1272/1490/1587 1155/1377/1466 1174/1392/1481
f 1183/1399/1488 1176/1393/1482 1225/1491/1588
f 1163/1382/1471 1267/1484/1581 1273/1492/1589
f 1274/1493/1590 1245/1464/1561 1162/1381/1470
f 1189/1404/1493 1164/1383/1472 1168/1388/1477
f 1149/1366/1450 1173/1391/1480 1153/1373/1462
f 1175/1394/1483 1276/1494/1591 1275/1495/1592
f 1277/1496/1593 1211/1497/1594 1278/1498/1595
f 1277/1496/1593 1194/1445/1536 1210/1420/1509
f 1195/1443/1534 1218/1429/1521 1219/1431/1523
f 1195/1443/1534 1280/1499/1596 1279/1500/1597
f 1281/1501/1598 1185/1502/1599 1190/1503/1600
f 1228/1446/1537 1184/1440/1531 1226/1442/1533
f 1260/1476/1573 1240/1460/1557 1257/1504/1601
f 1254/1471/1568 1250/1467/1564 1263/1505/1602
f 1248/1506/1603 1234/1452/1545 1239/1459/1556
f 1256/1507/1604 1281/1501/1598 1259/1508/1605
f 1253/1485/1582 1228/1446/1537 1226/1442/1533
f 1195/1409/1498 1270/1489/1586 1280/1509/1606
f 1182/1400/1489 1225/1491/1588 1167/1438/1529
f 1177/1510/1607 1225/1491/1588 1176/1393/1482
f 1242/1461/1558 1274/1493/1590 1283/1511/1608
f 1165/1385/1474 1168/1388/1477 1164/1383/1472
f 1186/1402/1491 1167/1438/1529 1164/1383/1472
f 1160/1380/1469 1171/1386/1475 1162/1381/1470
f 1188/1405/1494 1168/1388/1477 1169/1387/1476
f 1178/1395/1484 1172/1389/1478 1173/1391/1480
f 1196/1410/1499 1169/1387/1476 1172/1389/1478
f 1192/1408/1497 1175/1394/1483 1176/1393/1482
f 1272/1490/1587 1175/1394/1483 1275/1495/1592
f 1155/1377/1466 1177/1510/1607 1174/1392/1481
f 1150/1512/1609 1178/1395/1484 1149/1366/1450
f 1184/1513/1610 1192/1408/1497 1183/1399/1488
f 1190/1514/1611 1186/1402/1491 1189/1404/1493
f 1277/1515/1612 1193/1407/1496 1194/1516/1613
f 1267/1484/1581 1283/1511/1608 1273/1492/1589
f 1251/1469/1566 961/1147/1198 1234/1452/1545
f 1257/1504/1601 1241/1462/1559 1255/1474/1571
f 1261/1479/1576 1244/1465/1562 1260/1476/1573
f 1243/1517/1614 1244/1465/1562 1245/1464/1561
f 1249/1468/1565 1268/1518/1615 1267/1484/1581
f 1251/1469/1566 1082/1269/1333 990/1178/1235
f 1263/1505/1602 1088/1276/1340 1089/1275/1339
f 1083/1270/1334 1247/1463/1560 1261/1479/1576
f 1259/1477/1574 1257/1504/1601 1256/1473/1570
f 1253/1472/1569 1263/1505/1602 1262/1478/1575
f 1248/1506/1603 1238/1458/1555 1246/1466/1563
f 1238/1458/1555 1245/1464/1561 1246/1466/1563
f 1084/1456/1553 1249/1468/1565 1163/1382/1471
f 1255/1474/1571 1268/1518/1615 1254/1471/1568
f 1151/1374/1463 1161/1519/1616 1152/1367/1453
f 1161/1519/1616 1233/1451/1543 1152/1367/1453
f 1233/1451/1543 1239/1459/1556 1234/1452/1545
f 1285/1520/1617 1197/1521/1618 1198/1522/1619
f 1132/1351/1426 1264/1523/1620 1129/1348/1423
f 1287/1524/1621 1129/1525/1622 1264/1526/1623
f 1289/1527/1624 1198/1528/1625 1197/1529/1626
f 1291/1530/1627 1285/1520/1617 1290/1531/1628
f 1292/1532/1629 1132/1351/1426 1134/1350/1425
f 1289/1527/1630 1293/1533/1631 1288/1534/1632
f 1287/1524/1633 1131/1344/1429 1133/1349/1428
f 1224/1439/1530 1163/1382/1471 1273/1492/1589
f 1166/1384/1473 1273/1492/1589 1283/1511/1608
f 1274/1493/1590 1166/1384/1473 1283/1511/1608
f 1171/1386/1475 1274/1493/1590 1162/1381/1470
f 1154/1379/1468 1153/1373/1462 1160/1380/1469
f 1173/1391/1480 1160/1380/1469 1153/1373/1462
f 1282/1535/1634 1181/1536/1635 1185/1502/1599
f 1252/1486/1583 1282/1535/1634 1256/1507/1604
f 1259/1508/1605 1266/1482/1579 1258/1483/1580
f 1222/1436/1527 1281/1501/1598 1190/1503/1600
f 1281/1501/1598 1266/1482/1579 1259/1508/1605
f 1222/1436/1527 1190/1503/1600 1187/1435/1526
f 1295/1537/1636 1130/1356/1637 1131/1344/1419
f 1157/1538/1638 1291/1530/1639 1290/1531/1640
f 1236/1539/1641 1134/1350/1642 1128/1343/1418
f 1300/1540/1643 1135/1355/1438 1299/1541/1644
f 1301/1542/1645 1298/1543/1646 1297/1544/1647
f 1298/1545/1648 1314/1546/1649 1297/1547/1650
f 1135/1548/1651 1296/1549/1652 1299/1550/1653
f 1305/1551/1654 1301/1542/1655 1303/1552/1656
f 1305/1551/1654 1136/1354/1435 1300/1540/1657
f 1310/1553/1658 1306/1554/1659 1308/1555/1660
f 1121/1335/1410 1307/1556/1661 1310/1553/1658
f 1309/1557/1662 1310/1553/1663 1308/1555/1664
f 1121/1335/1414 1311/1558/1665 1122/1337/1412
f 1311/1559/1665 1313/1560/1666 1312/1561/1667
f 1126/1340/1416 1311/1559/1665 1312/1561/1667
f 1305/1551/1654 1306/1554/1659 1307/1556/1661
f 1116/1330/1403 1307/1556/1661 1119/1334/1409
f 1156/1376/1465 1235/1455/1552 1163/1382/1471
f 1158/1375/1464 1271/1562/1668 1315/1563/1669
f 1294/1564/1670 1317/1565/1671 1314/1546/1672
f 1284/1566/1673 1316/1567/1674 1197/1521/1618
f 1197/1529/1626 1320/1568/1675 1289/1527/1624
f 1284/1566/1673 1321/1569/1676 1319/1570/1677
f 1294/1564/1678 1320/1568/1679 1318/1571/1680
f 1235/1455/1552 1157/1538/1638 1236/1539/1641
f 1286/1572/1681 1198/1522/1619 1264/1523/1620
f 1288/1534/1682 1264/1526/1623 1198/1528/1625
f 1290/1531/1628 1286/1572/1681 1292/1532/1629
f 1295/1537/1683 1288/1534/1632 1293/1533/1631
f 1295/1537/1636 1302/1573/1684 1296/1549/1685
f 1321/1569/1686 1158/1375/1464 1315/1563/1669
f 1290/1531/1640 1236/1539/1641 1157/1538/1638
f 1323/1574/1687 1303/1552/1656 1301/1542/1655
f 1304/1575/1688 1305/1551/1654 1300/1540/1657
f 1304/1575/1689 1299/1541/1644 1298/1543/1646
f 1323/1574/1690 1297/1544/1647 1322/1576/1691
f 1322/1577/1692 1314/1546/1649 1317/1565/1693
f 1302/1573/1694 1299/1550/1653 1296/1549/1652
f 1294/1564/1670 1302/1573/1684 1293/1533/1695
f 1206/1578/490 569/698/490 1205/1579/490
f 1016/1358/490 569/698/490 1206/1578/490
f 1328/1580/1696 1330/1581/1697 1329/1582/1698
f 1331/1583/1699 1332/1584/1700 1330/1581/1697
f 1333/1585/1701 1334/1586/1702 1332/1584/1700
f 1337/1587/1703 1331/1583/1704 1328/1580/1705
f 1336/1588/1706 1333/1585/1707 1331/1583/1704
f 1333/1585/1707 1339/1589/1708 1335/1590/1709
f 1325/1591/1710 1330/1581/1711 1324/1592/1712
f 1324/1592/1712 1332/1584/1713 1326/1593/1714
f 1326/1593/1714 1334/1586/1715 1327/1594/1716
f 1340/1595/1717 1338/1596/1718 1336/1588/1706
f 1345/1597/1719 1343/1598/1720 1342/1599/1721
f 1346/1600/1722 1341/1601/1723 1347/1602/1724
f 1347/1602/1724 1349/1603/1725 1346/1600/1722
f 1350/1604/1726 1342/1599/1721 1343/1598/1720
f 1351/1605/1727 1353/1606/1728 1352/1607/1729
f 1358/1608/1730 1356/1609/1731 1355/1610/1732
f 1359/1611/1733 1357/1612/1734 1360/1613/1735
f 1361/1614/1736 1363/1615/1737 1362/1616/1738
f 1365/1617/1739 1367/1618/1740 1366/1619/1741
f 1368/1620/1742 1370/1621/1743 1369/1622/1744
f 1372/1623/1745 1369/1622/1744 1373/1624/1746
f 1374/1625/1747 1376/1626/1748 1375/1627/1749
f 1378/1628/1750 1380/1629/1751 1379/1630/1752
f 1382/1631/1753 1375/1627/1749 1383/1632/1754
f 1387/1633/1755 1389/1634/1756 1386/1635/1757
f 1387/1633/1755 1391/1636/1758 1390/1637/1759
f 1392/1638/1760 1394/1639/1761 1393/1640/1762
f 1395/1641/1763 1397/1642/1764 1396/1643/1765
f 1396/1643/1765 1394/1639/1761 1395/1641/1763
f 1389/1634/1766 1400/1644/1767 1399/1645/1768
f 1390/1637/1769 1401/1646/1770 1400/1644/1767
f 1399/1645/1771 1403/1647/1772 1402/1648/1771
f 1403/1647/1772 1401/1646/1773 1404/1649/1773
f 1403/1650/1774 1405/1651/1775 1402/1652/1776
f 1406/1653/1777 1403/1650/1774 1407/1654/1778
f 1407/1654/1778 1404/1655/490 1408/1656/1779
f 1374/1657/1780 1407/1654/1778 1409/1658/1781
f 1409/1658/1781 1408/1656/1779 1410/1659/1782
f 1354/1660/1783 1411/1661/1784 1353/1606/1728
f 1371/1662/1785 1414/1663/1786 1413/1664/1787
f 1382/1665/1788 1407/1654/1778 1374/1657/1780
f 1378/1666/1789 1397/1642/1764 1381/1667/1790
f 1378/1666/1789 1415/1668/1791 1396/1643/1765
f 1418/1669/1792 1334/1586/1702 1335/1590/1793
f 1418/1669/1792 1419/1670/1794 1417/1671/1795
f 1420/1672/1796 1142/1361/1444 1419/1670/1794
f 1339/1589/1708 1418/1669/1797 1335/1590/1709
f 1418/1669/1797 1422/1673/1798 1420/1672/1799
f 1420/1672/1799 1150/1512/1609 1141/1359/1449
f 1416/1674/1800 1334/1586/1715 1417/1671/1801
f 1416/1674/1800 1419/1670/1802 333/1675/1803
f 333/1675/1803 1142/1361/1804 1138/1368/1455
f 1423/1676/1805 1315/1563/1669 1271/1562/1668
f 1271/1562/1668 1350/1604/1726 1423/1676/1805
f 1425/1677/1806 1346/1600/1722 1426/1678/1807
f 1346/1600/1722 1349/1603/1725 1426/1678/1807
f 1426/1678/1807 1427/1679/1808 1425/1677/1806
f 1428/1680/1809 1430/1681/1810 1429/1682/1811
f 1435/1683/1812 1433/1684/1813 1432/1685/1814
f 1269/1488/1585 1434/1686/1815 1435/1683/1812
f 1272/1490/1587 1438/1687/1816 1437/1688/1817
f 1439/1689/1818 1179/1397/1486 1180/1396/1485
f 1440/1690/1819 1442/1691/1820 1441/1692/1821
f 1444/1693/1822 1443/1694/1823 1440/1690/1819
f 1446/1695/1824 1448/1696/1825 1447/1697/1826
f 1450/1698/1827 1276/1494/1591 1277/1515/1612
f 1280/1509/1606 1449/1699/1828 1446/1695/1824
f 1199/1411/1500 1391/1636/1758 1388/1700/1829
f 1394/1639/1761 1205/1416/1505 1393/1640/1762
f 1208/1419/1508 1278/1498/1595 1211/1497/1594
f 1278/1498/1595 1394/1639/1761 1396/1643/1765
f 1401/1646/1770 1202/1413/1511 1212/1423/1513
f 1401/1646/1773 1215/1426/1516 1404/1649/1773
f 1404/1655/490 1453/1701/1830 1408/1656/1779
f 1215/1430/1522 1279/1500/1597 1453/1701/1830
f 1410/1659/1782 1408/1656/1779 1454/1702/1831
f 1454/1702/1831 1453/1701/1830 1446/1703/1832
f 1455/1704/1833 1429/1682/1811 1430/1681/1810
f 1441/1705/1834 1414/1663/1786 1440/1706/1835
f 1280/1499/1596 1453/1701/1830 1279/1500/1597
f 1396/1643/1765 1277/1496/1593 1278/1498/1595
f 1277/1496/1593 1415/1668/1791 1450/1707/1836
f 1457/1708/1837 1359/1611/1733 1366/1619/1741
f 1457/1708/1837 1458/1709/1838 1383/1632/1754
f 1460/1710/1839 1342/1599/1721 1361/1614/1736
f 1370/1621/1743 1363/1615/1737 1412/1711/1840
f 1350/1604/1726 1455/1704/1833 1461/1712/1841
f 1462/1713/1842 1433/1684/1813 1349/1603/1725
f 1376/1626/1748 1351/1605/1727 1355/1610/1732
f 1336/1588/1706 1360/1613/1735 1340/1595/1717
f 1380/1629/1751 1463/1714/1843 1362/1616/1738
f 1465/1715/1844 1398/1716/1845 1466/1717/1846
f 1465/1715/1844 1381/1667/1790 1397/1642/1764
f 1382/1665/1788 1405/1651/1775 1406/1653/1777
f 1382/1665/1788 1468/1718/1847 1467/1719/1848
f 1469/1720/1849 1372/1721/1850 1377/1722/1851
f 1415/1668/1791 1371/1662/1785 1413/1664/1787
f 1448/1696/1825 1428/1680/1809 1445/1723/1852
f 1442/1691/1820 1438/1687/1816 1451/1724/1853
f 1436/1725/1854 1422/1673/1798 1427/1679/1808
f 1444/1726/1855 1469/1720/1849 1447/1727/1856
f 1441/1705/1834 1415/1668/1791 1413/1664/1787
f 1382/1631/1753 1458/1709/1838 1468/1728/1857
f 1369/1622/1744 1412/1711/1840 1354/1660/1783
f 1364/1729/1858 1412/1711/1840 1363/1615/1737
f 1430/1681/1810 1462/1713/1842 1471/1730/1859
f 1352/1607/1729 1355/1610/1732 1351/1605/1727
f 1373/1624/1746 1354/1660/1783 1351/1605/1727
f 1347/1602/1724 1358/1608/1730 1349/1603/1725
f 1375/1627/1749 1355/1610/1732 1356/1609/1731
f 1365/1617/1739 1359/1611/1733 1360/1613/1735
f 1383/1632/1754 1356/1609/1731 1359/1611/1733
f 1379/1630/1752 1362/1616/1738 1363/1615/1737
f 1460/1710/1839 1362/1616/1738 1463/1714/1843
f 1342/1599/1721 1364/1729/1858 1361/1614/1736
f 1337/1587/1703 1365/1617/1739 1336/1588/1706
f 1371/1731/1860 1379/1630/1752 1370/1621/1743
f 1377/1732/1861 1373/1624/1746 1376/1626/1748
f 1465/1733/1862 1380/1629/1751 1381/1734/1863
f 1461/1712/1841 1430/1681/1810 1471/1730/1859
f 1439/1689/1818 1150/1512/1609 1422/1673/1798
f 1445/1723/1852 1429/1682/1811 1443/1694/1823
f 1449/1699/1828 1432/1685/1814 1448/1696/1825
f 1431/1735/1864 1432/1685/1814 1433/1684/1813
f 1437/1688/1817 1456/1736/1865 1455/1704/1833
f 1439/1689/1818 1269/1488/1585 1179/1397/1486
f 1451/1724/1853 1275/1495/1592 1276/1494/1591
f 1270/1489/1586 1435/1683/1812 1449/1699/1828
f 1447/1697/1826 1445/1723/1852 1444/1693/1822
f 1441/1692/1821 1451/1724/1853 1450/1698/1827
f 1436/1725/1854 1426/1678/1807 1434/1686/1815
f 1426/1678/1807 1433/1684/1813 1434/1686/1815
f 1271/1562/1668 1437/1688/1817 1350/1604/1726
f 1443/1694/1823 1456/1736/1865 1442/1691/1820
f 1338/1596/1718 1348/1737/1866 1339/1589/1708
f 1348/1737/1866 1421/1738/1867 1339/1589/1708
f 1421/1738/1867 1427/1679/1808 1422/1673/1798
f 1385/1739/1868 1472/1740/1869 1384/1741/1870
f 1319/1570/1677 1452/1742/1871 1316/1567/1674
f 1475/1743/1872 1316/1744/1873 1452/1745/1874
f 1384/1746/1875 1476/1747/1876 1385/1748/1877
f 1478/1749/1878 1472/1740/1869 1473/1750/1879
f 1480/1751/1880 1319/1570/1677 1321/1569/1676
f 1482/1752/1881 1476/1747/1882 1477/1753/1883
f 1475/1743/1884 1318/1571/1680 1320/1568/1679
f 1411/1661/1784 1350/1604/1726 1461/1712/1841
f 1353/1606/1728 1461/1712/1841 1471/1730/1859
f 1462/1713/1842 1353/1606/1728 1471/1730/1859
f 1358/1608/1730 1462/1713/1842 1349/1603/1725
f 1341/1601/1723 1340/1595/1717 1347/1602/1724
f 1360/1613/1735 1347/1602/1724 1340/1595/1717
f 1470/1754/1885 1368/1755/1886 1372/1721/1850
f 1444/1726/1855 1414/1663/1786 1470/1754/1885
f 1447/1727/1856 1454/1702/1831 1446/1703/1832
f 1409/1658/1781 1469/1720/1849 1377/1722/1851
f 1469/1720/1849 1454/1702/1831 1447/1727/1856
f 1409/1658/1781 1377/1722/1851 1374/1657/1780
f 1483/1756/1887 1317/1565/1671 1318/1571/1888
f 1345/1597/1719 1478/1749/1889 1344/1757/1890
f 1315/1563/1669 1480/1751/1891 1321/1569/1686
f 1488/1758/1892 1322/1576/1691 1487/1759/1893
f 1489/1760/1894 1486/1761/1895 1485/1762/1896
f 1490/1763/1897 1485/1764/1898 1486/1765/1899
f 1322/1577/1692 1484/1766/1900 1487/1767/1901
f 1493/1768/1902 1489/1760/1903 1491/1769/1904
f 1493/1768/1902 1323/1574/1687 1488/1758/1905
f 1498/1770/1906 1494/1771/1907 1496/1772/1908
f 1308/1555/1660 1495/1773/1909 1498/1770/1906
f 1497/1774/1910 1498/1770/1911 1496/1772/1912
f 1308/1555/1664 1499/1775/1913 1309/1557/1662
f 1499/1776/1913 1501/1777/1914 1500/1778/1915
f 1313/1560/1666 1499/1776/1913 1500/1778/1915
f 1493/1768/1902 1494/1771/1907 1495/1773/1909
f 1303/1552/1656 1495/1773/1909 1306/1554/1659
f 1343/1598/1720 1423/1676/1805 1350/1604/1726
f 1342/1599/1721 1503/1779/1916 1345/1597/1719
f 1506/1780/1917 1502/1781/1918 1482/1752/1919
f 1472/1740/1869 1504/1782/1920 1384/1741/1870
f 1384/1746/1875 1508/1783/1921 1477/1753/1922
f 1472/1740/1869 1509/1784/1923 1507/1785/1924
f 1482/1752/1881 1508/1783/1925 1506/1780/1926
f 1423/1676/1805 1344/1757/1890 1424/1786/1927
f 1452/1742/1871 1473/1750/1879 1385/1739/1868
f 1385/1748/1877 1475/1743/1872 1452/1745/1874
f 1473/1750/1879 1480/1751/1880 1478/1749/1878
f 1475/1743/1884 1481/1787/1928 1483/1756/1929
f 1484/1766/1930 1481/1787/1931 1490/1763/1932
f 1509/1784/1933 1345/1597/1719 1503/1779/1916
f 1478/1749/1889 1424/1786/1927 1344/1757/1890
f 1511/1788/1934 1491/1769/1904 1489/1760/1903
f 1492/1789/1935 1493/1768/1902 1488/1758/1905
f 1492/1789/1936 1487/1759/1893 1486/1761/1895
f 1511/1788/1937 1485/1762/1896 1510/1790/1938
f 1510/1791/1939 1502/1781/1940 1505/1792/1941
f 1490/1763/1897 1487/1767/1901 1484/1766/1900
f 1481/1787/1931 1502/1781/1918 1490/1763/1932
f 1393/1793/490 569/698/490 1392/1794/490
f 1205/1579/490 569/698/490 1393/1793/490
f 1515/1795/1942 1517/1796/1943 1516/1797/1944
f 1518/1798/1945 1519/1799/1946 1517/1796/1943
f 1522/1800/1947 1519/1799/1946 1520/1801/1948
f 1524/1802/1949 1518/1798/1950 1515/1795/1951
f 1523/1803/1952 1520/1801/1953 1518/1798/1950
f 1525/1804/1954 1522/1800/1955 1520/1801/1953
f 1513/1805/1956 1517/1796/1957 1512/1806/1958
f 1512/1806/1958 1519/1799/1959 334/1807/1960
f 1514/1808/1961 1519/1799/1959 1521/1809/1962
f 1527/1810/1963 1525/1804/1954 1523/1803/1952
f 1532/1811/1964 1530/1812/1965 1529/1813/1966
f 1533/1814/1967 1528/1815/1968 1534/1816/1969
f 1534/1816/1969 1536/1817/1970 1533/1814/1967
f 1537/1818/1971 1529/1813/1966 1530/1812/1965
f 1538/1819/1972 1540/1820/1973 1539/1821/1974
f 1545/1822/1975 1543/1823/1976 1542/1824/1977
f 1546/1825/1978 1544/1826/1979 1547/1827/1980
f 1548/1828/1981 1550/1829/1982 1549/1830/1983
f 1552/1831/1984 1554/1832/1985 1553/1833/1986
f 1555/1834/1987 1557/1835/1988 1556/1836/1989
f 1559/1837/1990 1556/1836/1989 1560/1838/1991
f 1561/1839/1992 1563/1840/1993 1562/1841/1994
f 1565/1842/1995 1567/1843/1996 1566/1844/1997
f 1569/1845/1998 1562/1841/1994 1570/1846/1999
f 1573/1847/2000 1577/1848/2001 1576/1849/2002
f 1575/1850/2003 1577/1848/2001 1574/1851/2004
f 1579/1852/2005 1581/1853/2006 1580/1854/2007
f 1582/1855/2008 1584/1856/2009 1583/1857/2010
f 1583/1857/2010 1581/1853/2006 1582/1855/2008
f 1576/1849/2011 1587/1858/2012 1586/1859/2013
f 1577/1848/2014 1588/1860/2015 1587/1858/2012
f 1589/1861/2016 1587/1858/2017 1590/1862/2017
f 1587/1858/2017 1591/1863/2018 1590/1862/2017
f 1590/1864/2019 1592/1865/2020 1589/1866/2021
f 1593/1867/2022 1590/1864/2019 1594/1868/2023
f 1594/1868/2023 1591/1869/490 1595/1870/2024
f 1561/1871/2025 1594/1868/2023 1596/1872/2026
f 1596/1872/2026 1595/1870/2024 1597/1873/2027
f 1541/1874/2028 1598/1875/2029 1540/1820/1973
f 1558/1876/2030 1601/1877/2031 1600/1878/2032
f 1569/1879/2033 1594/1868/2023 1561/1871/2025
f 1565/1880/2034 1584/1856/2009 1568/1881/2035
f 1565/1880/2034 1602/1882/2036 1583/1857/2010
f 1605/1883/2037 1521/1809/2038 1522/1800/1947
f 1605/1883/2037 1606/1884/2039 1604/1885/2040
f 1607/1886/2041 1329/1582/1698 1606/1884/2039
f 1522/1800/1955 1608/1887/2042 1605/1883/2043
f 1605/1883/2043 1609/1888/2044 1607/1886/2045
f 1609/1888/2044 1328/1580/1705 1607/1886/2045
f 1603/1889/2046 1521/1809/1962 1604/1885/2047
f 1603/1889/2046 1606/1884/2048 335/1890/2049
f 335/1890/2049 1329/1582/2050 1325/1591/1710
f 1610/1891/2051 1503/1779/1916 1459/1892/2052
f 1459/1892/2052 1537/1818/1971 1610/1891/2051
f 1612/1893/2053 1533/1814/1967 1613/1894/2054
f 1533/1814/1967 1536/1817/1970 1613/1894/2054
f 1613/1894/2054 1614/1895/2055 1612/1893/2053
f 1615/1896/2056 1617/1897/2057 1616/1898/2058
f 1622/1899/2059 1620/1900/2060 1619/1901/2061
f 1457/1708/1837 1621/1902/2062 1622/1899/2059
f 1460/1710/1839 1625/1903/2063 1624/1904/2064
f 1626/1905/2065 1366/1619/1741 1367/1618/1740
f 1627/1906/2066 1629/1907/2067 1628/1908/2068
f 1631/1909/2069 1630/1910/2070 1627/1906/2066
f 1633/1911/2071 1635/1912/2072 1634/1913/2073
f 1637/1914/2074 1464/1915/2075 1465/1733/1862
f 1468/1728/1857 1636/1916/2076 1633/1911/2071
f 1386/1635/1757 1578/1917/2077 1575/1850/2003
f 1581/1853/2006 1392/1638/1760 1580/1854/2007
f 1395/1641/1763 1466/1717/1846 1398/1716/1845
f 1466/1717/1846 1581/1853/2006 1583/1857/2010
f 1588/1860/2015 1389/1634/1766 1399/1645/1768
f 1588/1860/2018 1402/1648/1771 1591/1863/2018
f 1591/1869/490 1640/1918/2078 1595/1870/2024
f 1402/1652/1776 1467/1719/1848 1640/1918/2078
f 1597/1873/2027 1595/1870/2024 1641/1919/2079
f 1641/1919/2079 1640/1918/2078 1633/1920/2080
f 1642/1921/2081 1616/1898/2058 1617/1897/2057
f 1628/1922/2082 1601/1877/2031 1627/1923/2083
f 1468/1718/1847 1640/1918/2078 1467/1719/1848
f 1583/1857/2010 1465/1715/1844 1466/1717/1846
f 1465/1715/1844 1602/1882/2036 1637/1924/2084
f 1644/1925/2085 1546/1825/1978 1553/1833/1986
f 1644/1925/2085 1645/1926/2086 1570/1846/1999
f 1647/1927/2087 1529/1813/1966 1548/1828/1981
f 1557/1835/1988 1550/1829/1982 1599/1928/2088
f 1537/1818/1971 1642/1921/2081 1648/1929/2089
f 1649/1930/2090 1620/1900/2060 1536/1817/1970
f 1563/1840/1993 1538/1819/1972 1542/1824/1977
f 1523/1803/1952 1547/1827/1980 1527/1810/1963
f 1549/1830/1983 1651/1931/2091 1650/1932/2092
f 1652/1933/2093 1585/1934/2094 1653/1935/2095
f 1652/1933/2093 1568/1881/2035 1584/1856/2009
f 1569/1879/2033 1592/1865/2020 1593/1867/2022
f 1569/1879/2033 1655/1936/2096 1654/1937/2097
f 1656/1938/2098 1559/1939/2099 1564/1940/2100
f 1602/1882/2036 1558/1876/2030 1600/1878/2032
f 1635/1912/2072 1615/1896/2056 1632/1941/2101
f 1629/1907/2067 1625/1903/2063 1638/1942/2102
f 1623/1943/2103 1609/1888/2044 1614/1895/2055
f 1631/1944/2104 1656/1938/2098 1634/1945/2105
f 1628/1922/2082 1602/1882/2036 1600/1878/2032
f 1570/1846/1999 1655/1946/2106 1569/1845/1998
f 1556/1836/1989 1599/1928/2088 1541/1874/2028
f 1551/1947/2107 1599/1928/2088 1550/1829/1982
f 1658/1948/2108 1618/1949/2109 1649/1930/2090
f 1539/1821/1974 1542/1824/1977 1538/1819/1972
f 1560/1838/1991 1541/1874/2028 1538/1819/1972
f 1534/1816/1969 1545/1822/1975 1536/1817/1970
f 1562/1841/1994 1542/1824/1977 1543/1823/1976
f 1552/1831/1984 1546/1825/1978 1547/1827/1980
f 1570/1846/1999 1543/1823/1976 1546/1825/1978
f 1566/1844/1997 1549/1830/1983 1550/1829/1982
f 1650/1932/2092 1548/1828/1981 1549/1830/1983
f 1529/1813/1966 1551/1947/2107 1548/1828/1981
f 1524/1802/1949 1552/1831/1984 1523/1803/1952
f 1558/1950/2110 1566/1844/1997 1557/1835/1988
f 1564/1951/2111 1560/1838/1991 1563/1840/1993
f 1651/1931/2091 1568/1952/2112 1652/1953/2113
f 1648/1929/2089 1617/1897/2057 1658/1948/2108
f 1626/1905/2065 1337/1587/1703 1609/1888/2044
f 1632/1941/2101 1616/1898/2058 1630/1910/2070
f 1636/1916/2076 1619/1901/2061 1635/1912/2072
f 1618/1949/2109 1619/1901/2061 1620/1900/2060
f 1624/1904/2064 1643/1954/2114 1642/1921/2081
f 1626/1905/2065 1457/1708/1837 1366/1619/1741
f 1638/1942/2102 1463/1714/1843 1464/1915/2075
f 1458/1709/1838 1622/1899/2059 1636/1916/2076
f 1634/1913/2073 1632/1941/2101 1631/1909/2069
f 1628/1908/2068 1638/1942/2102 1637/1914/2074
f 1623/1943/2103 1613/1894/2054 1621/1902/2062
f 1613/1894/2054 1620/1900/2060 1621/1902/2062
f 1459/1892/2052 1624/1904/2064 1537/1818/1971
f 1630/1910/2070 1643/1954/2114 1629/1907/2067
f 1525/1804/1954 1535/1955/2115 1526/1956/2116
f 1535/1955/2115 1608/1887/2042 1526/1956/2116
f 1608/1887/2042 1614/1895/2055 1609/1888/2044
f 1660/1957/2117 1571/1958/2118 1572/1959/2119
f 1507/1785/1924 1639/1960/2120 1504/1782/1920
f 1662/1961/2121 1504/1962/2122 1639/1963/2123
f 1664/1964/2124 1572/1965/2125 1571/1966/2126
f 1666/1967/2127 1660/1957/2117 1665/1968/2128
f 1667/1969/2129 1507/1785/1924 1509/1784/1923
f 1669/1970/2130 1663/1971/2131 1664/1964/2132
f 1662/1961/2133 1506/1780/1926 1508/1783/1925
f 1598/1875/2029 1537/1818/1971 1648/1929/2089
f 1540/1820/1973 1648/1929/2089 1658/1948/2108
f 1649/1930/2090 1540/1820/1973 1658/1948/2108
f 1545/1822/1975 1649/1930/2090 1536/1817/1970
f 1528/1815/1968 1527/1810/1963 1534/1816/1969
f 1547/1827/1980 1534/1816/1969 1527/1810/1963
f 1657/1972/2134 1555/1973/2135 1559/1939/2099
f 1627/1923/2083 1657/1972/2134 1631/1944/2104
f 1634/1945/2105 1641/1919/2079 1633/1920/2080
f 1596/1872/2026 1656/1938/2098 1564/1940/2100
f 1656/1938/2098 1641/1919/2079 1634/1945/2105
f 1596/1872/2026 1564/1940/2100 1561/1871/2025
f 1671/1974/2136 1506/1780/1917 1670/1975/2137
f 1531/1976/2138 1666/1967/2139 1665/1968/2140
f 1503/1779/1916 1667/1969/2141 1509/1784/1933
f 1675/1977/2142 1510/1790/1938 1674/1978/2143
f 1672/1979/2144 1679/1980/2145 1673/1981/2146
f 1672/1982/2147 1677/1983/2148 1689/1984/2149
f 1510/1791/1939 1671/1974/2150 1674/1985/2151
f 1678/1986/2152 1679/1980/2153 1676/1987/2154
f 1491/1769/1904 1675/1977/2155 1680/1988/2156
f 1683/1989/2157 1682/1990/2158 1681/1991/2159
f 1496/1772/1908 1682/1990/2158 1685/1992/2160
f 1686/1993/2161 1683/1989/2162 1684/1994/2163
f 1497/1774/1910 1685/1992/2164 1686/1993/2161
f 1686/1995/2161 1688/1996/2165 1687/1997/2166
f 1497/1998/1910 1687/1997/2166 1501/1777/1914
f 1678/1986/2152 1682/1990/2158 1680/1988/2156
f 1491/1769/1904 1682/1990/2158 1494/1771/1907
f 1530/1812/1965 1610/1891/2051 1537/1818/1971
f 1532/1811/1964 1646/1999/2167 1690/2000/2168
f 1689/1984/2169 1693/2001/2170 1692/2002/2171
f 1659/2003/2172 1691/2004/2173 1571/1958/2118
f 1571/1966/2126 1695/2005/2174 1664/1964/2124
f 1659/2003/2172 1696/2006/2175 1694/2007/2176
f 1664/1964/2132 1693/2001/2177 1669/1970/2130
f 1611/2008/2178 1530/1812/1965 1531/1976/2138
f 1661/2009/2179 1572/1959/2119 1639/1960/2120
f 1663/1971/2180 1639/1963/2123 1572/1965/2125
f 1665/1968/2128 1661/2009/2179 1667/1969/2129
f 1670/1975/2181 1663/1971/2131 1668/2010/2182
f 1671/1974/2136 1668/2010/2183 1677/1983/2184
f 1696/2006/2185 1532/1811/1964 1690/2000/2168
f 1531/1976/2138 1667/1969/2141 1611/2008/2178
f 1698/2011/2186 1678/1986/2152 1676/1987/2154
f 1679/1980/2153 1680/1988/2156 1675/1977/2155
f 1679/1980/2145 1674/1978/2143 1673/1981/2146
f 1697/2012/2187 1676/1987/2188 1672/1979/2144
f 1697/2013/2189 1689/1984/2149 1692/2002/2190
f 1677/1983/2148 1674/1985/2151 1671/1974/2150
f 1668/2010/2183 1689/1984/2169 1677/1983/2184
f 1580/2014/490 569/698/490 1579/2015/490
f 1392/1794/490 569/698/490 1580/2014/490
f 1706/2016/2191 1704/2017/2192 1703/2018/2192
f 1708/2019/2193 1705/2020/2194 1706/2016/2191
f 1710/2021/2195 1707/2022/2196 1708/2019/2193
f 1712/2023/2197 1706/2016/2198 1703/2018/2199
f 1711/2024/2200 1708/2019/2201 1706/2016/2198
f 1708/2019/2201 1714/2025/2202 1710/2021/2203
f 1699/2026/2204 1704/2017/2205 1705/2020/2206
f 1701/2027/2207 1705/2020/2206 1707/2022/2208
f 1702/2028/2209 1707/2022/2208 1709/2029/2210
f 1715/2030/2211 1713/2031/2212 1711/2024/2200
f 1720/2032/2213 1718/2033/2214 1717/2034/2215
f 1721/2035/2216 1716/2036/2217 1722/2037/2218
f 1722/2037/2218 1724/2038/2219 1721/2035/2216
f 1725/2039/2220 1717/2034/2215 1718/2033/2214
f 1726/2040/2221 1728/2041/2222 1727/2042/2223
f 1733/2043/2224 1731/2044/2225 1730/2045/2226
f 1734/2046/2227 1732/2047/2228 1735/2048/2229
f 1736/2049/2230 1738/2050/2231 1737/2051/2232
f 1740/2052/2233 1742/2053/2234 1741/2054/2235
f 1743/2055/2236 1745/2056/2237 1744/2057/2238
f 1747/2058/2239 1744/2057/2238 1748/2059/2240
f 1749/2060/2241 1751/2061/2242 1750/2062/2243
f 1753/2063/2244 1755/2064/2245 1754/2065/2246
f 1757/2066/2247 1750/2062/2243 1758/2067/2248
f 1762/2068/2249 1764/2069/2250 1761/2070/2251
f 1763/2071/2252 1765/2072/2253 1762/2068/2249
f 1770/2073/2254 1768/2074/2255 1767/2075/2256
f 1770/2073/2254 1772/2076/2257 1771/2077/2258
f 1771/2077/2258 1769/2078/2259 1770/2073/2254
f 1764/2069/2260 1775/2079/2261 1774/2080/2262
f 1765/2072/2263 1776/2081/2264 1775/2079/2261
f 1774/2080/2265 1778/2082/2266 1777/2083/2265
f 1775/2079/2267 1779/2084/2268 1778/2082/2266
f 1778/2085/2269 1780/2086/2270 1777/2087/2271
f 1781/2088/2272 1778/2085/2269 1782/2089/2273
f 1782/2089/2273 1779/2090/490 1783/2091/2274
f 1749/2092/2275 1782/2089/2273 1784/2093/2276
f 1782/2089/2273 1785/2094/2277 1784/2093/2276
f 1729/2095/2278 1786/2096/2279 1728/2041/2222
f 1746/2097/2280 1789/2098/2281 1788/2099/2282
f 1757/2100/2283 1782/2089/2273 1749/2092/2275
f 1753/2101/2284 1772/2076/2257 1756/2102/2285
f 1753/2101/2284 1790/2103/2286 1771/2077/2258
f 1710/2021/2195 1792/2104/2287 1709/2029/2288
f 1793/2105/2289 1794/2106/2290 1792/2104/2287
f 1515/1795/1942 1794/2106/2290 1795/2107/2291
f 1714/2025/2202 1793/2105/2292 1710/2021/2203
f 1793/2105/2292 1797/2108/2293 1795/2107/2294
f 1795/2107/2294 1524/1802/1949 1515/1795/1951
f 1791/2109/2295 1709/2029/2210 1792/2104/2296
f 336/2110/2297 1792/2104/2296 1794/2106/2298
f 1513/1805/1956 1794/2106/2298 1516/1797/2299
f 1798/2111/2300 1690/2000/2168 1646/1999/2167
f 1646/1999/2167 1725/2039/2220 1798/2111/2300
f 1800/2112/2301 1721/2035/2216 1801/2113/2302
f 1721/2035/2216 1724/2038/2219 1801/2113/2302
f 1801/2113/2302 1802/2114/2303 1800/2112/2301
f 1803/2115/2304 1805/2116/2305 1804/2117/2306
f 1810/2118/2307 1808/2119/2308 1807/2120/2309
f 1644/1925/2085 1809/2121/2310 1810/2118/2307
f 1647/1927/2087 1813/2122/2311 1812/2123/2312
f 1814/2124/2313 1553/1833/1986 1554/1832/1985
f 1815/2125/2314 1817/2126/2315 1816/2127/2316
f 1819/2128/2317 1818/2129/2318 1815/2125/2314
f 1821/2130/2319 1823/2131/2320 1822/2132/2321
f 1825/2133/2322 1651/1931/2091 1652/1953/2113
f 1655/1946/2106 1824/2134/2323 1821/2130/2319
f 1763/2071/2252 1576/1849/2002 1766/2135/2324
f 1768/2074/2255 1582/1855/2008 1579/1852/2005
f 1582/1855/2008 1653/1935/2095 1585/1934/2094
f 1653/1935/2095 1769/2078/2259 1771/2077/2258
f 1766/2135/2325 1586/1859/2013 1776/2081/2264
f 1776/2081/2268 1589/1861/2016 1779/2084/2268
f 1779/2090/490 1828/2136/2326 1783/2091/2274
f 1589/1866/2021 1654/1937/2097 1828/2136/2326
f 1785/2094/2277 1783/2091/2274 1829/2137/2327
f 1829/2137/2327 1828/2136/2326 1821/2138/2328
f 1830/2139/2329 1804/2117/2306 1805/2116/2305
f 1816/2140/2330 1789/2098/2281 1815/2141/2331
f 1655/1936/2096 1828/2136/2326 1654/1937/2097
f 1771/2077/2258 1652/1933/2093 1653/1935/2095
f 1652/1933/2093 1790/2103/2286 1825/2142/2332
f 1832/2143/2333 1734/2046/2227 1741/2054/2235
f 1832/2143/2333 1833/2144/2334 1758/2067/2248
f 1736/2049/2230 1834/2145/2335 1717/2034/2215
f 1745/2056/2237 1738/2050/2231 1787/2146/2336
f 1725/2039/2220 1830/2139/2329 1836/2147/2337
f 1837/2148/2338 1808/2119/2308 1724/2038/2219
f 1751/2061/2242 1726/2040/2221 1730/2045/2226
f 1711/2024/2200 1735/2048/2229 1715/2030/2211
f 1755/2064/2245 1838/2149/2339 1737/2051/2232
f 1840/2150/2340 1773/2151/2341 1841/2152/2342
f 1840/2150/2340 1756/2102/2285 1772/2076/2257
f 1757/2100/2283 1780/2086/2270 1781/2088/2272
f 1757/2100/2283 1843/2153/2343 1842/2154/2344
f 1844/2155/2345 1747/2156/2346 1752/2157/2347
f 1790/2103/2286 1746/2097/2280 1788/2099/2282
f 1823/2131/2320 1803/2115/2304 1820/2158/2348
f 1817/2126/2315 1813/2122/2311 1826/2159/2349
f 1811/2160/2350 1797/2108/2293 1802/2114/2303
f 1819/2161/2351 1844/2155/2345 1822/2162/2352
f 1816/2140/2330 1790/2103/2286 1788/2099/2282
f 1757/2066/2247 1833/2144/2334 1843/2163/2353
f 1744/2057/2238 1787/2146/2336 1729/2095/2278
f 1739/2164/2354 1787/2146/2336 1738/2050/2231
f 1805/2116/2305 1837/2148/2338 1846/2165/2355
f 1727/2042/2223 1730/2045/2226 1726/2040/2221
f 1748/2059/2240 1729/2095/2278 1726/2040/2221
f 1722/2037/2218 1733/2043/2224 1724/2038/2219
f 1750/2062/2243 1730/2045/2226 1731/2044/2225
f 1740/2052/2233 1734/2046/2227 1735/2048/2229
f 1758/2067/2248 1731/2044/2225 1734/2046/2227
f 1754/2065/2246 1737/2051/2232 1738/2050/2231
f 1838/2149/2339 1736/2049/2230 1737/2051/2232
f 1717/2034/2215 1739/2164/2354 1736/2049/2230
f 1712/2023/2197 1740/2052/2233 1711/2024/2200
f 1746/2166/2356 1754/2065/2246 1745/2056/2237
f 1752/2167/2357 1748/2059/2240 1751/2061/2242
f 1840/2168/2358 1755/2064/2245 1756/2169/2359
f 1836/2147/2337 1805/2116/2305 1846/2165/2355
f 1814/2124/2313 1524/1802/1949 1797/2108/2293
f 1820/2158/2348 1804/2117/2306 1818/2129/2318
f 1824/2134/2323 1807/2120/2309 1823/2131/2320
f 1806/2170/2360 1807/2120/2309 1808/2119/2308
f 1812/2123/2312 1831/2171/2361 1830/2139/2329
f 1814/2124/2313 1644/1925/2085 1553/1833/1986
f 1826/2159/2349 1650/1932/2092 1651/1931/2091
f 1645/1926/2086 1810/2118/2307 1824/2134/2323
f 1822/2132/2321 1820/2158/2348 1819/2128/2317
f 1816/2127/2316 1826/2159/2349 1825/2133/2322
f 1811/2160/2350 1801/2113/2302 1809/2121/2310
f 1801/2113/2302 1808/2119/2308 1809/2121/2310
f 1646/1999/2167 1812/2123/2312 1725/2039/2220
f 1818/2129/2318 1831/2171/2361 1817/2126/2315
f 1713/2031/2212 1723/2172/2362 1714/2025/2202
f 1723/2172/2362 1796/2173/2363 1714/2025/2202
f 1796/2173/2363 1802/2114/2303 1797/2108/2293
f 1760/2174/2364 1847/2175/2365 1759/2176/2366
f 1694/2007/2176 1827/2177/2367 1691/2004/2173
f 1850/2178/2368 1691/2179/2369 1827/2180/2370
f 1759/2181/2371 1851/2182/2372 1760/2183/2373
f 1853/2184/2374 1847/2175/2365 1848/2185/2375
f 1696/2006/2175 1849/2186/2376 1694/2007/2176
f 1857/2187/2377 1851/2182/2378 1852/2188/2379
f 1858/2189/2380 1695/2005/2381 1850/2178/2382
f 1786/2096/2279 1725/2039/2220 1836/2147/2337
f 1728/2041/2222 1836/2147/2337 1846/2165/2355
f 1837/2148/2338 1728/2041/2222 1846/2165/2355
f 1733/2043/2224 1837/2148/2338 1724/2038/2219
f 1716/2036/2217 1715/2030/2211 1722/2037/2218
f 1735/2048/2229 1722/2037/2218 1715/2030/2211
f 1845/2190/2383 1743/2191/2384 1747/2156/2346
f 1815/2141/2331 1845/2190/2383 1819/2161/2351
f 1822/2162/2352 1829/2137/2327 1821/2138/2328
f 1784/2093/2276 1844/2155/2345 1752/2157/2347
f 1844/2155/2345 1829/2137/2327 1822/2162/2352
f 1784/2093/2276 1752/2157/2347 1749/2092/2275
f 1859/2192/2385 1693/2001/2170 1858/2189/2386
f 1720/2032/2213 1853/2184/2387 1719/2193/2388
f 1799/2194/2389 1696/2006/2185 1690/2000/2168
f 1863/2195/2390 1697/2012/2187 1862/2196/2391
f 1860/2197/2392 1867/2198/2393 1861/2199/2394
f 1861/2200/2395 1877/2201/2396 1860/2202/2397
f 1697/2013/2189 1859/2192/2398 1862/2203/2399
f 1868/2204/2400 1864/2205/2401 1866/2206/2402
f 1678/1986/2152 1863/2195/2403 1868/2204/2400
f 1871/2207/2404 1870/2208/2405 1869/2209/2406
f 1681/1991/2159 1873/2210/2407 1683/1989/2157
f 1874/2211/2408 1871/2207/2409 1872/2212/2410
f 1684/1994/2163 1873/2210/2411 1874/2211/2408
f 1874/2213/2408 1876/2214/2412 1875/2215/2413
f 1688/1996/2165 1874/2213/2408 1875/2215/2413
f 1866/2206/2402 1870/2208/2405 1868/2204/2400
f 1868/2204/2400 1681/1991/2159 1678/1986/2152
f 1718/2033/2214 1798/2111/2300 1725/2039/2220
f 1720/2032/2213 1834/2145/2335 1878/2216/2414
f 1877/2201/2415 1881/2217/2416 1880/2218/2417
f 1847/2175/2365 1879/2219/2418 1759/2176/2366
f 1852/2188/2419 1879/2220/2420 1883/2221/2421
f 1854/2222/2422 1882/2223/2423 1847/2175/2365
f 1857/2187/2377 1883/2221/2424 1881/2217/2425
f 1798/2111/2300 1719/2193/2388 1799/2194/2389
f 1827/2177/2367 1848/2185/2375 1760/2174/2364
f 1760/2183/2373 1850/2178/2368 1827/2180/2370
f 1848/2185/2375 1855/2224/2426 1853/2184/2374
f 1850/2178/2382 1856/2225/2427 1858/2189/2380
f 1859/2192/2385 1856/2225/2428 1865/2226/2429
f 1878/2216/2414 1854/2222/2430 1720/2032/2213
f 1719/2193/2388 1855/2224/2431 1799/2194/2389
f 1886/2227/2432 1866/2206/2402 1864/2205/2401
f 1867/2198/2433 1868/2204/2400 1863/2195/2403
f 1861/2199/2394 1863/2195/2390 1862/2196/2391
f 1886/2227/2434 1860/2197/2392 1885/2228/2435
f 1885/2229/2436 1877/2201/2396 1880/2218/2437
f 1865/2226/2438 1862/2203/2399 1859/2192/2398
f 1856/2225/2428 1877/2201/2415 1865/2226/2429
f 1768/2230/490 569/698/490 1767/2231/490
f 1579/2015/490 569/698/490 1768/2230/490
f 1889/2232/2439 1891/2233/2440 1890/2234/2441
f 1894/2235/2442 1891/2233/2440 1892/2236/2443
f 1896/2237/2444 1893/2238/2445 1894/2235/2442
f 1898/2239/2446 1892/2236/2447 1889/2232/2448
f 1897/2240/2449 1894/2235/2450 1892/2236/2447
f 1894/2235/2450 1900/2241/2451 1896/2237/2452
f 338/2242/2453 1891/2233/2454 337/2243/2455
f 337/2243/2455 1893/2238/2456 1887/2244/2457
f 1888/2245/2458 1893/2238/2456 1895/2246/2459
f 1901/2247/2460 1899/2248/2461 1897/2240/2449
f 1906/2249/2462 1904/2250/2463 1903/2251/2464
f 1907/2252/2465 1902/2253/2466 1908/2254/2467
f 1908/2254/2467 1910/2255/2468 1907/2252/2465
f 1911/2256/2469 1903/2251/2464 1904/2250/2463
f 1912/2257/2470 1914/2258/2471 1913/2259/2472
f 1919/2260/2473 1917/2261/2474 1916/2262/2475
f 1920/2263/2476 1918/2264/2477 1921/2265/2478
f 1922/2266/2479 1924/2267/2480 1923/2268/2481
f 1926/2269/2482 1928/2270/2483 1927/2271/2484
f 1929/2272/2485 1931/2273/2486 1930/2274/2487
f 1933/2275/2488 1930/2274/2487 1934/2276/2489
f 1935/2277/2490 1937/2278/2491 1936/2279/2492
f 1939/2280/2493 1941/2281/2494 1940/2282/2495
f 1943/2283/2496 1936/2279/2492 1944/2284/2497
f 1947/2285/2498 1951/2286/2499 1950/2287/2500
f 1948/2288/2501 1952/2289/2502 1951/2286/2499
f 1956/2290/2503 1954/2291/2504 1953/2292/2505
f 1956/2290/2503 1958/2293/2506 1957/2294/2507
f 1957/2294/2507 1955/2295/2508 1956/2290/2503
f 1950/2287/2509 1961/2296/2510 1960/2297/2511
f 1961/2296/2510 1952/2289/2512 1962/2298/2513
f 1963/2299/2514 1961/2296/2515 1964/2300/2515
f 1961/2296/2515 1965/2301/2516 1964/2300/2515
f 1964/2302/2517 1966/2303/2518 1963/2304/2519
f 1967/2305/2520 1964/2302/2517 1968/2306/2521
f 1964/2302/2517 1969/2307/2522 1968/2306/2521
f 1935/2308/2523 1968/2306/2521 1970/2309/2524
f 1970/2309/2524 1969/2307/2522 1971/2310/2525
f 1915/2311/2526 1972/2312/2527 1914/2258/2471
f 1932/2313/2528 1975/2314/2529 1974/2315/2530
f 1943/2316/2531 1968/2306/2521 1935/2308/2523
f 1939/2317/2532 1958/2293/2506 1942/2318/2533
f 1939/2317/2532 1976/2319/2534 1957/2294/2507
f 1896/2237/2444 1977/2320/2535 1895/2246/2536
f 1980/2321/2537 1977/2320/2535 1978/2322/2538
f 1703/2018/2192 1979/2323/2539 1980/2321/2537
f 1900/2241/2451 1978/2322/2540 1896/2237/2452
f 1978/2322/2540 1982/2324/2541 1980/2321/2542
f 1982/2324/2541 1703/2018/2199 1980/2321/2542
f 1888/2245/2458 1977/2320/2543 339/2325/2544
f 340/2326/2545 1977/2320/2543 1979/2323/2546
f 1700/2327/2547 1979/2323/2546 1704/2017/2205
f 1983/2328/2548 1878/2216/2414 1834/2145/2335
f 1834/2145/2335 1911/2256/2469 1983/2328/2548
f 1985/2329/2549 1907/2252/2465 1986/2330/2550
f 1907/2252/2465 1910/2255/2468 1986/2330/2550
f 1986/2330/2550 1987/2331/2551 1985/2329/2549
f 1988/2332/2552 1990/2333/2553 1989/2334/2554
f 1995/2335/2555 1993/2336/2556 1992/2337/2557
f 1832/2143/2333 1994/2338/2558 1995/2335/2555
f 1835/2339/2559 1998/2340/2560 1997/2341/2561
f 1999/2342/2562 1741/2054/2235 1742/2053/2234
f 2000/2343/2563 2002/2344/2564 2001/2345/2565
f 2004/2346/2566 2003/2347/2567 2000/2343/2563
f 2006/2348/2568 2008/2349/2569 2007/2350/2570
f 2010/2351/2571 1839/2352/2572 1840/2168/2358
f 1843/2163/2353 2009/2353/2573 2006/2348/2568
f 1949/2354/2574 1764/2069/2250 1952/2289/2502
f 1955/2295/2508 1767/2075/2256 1954/2291/2504
f 1770/2073/2254 1841/2152/2342 1773/2151/2341
f 1841/2152/2342 1955/2295/2508 1957/2294/2507
f 1962/2298/2513 1764/2069/2260 1774/2080/2262
f 1962/2298/2516 1777/2083/2265 1965/2301/2516
f 1965/2355/490 2013/2356/2575 1969/2307/2522
f 1777/2087/2271 1842/2154/2344 2013/2356/2575
f 1971/2310/2525 1969/2307/2522 2014/2357/2576
f 2014/2357/2576 2013/2356/2575 2006/2358/2577
f 2015/2359/2578 1989/2334/2554 1990/2333/2553
f 2001/2360/2579 1975/2314/2529 2000/2361/2580
f 1843/2153/2343 2013/2356/2575 1842/2154/2344
f 1957/2294/2507 1840/2150/2340 1841/2152/2342
f 1840/2150/2340 1976/2319/2534 2010/2362/2581
f 2017/2363/2582 1920/2263/2476 1927/2271/2484
f 2017/2363/2582 2018/2364/2583 1944/2284/2497
f 1922/2266/2479 2019/2365/2584 1903/2251/2464
f 1931/2273/2486 1924/2267/2480 1973/2366/2585
f 1911/2256/2469 2015/2359/2578 2021/2367/2586
f 2022/2368/2587 1993/2336/2556 1910/2255/2468
f 1937/2278/2491 1912/2257/2470 1916/2262/2475
f 1897/2240/2449 1921/2265/2478 1901/2247/2460
f 1941/2281/2494 2023/2369/2588 1923/2268/2481
f 2025/2370/2589 1959/2371/2590 2026/2372/2591
f 2025/2370/2589 1942/2318/2533 1958/2293/2506
f 1943/2316/2531 1966/2303/2518 1967/2305/2520
f 1943/2316/2531 2028/2373/2592 2027/2374/2593
f 2029/2375/2594 1933/2376/2595 1938/2377/2596
f 1976/2319/2534 1932/2313/2528 1974/2315/2530
f 2008/2349/2569 1988/2332/2552 2005/2378/2597
f 2002/2344/2564 1998/2340/2560 2011/2379/2598
f 1996/2380/2599 1982/2324/2541 1987/2331/2551
f 2004/2381/2600 2029/2375/2594 2007/2382/2601
f 2001/2360/2579 1976/2319/2534 1974/2315/2530
f 1943/2283/2496 2018/2364/2583 2028/2383/2602
f 1930/2274/2487 1973/2366/2585 1915/2311/2526
f 1925/2384/2603 1973/2366/2585 1924/2267/2480
f 1990/2333/2553 2022/2368/2587 2031/2385/2604
f 1913/2259/2472 1916/2262/2475 1912/2257/2470
f 1934/2276/2489 1915/2311/2526 1912/2257/2470
f 1908/2254/2467 1919/2260/2473 1910/2255/2468
f 1936/2279/2492 1916/2262/2475 1917/2261/2474
f 1926/2269/2482 1920/2263/2476 1921/2265/2478
f 1944/2284/2497 1917/2261/2474 1920/2263/2476
f 1940/2282/2495 1923/2268/2481 1924/2267/2480
f 2020/2386/2605 1923/2268/2481 2023/2369/2588
f 1903/2251/2464 1925/2384/2603 1922/2266/2479
f 1898/2239/2446 1926/2269/2482 1897/2240/2449
f 1932/2387/2606 1940/2282/2495 1931/2273/2486
f 1938/2388/2607 1934/2276/2489 1937/2278/2491
f 2025/2389/2608 1941/2281/2494 1942/2390/2609
f 2021/2367/2586 1990/2333/2553 2031/2385/2604
f 1999/2342/2562 1712/2023/2197 1982/2324/2541
f 2005/2378/2597 1989/2334/2554 2003/2347/2567
f 2009/2353/2573 1992/2337/2557 2008/2349/2569
f 1991/2391/2610 1992/2337/2557 1993/2336/2556
f 1997/2341/2561 2016/2392/2611 2015/2359/2578
f 1999/2342/2562 1832/2143/2333 1741/2054/2235
f 2011/2379/2598 1838/2149/2339 1839/2352/2572
f 1833/2144/2334 1995/2335/2555 2009/2353/2573
f 2007/2350/2570 2005/2378/2597 2004/2346/2566
f 2001/2345/2565 2011/2379/2598 2010/2351/2571
f 1996/2380/2599 1986/2330/2550 1994/2338/2558
f 1986/2330/2550 1993/2336/2556 1994/2338/2558
f 1834/2145/2335 1997/2341/2561 1911/2256/2469
f 2003/2347/2567 2016/2392/2611 2002/2344/2564
f 1899/2248/2461 1909/2393/2612 1900/2241/2451
f 1909/2393/2612 1981/2394/2613 1900/2241/2451
f 1981/2394/2613 1987/2331/2551 1982/2324/2541
f 1946/2395/2614 2032/2396/2615 1945/2397/2616
f 1882/2223/2423 2012/2398/2617 1879/2219/2418
f 2035/2399/2618 1879/2220/2420 2012/2400/2619
f 1945/2401/2620 2036/2402/2621 1946/2403/2622
f 2038/2404/2623 2032/2396/2615 2033/2405/2624
f 2040/2406/2625 1882/2223/2423 1884/2407/2626
f 2042/2408/2627 2036/2402/2628 2037/2409/2629
f 2035/2399/2630 1881/2217/2425 1883/2221/2424
f 1972/2312/2527 1911/2256/2469 2021/2367/2586
f 1914/2258/2471 2021/2367/2586 2031/2385/2604
f 2022/2368/2587 1914/2258/2471 2031/2385/2604
f 1919/2260/2473 2022/2368/2587 1910/2255/2468
f 1902/2253/2466 1901/2247/2460 1908/2254/2467
f 1921/2265/2478 1908/2254/2467 1901/2247/2460
f 2030/2410/2631 1929/2411/2632 1933/2376/2595
f 2000/2361/2580 2030/2410/2631 2004/2381/2600
f 2007/2382/2601 2014/2357/2576 2006/2358/2577
f 1970/2309/2524 2029/2375/2594 1938/2377/2596
f 2029/2375/2594 2014/2357/2576 2007/2382/2601
f 1970/2309/2524 1938/2377/2596 1935/2308/2523
f 2043/2412/2633 1880/2218/2417 1881/2217/2416
f 1905/2413/2634 2039/2414/2635 2038/2404/2636
f 1878/2216/2414 2040/2406/2637 1884/2407/2638
f 2047/2415/2639 1886/2227/2434 1885/2228/2435
f 2045/2416/2640 2052/2417/2641 2046/2418/2642
f 2045/2419/2643 2050/2420/2644 2062/2421/2645
f 1880/2218/2437 2047/2422/2646 1885/2229/2436
f 2051/2423/2647 2052/2417/2648 2049/2424/2649
f 1866/2206/2402 2048/2425/2650 2053/2426/2651
f 2058/2427/2652 2054/2428/2653 2056/2429/2654
f 1871/2207/2404 2055/2430/2655 2058/2427/2652
f 2057/2431/2656 2058/2427/2657 2056/2429/2658
f 1871/2207/2409 2059/2432/2659 1872/2212/2410
f 2060/2433/2660 2057/2434/2656 2061/2435/2661
f 1876/2214/2412 2059/2436/2659 2060/2433/2660
f 2051/2423/2647 2055/2430/2655 2053/2426/2651
f 2053/2426/2651 1869/2209/2406 1866/2206/2402
f 1904/2250/2463 1983/2328/2548 1911/2256/2469
f 1906/2249/2462 2019/2365/2584 2063/2437/2662
f 2042/2408/2663 2065/2438/2664 2062/2421/2665
f 1945/2397/2616 2067/2439/2666 2064/2440/2667
f 2037/2409/2668 2064/2441/2669 2068/2442/2669
f 2039/2414/2670 2067/2439/2666 2032/2396/2615
f 2037/2409/2629 2066/2443/2671 2042/2408/2627
f 1983/2328/2548 1905/2413/2634 1984/2444/2672
f 2012/2398/2617 2033/2405/2624 1946/2395/2614
f 1946/2403/2622 2035/2399/2618 2012/2400/2619
f 2038/2404/2623 2034/2445/2673 2040/2406/2625
f 2043/2412/2674 2036/2402/2628 2041/2446/2675
f 2043/2412/2633 2050/2420/2676 2044/2447/2677
f 2069/2448/2678 1906/2249/2462 2063/2437/2662
f 2038/2404/2636 1984/2444/2672 1905/2413/2634
f 2071/2449/2679 2051/2423/2647 2049/2424/2649
f 2052/2417/2648 2053/2426/2651 2048/2425/2650
f 2046/2418/2642 2048/2425/2680 2047/2415/2639
f 2070/2450/2681 2049/2424/2682 2045/2416/2640
f 2070/2451/2683 2062/2421/2645 2065/2438/2684
f 2046/2452/2685 2044/2447/2686 2050/2420/2644
f 2042/2408/2663 2050/2420/2676 2041/2446/2687
f 1954/2453/490 569/698/490 1953/2454/490
f 1767/2231/490 569/698/490 1954/2453/490
f 2075/2455/2688 441/537/2689 442/530/508
f 2077/2456/2690 2074/2457/2691 2075/2455/2688
f 2077/2456/2690 2078/2458/2692 2076/2459/2693
f 442/530/514 2080/2460/2694 2075/2455/2695
f 2080/2460/2694 2077/2456/2696 2075/2455/2695
f 2081/2461/2697 2079/2462/2698 2077/2456/2696
f 341/2463/2699 441/537/520 2074/2457/2700
f 2072/2464/2701 2074/2457/2700 2076/2459/2702
f 2072/2464/2701 2078/2458/2703 2073/2465/2704
f 2083/2466/2705 2081/2461/2697 2080/2460/2694
f 2088/2467/2706 2086/2468/2707 2085/2469/2708
f 2089/2470/2709 2084/2471/2710 2090/2472/2711
f 2090/2472/2711 2092/2473/2712 2089/2470/2709
f 2093/2474/2713 2085/2469/2708 2086/2468/2707
f 2094/2475/2714 2096/2476/2715 2095/2477/2716
f 2101/2478/2717 2099/2479/2718 2098/2480/2719
f 2102/2481/2720 2100/2482/2721 2103/2483/2722
f 2104/2484/2723 2106/2485/2724 2105/2486/2725
f 2108/2487/2726 468/557/540 469/556/539
f 2109/2488/2727 2111/2489/2728 2110/2490/2729
f 2113/2491/2730 2110/2490/2729 2114/2492/2731
f 2115/2493/2732 2117/2494/2733 2116/2495/2734
f 2119/2496/2735 2121/2497/2736 2120/2498/2737
f 2123/2499/2738 2116/2495/2734 2124/2500/2739
f 488/2501/2740 2129/2502/2741 489/572/554
f 2127/2503/2742 2130/2504/2743 2129/2502/2741
f 490/574/556 2132/2505/2744 2131/2506/2745
f 491/575/557 2134/2507/2746 2133/2508/2747
f 2133/2508/2747 2132/2505/2744 491/575/557
f 494/579/561 2129/2502/2748 2135/2509/2749
f 2135/2509/2749 2130/2504/2750 2136/2510/2751
f 494/579/562 2137/2511/2752 495/581/562
f 2135/2509/2752 2138/2512/2753 2137/2511/2752
f 2137/2513/2754 498/2514/2755 495/583/564
f 2139/2515/2756 2137/2513/2754 2140/2516/2757
f 2137/2513/2754 2141/2517/2758 2140/2516/2757
f 2115/2518/2759 2140/2516/2757 2142/2519/2760
f 2142/2519/2760 2141/2517/2758 2143/2520/2761
f 2097/2521/2762 2144/2522/2763 2096/2476/2715
f 2112/2523/2764 2147/2524/2765 2146/2525/2766
f 2123/2526/2767 2140/2516/2757 2115/2518/2759
f 2119/2527/2768 2134/2507/2746 2122/2528/2769
f 2119/2527/2768 2148/2529/2770 2133/2508/2747
f 2079/2462/2771 2151/2530/2772 2078/2458/2692
f 2152/2531/2773 2153/2532/2774 2151/2530/2772
f 1889/2232/2439 2153/2532/2774 2154/2533/2775
f 2079/2462/2698 2155/2534/2776 2152/2531/2777
f 2152/2531/2777 2156/2535/2778 2154/2533/2779
f 2154/2533/2779 1898/2239/2446 1889/2232/2448
f 2073/2465/2704 2151/2530/2780 2149/2536/2781
f 2150/2537/2782 2151/2530/2780 2153/2532/2783
f 338/2242/2453 2153/2532/2783 1890/2234/2784
f 2157/2538/2785 2063/2437/2662 2019/2365/2584
f 2019/2365/2584 2093/2474/2713 2157/2538/2785
f 2159/2539/2786 2089/2470/2709 2160/2540/2787
f 2089/2470/2709 2092/2473/2712 2160/2540/2787
f 2160/2540/2787 2161/2541/2788 2159/2539/2786
f 2162/2542/2789 2164/2543/2790 2163/2544/2791
f 2169/2545/2792 2167/2546/2793 2166/2547/2794
f 2017/2363/2582 2168/2548/2795 2169/2545/2792
f 2020/2386/2605 2172/2549/2796 2171/2550/2797
f 2173/2551/2798 1927/2271/2484 1928/2270/2483
f 2174/2552/2799 2176/2553/2800 2175/2554/2801
f 2178/2555/2802 2177/2556/2803 2174/2552/2799
f 2180/2557/2804 2182/2558/2805 2181/2559/2806
f 2184/2560/2807 2024/2561/2808 2025/2389/2608
f 2028/2383/2602 2183/2562/2809 2180/2557/2804
f 1947/2285/2498 2130/2504/2743 2128/2563/2810
f 2131/2506/2745 1956/2290/2503 1953/2292/2505
f 1956/2290/2503 2026/2372/2591 1959/2371/2590
f 2026/2372/2591 2132/2505/2744 2133/2508/2747
f 2136/2510/2751 1950/2287/2509 1960/2297/2511
f 2138/2512/2753 1960/2297/2514 1963/2299/2514
f 2138/2564/490 2187/2565/2811 2141/2517/2758
f 1963/2304/2519 2027/2374/2593 2187/2565/2811
f 2143/2520/2761 2141/2517/2758 2188/2566/2812
f 2188/2566/2812 2187/2565/2811 2180/2567/2813
f 2189/2568/2814 2163/2544/2791 2164/2543/2790
f 2175/2569/2815 2147/2524/2765 2174/2570/2816
f 2028/2373/2592 2187/2565/2811 2027/2374/2593
f 2133/2508/2747 2025/2370/2589 2026/2372/2591
f 2025/2370/2589 2148/2529/2770 2184/2571/2817
f 461/550/533 2102/2481/2720 469/556/539
f 461/550/533 485/625/606 2124/2500/2739
f 2104/2484/2723 447/540/523 2085/2469/2708
f 2111/2489/2728 2106/2485/2724 2145/2572/2818
f 2093/2474/2713 2189/2568/2814 2191/2573/2819
f 2192/2574/2820 2167/2546/2793 2092/2473/2712
f 2117/2494/2733 2094/2475/2714 2098/2480/2719
f 2080/2460/2694 2103/2483/2722 2083/2466/2705
f 2105/2486/2725 482/567/550 466/624/605
f 481/591/572 492/577/559 493/576/558
f 481/591/572 2122/2528/2769 2134/2507/2746
f 2123/2526/2767 498/2514/2755 2139/2515/2756
f 2123/2526/2767 484/590/571 497/584/565
f 2193/2575/2821 2113/2576/2822 2118/2577/2823
f 2148/2529/2770 2112/2523/2764 2146/2525/2766
f 2182/2558/2805 2162/2542/2789 2179/2578/2824
f 2176/2553/2800 2172/2549/2796 2185/2579/2825
f 2170/2580/2826 2156/2535/2778 2161/2541/2788
f 2178/2581/2827 2193/2575/2821 2181/2582/2828
f 2175/2569/2815 2148/2529/2770 2146/2525/2766
f 2124/2500/2739 484/569/552 2123/2499/2738
f 2110/2490/2729 2145/2572/2818 2097/2521/2762
f 2107/2583/2829 2145/2572/2818 2106/2485/2724
f 2164/2543/2790 2192/2574/2820 2195/2584/2830
f 2095/2477/2716 2098/2480/2719 2094/2475/2714
f 2114/2492/2731 2097/2521/2762 2094/2475/2714
f 2090/2472/2711 2101/2478/2717 2092/2473/2712
f 2116/2495/2734 2098/2480/2719 2099/2479/2718
f 2108/2487/2726 2102/2481/2720 2103/2483/2722
f 2124/2500/2739 2099/2479/2718 2102/2481/2720
f 2120/2498/2737 2105/2486/2725 2106/2485/2724
f 466/624/605 2104/2484/2723 2105/2486/2725
f 2085/2469/2708 2107/2583/2829 2104/2484/2723
f 445/533/513 2108/2487/2726 2080/2460/2694
f 2112/2585/2831 2120/2498/2737 2111/2489/2728
f 2118/2586/2832 2114/2492/2731 2117/2494/2733
f 482/567/550 2122/2587/2833 481/568/551
f 2191/2573/2819 2164/2543/2790 2195/2584/2830
f 2173/2551/2798 1898/2239/2446 2156/2535/2778
f 2179/2578/2824 2163/2544/2791 2177/2556/2803
f 2183/2562/2809 2166/2547/2794 2182/2558/2805
f 2165/2588/2834 2166/2547/2794 2167/2546/2793
f 2171/2550/2797 2190/2589/2835 2189/2568/2814
f 2173/2551/2798 2017/2363/2582 1927/2271/2484
f 2185/2579/2825 2023/2369/2588 2024/2561/2808
f 2018/2364/2583 2169/2545/2792 2183/2562/2809
f 2181/2559/2806 2179/2578/2824 2178/2555/2802
f 2175/2554/2801 2185/2579/2825 2184/2560/2807
f 2170/2580/2826 2160/2540/2787 2168/2548/2795
f 2160/2540/2787 2167/2546/2793 2168/2548/2795
f 2019/2365/2584 2171/2550/2797 2093/2474/2713
f 2177/2556/2803 2190/2589/2835 2176/2553/2800
f 2081/2461/2697 2091/2590/2836 2082/2591/2837
f 2091/2590/2836 2155/2534/2776 2082/2591/2837
f 2155/2534/2776 2161/2541/2788 2156/2535/2778
f 2126/2592/2838 2196/2593/2839 2125/2594/2840
f 2064/2440/2667 2198/2595/2841 2186/2596/2842
f 2186/2597/2843 2068/2442/2669 2064/2441/2669
f 2125/2598/2844 2200/2599/2845 2126/2600/2846
f 2202/2601/2847 2196/2593/2839 2197/2602/2848
f 2069/2448/2849 2198/2595/2841 2067/2439/2666
f 2206/2603/2850 2200/2599/2851 2201/2604/2852
f 2207/2605/2853 2068/2442/2854 2199/2606/2855
f 2144/2522/2763 2093/2474/2713 2191/2573/2819
f 2096/2476/2715 2191/2573/2819 2195/2584/2830
f 2095/2477/2716 2195/2584/2830 2192/2574/2820
f 2101/2478/2717 2192/2574/2820 2092/2473/2712
f 2084/2471/2710 2083/2466/2705 2090/2472/2711
f 2103/2483/2722 2090/2472/2711 2083/2466/2705
f 2194/2607/2856 2109/2608/2857 2113/2576/2822
f 2174/2570/2816 2194/2607/2856 2178/2581/2827
f 2181/2582/2828 2188/2566/2812 2180/2567/2813
f 2142/2519/2760 2193/2575/2821 2118/2577/2823
f 2193/2575/2821 2188/2566/2812 2181/2582/2828
f 2142/2519/2760 2118/2577/2823 2115/2518/2759
f 2207/2605/2858 2065/2438/2664 2066/2443/2859
f 2088/2467/2706 2202/2601/2860 2087/2609/2861
f 2063/2437/2662 2204/2610/2862 2069/2448/2678
f 2211/2611/2863 2071/2449/2864 2070/2450/2681
f 2209/2612/2865 2215/2613/2866 2210/2614/2867
f 2209/2615/2868 2214/2616/2869 2221/2617/2870
f 2070/2451/2683 2208/2618/2871 2211/2619/2872
f 546/668/655 2215/2613/2873 2213/2620/2874
f 2051/2423/2647 2212/2621/2875 2216/2622/2876
f 555/675/662 2217/2623/2877 550/673/660
f 2056/2429/2654 2217/2623/2877 2218/2624/2878
f 554/678/666 2218/2624/2879 555/675/2880
f 2056/2429/2658 2219/2625/2881 2057/2431/2656
f 2220/2626/2882 554/2627/666 558/682/670
f 2061/2435/2661 2219/2628/2881 2220/2626/2882
f 2216/2622/2876 550/673/660 2217/2623/2877
f 2051/2423/2647 2217/2623/2877 2054/2428/2653
f 2086/2468/2707 2157/2538/2785 2093/2474/2713
f 2088/2467/2706 447/540/523 448/539/522
f 2206/2603/2883 541/650/633 2221/2617/2884
f 2125/2594/2840 520/631/612 487/633/614
f 2201/2604/2885 487/635/616 521/647/2886
f 2203/2629/2887 520/631/612 2196/2593/2839
f 2201/2604/2852 531/646/629 2206/2603/2850
f 2158/2630/2888 2086/2468/2707 2087/2609/2861
f 2186/2596/2842 2197/2602/2848 2126/2592/2838
f 2126/2600/2846 2199/2606/2843 2186/2597/2843
f 2197/2602/2848 2204/2610/2889 2202/2601/2847
f 2199/2606/2855 2205/2631/2890 2207/2605/2853
f 2207/2605/2858 2214/2616/2891 2208/2618/2892
f 448/539/522 2203/2629/2893 2088/2467/2706
f 2202/2601/2860 2158/2630/2888 2087/2609/2861
f 545/655/2894 546/668/655 2213/2620/2874
f 2215/2613/2873 2216/2622/2876 2212/2621/2875
f 2210/2614/2867 2212/2621/2895 2211/2611/2863
f 537/656/642 2213/2620/2896 2209/2612/2865
f 541/650/2897 2209/2615/2868 2221/2617/2870
f 2210/2632/2898 2208/2618/2871 2214/2616/2869
f 2206/2603/2883 2214/2616/2891 2205/2631/2899
f 2131/2633/490 569/698/490 490/700/490
f 1953/2454/490 569/698/490 2131/2633/490
f 937/1122/2900 1126/1340/2900 936/1123/2900
f 748/904/2900 1126/1340/2900 1312/1561/2900
f 747/905/2900 1312/1561/2900 1313/1560/2900
f 747/905/2900 1500/1778/2900 557/680/2900
f 556/681/2900 1500/1778/2900 1501/1777/2900
f 556/681/2900 1687/1997/2900 558/682/2900
f 2220/2626/2900 1687/1997/2900 1688/1996/2900
f 2220/2626/2900 1875/2215/2900 2061/2435/2900
f 2060/2433/2900 1875/2215/2900 1876/2214/2900
f 2225/2634/2901 2223/2635/2902 2222/2636/2901
f 2227/2637/2903 2222/2636/2901 2226/2638/2903
f 2229/2639/2904 2226/2638/2903 2228/2640/2904
f 2230/2641/2905 2229/2639/2904 2228/2640/2904
f 2233/2642/2906 2230/2641/2905 2232/2643/2906
f 2235/2644/2907 2232/2643/2906 2234/2645/2907
f 2237/2646/2908 2234/2645/2907 2236/2647/2908
f 2239/2648/2909 2236/2647/2908 2238/2649/2909
f 2240/2650/2910 2239/2648/2909 2238/2649/2909
f 2242/2651/2911 2241/2652/2910 2240/2650/2910
f 2244/2653/2912 2243/2654/2911 2242/2651/2911
f 2246/2655/2913 2245/2656/2912 2244/2653/2912
f 2249/2657/2914 2246/2655/2913 2248/2658/2914
f 2250/2659/2915 2249/2657/2914 2248/2658/2914
f 2252/2660/2916 2251/2661/2915 2250/2659/2915
f 2254/2662/2917 2253/2663/2916 2252/2660/2916
f 2256/2664/2918 2255/2665/2917 2254/2662/2917
f 2258/2666/2919 2257/2667/2918 2256/2664/2918
f 2260/2668/2920 2259/2669/2919 2258/2666/2919
f 2262/2670/2921 2261/2671/2922 2260/2668/2920
f 2264/2672/2923 2263/2673/2921 2262/2670/2921
f 2267/2674/2924 2264/2672/2923 2266/2675/2924
f 2268/2676/2925 2267/2674/2924 2266/2675/2924
f 2270/2677/2926 2269/2678/2925 2268/2676/2925
f 2273/2679/2927 2270/2677/2926 2272/2680/2927
f 2275/2681/2928 2272/2680/2927 2274/2682/2928
f 2277/2683/2929 2274/2682/2928 2276/2684/2929
f 2279/2685/2930 2276/2684/2929 2278/2686/2930
f 2280/2687/2931 2279/2685/2930 2278/2686/2930
f 2224/2688/2932 2280/2687/2931 2223/2635/2902
f 2285/2689/2900 2283/2690/2900 2282/2691/2900
f 2285/2689/2900 2286/2692/2900 2287/2693/2900
f 2289/2694/2900 2286/2692/2900 2288/2695/2900
f 2291/2696/2900 2288/2695/2900 2290/2697/2900
f 2291/2696/2900 2292/2698/2900 2293/2699/2900
f 2295/2700/2900 2292/2698/2900 2294/2701/2900
f 2295/2700/2900 2296/2702/2900 2297/2703/2900
f 2299/2704/2900 2296/2702/2900 2298/2705/2900
f 2301/2706/2900 2298/2705/2900 2300/2707/2900
f 2301/2706/2900 2302/2708/2900 2303/2709/2900
f 2305/2710/2900 2302/2708/2900 2304/2711/2900
f 2305/2710/2900 2306/2712/2900 2307/2713/2900
f 2307/2713/2900 2308/2714/2900 2309/2715/2900
f 2311/2716/2900 2308/2714/2900 2310/2717/2900
f 2311/2716/2900 2312/2718/2900 2313/2719/2900
f 2315/2720/2900 2312/2718/2900 2314/2721/2900
f 2315/2720/2900 2316/2722/2900 2317/2723/2900
f 2319/2724/2900 2316/2722/2900 2318/2725/2900
f 2319/2724/2900 2320/2726/2900 2321/2727/2900
f 2321/2727/2900 2322/2728/2900 2323/2729/2900
f 2323/2729/2900 2324/2730/2900 2325/2731/2900
f 2327/2732/2900 2324/2730/2900 2326/2733/2900
f 2329/2734/2900 2326/2733/2900 2328/2735/2900
f 2329/2734/2900 2330/2736/2900 2331/2737/2900
f 2333/2738/2900 2330/2736/2900 2332/2739/2900
f 2335/2740/2900 2332/2739/2900 2334/2741/2900
f 2337/2742/2900 2334/2741/2900 2336/2743/2900
f 2337/2742/2900 2338/2744/2900 2339/2745/2900
f 2341/2746/2900 2338/2744/2900 2340/2747/2900
f 2341/2746/2900 2283/2690/2900 2284/2748/2900
s 0
f 2345/2749/2933 2343/2750/2934 2342/2751/2935
f 2343/2750/2936 2347/2752/2937 2346/2753/2938
f 2347/2752/2939 2348/2754/2940 2346/2753/2941
f 2349/2755/2942 2350/2756/2943 2348/2754/2944
f 2351/2757/2945 2352/2758/2946 2350/2756/2947
f 2352/2758/2948 2355/2759/2949 2354/2760/2950
f 2354/2760/2951 2357/2761/2952 2356/2762/2953
f 2356/2762/2954 2359/2763/2955 2358/2764/2956
f 2359/2763/2957 2360/2765/2958 2358/2764/2959
f 2361/2766/2960 2362/2767/2961 2360/2765/2962
f 2362/2767/2963 2365/2768/2964 2364/2769/2965
f 2364/2769/2966 2367/2770/2967 2366/2771/2968
f 2366/2771/2969 2369/2772/2970 2368/2773/2971
f 2369/2772/2972 2370/2774/2973 2368/2773/2974
f 2370/2774/2975 2373/2775/2976 2372/2776/2977
f 2373/2775/2978 2374/2777/2979 2372/2776/2980
f 2375/2778/2981 2376/2779/2982 2374/2777/2983
f 2377/2780/2984 2378/2781/2985 2376/2779/2986
f 2379/2782/2987 2380/2783/2988 2378/2781/2989
f 2380/2783/2990 2383/2784/2991 2382/2785/2992
f 2382/2785/2993 2385/2786/2994 2384/2787/2995
f 2385/2786/2996 2386/2788/2997 2384/2787/2998
f 2386/2788/2999 2389/2789/3000 2388/2790/3001
f 2388/2790/3002 2391/2791/3003 2390/2792/3004
f 2391/2791/3005 2392/2793/3006 2390/2792/3007
f 2393/2794/3008 2394/2795/3009 2392/2793/3010
f 2394/2795/3011 2397/2796/3012 2396/2797/3013
f 2396/2797/3014 2399/2798/3015 2398/2799/3016
f 2398/2799/3017 2401/2800/3018 2400/2801/3019
f 2400/2801/3020 2345/2749/3021 2342/2751/3022
s 1
f 2343/2750/2900 2402/2802/2900 2342/2751/2900
f 2346/2753/2900 2402/2802/2900 2343/2750/2900
f 2348/2754/2900 2402/2802/2900 2346/2753/2900
f 2350/2756/2900 2402/2802/2900 2348/2754/2900
f 2352/2758/2900 2402/2802/2900 2350/2756/2900
f 2354/2760/2900 2402/2802/2900 2352/2758/2900
f 2356/2762/2900 2402/2802/2900 2354/2760/2900
f 2358/2764/2900 2402/2802/2900 2356/2762/2900
f 2360/2765/2900 2402/2802/2900 2358/2764/2900
f 2362/2767/2900 2402/2802/2900 2360/2765/2900
f 2364/2769/2900 2402/2802/2900 2362/2767/2900
f 2366/2771/2900 2402/2802/2900 2364/2769/2900
f 2368/2773/2900 2402/2802/2900 2366/2771/2900
f 2370/2774/2900 2402/2802/2900 2368/2773/2900
f 2372/2776/2900 2402/2802/2900 2370/2774/2900
f 2374/2777/2900 2402/2802/2900 2372/2776/2900
f 2376/2779/2900 2402/2802/2900 2374/2777/2900
f 2378/2781/2900 2402/2802/2900 2376/2779/2900
f 2380/2783/2900 2402/2802/2900 2378/2781/2900
f 2382/2785/2900 2402/2802/2900 2380/2783/2900
f 2384/2787/2900 2402/2802/2900 2382/2785/2900
f 2386/2788/2900 2402/2802/2900 2384/2787/2900
f 2388/2790/2900 2402/2802/2900 2386/2788/2900
f 2390/2792/2900 2402/2802/2900 2388/2790/2900
f 2392/2793/2900 2402/2802/2900 2390/2792/2900
f 2394/2795/2900 2402/2802/2900 2392/2793/2900
f 2396/2797/2900 2402/2802/2900 2394/2795/2900
f 2398/2799/2900 2402/2802/2900 2396/2797/2900
f 2400/2801/2900 2402/2802/2900 2398/2799/2900
f 2342/2751/2900 2402/2802/2900 2400/2801/2900
f 2285/2803/3023 2403/2804/3024 2284/2805/3025
f 2287/2806/3026 2404/2807/3027 2285/2803/3023
f 2289/2808/3028 2405/2809/3029 2287/2806/3026
f 2289/2808/3028 2407/2810/3030 2406/2811/3031
f 2293/2812/3032 2407/2810/3030 2291/2813/3033
f 2293/2812/3032 2409/2814/3034 2408/2815/3035
f 2295/2816/3036 2410/2817/3037 2409/2814/3034
f 2299/2818/3038 2410/2817/3037 2297/2819/3039
f 2301/2820/3040 2411/2821/3041 2299/2818/3038
f 2303/2822/3042 2412/2823/3043 2301/2820/3040
f 2303/2822/3042 2414/2824/3044 2413/2825/3045
f 2307/2826/3046 2414/2824/3044 2305/2827/3047
f 2307/2826/3046 2416/2828/3048 2415/2829/3049
f 2309/2830/3050 2417/2831/3051 2416/2828/3048
f 2311/2832/3052 2418/2833/3053 2417/2831/3051
f 2313/2834/3054 2419/2835/3055 2418/2833/3053
f 2315/2836/3056 2420/2837/3057 2419/2835/3055
f 2319/2838/3058 2420/2837/3057 2317/2839/3059
f 2321/2840/3060 2421/2841/3061 2319/2838/3058
f 2323/2842/3062 2422/2843/3063 2321/2840/3060
f 2323/2842/3062 2424/2844/3064 2423/2845/3065
f 2325/2846/3066 2425/2847/3067 2424/2844/3064
f 2327/2848/3068 2426/2849/3069 2425/2847/3067
f 2329/2850/3070 2427/2851/3071 2426/2849/3069
f 2331/2852/3072 2428/2853/3073 2427/2851/3071
f 2333/2854/3074 2429/2855/3075 2428/2853/3073
f 2335/2856/3076 2430/2857/3077 2429/2855/3075
f 2337/2858/3078 2431/2859/3079 2430/2857/3077
f 2341/2860/3080 2431/2859/3079 2339/2861/3081
f 2284/2805/3025 2432/2862/3082 2341/2860/3080
f 2433/2863/3083 2345/2749/2900 2434/2864/3084
f 2435/2865/3085 2344/2866/2900 2433/2863/3083
f 2436/2867/3086 2347/2752/2900 2435/2865/3085
f 2437/2868/3087 2349/2755/2900 2436/2867/3086
f 2438/2869/3088 2351/2757/2900 2437/2868/3087
f 2439/2870/3089 2353/2871/2900 2438/2869/3088
f 2357/2761/2900 2439/2870/3089 2440/2872/3090
f 2359/2763/2900 2440/2872/3090 2441/2821/3091
f 2442/2873/3092 2359/2763/2900 2441/2821/3091
f 2363/2874/2900 2442/2873/3092 2443/2875/3093
f 2365/2768/2900 2443/2875/3093 2444/2876/3094
f 2367/2770/2900 2444/2876/3094 2445/2877/3095
f 2369/2772/2900 2445/2877/3095 2446/2878/3096
f 2371/2879/2900 2446/2878/3096 2447/2880/3097
f 2373/2775/2900 2447/2880/3097 2448/2881/3098
f 2375/2778/2900 2448/2881/3098 2449/2882/3099
f 2377/2780/2900 2449/2882/3099 2450/2883/3100
f 2451/2884/3101 2377/2780/2900 2450/2883/3100
f 2452/2885/3102 2379/2782/2900 2451/2884/3101
f 2383/2784/2900 2452/2885/3102 2453/2886/3103
f 2385/2786/2900 2453/2886/3103 2454/2887/3104
f 2387/2888/2900 2454/2887/3104 2455/2847/3105
f 2389/2789/2900 2455/2847/3105 2456/2889/3106
f 2457/2890/3107 2389/2789/2900 2456/2889/3106
f 2458/2891/3108 2391/2791/2900 2457/2890/3107
f 2459/2892/3109 2393/2794/2900 2458/2891/3108
f 2397/2796/2900 2459/2892/3109 2460/2893/3110
f 2399/2798/2900 2460/2893/3110 2461/2894/3111
f 2462/2862/3112 2399/2798/2900 2461/2894/3111
f 2434/2864/3084 2401/2800/2900 2462/2862/3112
s 0
f 2225/2634/3113 2283/2690/3114 2224/2688/3115
f 2227/2637/3116 2282/2691/3117 2225/2634/3118
f 2229/2639/3119 2286/2692/3120 2227/2637/3121
f 2229/2639/3122 2290/2697/3123 2288/2695/3124
f 2231/2895/3125 2292/2698/3126 2290/2697/3127
f 2233/2642/3128 2294/2701/3129 2292/2698/3130
f 2235/2644/3131 2296/2702/3132 2294/2701/3133
f 2239/2648/3134 2296/2702/3135 2237/2646/3136
f 2241/2652/3137 2298/2705/3138 2239/2648/3139
f 2243/2654/3140 2300/2707/3141 2241/2652/3142
f 2245/2656/3143 2302/2708/3144 2243/2654/3145
f 2247/2896/3146 2304/2711/3147 2245/2656/3148
f 2247/2896/3149 2308/2714/3150 2306/2712/3151
f 2249/2657/3152 2310/2717/3153 2308/2714/3154
f 2251/2661/3155 2312/2718/3156 2310/2717/3157
f 2255/2665/3158 2312/2718/3159 2253/2663/3160
f 2257/2667/3161 2314/2721/3162 2255/2665/3163
f 2259/2669/3164 2316/2722/3165 2257/2667/3166
f 2259/2669/3167 2320/2726/3168 2318/2725/3169
f 2261/2671/3170 2322/2728/3171 2320/2726/3172
f 2265/2897/3173 2322/2728/3174 2263/2673/3175
f 2265/2897/3176 2326/2733/3177 2324/2730/3178
f 2269/2678/3179 2326/2733/3180 2267/2674/3181
f 2271/2898/3182 2328/2735/3183 2269/2678/3184
f 2271/2898/3185 2332/2739/3186 2330/2736/3187
f 2275/2681/3188 2332/2739/3189 2273/2679/3190
f 2277/2683/3191 2334/2741/3192 2275/2681/3193
f 2277/2683/3194 2338/2744/3195 2336/2743/3196
f 2279/2685/3197 2340/2747/3198 2338/2744/3199
f 2281/2899/3200 2283/2690/3201 2340/2747/3202
s 1
f 2223/2900/490 2463/2901/490 2222/2902/490
f 2222/2902/490 2463/2901/490 2226/2903/490
f 2226/2903/490 2463/2901/490 2228/2904/490
f 2228/2904/490 2463/2901/490 2230/2905/490
f 2230/2905/490 2463/2901/490 2232/2906/490
f 2232/2906/490 2463/2901/490 2234/2907/490
f 2234/2907/490 2463/2901/490 2236/2908/490
f 2236/2908/490 2463/2901/490 2238/2909/490
f 2238/2909/490 2463/2901/490 2240/2910/490
f 2240/2910/490 2463/2901/490 2242/2911/490
f 2242/2911/490 2463/2901/490 2244/2912/490
f 2244/2912/490 2463/2901/490 2246/2913/490
f 2246/2913/490 2463/2901/490 2248/2914/490
f 2248/2914/490 2463/2901/490 2250/2915/490
f 2250/2915/490 2463/2901/490 2252/2916/490
f 2252/2916/490 2463/2901/490 2254/2917/490
f 2254/2917/490 2463/2901/490 2256/2918/490
f 2256/2918/490 2463/2901/490 2258/2919/490
f 2258/2919/490 2463/2901/490 2260/2920/490
f 2260/2920/490 2463/2901/490 2262/2921/490
f 2262/2921/490 2463/2901/490 2264/2922/490
f 2264/2922/490 2463/2901/490 2266/2923/490
f 2266/2923/490 2463/2901/490 2268/2924/490
f 2268/2924/490 2463/2901/490 2270/2925/490
f 2270/2925/490 2463/2901/490 2272/2926/490
f 2272/2926/490 2463/2901/490 2274/2927/490
f 2274/2927/490 2463/2901/490 2276/2928/490
f 2276/2928/490 2463/2901/490 2278/2929/490
f 2278/2929/490 2463/2901/490 2280/2930/490
f 2280/2930/490 2463/2901/490 2223/2900/490
f 2433/2863/3083 2403/2804/3024 2404/2807/3027
f 2435/2865/3085 2404/2807/3027 2405/2809/3029
f 2436/2867/3086 2405/2809/3029 2406/2811/3031
f 2437/2868/3087 2406/2811/3031 2407/2810/3030
f 2438/2869/3088 2407/2810/3030 2408/2815/3035
f 2439/2870/3089 2408/2815/3035 2409/2814/3034
f 2440/2872/3090 2409/2814/3034 2410/2817/3037
f 2441/2821/3091 2410/2817/3037 2411/2821/3041
f 2441/2821/3091 2412/2823/3043 2442/2873/3092
f 2442/2873/3092 2413/2825/3045 2443/2875/3093
f 2443/2875/3093 2414/2824/3044 2444/2876/3094
f 2444/2876/3094 2415/2829/3049 2445/2877/3095
f 2445/2877/3095 2416/2828/3048 2446/2878/3096
f 2446/2878/3096 2417/2831/3051 2447/2880/3097
f 2447/2880/3097 2418/2833/3053 2448/2881/3098
f 2448/2881/3098 2419/2835/3055 2449/2882/3099
f 2449/2882/3099 2420/2837/3057 2450/2883/3100
f 2451/2884/3101 2420/2837/3057 2421/2841/3061
f 2452/2885/3102 2421/2841/3061 2422/2843/3063
f 2453/2886/3103 2422/2843/3063 2423/2845/3065
f 2454/2887/3104 2423/2845/3065 2424/2844/3064
f 2455/2847/3105 2424/2844/3064 2425/2847/3067
f 2455/2847/3105 2426/2849/3069 2456/2889/3106
f 2456/2889/3106 2427/2851/3071 2457/2890/3107
f 2457/2890/3107 2428/2853/3073 2458/2891/3108
f 2458/2891/3108 2429/2855/3075 2459/2892/3109
f 2459/2892/3109 2430/2857/3077 2460/2893/3110
f 2460/2893/3110 2431/2859/3079 2461/2894/3111
f 2462/2862/3112 2431/2859/3079 2432/2862/3082
f 2434/2864/3084 2432/2862/3082 2403/2804/3024
f 349/439/408 348/443/412 347/440/409
f 349/439/408 351/444/413 350/442/411
f 351/444/413 353/448/505 352/445/414
f 346/441/415 355/616/597 354/446/416
f 354/446/416 356/453/429 351/444/418
f 351/444/418 356/453/429 357/447/419
f 342/449/421 343/795/422 347/440/422
f 344/450/424 342/449/421 348/443/423
f 344/450/424 350/442/425 352/445/426
f 358/452/428 359/458/434 356/453/429
f 363/454/430 362/653/637 361/455/431
f 364/457/433 366/626/607 359/458/434
f 369/462/438 372/518/495 371/463/439
f 376/465/441 375/469/445 374/466/442
f 377/468/444 374/466/442 375/469/445
f 379/471/447 382/614/595 381/472/448
f 386/477/453 389/617/598 388/478/454
f 390/480/456 386/477/453 387/479/455
f 392/482/458 395/618/599 394/483/459
f 396/485/461 399/620/601 398/486/462
f 400/488/464 392/482/458 393/484/460
f 404/490/466 405/494/470 408/491/467
f 406/493/469 409/503/555 408/491/467
f 410/495/471 413/498/474 412/496/472
f 413/498/474 416/601/582 415/499/475
f 407/492/477 408/491/3216 418/501/478
f 418/501/478 408/491/3216 409/503/480
f 417/502/482 418/501/483 421/505/483
f 421/505/483 418/501/483 419/504/484
f 421/508/485 424/511/488 423/509/486
f 425/512/489 421/508/485 422/513/490
f 425/512/489 426/514/491 428/517/494
f 372/518/495 430/596/577 429/519/496
f 389/520/497 386/649/632 432/521/498
f 400/523/500 424/511/488 425/512/489
f 396/524/501 414/500/476 415/499/475
f 438/527/504 437/529/507 352/445/414
f 440/528/506 439/531/509 437/529/507
f 442/530/508 441/537/2689 439/531/509
f 357/447/419 443/627/608 438/527/510
f 438/527/510 443/627/608 444/532/511
f 440/528/512 444/532/511 445/533/513
f 434/534/515 345/451/427 352/445/426
f 435/535/517 434/534/515 437/529/516
f 436/536/519 435/535/517 439/531/518
f 446/538/521 449/691/682 448/539/522
f 450/541/524 366/626/607 364/457/433
f 453/544/527 456/622/603 455/545/528
f 460/547/530 459/551/534 458/548/531
f 461/550/533 462/610/591 459/551/534
f 463/552/535 466/624/605 465/553/536
f 470/558/541 473/562/545 472/559/542
f 474/561/544 475/608/589 473/562/545
f 476/563/546 479/570/553 478/564/547
f 480/566/549 483/609/590 482/567/550
f 484/569/552 485/625/606 479/570/553
f 406/571/469 488/2501/2740 489/572/554
f 412/496/472 491/575/557 490/574/556
f 491/575/557 412/496/472 493/576/558
f 419/578/481 409/573/480 489/572/560
f 422/580/484 419/578/484 494/579/562
f 422/513/490 495/583/564 496/582/563
f 495/583/564 498/2514/2755 497/584/565
f 499/585/566 426/514/491 496/582/563
f 500/587/568 501/623/604 454/546/529
f 471/588/569 431/522/499 432/521/498
f 484/590/571 476/586/567 496/582/563
f 414/500/476 433/526/503 481/591/572
f 502/593/574 401/489/465 377/468/444
f 379/471/447 505/807/815 504/595/576
f 388/478/454 397/487/463 381/472/448
f 368/461/437 464/554/537 500/587/568
f 507/598/579 456/622/603 458/548/531
f 394/483/459 391/481/457 369/462/438
f 354/446/416 383/474/450 378/470/446
f 398/486/462 509/619/600 508/599/580
f 510/600/581 415/499/475 416/601/582
f 400/523/500 512/604/585 423/509/486
f 514/605/586 515/648/631 390/606/587
f 433/526/503 396/524/501 389/520/497
f 478/564/547 457/549/532 453/544/527
f 472/559/542 501/623/604 465/553/536
f 462/610/591 467/555/538 444/532/511
f 474/611/592 515/648/631 514/605/586
f 471/588/569 480/592/573 433/526/503
f 401/489/465 503/594/575 513/613/594
f 387/479/455 388/478/454 430/596/577
f 382/614/595 429/519/496 430/596/577
f 455/545/528 456/622/603 507/598/579
f 370/464/440 376/465/441 373/467/443
f 391/481/457 387/479/455 372/518/495
f 365/459/435 375/469/445 376/465/441
f 393/484/460 394/483/459 373/467/443
f 383/474/450 384/476/452 377/468/444
f 401/489/465 393/484/460 374/466/442
f 397/487/463 398/486/462 380/473/449
f 508/599/580 505/807/815 379/471/447
f 360/456/432 368/461/437 382/614/595
f 355/616/597 385/475/451 383/474/450
f 389/617/598 396/485/461 397/487/463
f 395/618/599 390/480/456 391/481/457
f 509/619/600 398/486/462 399/620/601
f 506/597/578 500/587/568 455/545/528
f 467/555/538 468/557/540 445/533/513
f 475/608/589 453/544/527 454/546/529
f 479/570/553 460/547/530 457/549/532
f 456/622/603 453/544/527 457/549/532
f 464/554/537 465/553/536 501/623/604
f 467/555/538 462/610/591 461/550/533
f 483/609/590 465/553/536 466/624/605
f 485/625/606 461/550/533 460/547/530
f 477/565/548 478/564/547 475/608/589
f 471/560/543 472/559/542 483/609/590
f 462/610/591 452/543/526 451/542/525
f 451/542/525 367/460/436 458/548/531
f 447/540/523 463/552/535 464/554/537
f 473/562/545 454/546/529 501/623/604
f 356/453/429 359/458/434 366/626/607
f 366/626/607 450/541/524 443/627/608
f 443/627/608 450/541/524 452/543/526
f 403/628/609 518/641/622 517/629/610
f 520/631/612 519/692/683 486/632/613
f 522/634/615 521/647/2886 487/635/616
f 402/637/618 524/645/677 523/638/619
f 525/640/621 526/690/680 517/629/610
f 528/642/623 519/692/683 520/631/612
f 530/644/625 529/693/684 523/638/626
f 522/634/628 532/651/685 531/646/629
f 429/519/496 382/614/595 368/461/437
f 371/463/439 429/519/496 506/597/578
f 507/598/579 370/464/440 371/463/439
f 376/465/441 370/464/440 507/598/579
f 378/470/446 375/469/445 365/459/435
f 515/648/631 432/521/498 386/649/632
f 470/589/570 432/521/498 515/648/631
f 427/516/493 428/517/494 514/605/586
f 514/605/586 428/517/494 499/585/566
f 541/650/633 531/646/3217 532/651/634
f 363/454/430 526/690/687 525/640/636
f 448/539/522 449/691/682 528/642/638
f 536/654/640 538/669/690 545/655/641
f 534/657/643 539/666/3218 543/658/644
f 534/660/646 535/696/694 540/661/647
f 537/663/649 541/650/2897 533/652/650
f 544/665/652 543/658/689 539/666/653
f 546/668/655 545/655/2894 538/669/656
f 549/670/657 552/674/661 548/671/658
f 550/673/660 548/671/658 552/674/661
f 553/676/663 552/674/667 549/670/664
f 554/678/666 555/675/2880 552/674/667
f 553/679/663 551/2953/665 557/680/668
f 558/682/670 554/2627/666 553/679/663
f 542/667/654 547/672/659 548/671/658
f 544/665/652 548/671/658 550/673/660
f 360/456/432 504/595/576 560/683/671
f 559/662/672 530/644/3219 563/684/673
f 402/630/611 517/629/610 564/686/675
f 524/645/677 402/637/618 561/688/678
f 526/690/680 566/874/880 564/686/675
f 524/645/627 565/689/886 563/684/681
f 446/538/521 361/455/431 362/653/637
f 519/692/683 518/641/622 403/628/609
f 523/638/619 522/634/615 486/636/617
f 525/640/621 518/641/622 519/692/683
f 522/634/628 523/638/626 529/693/684
f 532/651/634 529/693/695 540/661/686
f 560/683/671 566/874/895 526/690/687
f 525/640/636 528/642/638 449/691/682
f 535/659/645 543/658/644 538/669/690
f 568/694/691 539/666/3218 534/657/643
f 562/685/693 567/893/905 534/660/646
f 535/696/694 536/664/651 533/652/650
f 529/693/695 530/644/3219 559/662/672
f 574/701/696 577/705/700 576/702/697
f 579/704/699 578/707/702 576/702/697
f 581/706/701 580/713/792 578/707/702
f 583/708/703 582/709/706 577/705/704
f 582/709/706 584/710/708 579/704/707
f 584/710/708 585/791/796 581/706/709
f 570/711/710 571/1017/1052 575/703/711
f 570/711/710 576/702/712 578/707/713
f 572/712/714 578/707/713 580/713/715
f 586/715/717 587/720/722 584/710/708
f 591/716/718 590/882/893 589/717/719
f 592/719/721 594/861/868 587/720/722
f 597/724/726 600/778/782 599/725/727
f 604/727/729 603/731/733 602/728/730
f 605/730/732 602/728/730 603/731/733
f 607/733/735 610/851/858 609/734/736
f 614/739/741 617/854/861 616/740/742
f 618/742/744 614/739/741 615/741/743
f 620/744/746 623/855/862 622/745/747
f 624/747/749 627/857/864 626/748/750
f 628/750/752 620/744/746 621/746/748
f 633/752/754 636/756/758 635/753/755
f 634/755/757 637/821/829 636/756/758
f 638/757/759 641/760/762 640/758/760
f 641/760/762 644/838/845 643/761/763
f 635/753/765 636/756/768 646/763/766
f 636/756/768 637/821/3220 647/765/769
f 648/766/770 645/764/770 646/763/771
f 649/767/771 646/763/771 647/765/772
f 649/769/773 652/772/776 651/770/774
f 649/769/773 650/822/490 654/774/778
f 653/773/777 654/774/778 656/777/781
f 600/778/782 658/833/840 657/779/783
f 617/780/784 614/880/889 660/781/785
f 628/783/787 652/772/776 653/773/777
f 624/784/788 642/762/764 643/761/763
f 581/706/701 665/789/794 664/787/791
f 667/788/793 666/790/795 664/787/791
f 346/441/410 347/440/409 666/790/795
f 585/791/796 668/862/869 665/789/797
f 665/789/797 668/862/869 669/792/798
f 669/792/798 355/616/597 346/441/415
f 573/714/716 580/713/715 664/787/800
f 662/793/801 664/787/800 666/790/802
f 343/795/422 663/794/803 666/790/802
f 670/796/804 671/883/894 560/683/671
f 672/797/805 594/861/868 592/719/721
f 675/800/808 678/859/866 677/801/809
f 682/803/811 681/806/814 680/804/812
f 502/593/574 683/847/854 681/806/814
f 505/807/815 508/599/580 685/808/816
f 687/811/819 690/815/823 689/812/820
f 691/814/822 692/845/852 690/815/823
f 693/816/824 696/820/828 695/817/825
f 697/819/827 698/846/853 509/619/600
f 513/613/594 503/594/575 696/820/828
f 404/490/466 407/492/468 637/821/829
f 640/758/760 413/498/474 410/495/471
f 413/498/474 640/758/760 511/602/583
f 647/765/769 637/821/3220 407/492/477
f 650/768/772 647/765/772 417/502/482
f 650/822/490 420/510/487 700/823/830
f 420/510/487 423/509/486 512/604/585
f 701/824/831 654/774/778 700/823/830
f 702/826/833 703/860/867 676/802/810
f 688/827/834 659/782/786 660/781/785
f 513/603/584 693/825/832 700/823/830
f 642/762/764 661/786/790 510/600/581
f 704/830/837 629/751/753 605/730/732
f 607/733/735 707/853/860 706/832/839
f 616/740/742 625/749/751 609/734/736
f 596/723/725 684/809/817 702/826/833
f 709/835/842 678/859/866 680/804/812
f 622/745/747 619/743/745 597/724/726
f 582/709/706 611/736/738 606/732/734
f 626/748/750 711/856/863 710/836/843
f 712/837/844 643/761/763 644/838/845
f 628/783/787 714/841/848 651/770/774
f 716/842/849 717/879/888 618/843/850
f 661/786/790 624/784/788 617/780/784
f 695/817/825 679/805/813 675/800/808
f 689/812/820 703/860/867 685/808/816
f 683/847/854 686/810/818 669/792/798
f 691/848/855 717/879/888 716/842/849
f 688/827/834 697/829/836 661/786/790
f 629/751/753 705/831/838 715/850/857
f 615/741/743 616/740/742 658/833/840
f 610/851/858 657/779/783 658/833/840
f 677/801/809 678/859/866 709/835/842
f 598/726/728 604/727/729 601/729/731
f 619/743/745 615/741/743 600/778/782
f 593/721/723 603/731/733 604/727/729
f 621/746/748 622/745/747 601/729/731
f 611/736/738 612/738/740 605/730/732
f 629/751/753 621/746/748 602/728/730
f 625/749/751 626/748/750 608/735/737
f 707/853/860 607/733/735 608/735/737
f 588/718/720 596/723/725 610/851/858
f 583/708/703 613/737/739 611/736/738
f 617/854/861 624/747/749 625/749/751
f 623/855/862 618/742/744 619/743/745
f 711/856/863 626/748/750 627/857/864
f 708/834/841 702/826/833 677/801/809
f 686/810/818 385/475/451 355/616/597
f 692/845/852 675/800/808 676/802/810
f 696/820/828 682/803/811 679/805/813
f 678/859/866 675/800/808 679/805/813
f 684/809/817 685/808/816 703/860/867
f 686/810/818 683/847/854 502/593/574
f 698/846/853 685/808/816 508/599/580
f 503/594/575 502/593/574 682/803/811
f 694/818/826 695/817/825 692/845/852
f 688/813/821 689/812/820 698/846/853
f 683/847/854 674/799/807 673/798/806
f 673/798/806 595/722/724 680/804/812
f 504/595/576 505/807/815 684/809/817
f 690/815/823 676/802/810 703/860/867
f 584/710/708 587/720/722 594/861/868
f 594/861/868 672/797/805 668/862/869
f 668/862/869 672/797/805 674/799/807
f 720/863/870 719/873/879 630/864/871
f 564/686/675 721/875/881 699/866/873
f 722/867/874 565/689/679 561/688/678
f 724/869/876 723/877/930 631/870/877
f 725/872/878 726/911/926 719/873/879
f 566/874/880 727/914/931 721/875/881
f 729/876/882 728/915/932 723/877/883
f 730/878/885 563/684/681 565/689/886
f 657/779/783 610/851/858 596/723/725
f 718/852/859 599/725/727 657/779/783
f 709/835/842 598/726/728 599/725/727
f 604/727/729 598/726/728 709/835/842
f 606/732/734 603/731/733 593/721/723
f 717/879/888 660/781/785 614/880/889
f 687/828/835 660/781/785 717/879/888
f 655/776/780 656/777/781 716/842/849
f 716/842/849 656/777/781 701/824/831
f 731/881/890 562/685/674 563/684/673
f 591/716/718 726/911/935 725/872/892
f 671/883/894 727/914/936 566/874/895
f 735/884/896 568/694/691 567/695/692
f 732/886/898 736/895/3221 739/887/899
f 737/889/901 749/908/902 732/890/902
f 562/685/693 731/881/943 734/892/904
f 740/894/906 739/887/938 736/895/907
f 542/667/654 568/694/688 735/884/909
f 743/897/910 745/900/913 742/898/911
f 547/672/659 742/898/911 745/900/913
f 746/901/914 745/900/917 743/897/915
f 551/677/665 549/670/664 745/900/917
f 746/903/914 744/1124/916 748/904/918
f 557/680/668 551/2953/665 746/903/914
f 738/896/908 741/899/912 742/898/911
f 740/894/906 742/898/911 547/672/659
f 591/716/718 588/718/720 706/832/839
f 729/876/921 753/913/1137 752/907/922
f 719/873/879 754/912/927 751/909/924
f 630/871/876 751/1087/925 755/910/925
f 726/911/926 756/1095/1129 754/912/927
f 729/876/882 724/869/884 755/910/928
f 671/883/894 670/796/804 589/717/719
f 721/875/881 720/863/870 631/865/872
f 723/877/930 722/867/874 699/868/875
f 720/863/870 721/875/881 727/914/931
f 722/867/887 723/877/883 728/915/932
f 731/881/890 730/878/891 728/915/933
f 750/906/920 756/1095/1141 726/911/935
f 590/882/893 725/872/892 727/914/936
f 733/888/900 739/887/899 735/884/896
f 758/916/939 736/895/3221 732/886/898
f 757/918/941 732/890/902 749/908/902
f 733/891/903 734/892/904 731/881/943
f 729/876/921 749/908/923 737/889/934
f 763/921/944 766/924/947 765/922/945
f 766/924/947 768/927/950 767/925/948
f 770/926/949 769/935/1040 767/925/948
f 772/928/951 771/929/954 766/924/952
f 771/929/954 773/930/956 768/927/955
f 773/930/956 774/1081/1116 770/926/957
f 760/931/958 764/923/1299 765/922/959
f 759/932/960 765/922/959 767/925/961
f 762/934/963 761/933/962 767/925/961
f 775/936/965 776/941/970 773/930/956
f 780/937/966 779/1101/1139 778/938/967
f 781/940/969 783/1080/1115 776/941/970
f 786/945/974 789/1000/1030 788/946/975
f 793/948/977 792/952/981 791/949/978
f 794/951/980 791/949/978 792/952/981
f 796/954/983 799/1071/1106 798/955/984
f 803/960/989 806/1075/1110 805/961/990
f 807/963/992 803/960/989 804/962/991
f 809/965/994 812/1076/1111 811/966/995
f 813/968/997 816/1078/1113 815/969/998
f 817/971/1000 809/965/994 810/967/996
f 821/973/1002 822/977/1006 825/974/1003
f 823/976/1005 826/1042/1077 825/974/1003
f 827/978/1007 830/981/1010 829/979/1008
f 830/981/1010 833/1058/1093 832/982/1011
f 824/975/1013 825/974/1016 835/984/1014
f 825/974/1016 826/1042/1017 836/986/1017
f 837/987/1018 834/985/1018 835/984/1019
f 838/988/1019 835/984/1019 836/986/1020
f 838/990/1021 841/993/1024 840/991/1022
f 842/994/1025 838/990/1021 839/995/490
f 844/998/1028 842/994/1025 843/996/1026
f 789/1000/1030 847/1053/1088 846/1001/1031
f 806/1002/1032 803/1099/1135 849/1003/1033
f 817/1005/1035 841/993/1024 842/994/1025
f 813/1006/1036 831/983/1012 832/982/1011
f 770/926/949 854/1010/1041 853/1009/1039
f 854/1010/1041 856/1012/1043 855/1011/1042
f 574/701/696 575/703/698 855/1011/1042
f 770/926/957 774/1081/1116 857/1013/1044
f 854/1010/1045 857/1013/1044 858/1014/1046
f 856/1012/1047 858/1014/1046 583/708/703
f 762/934/963 769/935/964 853/1009/1048
f 852/1016/1050 851/1015/1049 853/1009/1048
f 571/1017/1052 852/1016/1050 855/1011/1051
f 859/1018/1053 860/1102/1140 750/906/920
f 861/1019/1054 783/1080/1115 781/940/969
f 864/1022/1057 867/1073/1108 866/1023/1058
f 871/1025/1060 870/1028/1063 869/1026/1061
f 704/830/837 872/1067/1102 870/1028/1063
f 707/853/860 710/836/843 874/1029/1064
f 876/1032/1067 879/1036/1071 878/1033/1068
f 880/1035/1070 881/1065/1100 879/1036/1071
f 882/1037/1072 885/1041/1076 884/1038/1073
f 886/1040/1075 887/1066/1101 711/856/863
f 715/850/857 705/831/838 885/1041/1076
f 632/754/756 635/753/755 826/1042/1077
f 828/980/1009 829/979/1008 641/760/762
f 641/760/762 829/979/1008 713/839/846
f 836/986/1017 826/1042/1017 635/753/765
f 836/986/1020 645/764/770 648/766/770
f 839/995/490 648/771/775 889/1043/1078
f 648/771/775 651/770/774 714/841/848
f 890/1044/1079 843/996/1026 889/1043/1078
f 891/1046/1081 892/1079/1114 865/1024/1059
f 877/1047/1082 848/1004/1034 849/1003/1033
f 715/840/847 882/1045/1080 889/1043/1078
f 831/983/1012 850/1008/1038 712/837/844
f 893/1050/1085 818/972/1001 794/951/980
f 796/954/983 896/1074/1109 895/1052/1087
f 805/961/990 814/970/999 798/955/984
f 785/944/973 873/1030/1065 891/1046/1081
f 898/1055/1090 867/1073/1108 869/1026/1061
f 811/966/995 808/964/993 786/945/974
f 771/929/954 800/957/986 795/953/982
f 815/969/998 900/1258/1323 899/1056/1091
f 901/1057/1092 832/982/1011 833/1058/1093
f 817/1005/1035 903/1061/1096 840/991/1022
f 905/1062/1097 906/1098/1134 807/1063/1098
f 850/1008/1038 813/1006/1036 806/1002/1032
f 884/1038/1073 868/1027/1062 864/1022/1057
f 878/1033/1068 892/1079/1114 874/1029/1064
f 872/1067/1102 875/1031/1066 858/1014/1046
f 880/1068/1103 906/1098/1134 905/1062/1097
f 877/1047/1082 886/1049/1084 850/1008/1038
f 818/972/1001 894/1051/1086 904/1070/1105
f 804/962/991 805/961/990 847/1053/1088
f 799/1071/1106 846/1001/1031 847/1053/1088
f 907/1072/1107 866/1023/1058 867/1073/1108
f 787/947/976 793/948/977 790/950/979
f 808/964/993 804/962/991 789/1000/1030
f 782/942/971 792/952/981 793/948/977
f 810/967/996 811/966/995 790/950/979
f 800/957/986 801/959/988 794/951/980
f 818/972/1001 810/967/996 791/949/978
f 814/970/999 815/969/998 797/956/985
f 896/1074/1109 796/954/983 797/956/985
f 777/939/968 785/944/973 799/1071/1106
f 772/928/951 802/958/987 800/957/986
f 806/1075/1110 813/968/997 814/970/999
f 812/1076/1111 807/963/992 808/964/993
f 901/1077/1112 900/1258/1323 815/969/998
f 891/1046/1081 866/1023/1058 907/1072/1107
f 875/1031/1066 613/737/739 583/708/703
f 881/1065/1100 864/1022/1057 865/1024/1059
f 885/1041/1076 871/1025/1060 868/1027/1062
f 867/1073/1108 864/1022/1057 868/1027/1062
f 873/1030/1065 874/1029/1064 892/1079/1114
f 875/1031/1066 872/1067/1102 704/830/837
f 887/1066/1101 874/1029/1064 710/836/843
f 705/831/838 704/830/837 871/1025/1060
f 883/1039/1074 884/1038/1073 881/1065/1100
f 877/1034/1069 878/1033/1068 887/1066/1101
f 872/1067/1102 863/1021/1056 862/1020/1055
f 862/1020/1055 784/943/972 869/1026/1061
f 706/832/839 707/853/860 873/1030/1065
f 879/1036/1071 865/1024/1059 892/1079/1114
f 773/930/956 776/941/970 783/1080/1115
f 783/1080/1115 861/1019/1054 857/1013/1044
f 857/1013/1044 861/1019/1054 863/1021/1056
f 820/1082/1117 909/1093/1127 908/1083/1118
f 754/912/927 910/2954/3222 888/1085/1120
f 911/1086/1121 755/910/925 751/1087/925
f 819/1089/1123 913/1097/1173 912/1090/1124
f 914/1092/1126 915/1132/1176 908/1083/1118
f 916/1094/1128 910/2954/3222 754/912/927
f 918/1096/1130 917/1134/1178 912/1090/1131
f 911/1086/1133 919/1100/1179 753/913/929
f 846/1001/1031 799/1071/1106 785/944/973
f 907/1072/1107 788/946/975 846/1001/1031
f 898/1055/1090 787/947/976 788/946/975
f 793/948/977 787/947/976 898/1055/1090
f 795/953/982 792/952/981 782/942/971
f 906/1098/1134 849/1003/1033 803/1099/1135
f 876/1048/1083 849/1003/1033 906/1098/1134
f 844/998/1028 845/999/1029 905/1062/1097
f 905/1062/1097 845/999/1029 890/1044/1079
f 919/1100/1136 920/1111/1180 752/907/922
f 780/937/966 915/1132/1183 914/1092/1138
f 860/1102/1140 916/1094/1184 756/1095/1141
f 924/1103/1142 758/916/939 757/917/940
f 925/1105/1144 928/1114/1186 922/1106/1145
f 922/1108/1147 926/1135/1190 938/1109/1148
f 757/918/941 752/907/942 920/1111/1150
f 927/1113/1152 929/1115/1156 928/1114/1153
f 738/896/908 758/916/937 924/1103/1155
f 934/1116/1157 931/1125/1166 930/1117/1158
f 741/899/912 931/1125/1166 934/1116/1157
f 935/1119/1160 934/1116/1163 932/1118/1161
f 744/902/916 743/897/915 934/1116/1163
f 935/1121/1160 933/1342/1162 937/1122/1164
f 744/1124/916 935/1121/1160 936/1123/1165
f 929/1115/1156 927/1113/1152 930/1117/1158
f 738/896/908 929/1115/1156 931/1125/1166
f 777/939/968 895/1052/1087 939/1126/1167
f 918/1096/1168 942/1133/1386 941/1127/1169
f 819/1084/1119 908/1083/1118 943/1128/1171
f 913/1097/1173 819/1089/1123 940/1130/1174
f 915/1132/1176 945/1313/1377 943/1128/1171
f 913/1097/1132 944/1131/1382 942/1133/1177
f 859/1018/1053 778/938/967 779/1101/1139
f 888/1085/1120 910/2954/3222 909/1093/1127
f 820/1091/1125 912/1090/1124 911/1086/1121
f 909/1093/1127 910/2954/3222 916/1094/1128
f 911/1086/1133 912/1090/1131 917/1134/1178
f 920/1111/1180 919/1100/1136 917/1134/1181
f 939/1126/1167 945/1313/1392 915/1132/1183
f 779/1101/1139 914/1092/1138 916/1094/1184
f 928/1114/1186 924/1103/1142 923/1104/1143
f 947/1136/1187 925/1105/1144 921/1107/1146
f 941/1127/1189 946/2955/3223 921/1110/1149
f 926/1135/1190 922/1108/1147 923/1112/1151
f 918/1096/1168 938/1109/1170 926/1135/1182
f 952/1140/1191 955/1144/1195 954/1141/1192
f 957/1143/1194 956/1146/1197 954/1141/1192
f 959/1145/1196 958/1153/1287 956/1146/1197
f 961/1147/1198 960/1148/1201 955/1144/1199
f 960/1148/1201 962/1149/1203 957/1143/1202
f 962/1149/1203 963/1300/1364 959/1145/1204
f 949/1150/1205 953/1142/1551 954/1141/1206
f 948/1151/1207 954/1141/1206 956/1146/1208
f 950/1152/1209 956/1146/1208 958/1153/1210
f 964/1155/1212 965/1160/1217 962/1149/1203
f 969/1156/1213 968/1320/1388 967/1157/1214
f 970/1159/1216 972/1299/1363 965/1160/1217
f 975/1164/1221 978/1218/1277 977/1165/1222
f 982/1167/1224 981/1171/1228 980/1168/1225
f 983/1170/1227 980/1168/1225 981/1171/1228
f 985/1173/1230 988/1291/1355 987/1174/1231
f 992/1179/1236 995/1293/1357 994/1180/1237
f 996/1182/1239 992/1179/1236 993/1181/1238
f 998/1184/1241 1001/1294/1358 1000/1185/1242
f 1002/1187/1244 1005/1296/1360 1004/1188/1245
f 1006/1190/1247 998/1184/1241 999/1186/1243
f 1011/1192/1249 1014/1196/1253 1013/1193/1250
f 1011/1192/1249 1012/1260/1325 1015/1195/1252
f 1019/1197/1254 1018/1202/1259 1017/1198/1255
f 1019/1197/1254 1022/1278/1342 1021/1200/1257
f 1013/1193/1260 1014/1196/3224 1024/1203/1261
f 1024/1203/1261 1014/1196/3224 1015/1195/1263
f 1023/1204/1265 1024/1203/1266 1027/1206/1266
f 1027/1206/1266 1024/1203/1266 1025/1205/1267
f 1027/1209/1268 1030/1212/1271 1029/1210/1269
f 1027/1209/1268 1028/1261/490 1032/1214/1273
f 1031/1213/1272 1032/1214/1273 1034/1217/1276
f 978/1218/1277 1036/1272/1336 1035/1219/1278
f 995/1220/1279 992/1317/1384 1038/1221/1280
f 1006/1223/1282 1030/1212/1271 1031/1213/1272
f 1002/1224/1283 1020/1201/1258 1021/1200/1257
f 959/1145/1196 1043/1228/1288 1042/1227/1286
f 1043/1228/1288 1045/1230/1290 1044/1229/1289
f 1045/1230/1290 763/921/944 764/923/946
f 959/1145/1204 963/1300/1364 1046/1231/1291
f 1043/1228/1292 1046/1231/1291 1047/1232/1293
f 1045/1230/1294 1047/1232/1293 772/928/951
f 951/1154/1211 958/1153/1210 1042/1227/1295
f 1040/1233/1296 1042/1227/1295 1044/1229/1297
f 1041/1234/1298 1044/1229/1297 764/923/1299
f 1048/1235/1300 1049/1352/1430 939/1126/1167
f 1050/1236/1301 972/1299/1363 970/1159/1216
f 1053/1239/1304 1056/1297/1361 1055/1240/1305
f 1060/1242/1307 1059/1245/1310 1058/1243/1308
f 893/1050/1085 1061/1287/1351 1059/1245/1310
f 896/1074/1109 899/1056/1091 1063/1246/1311
f 1065/1249/1314 1068/1253/1318 1067/1250/1315
f 1069/1252/1317 1070/1285/1349 1068/1253/1318
f 1071/1254/1319 1074/1259/1324 1073/1255/1320
f 1075/1257/1322 1076/1286/1350 900/1258/1323
f 904/1070/1105 894/1051/1086 1074/1259/1324
f 1012/1260/1325 821/973/1002 824/975/1004
f 1017/1198/1255 1018/1202/1259 830/981/1010
f 830/981/1010 1018/1202/1259 902/1059/1094
f 1025/1205/1264 1015/1195/1263 824/975/1013
f 1028/1208/1267 1025/1205/1267 834/985/1018
f 1028/1261/490 837/992/1023 1078/1262/1326
f 837/992/1023 840/991/1022 903/1061/1096
f 1079/1263/1327 1032/1214/1273 1078/1262/1326
f 1080/1265/1329 1081/1298/1362 1054/1241/1306
f 1066/1266/1330 1037/1222/1281 1038/1221/1280
f 904/1060/1095 1071/1264/1328 1078/1262/1326
f 1020/1201/1258 1039/1226/1285 901/1057/1092
f 1082/1269/1333 1007/1191/1248 983/1170/1227
f 1085/1271/1335 1084/1456/1553 966/1158/1215
f 994/1180/1237 1003/1189/1246 987/1174/1231
f 974/1163/1220 1062/1247/1312 1080/1265/1329
f 1087/1274/1338 1056/1297/1361 1058/1243/1308
f 1000/1185/1242 997/1183/1240 975/1164/1221
f 960/1148/1201 989/1176/1233 984/1172/1229
f 986/1175/1232 1004/1188/1245 1089/1275/1339
f 1090/1277/1341 1021/1200/1257 1022/1278/1342
f 1006/1223/1282 1092/1281/1345 1029/1210/1269
f 1094/1282/1346 1095/1316/1383 996/1283/1347
f 1039/1226/1285 1002/1224/1283 995/1220/1279
f 1073/1255/1320 1057/1244/1309 1053/1239/1304
f 1067/1250/1315 1081/1298/1362 1063/1246/1311
f 1061/1287/1351 1064/1248/1313 1047/1232/1293
f 1069/1288/1352 1095/1316/1383 1094/1282/1346
f 1066/1266/1330 1075/1268/1332 1039/1226/1285
f 1006/1190/1247 1007/1191/1248 1083/1270/1334
f 993/1181/1238 994/1180/1237 1036/1272/1336
f 988/1291/1355 1035/1219/1278 1036/1272/1336
f 1055/1240/1305 1056/1297/1361 1087/1274/1338
f 976/1166/1223 982/1167/1224 979/1169/1226
f 997/1183/1240 993/1181/1238 978/1218/1277
f 971/1161/1218 981/1171/1228 982/1167/1224
f 999/1186/1243 1000/1185/1242 979/1169/1226
f 989/1176/1233 990/1178/1235 983/1170/1227
f 1007/1191/1248 999/1186/1243 980/1168/1225
f 1003/1189/1246 1004/1188/1245 986/1175/1232
f 1088/1276/1340 1085/1271/1335 985/1173/1230
f 966/1158/1215 974/1163/1220 988/1291/1355
f 961/1147/1198 991/1177/1234 989/1176/1233
f 995/1293/1357 1002/1187/1244 1003/1189/1246
f 1001/1294/1358 996/1182/1239 997/1183/1240
f 1090/1295/1359 1089/1275/1339 1004/1188/1245
f 1080/1265/1329 1055/1240/1305 1096/1292/1356
f 1064/1248/1313 802/958/987 772/928/951
f 1070/1285/1349 1053/1239/1304 1054/1241/1306
f 1074/1259/1324 1060/1242/1307 1057/1244/1309
f 1056/1297/1361 1053/1239/1304 1057/1244/1309
f 1062/1247/1312 1063/1246/1311 1081/1298/1362
f 1064/1248/1313 1061/1287/1351 893/1050/1085
f 1076/1286/1350 1063/1246/1311 899/1056/1091
f 894/1051/1086 893/1050/1085 1060/1242/1307
f 1072/1256/1321 1073/1255/1320 1070/1285/1349
f 1066/1251/1316 1067/1250/1315 1076/1286/1350
f 1061/1287/1351 1052/1238/1303 1051/1237/1302
f 1051/1237/1302 973/1162/1219 1058/1243/1308
f 895/1052/1087 896/1074/1109 1062/1247/1312
f 1068/1253/1318 1054/1241/1306 1081/1298/1362
f 962/1149/1203 965/1160/1217 972/1299/1363
f 972/1299/1363 1050/1236/1301 1046/1231/1291
f 1046/1231/1291 1050/1236/1301 1052/1238/1303
f 1098/1301/1365 1097/1347/1422 1008/1302/1366
f 943/1128/1171 1099/1353/1431 1077/1304/1368
f 1100/1305/1369 944/1131/1175 940/1130/1174
f 1102/1307/1371 1101/1315/1432 1009/1308/1372
f 1104/1310/1374 1097/1347/1422 1098/1301/1365
f 1105/1312/1376 1099/1353/1431 943/1128/1171
f 1102/1307/1378 1107/1346/1427 1106/1314/1379
f 1100/1305/1381 1108/1319/1433 942/1133/1177
f 1035/1219/1278 988/1291/1355 974/1163/1220
f 1096/1292/1356 977/1165/1222 1035/1219/1278
f 1087/1274/1338 976/1166/1223 977/1165/1222
f 982/1167/1224 976/1166/1223 1087/1274/1338
f 984/1172/1229 981/1171/1228 971/1161/1218
f 1095/1316/1383 1038/1221/1280 992/1317/1384
f 1065/1267/1331 1038/1221/1280 1095/1316/1383
f 1033/1216/1275 1034/1217/1276 1094/1282/1346
f 1094/1282/1346 1034/1217/1276 1079/1263/1327
f 1109/1318/1385 941/1127/1169 942/1133/1386
f 968/1320/1388 969/1156/1213 1104/1310/1389
f 939/1126/1167 1049/1352/1430 1105/1312/1391
f 1113/1321/1393 947/1136/1187 946/1137/1188
f 1114/1323/1395 1117/1331/1436 1111/1324/1396
f 1115/1326/1398 1127/1345/1440 1110/1327/1399
f 1112/1329/1401 946/2955/3223 941/1127/1189
f 1116/1330/1403 1118/1332/1406 1117/1331/1404
f 1118/1332/1406 927/1113/1152 947/1136/1185
f 1123/1333/1408 1120/1336/1411 1119/1334/1409
f 932/1118/1159 930/1117/1158 1120/1336/1411
f 1122/1337/1412 1124/1338/1415 1123/1333/1413
f 932/1118/1161 1123/1333/1413 1124/1338/1415
f 1124/1339/1415 1122/2956/1412 1126/1340/1416
f 933/1342/1162 1124/1339/1415 1125/1341/1417
f 1118/1332/1406 1116/1330/1403 1119/1334/1409
f 927/1113/1152 1118/1332/1406 1120/1336/1411
f 966/1158/1215 1084/1456/1553 1128/1343/1418
f 1131/1344/1419 1130/1356/1637 1127/1345/1420
f 1097/1347/1422 1132/1351/1426 1129/1348/1423
f 1008/1309/1373 1129/1525/1622 1133/1349/1424
f 1097/1347/1422 1104/1310/1374 1134/1350/1425
f 1107/1346/1427 1102/1307/1378 1133/1349/1428
f 1049/1352/1430 1048/1235/1300 967/1157/1214
f 1099/1353/1431 1098/1301/1365 1009/1303/1367
f 1101/1315/1432 1100/1305/1369 1077/1306/1370
f 1103/1311/1375 1098/1301/1365 1099/1353/1431
f 1108/1319/1433 1100/1305/1381 1101/1315/1380
f 1108/1319/1387 1106/1314/1441 1115/1326/1434
f 1128/1343/1418 1134/1350/1642 1104/1310/1389
f 1103/1311/1390 1105/1312/1391 1049/1352/1430
f 1117/1331/1436 1113/1321/1393 1112/1322/1394
f 1136/1354/1437 1114/1323/1395 1110/1325/1397
f 1130/1356/1439 1135/1548/1651 1110/1327/1399
f 1111/1328/1400 1112/1329/1401 1109/1318/1402
f 1106/1314/1441 1107/1346/1421 1127/1345/1420
f 1141/1359/1442 1144/1362/1445 1143/1360/1443
f 1144/1362/1445 1146/1365/1448 1145/1363/1446
f 1148/1364/1447 1147/1372/1539 1145/1363/1446
f 1141/1359/1449 1150/1512/1609 1149/1366/1450
f 1149/1366/1450 1151/1374/1463 1146/1365/1452
f 1146/1365/1452 1151/1374/1463 1152/1367/1453
f 1138/1368/1455 1142/1361/1804 1143/1360/1456
f 1139/1370/1458 1137/1369/1457 1143/1360/1456
f 1140/1371/1460 1139/1370/1458 1145/1363/1459
f 1153/1373/1462 1154/1379/1468 1151/1374/1463
f 1158/1375/1464 1157/1538/1638 1156/1376/1465
f 1159/1378/1467 1161/1519/1616 1154/1379/1468
f 1164/1383/1472 1167/1438/1529 1166/1384/1473
f 1171/1386/1475 1170/1390/1479 1169/1387/1476
f 1172/1389/1478 1169/1387/1476 1170/1390/1479
f 1174/1392/1481 1177/1510/1607 1176/1393/1482
f 1181/1398/1487 1184/1513/1610 1183/1399/1488
f 1185/1401/1490 1181/1398/1487 1182/1400/1489
f 1187/1403/1492 1190/1514/1611 1189/1404/1493
f 1191/1406/1495 1194/1516/1613 1193/1407/1496
f 1195/1409/1498 1187/1403/1492 1188/1405/1494
f 1199/1411/1500 1200/1414/1503 1203/1412/1501
f 1200/1414/1503 1201/1480/1577 1204/1415/1504
f 1205/1416/1505 1208/1419/1508 1207/1417/1506
f 1208/1419/1508 1211/1497/1594 1210/1420/1509
f 1202/1413/1511 1203/1412/3225 1213/1422/1512
f 1213/1422/1512 1203/1412/3225 1204/1415/1514
f 1212/1423/1516 1213/1422/1517 1216/1425/1517
f 1216/1425/1517 1213/1422/1517 1214/1424/1518
f 1216/1428/1520 1219/1431/1523 1218/1429/1521
f 1220/1432/1524 1216/1428/1520 1217/1433/490
f 1222/1436/1527 1220/1432/1524 1221/1434/1525
f 1167/1438/1529 1225/1491/1588 1224/1439/1530
f 1184/1440/1531 1181/1536/1635 1227/1441/1532
f 1195/1443/1534 1219/1431/1523 1220/1432/1524
f 1191/1444/1535 1209/1421/1510 1210/1420/1509
f 1148/1364/1447 1230/1448/1540 1229/1447/1538
f 1230/1448/1540 1232/1450/1542 1231/1449/1541
f 952/1140/1191 953/1142/1193 1231/1449/1541
f 1148/1364/1454 1152/1367/1453 1233/1451/1543
f 1230/1448/1544 1233/1451/1543 1234/1452/1545
f 1232/1450/1546 1234/1452/1545 961/1147/1198
f 331/1453/1547 1140/1371/1460 1147/1372/1461
f 331/1453/1547 1229/1447/1548 1231/1449/1549
f 332/1454/1550 1231/1449/1549 953/1142/1551
f 1235/1455/1552 1236/1539/1641 1128/1343/1418
f 1237/1457/1554 1161/1519/1616 1159/1378/1467
f 1240/1460/1557 1243/1517/1614 1242/1461/1558
f 1247/1463/1560 1246/1466/1563 1245/1464/1561
f 1082/1269/1333 1248/1506/1603 1246/1466/1563
f 1085/1271/1335 1088/1276/1340 1250/1467/1564
f 1252/1470/1567 1255/1474/1571 1254/1471/1568
f 1256/1473/1570 1257/1504/1601 1255/1474/1571
f 1258/1475/1572 1261/1479/1576 1260/1476/1573
f 1262/1478/1575 1263/1505/1602 1089/1275/1339
f 1093/1290/1354 1083/1270/1334 1261/1479/1576
f 1201/1480/1577 1010/1194/1251 1013/1193/1250
f 1207/1417/1506 1019/1197/1254 1016/1199/1256
f 1019/1197/1254 1207/1417/1506 1091/1279/1343
f 1214/1424/1515 1204/1415/1514 1013/1193/1260
f 1217/1427/1519 1214/1424/1518 1023/1204/1265
f 1217/1433/490 1026/1211/1270 1265/1481/1578
f 1026/1211/1270 1029/1210/1269 1092/1281/1345
f 1266/1482/1579 1221/1434/1525 1265/1481/1578
f 1267/1484/1581 1268/1518/1615 1241/1462/1559
f 1253/1485/1582 1226/1442/1533 1227/1441/1532
f 1093/1280/1344 1258/1483/1580 1265/1481/1578
f 1209/1421/1510 1228/1446/1537 1090/1277/1341
f 1269/1488/1585 1196/1410/1499 1172/1389/1478
f 1272/1490/1587 1271/1562/1668 1155/1377/1466
f 1183/1399/1488 1192/1408/1497 1176/1393/1482
f 1163/1382/1471 1249/1468/1565 1267/1484/1581
f 1274/1493/1590 1243/1517/1614 1245/1464/1561
f 1189/1404/1493 1186/1402/1491 1164/1383/1472
f 1149/1366/1450 1178/1395/1484 1173/1391/1480
f 1175/1394/1483 1193/1407/1496 1276/1494/1591
f 1277/1496/1593 1210/1420/1509 1211/1497/1594
f 1195/1443/1534 1279/1500/1597 1218/1429/1521
f 1281/1501/1598 1282/1535/1634 1185/1502/1599
f 1228/1446/1537 1191/1444/1535 1184/1440/1531
f 1260/1476/1573 1244/1465/1562 1240/1460/1557
f 1254/1471/1568 1268/1518/1615 1250/1467/1564
f 1248/1506/1603 1251/1469/1566 1234/1452/1545
f 1256/1507/1604 1282/1535/1634 1281/1501/1598
f 1253/1485/1582 1262/1487/1584 1228/1446/1537
f 1195/1409/1498 1196/1410/1499 1270/1489/1586
f 1182/1400/1489 1183/1399/1488 1225/1491/1588
f 1177/1510/1607 1224/1439/1530 1225/1491/1588
f 1242/1461/1558 1243/1517/1614 1274/1493/1590
f 1165/1385/1474 1171/1386/1475 1168/1388/1477
f 1186/1402/1491 1182/1400/1489 1167/1438/1529
f 1160/1380/1469 1170/1390/1479 1171/1386/1475
f 1188/1405/1494 1189/1404/1493 1168/1388/1477
f 1178/1395/1484 1179/1397/1486 1172/1389/1478
f 1196/1410/1499 1188/1405/1494 1169/1387/1476
f 1192/1408/1497 1193/1407/1496 1175/1394/1483
f 1272/1490/1587 1174/1392/1481 1175/1394/1483
f 1155/1377/1466 1163/1382/1471 1177/1510/1607
f 1150/1512/1609 1180/1396/1485 1178/1395/1484
f 1184/1513/1610 1191/1406/1495 1192/1408/1497
f 1190/1514/1611 1185/1401/1490 1186/1402/1491
f 1277/1515/1612 1276/1494/1591 1193/1407/1496
f 1267/1484/1581 1242/1461/1558 1283/1511/1608
f 1251/1469/1566 991/1177/1234 961/1147/1198
f 1257/1504/1601 1240/1460/1557 1241/1462/1559
f 1261/1479/1576 1247/1463/1560 1244/1465/1562
f 1243/1517/1614 1240/1460/1557 1244/1465/1562
f 1249/1468/1565 1250/1467/1564 1268/1518/1615
f 1251/1469/1566 1248/1506/1603 1082/1269/1333
f 1263/1505/1602 1250/1467/1564 1088/1276/1340
f 1083/1270/1334 1082/1269/1333 1247/1463/1560
f 1259/1477/1574 1260/1476/1573 1257/1504/1601
f 1253/1472/1569 1254/1471/1568 1263/1505/1602
f 1248/1506/1603 1239/1459/1556 1238/1458/1555
f 1238/1458/1555 1162/1381/1470 1245/1464/1561
f 1084/1456/1553 1085/1271/1335 1249/1468/1565
f 1255/1474/1571 1241/1462/1559 1268/1518/1615
f 1151/1374/1463 1154/1379/1468 1161/1519/1616
f 1161/1519/1616 1237/1457/1554 1233/1451/1543
f 1233/1451/1543 1237/1457/1554 1239/1459/1556
f 1285/1520/1617 1284/1566/1673 1197/1521/1618
f 1132/1351/1426 1286/1572/1681 1264/1523/1620
f 1287/1524/1621 1133/1349/1424 1129/1525/1622
f 1289/1527/1624 1288/1534/1682 1198/1528/1625
f 1291/1530/1627 1284/1566/1673 1285/1520/1617
f 1292/1532/1629 1286/1572/1681 1132/1351/1426
f 1289/1527/1630 1294/1564/1678 1293/1533/1631
f 1287/1524/1633 1295/1537/1683 1131/1344/1429
f 1224/1439/1530 1177/1510/1607 1163/1382/1471
f 1166/1384/1473 1224/1439/1530 1273/1492/1589
f 1274/1493/1590 1165/1385/1474 1166/1384/1473
f 1171/1386/1475 1165/1385/1474 1274/1493/1590
f 1173/1391/1480 1170/1390/1479 1160/1380/1469
f 1282/1535/1634 1227/1441/1532 1181/1536/1635
f 1252/1486/1583 1227/1441/1532 1282/1535/1634
f 1222/1436/1527 1223/1437/1528 1281/1501/1598
f 1281/1501/1598 1223/1437/1528 1266/1482/1579
f 1295/1537/1636 1296/1549/1685 1130/1356/1637
f 1157/1538/1638 1158/1375/1464 1291/1530/1639
f 1236/1539/1641 1292/1532/3226 1134/1350/1642
f 1300/1540/1643 1136/1354/1437 1135/1355/1438
f 1301/1542/1645 1304/1575/1689 1298/1543/1646
f 1298/1545/1648 1302/1573/1694 1314/1546/1649
f 1135/1548/1651 1130/1356/1439 1296/1549/1652
f 1305/1551/1654 1304/1575/1688 1301/1542/1655
f 1305/1551/1654 1116/1330/1403 1136/1354/1435
f 1310/1553/1658 1307/1556/1661 1306/1554/1659
f 1121/1335/1410 1119/1334/1409 1307/1556/1661
f 1309/1557/1662 1311/1558/1665 1310/1553/1663
f 1121/1335/1414 1310/1553/1663 1311/1558/1665
f 1311/1559/1665 1309/2957/1662 1313/1560/1666
f 1126/1340/1416 1122/2956/1412 1311/1559/1665
f 1305/1551/1654 1303/1552/1656 1306/1554/1659
f 1116/1330/1403 1305/1551/1654 1307/1556/1661
f 1158/1375/1464 1155/1377/1466 1271/1562/1668
f 1294/1564/1670 1318/1571/1888 1317/1565/1671
f 1284/1566/1673 1319/1570/1677 1316/1567/1674
f 1197/1529/1626 1316/1744/1873 1320/1568/1675
f 1284/1566/1673 1291/1530/1627 1321/1569/1676
f 1294/1564/1678 1289/1527/1630 1320/1568/1679
f 1235/1455/1552 1156/1376/1465 1157/1538/1638
f 1286/1572/1681 1285/1520/1617 1198/1522/1619
f 1288/1534/1682 1287/1524/1621 1264/1526/1623
f 1290/1531/1628 1285/1520/1617 1286/1572/1681
f 1295/1537/1683 1287/1524/1633 1288/1534/1632
f 1295/1537/1636 1293/1533/1695 1302/1573/1684
f 1321/1569/1686 1291/1530/1639 1158/1375/1464
f 1290/1531/1640 1292/1532/3226 1236/1539/1641
f 1304/1575/1689 1300/1540/1643 1299/1541/1644
f 1323/1574/1690 1301/1542/1645 1297/1544/1647
f 1322/1577/1692 1297/1547/1650 1314/1546/1649
f 1302/1573/1694 1298/1545/1648 1299/1550/1653
f 1294/1564/1670 1314/1546/1672 1302/1573/1684
f 1328/1580/1696 1331/1583/1699 1330/1581/1697
f 1331/1583/1699 1333/1585/1701 1332/1584/1700
f 1333/1585/1701 1335/1590/1793 1334/1586/1702
f 1337/1587/1703 1336/1588/1706 1331/1583/1704
f 1336/1588/1706 1338/1596/1718 1333/1585/1707
f 1333/1585/1707 1338/1596/1718 1339/1589/1708
f 1325/1591/1710 1329/1582/2050 1330/1581/1711
f 1324/1592/1712 1330/1581/1711 1332/1584/1713
f 1326/1593/1714 1332/1584/1713 1334/1586/1715
f 1340/1595/1717 1341/1601/1723 1338/1596/1718
f 1345/1597/1719 1344/1757/1890 1343/1598/1720
f 1346/1600/1722 1348/1737/1866 1341/1601/1723
f 1351/1605/1727 1354/1660/1783 1353/1606/1728
f 1358/1608/1730 1357/1612/1734 1356/1609/1731
f 1359/1611/1733 1356/1609/1731 1357/1612/1734
f 1361/1614/1736 1364/1729/1858 1363/1615/1737
f 1368/1620/1742 1371/1731/1860 1370/1621/1743
f 1372/1623/1745 1368/1620/1742 1369/1622/1744
f 1374/1625/1747 1377/1732/1861 1376/1626/1748
f 1378/1628/1750 1381/1734/1863 1380/1629/1751
f 1382/1631/1753 1374/1625/1747 1375/1627/1749
f 1387/1633/1755 1390/1637/1759 1389/1634/1756
f 1387/1633/1755 1388/1700/1829 1391/1636/1758
f 1392/1638/1760 1395/1641/1763 1394/1639/1761
f 1395/1641/1763 1398/1716/1845 1397/1642/1764
f 1389/1634/1766 1390/1637/1769 1400/1644/1767
f 1390/1637/1769 1391/1636/3227 1401/1646/1770
f 1399/1645/1771 1400/1644/1772 1403/1647/1772
f 1403/1647/1772 1400/1644/1772 1401/1646/1773
f 1403/1650/1774 1406/1653/1777 1405/1651/1775
f 1407/1654/1778 1403/1650/1774 1404/1655/490
f 1409/1658/1781 1407/1654/1778 1408/1656/1779
f 1354/1660/1783 1412/1711/1840 1411/1661/1784
f 1371/1662/1785 1368/1755/1886 1414/1663/1786
f 1382/1665/1788 1406/1653/1777 1407/1654/1778
f 1378/1666/1789 1396/1643/1765 1397/1642/1764
f 1418/1669/1792 1417/1671/1795 1334/1586/1702
f 1418/1669/1792 1420/1672/1796 1419/1670/1794
f 1420/1672/1796 1141/1359/1442 1142/1361/1444
f 1339/1589/1708 1421/1738/1867 1418/1669/1797
f 1418/1669/1797 1421/1738/1867 1422/1673/1798
f 1420/1672/1799 1422/1673/1798 1150/1512/1609
f 1416/1674/1800 1327/1594/1716 1334/1586/1715
f 1416/1674/1800 1417/1671/1801 1419/1670/1802
f 333/1675/1803 1419/1670/1802 1142/1361/1804
f 1423/1676/1805 1424/1786/1927 1315/1563/1669
f 1425/1677/1806 1348/1737/1866 1346/1600/1722
f 1428/1680/1809 1431/1735/1864 1430/1681/1810
f 1435/1683/1812 1434/1686/1815 1433/1684/1813
f 1269/1488/1585 1436/1725/1854 1434/1686/1815
f 1272/1490/1587 1275/1495/1592 1438/1687/1816
f 1440/1690/1819 1443/1694/1823 1442/1691/1820
f 1444/1693/1822 1445/1723/1852 1443/1694/1823
f 1446/1695/1824 1449/1699/1828 1448/1696/1825
f 1450/1698/1827 1451/1724/1853 1276/1494/1591
f 1280/1509/1606 1270/1489/1586 1449/1699/1828
f 1199/1411/1500 1202/1413/1502 1391/1636/1758
f 1394/1639/1761 1208/1419/1508 1205/1416/1505
f 1208/1419/1508 1394/1639/1761 1278/1498/1595
f 1401/1646/1770 1391/1636/3227 1202/1413/1511
f 1401/1646/1773 1212/1423/1516 1215/1426/1516
f 1404/1655/490 1215/1430/1522 1453/1701/1830
f 1215/1430/1522 1218/1429/1521 1279/1500/1597
f 1454/1702/1831 1408/1656/1779 1453/1701/1830
f 1455/1704/1833 1456/1736/1865 1429/1682/1811
f 1441/1705/1834 1413/1664/1787 1414/1663/1786
f 1280/1499/1596 1446/1703/1832 1453/1701/1830
f 1396/1643/1765 1415/1668/1791 1277/1496/1593
f 1457/1708/1837 1383/1632/1754 1359/1611/1733
f 1460/1710/1839 1459/1892/2052 1342/1599/1721
f 1370/1621/1743 1379/1630/1752 1363/1615/1737
f 1350/1604/1726 1437/1688/1817 1455/1704/1833
f 1462/1713/1842 1431/1735/1864 1433/1684/1813
f 1376/1626/1748 1373/1624/1746 1351/1605/1727
f 1336/1588/1706 1365/1617/1739 1360/1613/1735
f 1380/1629/1751 1464/1915/2075 1463/1714/1843
f 1465/1715/1844 1397/1642/1764 1398/1716/1845
f 1382/1665/1788 1467/1719/1848 1405/1651/1775
f 1469/1720/1849 1470/1754/1885 1372/1721/1850
f 1415/1668/1791 1378/1666/1789 1371/1662/1785
f 1448/1696/1825 1432/1685/1814 1428/1680/1809
f 1442/1691/1820 1456/1736/1865 1438/1687/1816
f 1436/1725/1854 1439/1689/1818 1422/1673/1798
f 1444/1726/1855 1470/1754/1885 1469/1720/1849
f 1441/1705/1834 1450/1707/1836 1415/1668/1791
f 1382/1631/1753 1383/1632/1754 1458/1709/1838
f 1369/1622/1744 1370/1621/1743 1412/1711/1840
f 1364/1729/1858 1411/1661/1784 1412/1711/1840
f 1430/1681/1810 1431/1735/1864 1462/1713/1842
f 1352/1607/1729 1358/1608/1730 1355/1610/1732
f 1373/1624/1746 1369/1622/1744 1354/1660/1783
f 1347/1602/1724 1357/1612/1734 1358/1608/1730
f 1375/1627/1749 1376/1626/1748 1355/1610/1732
f 1365/1617/1739 1366/1619/1741 1359/1611/1733
f 1383/1632/1754 1375/1627/1749 1356/1609/1731
f 1379/1630/1752 1380/1629/1751 1362/1616/1738
f 1460/1710/1839 1361/1614/1736 1362/1616/1738
f 1342/1599/1721 1350/1604/1726 1364/1729/1858
f 1337/1587/1703 1367/1618/1740 1365/1617/1739
f 1371/1731/1860 1378/1628/1750 1379/1630/1752
f 1377/1732/1861 1372/1623/1745 1373/1624/1746
f 1465/1733/1862 1464/1915/2075 1380/1629/1751
f 1461/1712/1841 1455/1704/1833 1430/1681/1810
f 1439/1689/1818 1180/1396/1485 1150/1512/1609
f 1445/1723/1852 1428/1680/1809 1429/1682/1811
f 1449/1699/1828 1435/1683/1812 1432/1685/1814
f 1431/1735/1864 1428/1680/1809 1432/1685/1814
f 1437/1688/1817 1438/1687/1816 1456/1736/1865
f 1439/1689/1818 1436/1725/1854 1269/1488/1585
f 1451/1724/1853 1438/1687/1816 1275/1495/1592
f 1270/1489/1586 1269/1488/1585 1435/1683/1812
f 1447/1697/1826 1448/1696/1825 1445/1723/1852
f 1441/1692/1821 1442/1691/1820 1451/1724/1853
f 1436/1725/1854 1427/1679/1808 1426/1678/1807
f 1426/1678/1807 1349/1603/1725 1433/1684/1813
f 1271/1562/1668 1272/1490/1587 1437/1688/1817
f 1443/1694/1823 1429/1682/1811 1456/1736/1865
f 1338/1596/1718 1341/1601/1723 1348/1737/1866
f 1348/1737/1866 1425/1677/1806 1421/1738/1867
f 1421/1738/1867 1425/1677/1806 1427/1679/1808
f 1385/1739/1868 1473/1750/1879 1472/1740/1869
f 1319/1570/1677 1474/2958/3228 1452/1742/1871
f 1475/1743/1872 1320/1568/1675 1316/1744/1873
f 1384/1746/1875 1477/1753/1922 1476/1747/1876
f 1478/1749/1878 1479/2959/3229 1472/1740/1869
f 1480/1751/1880 1474/2958/3228 1319/1570/1677
f 1482/1752/1881 1481/1787/1928 1476/1747/1882
f 1475/1743/1884 1483/1756/1929 1318/1571/1680
f 1411/1661/1784 1364/1729/1858 1350/1604/1726
f 1353/1606/1728 1411/1661/1784 1461/1712/1841
f 1462/1713/1842 1352/1607/1729 1353/1606/1728
f 1358/1608/1730 1352/1607/1729 1462/1713/1842
f 1360/1613/1735 1357/1612/1734 1347/1602/1724
f 1470/1754/1885 1414/1663/1786 1368/1755/1886
f 1444/1726/1855 1440/1706/1835 1414/1663/1786
f 1409/1658/1781 1410/1659/1782 1469/1720/1849
f 1469/1720/1849 1410/1659/1782 1454/1702/1831
f 1483/1756/1887 1484/1766/1930 1317/1565/1671
f 1345/1597/1719 1479/2959/3230 1478/1749/1889
f 1315/1563/1669 1424/1786/1927 1480/1751/1891
f 1488/1758/1892 1323/1574/1690 1322/1576/1691
f 1489/1760/1894 1492/1789/1936 1486/1761/1895
f 1490/1763/1897 1502/1781/1940 1485/1764/1898
f 1322/1577/1692 1317/1565/1693 1484/1766/1900
f 1493/1768/1902 1492/1789/1935 1489/1760/1903
f 1493/1768/1902 1303/1552/1656 1323/1574/1687
f 1498/1770/1906 1495/1773/1909 1494/1771/1907
f 1308/1555/1660 1306/1554/1659 1495/1773/1909
f 1497/1774/1910 1499/1775/1913 1498/1770/1911
f 1308/1555/1664 1498/1770/1911 1499/1775/1913
f 1499/1776/1913 1497/1998/1910 1501/1777/1914
f 1313/1560/1666 1309/2957/1662 1499/1776/1913
f 1493/1768/1902 1491/1769/1904 1494/1771/1907
f 1303/1552/1656 1493/1768/1902 1495/1773/1909
f 1342/1599/1721 1459/1892/2052 1503/1779/1916
f 1506/1780/1917 1505/1792/3231 1502/1781/1918
f 1472/1740/1869 1507/1785/1924 1504/1782/1920
f 1384/1746/1875 1504/1962/2122 1508/1783/1921
f 1472/1740/1869 1479/2959/3229 1509/1784/1923
f 1482/1752/1881 1477/1753/1883 1508/1783/1925
f 1423/1676/1805 1343/1598/1720 1344/1757/1890
f 1452/1742/1871 1474/2958/3228 1473/1750/1879
f 1385/1748/1877 1476/1747/1876 1475/1743/1872
f 1473/1750/1879 1474/2958/3228 1480/1751/1880
f 1475/1743/1884 1476/1747/1882 1481/1787/1928
f 1484/1766/1930 1483/1756/1887 1481/1787/1931
f 1509/1784/1933 1479/2959/3230 1345/1597/1719
f 1478/1749/1889 1480/1751/1891 1424/1786/1927
f 1492/1789/1936 1488/1758/1892 1487/1759/1893
f 1511/1788/1937 1489/1760/1894 1485/1762/1896
f 1510/1791/1939 1485/1764/1898 1502/1781/1940
f 1490/1763/1897 1486/1765/1899 1487/1767/1901
f 1481/1787/1931 1482/1752/1919 1502/1781/1918
f 1515/1795/1942 1518/1798/1945 1517/1796/1943
f 1518/1798/1945 1520/1801/1948 1519/1799/1946
f 1522/1800/1947 1521/1809/2038 1519/1799/1946
f 1524/1802/1949 1523/1803/1952 1518/1798/1950
f 1523/1803/1952 1525/1804/1954 1520/1801/1953
f 1525/1804/1954 1526/1956/2116 1522/1800/1955
f 1513/1805/1956 1516/1797/2299 1517/1796/1957
f 1512/1806/1958 1517/1796/1957 1519/1799/1959
f 1514/1808/1961 334/1807/1960 1519/1799/1959
f 1527/1810/1963 1528/1815/1968 1525/1804/1954
f 1532/1811/1964 1531/1976/2138 1530/1812/1965
f 1533/1814/1967 1535/1955/2115 1528/1815/1968
f 1538/1819/1972 1541/1874/2028 1540/1820/1973
f 1545/1822/1975 1544/1826/1979 1543/1823/1976
f 1546/1825/1978 1543/1823/1976 1544/1826/1979
f 1548/1828/1981 1551/1947/2107 1550/1829/1982
f 1555/1834/1987 1558/1950/2110 1557/1835/1988
f 1559/1837/1990 1555/1834/1987 1556/1836/1989
f 1561/1839/1992 1564/1951/2111 1563/1840/1993
f 1565/1842/1995 1568/1952/2112 1567/1843/1996
f 1569/1845/1998 1561/1839/1992 1562/1841/1994
f 1573/1847/2000 1574/1851/2004 1577/1848/2001
f 1575/1850/2003 1578/1917/2077 1577/1848/2001
f 1579/1852/2005 1582/1855/2008 1581/1853/2006
f 1582/1855/2008 1585/1934/2094 1584/1856/2009
f 1576/1849/2011 1577/1848/2014 1587/1858/2012
f 1577/1848/2014 1578/1917/3232 1588/1860/2015
f 1589/1861/2016 1586/1859/2016 1587/1858/2017
f 1587/1858/2017 1588/1860/2018 1591/1863/2018
f 1590/1864/2019 1593/1867/2022 1592/1865/2020
f 1594/1868/2023 1590/1864/2019 1591/1869/490
f 1596/1872/2026 1594/1868/2023 1595/1870/2024
f 1541/1874/2028 1599/1928/2088 1598/1875/2029
f 1558/1876/2030 1555/1973/2135 1601/1877/2031
f 1569/1879/2033 1593/1867/2022 1594/1868/2023
f 1565/1880/2034 1583/1857/2010 1584/1856/2009
f 1605/1883/2037 1604/1885/2040 1521/1809/2038
f 1605/1883/2037 1607/1886/2041 1606/1884/2039
f 1607/1886/2041 1328/1580/1696 1329/1582/1698
f 1522/1800/1955 1526/1956/2116 1608/1887/2042
f 1605/1883/2043 1608/1887/2042 1609/1888/2044
f 1609/1888/2044 1337/1587/1703 1328/1580/1705
f 1603/1889/2046 1514/1808/1961 1521/1809/1962
f 1603/1889/2046 1604/1885/2047 1606/1884/2048
f 335/1890/2049 1606/1884/2048 1329/1582/2050
f 1610/1891/2051 1611/2008/2178 1503/1779/1916
f 1612/1893/2053 1535/1955/2115 1533/1814/1967
f 1615/1896/2056 1618/1949/2109 1617/1897/2057
f 1622/1899/2059 1621/1902/2062 1620/1900/2060
f 1457/1708/1837 1623/1943/2103 1621/1902/2062
f 1460/1710/1839 1463/1714/1843 1625/1903/2063
f 1627/1906/2066 1630/1910/2070 1629/1907/2067
f 1631/1909/2069 1632/1941/2101 1630/1910/2070
f 1633/1911/2071 1636/1916/2076 1635/1912/2072
f 1637/1914/2074 1638/1942/2102 1464/1915/2075
f 1468/1728/1857 1458/1709/1838 1636/1916/2076
f 1386/1635/1757 1389/1634/1756 1578/1917/2077
f 1581/1853/2006 1395/1641/1763 1392/1638/1760
f 1395/1641/1763 1581/1853/2006 1466/1717/1846
f 1588/1860/2015 1578/1917/3232 1389/1634/1766
f 1588/1860/2018 1399/1645/1771 1402/1648/1771
f 1591/1869/490 1402/1652/1776 1640/1918/2078
f 1402/1652/1776 1405/1651/1775 1467/1719/1848
f 1641/1919/2079 1595/1870/2024 1640/1918/2078
f 1642/1921/2081 1643/1954/2114 1616/1898/2058
f 1628/1922/2082 1600/1878/2032 1601/1877/2031
f 1468/1718/1847 1633/1920/2080 1640/1918/2078
f 1583/1857/2010 1602/1882/2036 1465/1715/1844
f 1644/1925/2085 1570/1846/1999 1546/1825/1978
f 1647/1927/2087 1646/1999/2167 1529/1813/1966
f 1557/1835/1988 1566/1844/1997 1550/1829/1982
f 1537/1818/1971 1624/1904/2064 1642/1921/2081
f 1649/1930/2090 1618/1949/2109 1620/1900/2060
f 1563/1840/1993 1560/1838/1991 1538/1819/1972
f 1523/1803/1952 1552/1831/1984 1547/1827/1980
f 1549/1830/1983 1567/1843/1996 1651/1931/2091
f 1652/1933/2093 1584/1856/2009 1585/1934/2094
f 1569/1879/2033 1654/1937/2097 1592/1865/2020
f 1656/1938/2098 1657/1972/2134 1559/1939/2099
f 1602/1882/2036 1565/1880/2034 1558/1876/2030
f 1635/1912/2072 1619/1901/2061 1615/1896/2056
f 1629/1907/2067 1643/1954/2114 1625/1903/2063
f 1623/1943/2103 1626/1905/2065 1609/1888/2044
f 1631/1944/2104 1657/1972/2134 1656/1938/2098
f 1628/1922/2082 1637/1924/2084 1602/1882/2036
f 1570/1846/1999 1645/1926/2086 1655/1946/2106
f 1556/1836/1989 1557/1835/1988 1599/1928/2088
f 1551/1947/2107 1598/1875/2029 1599/1928/2088
f 1658/1948/2108 1617/1897/2057 1618/1949/2109
f 1539/1821/1974 1545/1822/1975 1542/1824/1977
f 1560/1838/1991 1556/1836/1989 1541/1874/2028
f 1534/1816/1969 1544/1826/1979 1545/1822/1975
f 1562/1841/1994 1563/1840/1993 1542/1824/1977
f 1552/1831/1984 1553/1833/1986 1546/1825/1978
f 1570/1846/1999 1562/1841/1994 1543/1823/1976
f 1566/1844/1997 1567/1843/1996 1549/1830/1983
f 1650/1932/2092 1647/1927/2087 1548/1828/1981
f 1529/1813/1966 1537/1818/1971 1551/1947/2107
f 1524/1802/1949 1554/1832/1985 1552/1831/1984
f 1558/1950/2110 1565/1842/1995 1566/1844/1997
f 1564/1951/2111 1559/1837/1990 1560/1838/1991
f 1651/1931/2091 1567/1843/1996 1568/1952/2112
f 1648/1929/2089 1642/1921/2081 1617/1897/2057
f 1626/1905/2065 1367/1618/1740 1337/1587/1703
f 1632/1941/2101 1615/1896/2056 1616/1898/2058
f 1636/1916/2076 1622/1899/2059 1619/1901/2061
f 1618/1949/2109 1615/1896/2056 1619/1901/2061
f 1624/1904/2064 1625/1903/2063 1643/1954/2114
f 1626/1905/2065 1623/1943/2103 1457/1708/1837
f 1638/1942/2102 1625/1903/2063 1463/1714/1843
f 1458/1709/1838 1457/1708/1837 1622/1899/2059
f 1634/1913/2073 1635/1912/2072 1632/1941/2101
f 1628/1908/2068 1629/1907/2067 1638/1942/2102
f 1623/1943/2103 1614/1895/2055 1613/1894/2054
f 1613/1894/2054 1536/1817/1970 1620/1900/2060
f 1459/1892/2052 1460/1710/1839 1624/1904/2064
f 1630/1910/2070 1616/1898/2058 1643/1954/2114
f 1525/1804/1954 1528/1815/1968 1535/1955/2115
f 1535/1955/2115 1612/1893/2053 1608/1887/2042
f 1608/1887/2042 1612/1893/2053 1614/1895/2055
f 1660/1957/2117 1659/2003/2172 1571/1958/2118
f 1507/1785/1924 1661/2009/2179 1639/1960/2120
f 1662/1961/2121 1508/1783/1921 1504/1962/2122
f 1664/1964/2124 1663/1971/2180 1572/1965/2125
f 1666/1967/2127 1659/2003/2172 1660/1957/2117
f 1667/1969/2129 1661/2009/2179 1507/1785/1924
f 1669/1970/2130 1668/2010/2182 1663/1971/2131
f 1662/1961/2133 1670/1975/2181 1506/1780/1926
f 1598/1875/2029 1551/1947/2107 1537/1818/1971
f 1540/1820/1973 1598/1875/2029 1648/1929/2089
f 1649/1930/2090 1539/1821/1974 1540/1820/1973
f 1545/1822/1975 1539/1821/1974 1649/1930/2090
f 1547/1827/1980 1544/1826/1979 1534/1816/1969
f 1657/1972/2134 1601/1877/2031 1555/1973/2135
f 1627/1923/2083 1601/1877/2031 1657/1972/2134
f 1596/1872/2026 1597/1873/2027 1656/1938/2098
f 1656/1938/2098 1597/1873/2027 1641/1919/2079
f 1671/1974/2136 1505/1792/3231 1506/1780/1917
f 1531/1976/2138 1532/1811/1964 1666/1967/2139
f 1503/1779/1916 1611/2008/2178 1667/1969/2141
f 1675/1977/2142 1511/1788/1937 1510/1790/1938
f 1672/1979/2144 1676/1987/2188 1679/1980/2145
f 1672/1982/2147 1673/2960/3233 1677/1983/2148
f 1510/1791/1939 1505/1792/1941 1671/1974/2150
f 1678/1986/2152 1680/1988/2156 1679/1980/2153
f 1491/1769/1904 1511/1788/1934 1675/1977/2155
f 1683/1989/2157 1685/1992/2160 1682/1990/2158
f 1496/1772/1908 1494/1771/1907 1682/1990/2158
f 1686/1993/2161 1685/1992/2164 1683/1989/2162
f 1497/1774/1910 1496/1772/1912 1685/1992/2164
f 1686/1995/2161 1684/2961/2163 1688/1996/2165
f 1497/1998/1910 1686/1995/2161 1687/1997/2166
f 1678/1986/2152 1681/1991/2159 1682/1990/2158
f 1491/1769/1904 1680/1988/2156 1682/1990/2158
f 1532/1811/1964 1529/1813/1966 1646/1999/2167
f 1689/1984/2169 1669/1970/3234 1693/2001/2170
f 1659/2003/2172 1694/2007/2176 1691/2004/2173
f 1571/1966/2126 1691/2179/2369 1695/2005/2174
f 1659/2003/2172 1666/1967/2127 1696/2006/2175
f 1664/1964/2132 1695/2005/2381 1693/2001/2177
f 1611/2008/2178 1610/1891/2051 1530/1812/1965
f 1661/2009/2179 1660/1957/2117 1572/1959/2119
f 1663/1971/2180 1662/1961/2121 1639/1963/2123
f 1665/1968/2128 1660/1957/2117 1661/2009/2179
f 1670/1975/2181 1662/1961/2133 1663/1971/2131
f 1671/1974/2136 1670/1975/2137 1668/2010/2183
f 1696/2006/2185 1666/1967/2139 1532/1811/1964
f 1531/1976/2138 1665/1968/2140 1667/1969/2141
f 1679/1980/2145 1675/1977/2142 1674/1978/2143
f 1697/2012/2187 1698/2011/3235 1676/1987/2188
f 1697/2013/2189 1672/1982/2147 1689/1984/2149
f 1677/1983/2148 1673/2960/3233 1674/1985/2151
f 1668/2010/2183 1669/1970/3234 1689/1984/2169
f 1706/2016/2191 1705/2020/2194 1704/2017/2192
f 1708/2019/2193 1707/2022/2196 1705/2020/2194
f 1710/2021/2195 1709/2029/2288 1707/2022/2196
f 1712/2023/2197 1711/2024/2200 1706/2016/2198
f 1711/2024/2200 1713/2031/2212 1708/2019/2201
f 1708/2019/2201 1713/2031/2212 1714/2025/2202
f 1699/2026/2204 1700/2327/2547 1704/2017/2205
f 1701/2027/2207 1699/2026/2204 1705/2020/2206
f 1702/2028/2209 1701/2027/2207 1707/2022/2208
f 1715/2030/2211 1716/2036/2217 1713/2031/2212
f 1720/2032/2213 1719/2193/2388 1718/2033/2214
f 1721/2035/2216 1723/2172/2362 1716/2036/2217
f 1726/2040/2221 1729/2095/2278 1728/2041/2222
f 1733/2043/2224 1732/2047/2228 1731/2044/2225
f 1734/2046/2227 1731/2044/2225 1732/2047/2228
f 1736/2049/2230 1739/2164/2354 1738/2050/2231
f 1743/2055/2236 1746/2166/2356 1745/2056/2237
f 1747/2058/2239 1743/2055/2236 1744/2057/2238
f 1749/2060/2241 1752/2167/2357 1751/2061/2242
f 1753/2063/2244 1756/2169/2359 1755/2064/2245
f 1757/2066/2247 1749/2060/2241 1750/2062/2243
f 1762/2068/2249 1765/2072/2253 1764/2069/2250
f 1763/2071/2252 1766/2135/2324 1765/2072/2253
f 1770/2073/2254 1769/2078/2259 1768/2074/2255
f 1770/2073/2254 1773/2151/2341 1772/2076/2257
f 1764/2069/2260 1765/2072/2263 1775/2079/2261
f 1765/2072/2263 1766/2135/2325 1776/2081/2264
f 1774/2080/2265 1775/2079/2267 1778/2082/2266
f 1775/2079/2267 1776/2081/2268 1779/2084/2268
f 1778/2085/2269 1781/2088/2272 1780/2086/2270
f 1782/2089/2273 1778/2085/2269 1779/2090/490
f 1782/2089/2273 1783/2091/2274 1785/2094/2277
f 1729/2095/2278 1787/2146/2336 1786/2096/2279
f 1746/2097/2280 1743/2191/2384 1789/2098/2281
f 1757/2100/2283 1781/2088/2272 1782/2089/2273
f 1753/2101/2284 1771/2077/2258 1772/2076/2257
f 1710/2021/2195 1793/2105/2289 1792/2104/2287
f 1793/2105/2289 1795/2107/2291 1794/2106/2290
f 1515/1795/1942 1516/1797/1944 1794/2106/2290
f 1714/2025/2202 1796/2173/2363 1793/2105/2292
f 1793/2105/2292 1796/2173/2363 1797/2108/2293
f 1795/2107/2294 1797/2108/2293 1524/1802/1949
f 1791/2109/2295 1702/2028/2209 1709/2029/2210
f 336/2110/2297 1791/2109/2295 1792/2104/2296
f 1513/1805/1956 336/2110/2297 1794/2106/2298
f 1798/2111/2300 1799/2194/2389 1690/2000/2168
f 1800/2112/2301 1723/2172/2362 1721/2035/2216
f 1803/2115/2304 1806/2170/2360 1805/2116/2305
f 1810/2118/2307 1809/2121/2310 1808/2119/2308
f 1644/1925/2085 1811/2160/2350 1809/2121/2310
f 1647/1927/2087 1650/1932/2092 1813/2122/2311
f 1815/2125/2314 1818/2129/2318 1817/2126/2315
f 1819/2128/2317 1820/2158/2348 1818/2129/2318
f 1821/2130/2319 1824/2134/2323 1823/2131/2320
f 1825/2133/2322 1826/2159/2349 1651/1931/2091
f 1655/1946/2106 1645/1926/2086 1824/2134/2323
f 1763/2071/2252 1573/1847/2000 1576/1849/2002
f 1768/2074/2255 1769/2078/2259 1582/1855/2008
f 1582/1855/2008 1769/2078/2259 1653/1935/2095
f 1766/2135/2325 1576/1849/2011 1586/1859/2013
f 1776/2081/2268 1586/1859/2016 1589/1861/2016
f 1779/2090/490 1589/1866/2021 1828/2136/2326
f 1589/1866/2021 1592/1865/2020 1654/1937/2097
f 1829/2137/2327 1783/2091/2274 1828/2136/2326
f 1830/2139/2329 1831/2171/2361 1804/2117/2306
f 1816/2140/2330 1788/2099/2282 1789/2098/2281
f 1655/1936/2096 1821/2138/2328 1828/2136/2326
f 1771/2077/2258 1790/2103/2286 1652/1933/2093
f 1832/2143/2333 1758/2067/2248 1734/2046/2227
f 1736/2049/2230 1835/2339/2559 1834/2145/2335
f 1745/2056/2237 1754/2065/2246 1738/2050/2231
f 1725/2039/2220 1812/2123/2312 1830/2139/2329
f 1837/2148/2338 1806/2170/2360 1808/2119/2308
f 1751/2061/2242 1748/2059/2240 1726/2040/2221
f 1711/2024/2200 1740/2052/2233 1735/2048/2229
f 1755/2064/2245 1839/2352/2572 1838/2149/2339
f 1840/2150/2340 1772/2076/2257 1773/2151/2341
f 1757/2100/2283 1842/2154/2344 1780/2086/2270
f 1844/2155/2345 1845/2190/2383 1747/2156/2346
f 1790/2103/2286 1753/2101/2284 1746/2097/2280
f 1823/2131/2320 1807/2120/2309 1803/2115/2304
f 1817/2126/2315 1831/2171/2361 1813/2122/2311
f 1811/2160/2350 1814/2124/2313 1797/2108/2293
f 1819/2161/2351 1845/2190/2383 1844/2155/2345
f 1816/2140/2330 1825/2142/2332 1790/2103/2286
f 1757/2066/2247 1758/2067/2248 1833/2144/2334
f 1744/2057/2238 1745/2056/2237 1787/2146/2336
f 1739/2164/2354 1786/2096/2279 1787/2146/2336
f 1805/2116/2305 1806/2170/2360 1837/2148/2338
f 1727/2042/2223 1733/2043/2224 1730/2045/2226
f 1748/2059/2240 1744/2057/2238 1729/2095/2278
f 1722/2037/2218 1732/2047/2228 1733/2043/2224
f 1750/2062/2243 1751/2061/2242 1730/2045/2226
f 1740/2052/2233 1741/2054/2235 1734/2046/2227
f 1758/2067/2248 1750/2062/2243 1731/2044/2225
f 1754/2065/2246 1755/2064/2245 1737/2051/2232
f 1838/2149/2339 1835/2339/2559 1736/2049/2230
f 1717/2034/2215 1725/2039/2220 1739/2164/2354
f 1712/2023/2197 1742/2053/2234 1740/2052/2233
f 1746/2166/2356 1753/2063/2244 1754/2065/2246
f 1752/2167/2357 1747/2058/2239 1748/2059/2240
f 1840/2168/2358 1839/2352/2572 1755/2064/2245
f 1836/2147/2337 1830/2139/2329 1805/2116/2305
f 1814/2124/2313 1554/1832/1985 1524/1802/1949
f 1820/2158/2348 1803/2115/2304 1804/2117/2306
f 1824/2134/2323 1810/2118/2307 1807/2120/2309
f 1806/2170/2360 1803/2115/2304 1807/2120/2309
f 1812/2123/2312 1813/2122/2311 1831/2171/2361
f 1814/2124/2313 1811/2160/2350 1644/1925/2085
f 1826/2159/2349 1813/2122/2311 1650/1932/2092
f 1645/1926/2086 1644/1925/2085 1810/2118/2307
f 1822/2132/2321 1823/2131/2320 1820/2158/2348
f 1816/2127/2316 1817/2126/2315 1826/2159/2349
f 1811/2160/2350 1802/2114/2303 1801/2113/2302
f 1801/2113/2302 1724/2038/2219 1808/2119/2308
f 1646/1999/2167 1647/1927/2087 1812/2123/2312
f 1818/2129/2318 1804/2117/2306 1831/2171/2361
f 1713/2031/2212 1716/2036/2217 1723/2172/2362
f 1723/2172/2362 1800/2112/2301 1796/2173/2363
f 1796/2173/2363 1800/2112/2301 1802/2114/2303
f 1760/2174/2364 1848/2185/2375 1847/2175/2365
f 1694/2007/2176 1849/2186/2376 1827/2177/2367
f 1850/2178/2368 1695/2005/2174 1691/2179/2369
f 1759/2181/2371 1852/2188/2419 1851/2182/2372
f 1853/2184/2374 1854/2222/2422 1847/2175/2365
f 1696/2006/2175 1855/2224/2426 1849/2186/2376
f 1857/2187/2377 1856/2225/2427 1851/2182/2378
f 1858/2189/2380 1693/2001/2177 1695/2005/2381
f 1786/2096/2279 1739/2164/2354 1725/2039/2220
f 1728/2041/2222 1786/2096/2279 1836/2147/2337
f 1837/2148/2338 1727/2042/2223 1728/2041/2222
f 1733/2043/2224 1727/2042/2223 1837/2148/2338
f 1735/2048/2229 1732/2047/2228 1722/2037/2218
f 1845/2190/2383 1789/2098/2281 1743/2191/2384
f 1815/2141/2331 1789/2098/2281 1845/2190/2383
f 1784/2093/2276 1785/2094/2277 1844/2155/2345
f 1844/2155/2345 1785/2094/2277 1829/2137/2327
f 1859/2192/2385 1692/2002/2171 1693/2001/2170
f 1720/2032/2213 1854/2222/2430 1853/2184/2387
f 1799/2194/2389 1855/2224/2431 1696/2006/2185
f 1863/2195/2390 1698/2011/3235 1697/2012/2187
f 1860/2197/2392 1864/2205/3236 1867/2198/2393
f 1861/2200/2395 1865/2226/2438 1877/2201/2396
f 1697/2013/2189 1692/2002/2190 1859/2192/2398
f 1868/2204/2400 1867/2198/2433 1864/2205/2401
f 1678/1986/2152 1698/2011/2186 1863/2195/2403
f 1871/2207/2404 1873/2210/2407 1870/2208/2405
f 1681/1991/2159 1870/2208/2405 1873/2210/2407
f 1874/2211/2408 1873/2210/2411 1871/2207/2409
f 1684/1994/2163 1683/1989/2162 1873/2210/2411
f 1874/2213/2408 1872/2962/2410 1876/2214/2412
f 1688/1996/2165 1684/2961/2163 1874/2213/2408
f 1866/2206/2402 1869/2209/2406 1870/2208/2405
f 1868/2204/2400 1870/2208/2405 1681/1991/2159
f 1720/2032/2213 1717/2034/2215 1834/2145/2335
f 1877/2201/2415 1857/2187/3237 1881/2217/2416
f 1847/2175/2365 1882/2223/2423 1879/2219/2418
f 1852/2188/2419 1759/2181/2371 1879/2220/2420
f 1854/2222/2422 1884/2407/2626 1882/2223/2423
f 1857/2187/2377 1852/2188/2379 1883/2221/2424
f 1798/2111/2300 1718/2033/2214 1719/2193/2388
f 1827/2177/2367 1849/2186/2376 1848/2185/2375
f 1760/2183/2373 1851/2182/2372 1850/2178/2368
f 1848/2185/2375 1849/2186/2376 1855/2224/2426
f 1850/2178/2382 1851/2182/2378 1856/2225/2427
f 1859/2192/2385 1858/2189/2386 1856/2225/2428
f 1878/2216/2414 1884/2407/2638 1854/2222/2430
f 1719/2193/2388 1853/2184/2387 1855/2224/2431
f 1861/2199/2394 1867/2198/2393 1863/2195/2390
f 1886/2227/2434 1864/2205/3236 1860/2197/2392
f 1885/2229/2436 1860/2202/2397 1877/2201/2396
f 1865/2226/2438 1861/2200/2395 1862/2203/2399
f 1856/2225/2428 1857/2187/3237 1877/2201/2415
f 1889/2232/2439 1892/2236/2443 1891/2233/2440
f 1894/2235/2442 1893/2238/2445 1891/2233/2440
f 1896/2237/2444 1895/2246/2536 1893/2238/2445
f 1898/2239/2446 1897/2240/2449 1892/2236/2447
f 1897/2240/2449 1899/2248/2461 1894/2235/2450
f 1894/2235/2450 1899/2248/2461 1900/2241/2451
f 338/2242/2453 1890/2234/2784 1891/2233/2454
f 337/2243/2455 1891/2233/2454 1893/2238/2456
f 1888/2245/2458 1887/2244/2457 1893/2238/2456
f 1901/2247/2460 1902/2253/2466 1899/2248/2461
f 1906/2249/2462 1905/2413/2634 1904/2250/2463
f 1907/2252/2465 1909/2393/2612 1902/2253/2466
f 1912/2257/2470 1915/2311/2526 1914/2258/2471
f 1919/2260/2473 1918/2264/2477 1917/2261/2474
f 1920/2263/2476 1917/2261/2474 1918/2264/2477
f 1922/2266/2479 1925/2384/2603 1924/2267/2480
f 1929/2272/2485 1932/2387/2606 1931/2273/2486
f 1933/2275/2488 1929/2272/2485 1930/2274/2487
f 1935/2277/2490 1938/2388/2607 1937/2278/2491
f 1939/2280/2493 1942/2390/2609 1941/2281/2494
f 1943/2283/2496 1935/2277/2490 1936/2279/2492
f 1947/2285/2498 1948/2288/2501 1951/2286/2499
f 1948/2288/2501 1949/2354/2574 1952/2289/2502
f 1956/2290/2503 1955/2295/2508 1954/2291/2504
f 1956/2290/2503 1959/2371/2590 1958/2293/2506
f 1950/2287/2509 1951/2286/3238 1961/2296/2510
f 1961/2296/2510 1951/2286/3238 1952/2289/2512
f 1963/2299/2514 1960/2297/2514 1961/2296/2515
f 1961/2296/2515 1962/2298/2516 1965/2301/2516
f 1964/2302/2517 1967/2305/2520 1966/2303/2518
f 1964/2302/2517 1965/2355/490 1969/2307/2522
f 1970/2309/2524 1968/2306/2521 1969/2307/2522
f 1915/2311/2526 1973/2366/2585 1972/2312/2527
f 1932/2313/2528 1929/2411/2632 1975/2314/2529
f 1943/2316/2531 1967/2305/2520 1968/2306/2521
f 1939/2317/2532 1957/2294/2507 1958/2293/2506
f 1896/2237/2444 1978/2322/2538 1977/2320/2535
f 1980/2321/2537 1979/2323/2539 1977/2320/2535
f 1703/2018/2192 1704/2017/2192 1979/2323/2539
f 1900/2241/2451 1981/2394/2613 1978/2322/2540
f 1978/2322/2540 1981/2394/2613 1982/2324/2541
f 1982/2324/2541 1712/2023/2197 1703/2018/2199
f 1888/2245/2458 1895/2246/2459 1977/2320/2543
f 340/2326/2545 339/2325/2544 1977/2320/2543
f 1700/2327/2547 340/2326/2545 1979/2323/2546
f 1983/2328/2548 1984/2444/2672 1878/2216/2414
f 1985/2329/2549 1909/2393/2612 1907/2252/2465
f 1988/2332/2552 1991/2391/2610 1990/2333/2553
f 1995/2335/2555 1994/2338/2558 1993/2336/2556
f 1832/2143/2333 1996/2380/2599 1994/2338/2558
f 1835/2339/2559 1838/2149/2339 1998/2340/2560
f 2000/2343/2563 2003/2347/2567 2002/2344/2564
f 2004/2346/2566 2005/2378/2597 2003/2347/2567
f 2006/2348/2568 2009/2353/2573 2008/2349/2569
f 2010/2351/2571 2011/2379/2598 1839/2352/2572
f 1843/2163/2353 1833/2144/2334 2009/2353/2573
f 1949/2354/2574 1761/2070/2251 1764/2069/2250
f 1955/2295/2508 1770/2073/2254 1767/2075/2256
f 1770/2073/2254 1955/2295/2508 1841/2152/2342
f 1962/2298/2513 1952/2289/2512 1764/2069/2260
f 1962/2298/2516 1774/2080/2265 1777/2083/2265
f 1965/2355/490 1777/2087/2271 2013/2356/2575
f 1777/2087/2271 1780/2086/2270 1842/2154/2344
f 2014/2357/2576 1969/2307/2522 2013/2356/2575
f 2015/2359/2578 2016/2392/2611 1989/2334/2554
f 2001/2360/2579 1974/2315/2530 1975/2314/2529
f 1843/2153/2343 2006/2358/2577 2013/2356/2575
f 1957/2294/2507 1976/2319/2534 1840/2150/2340
f 2017/2363/2582 1944/2284/2497 1920/2263/2476
f 1922/2266/2479 2020/2386/2605 2019/2365/2584
f 1931/2273/2486 1940/2282/2495 1924/2267/2480
f 1911/2256/2469 1997/2341/2561 2015/2359/2578
f 2022/2368/2587 1991/2391/2610 1993/2336/2556
f 1937/2278/2491 1934/2276/2489 1912/2257/2470
f 1897/2240/2449 1926/2269/2482 1921/2265/2478
f 1941/2281/2494 2024/2561/2808 2023/2369/2588
f 2025/2370/2589 1958/2293/2506 1959/2371/2590
f 1943/2316/2531 2027/2374/2593 1966/2303/2518
f 2029/2375/2594 2030/2410/2631 1933/2376/2595
f 1976/2319/2534 1939/2317/2532 1932/2313/2528
f 2008/2349/2569 1992/2337/2557 1988/2332/2552
f 2002/2344/2564 2016/2392/2611 1998/2340/2560
f 1996/2380/2599 1999/2342/2562 1982/2324/2541
f 2004/2381/2600 2030/2410/2631 2029/2375/2594
f 2001/2360/2579 2010/2362/2581 1976/2319/2534
f 1943/2283/2496 1944/2284/2497 2018/2364/2583
f 1930/2274/2487 1931/2273/2486 1973/2366/2585
f 1925/2384/2603 1972/2312/2527 1973/2366/2585
f 1990/2333/2553 1991/2391/2610 2022/2368/2587
f 1913/2259/2472 1919/2260/2473 1916/2262/2475
f 1934/2276/2489 1930/2274/2487 1915/2311/2526
f 1908/2254/2467 1918/2264/2477 1919/2260/2473
f 1936/2279/2492 1937/2278/2491 1916/2262/2475
f 1926/2269/2482 1927/2271/2484 1920/2263/2476
f 1944/2284/2497 1936/2279/2492 1917/2261/2474
f 1940/2282/2495 1941/2281/2494 1923/2268/2481
f 2020/2386/2605 1922/2266/2479 1923/2268/2481
f 1903/2251/2464 1911/2256/2469 1925/2384/2603
f 1898/2239/2446 1928/2270/2483 1926/2269/2482
f 1932/2387/2606 1939/2280/2493 1940/2282/2495
f 1938/2388/2607 1933/2275/2488 1934/2276/2489
f 2025/2389/2608 2024/2561/2808 1941/2281/2494
f 2021/2367/2586 2015/2359/2578 1990/2333/2553
f 1999/2342/2562 1742/2053/2234 1712/2023/2197
f 2005/2378/2597 1988/2332/2552 1989/2334/2554
f 2009/2353/2573 1995/2335/2555 1992/2337/2557
f 1991/2391/2610 1988/2332/2552 1992/2337/2557
f 1997/2341/2561 1998/2340/2560 2016/2392/2611
f 1999/2342/2562 1996/2380/2599 1832/2143/2333
f 2011/2379/2598 1998/2340/2560 1838/2149/2339
f 1833/2144/2334 1832/2143/2333 1995/2335/2555
f 2007/2350/2570 2008/2349/2569 2005/2378/2597
f 2001/2345/2565 2002/2344/2564 2011/2379/2598
f 1996/2380/2599 1987/2331/2551 1986/2330/2550
f 1986/2330/2550 1910/2255/2468 1993/2336/2556
f 1834/2145/2335 1835/2339/2559 1997/2341/2561
f 2003/2347/2567 1989/2334/2554 2016/2392/2611
f 1899/2248/2461 1902/2253/2466 1909/2393/2612
f 1909/2393/2612 1985/2329/2549 1981/2394/2613
f 1981/2394/2613 1985/2329/2549 1987/2331/2551
f 1946/2395/2614 2033/2405/2624 2032/2396/2615
f 1882/2223/2423 2034/2445/2673 2012/2398/2617
f 2035/2399/2618 1883/2221/2421 1879/2220/2420
f 1945/2401/2620 2037/2409/2668 2036/2402/2621
f 2038/2404/2623 2039/2414/2670 2032/2396/2615
f 2040/2406/2625 2034/2445/2673 1882/2223/2423
f 2042/2408/2627 2041/2446/2675 2036/2402/2628
f 2035/2399/2630 2043/2412/2674 1881/2217/2425
f 1972/2312/2527 1925/2384/2603 1911/2256/2469
f 1914/2258/2471 1972/2312/2527 2021/2367/2586
f 2022/2368/2587 1913/2259/2472 1914/2258/2471
f 1919/2260/2473 1913/2259/2472 2022/2368/2587
f 1921/2265/2478 1918/2264/2477 1908/2254/2467
f 2030/2410/2631 1975/2314/2529 1929/2411/2632
f 2000/2361/2580 1975/2314/2529 2030/2410/2631
f 1970/2309/2524 1971/2310/2525 2029/2375/2594
f 2029/2375/2594 1971/2310/2525 2014/2357/2576
f 2043/2412/2633 2044/2447/2677 1880/2218/2417
f 1905/2413/2634 1906/2249/2462 2039/2414/2635
f 1878/2216/2414 1984/2444/2672 2040/2406/2637
f 2047/2415/2639 2048/2425/2680 1886/2227/2434
f 2045/2416/2640 2049/2424/2682 2052/2417/2641
f 2045/2419/2643 2046/2452/2685 2050/2420/2644
f 1880/2218/2437 2044/2447/2686 2047/2422/2646
f 2051/2423/2647 2053/2426/2651 2052/2417/2648
f 1866/2206/2402 1886/2227/2432 2048/2425/2650
f 2058/2427/2652 2055/2430/2655 2054/2428/2653
f 1871/2207/2404 1869/2209/2406 2055/2430/2655
f 2057/2431/2656 2059/2432/2659 2058/2427/2657
f 1871/2207/2409 2058/2427/2657 2059/2432/2659
f 2060/2433/2660 2059/2436/2659 2057/2434/2656
f 1876/2214/2412 1872/2962/2410 2059/2436/2659
f 2051/2423/2647 2054/2428/2653 2055/2430/2655
f 2053/2426/2651 2055/2430/2655 1869/2209/2406
f 1906/2249/2462 1903/2251/2464 2019/2365/2584
f 2042/2408/2663 2066/2443/2859 2065/2438/2664
f 1945/2397/2616 2032/2396/2615 2067/2439/2666
f 2037/2409/2668 1945/2401/2620 2064/2441/2669
f 2039/2414/2670 2069/2448/2849 2067/2439/2666
f 2037/2409/2629 2068/2442/2854 2066/2443/2671
f 1983/2328/2548 1904/2250/2463 1905/2413/2634
f 2012/2398/2617 2034/2445/2673 2033/2405/2624
f 1946/2403/2622 2036/2402/2621 2035/2399/2618
f 2038/2404/2623 2033/2405/2624 2034/2445/2673
f 2043/2412/2674 2035/2399/2630 2036/2402/2628
f 2043/2412/2633 2041/2446/2687 2050/2420/2676
f 2069/2448/2678 2039/2414/2635 1906/2249/2462
f 2038/2404/2636 2040/2406/2637 1984/2444/2672
f 2046/2418/2642 2052/2417/2641 2048/2425/2680
f 2070/2450/2681 2071/2449/2864 2049/2424/2682
f 2070/2451/2683 2045/2419/2643 2062/2421/2645
f 2046/2452/2685 2047/2422/2646 2044/2447/2686
f 2042/2408/2663 2062/2421/2665 2050/2420/2676
f 2075/2455/2688 2074/2457/2691 441/537/2689
f 2077/2456/2690 2076/2459/2693 2074/2457/2691
f 2077/2456/2690 2079/2462/2771 2078/2458/2692
f 442/530/514 445/533/513 2080/2460/2694
f 2080/2460/2694 2081/2461/2697 2077/2456/2696
f 2081/2461/2697 2082/2591/2837 2079/2462/2698
f 341/2463/2699 436/536/519 441/537/520
f 2072/2464/2701 341/2463/2699 2074/2457/2700
f 2072/2464/2701 2076/2459/2702 2078/2458/2703
f 2083/2466/2705 2084/2471/2710 2081/2461/2697
f 2088/2467/2706 2087/2609/2861 2086/2468/2707
f 2089/2470/2709 2091/2590/2836 2084/2471/2710
f 2094/2475/2714 2097/2521/2762 2096/2476/2715
f 2101/2478/2717 2100/2482/2721 2099/2479/2718
f 2102/2481/2720 2099/2479/2718 2100/2482/2721
f 2104/2484/2723 2107/2583/2829 2106/2485/2724
f 2109/2488/2727 2112/2585/2831 2111/2489/2728
f 2113/2491/2730 2109/2488/2727 2110/2490/2729
f 2115/2493/2732 2118/2586/2832 2117/2494/2733
f 2119/2496/2735 2122/2587/2833 2121/2497/2736
f 2123/2499/2738 2115/2493/2732 2116/2495/2734
f 488/2501/2740 2127/2503/2742 2129/2502/2741
f 2127/2503/2742 2128/2563/2810 2130/2504/2743
f 490/574/556 491/575/557 2132/2505/2744
f 491/575/557 492/577/559 2134/2507/2746
f 494/579/561 489/572/560 2129/2502/2748
f 2135/2509/2749 2129/2502/2748 2130/2504/2750
f 494/579/562 2135/2509/2752 2137/2511/2752
f 2135/2509/2752 2136/2510/2753 2138/2512/2753
f 2137/2513/2754 2139/2515/2756 498/2514/2755
f 2137/2513/2754 2138/2564/490 2141/2517/2758
f 2142/2519/2760 2140/2516/2757 2141/2517/2758
f 2097/2521/2762 2145/2572/2818 2144/2522/2763
f 2112/2523/2764 2109/2608/2857 2147/2524/2765
f 2123/2526/2767 2139/2515/2756 2140/2516/2757
f 2119/2527/2768 2133/2508/2747 2134/2507/2746
f 2079/2462/2771 2152/2531/2773 2151/2530/2772
f 2152/2531/2773 2154/2533/2775 2153/2532/2774
f 1889/2232/2439 1890/2234/2441 2153/2532/2774
f 2079/2462/2698 2082/2591/2837 2155/2534/2776
f 2152/2531/2777 2155/2534/2776 2156/2535/2778
f 2154/2533/2779 2156/2535/2778 1898/2239/2446
f 2073/2465/2704 2078/2458/2703 2151/2530/2780
f 2150/2537/2782 2149/2536/2781 2151/2530/2780
f 338/2242/2453 2150/2537/2782 2153/2532/2783
f 2157/2538/2785 2158/2630/2888 2063/2437/2662
f 2159/2539/2786 2091/2590/2836 2089/2470/2709
f 2162/2542/2789 2165/2588/2834 2164/2543/2790
f 2169/2545/2792 2168/2548/2795 2167/2546/2793
f 2017/2363/2582 2170/2580/2826 2168/2548/2795
f 2020/2386/2605 2023/2369/2588 2172/2549/2796
f 2174/2552/2799 2177/2556/2803 2176/2553/2800
f 2178/2555/2802 2179/2578/2824 2177/2556/2803
f 2180/2557/2804 2183/2562/2809 2182/2558/2805
f 2184/2560/2807 2185/2579/2825 2024/2561/2808
f 2028/2383/2602 2018/2364/2583 2183/2562/2809
f 1947/2285/2498 1950/2287/2500 2130/2504/2743
f 2131/2506/2745 2132/2505/2744 1956/2290/2503
f 1956/2290/2503 2132/2505/2744 2026/2372/2591
f 2136/2510/2751 2130/2504/2750 1950/2287/2509
f 2138/2512/2753 2136/2510/2753 1960/2297/2514
f 2138/2564/490 1963/2304/2519 2187/2565/2811
f 1963/2304/2519 1966/2303/2518 2027/2374/2593
f 2188/2566/2812 2141/2517/2758 2187/2565/2811
f 2189/2568/2814 2190/2589/2835 2163/2544/2791
f 2175/2569/2815 2146/2525/2766 2147/2524/2765
f 2028/2373/2592 2180/2567/2813 2187/2565/2811
f 2133/2508/2747 2148/2529/2770 2025/2370/2589
f 461/550/533 2124/2500/2739 2102/2481/2720
f 2104/2484/2723 463/552/535 447/540/523
f 2111/2489/2728 2120/2498/2737 2106/2485/2724
f 2093/2474/2713 2171/2550/2797 2189/2568/2814
f 2192/2574/2820 2165/2588/2834 2167/2546/2793
f 2117/2494/2733 2114/2492/2731 2094/2475/2714
f 2080/2460/2694 2108/2487/2726 2103/2483/2722
f 2105/2486/2725 2121/2497/2736 482/567/550
f 481/591/572 2134/2507/2746 492/577/559
f 2123/2526/2767 497/584/565 498/2514/2755
f 2193/2575/2821 2194/2607/2856 2113/2576/2822
f 2148/2529/2770 2119/2527/2768 2112/2523/2764
f 2182/2558/2805 2166/2547/2794 2162/2542/2789
f 2176/2553/2800 2190/2589/2835 2172/2549/2796
f 2170/2580/2826 2173/2551/2798 2156/2535/2778
f 2178/2581/2827 2194/2607/2856 2193/2575/2821
f 2175/2569/2815 2184/2571/2817 2148/2529/2770
f 2124/2500/2739 485/625/606 484/569/552
f 2110/2490/2729 2111/2489/2728 2145/2572/2818
f 2107/2583/2829 2144/2522/2763 2145/2572/2818
f 2164/2543/2790 2165/2588/2834 2192/2574/2820
f 2095/2477/2716 2101/2478/2717 2098/2480/2719
f 2114/2492/2731 2110/2490/2729 2097/2521/2762
f 2090/2472/2711 2100/2482/2721 2101/2478/2717
f 2116/2495/2734 2117/2494/2733 2098/2480/2719
f 2108/2487/2726 469/556/539 2102/2481/2720
f 2124/2500/2739 2116/2495/2734 2099/2479/2718
f 2120/2498/2737 2121/2497/2736 2105/2486/2725
f 466/624/605 463/552/535 2104/2484/2723
f 2085/2469/2708 2093/2474/2713 2107/2583/2829
f 445/533/513 468/557/540 2108/2487/2726
f 2112/2585/2831 2119/2496/2735 2120/2498/2737
f 2118/2586/2832 2113/2491/2730 2114/2492/2731
f 482/567/550 2121/2497/2736 2122/2587/2833
f 2191/2573/2819 2189/2568/2814 2164/2543/2790
f 2173/2551/2798 1928/2270/2483 1898/2239/2446
f 2179/2578/2824 2162/2542/2789 2163/2544/2791
f 2183/2562/2809 2169/2545/2792 2166/2547/2794
f 2165/2588/2834 2162/2542/2789 2166/2547/2794
f 2171/2550/2797 2172/2549/2796 2190/2589/2835
f 2173/2551/2798 2170/2580/2826 2017/2363/2582
f 2185/2579/2825 2172/2549/2796 2023/2369/2588
f 2018/2364/2583 2017/2363/2582 2169/2545/2792
f 2181/2559/2806 2182/2558/2805 2179/2578/2824
f 2175/2554/2801 2176/2553/2800 2185/2579/2825
f 2170/2580/2826 2161/2541/2788 2160/2540/2787
f 2160/2540/2787 2092/2473/2712 2167/2546/2793
f 2019/2365/2584 2020/2386/2605 2171/2550/2797
f 2177/2556/2803 2163/2544/2791 2190/2589/2835
f 2081/2461/2697 2084/2471/2710 2091/2590/2836
f 2091/2590/2836 2159/2539/2786 2155/2534/2776
f 2155/2534/2776 2159/2539/2786 2161/2541/2788
f 2126/2592/2838 2197/2602/2848 2196/2593/2839
f 2064/2440/2667 2067/2439/2666 2198/2595/2841
f 2186/2597/2843 2199/2606/2843 2068/2442/2669
f 2125/2598/2844 2201/2604/2885 2200/2599/2845
f 2202/2601/2847 2203/2629/2887 2196/2593/2839
f 2069/2448/2849 2204/2610/2889 2198/2595/2841
f 2206/2603/2850 2205/2631/2890 2200/2599/2851
f 2207/2605/2853 2066/2443/2671 2068/2442/2854
f 2144/2522/2763 2107/2583/2829 2093/2474/2713
f 2096/2476/2715 2144/2522/2763 2191/2573/2819
f 2095/2477/2716 2096/2476/2715 2195/2584/2830
f 2101/2478/2717 2095/2477/2716 2192/2574/2820
f 2103/2483/2722 2100/2482/2721 2090/2472/2711
f 2194/2607/2856 2147/2524/2765 2109/2608/2857
f 2174/2570/2816 2147/2524/2765 2194/2607/2856
f 2142/2519/2760 2143/2520/2761 2193/2575/2821
f 2193/2575/2821 2143/2520/2761 2188/2566/2812
f 2207/2605/2858 2208/2618/2892 2065/2438/2664
f 2088/2467/2706 2203/2629/2893 2202/2601/2860
f 2063/2437/2662 2158/2630/2888 2204/2610/2862
f 2211/2611/2863 2212/2621/2895 2071/2449/2864
f 2209/2612/2865 2213/2620/2896 2215/2613/2866
f 2209/2615/2868 2210/2632/2898 2214/2616/2869
f 2070/2451/2683 2065/2438/2684 2208/2618/2871
f 546/668/655 2216/2622/2876 2215/2613/2873
f 2051/2423/2647 2071/2449/2679 2212/2621/2875
f 555/675/662 2218/2624/2878 2217/2623/2877
f 2056/2429/2654 2054/2428/2653 2217/2623/2877
f 554/678/666 2219/2625/2881 2218/2624/2879
f 2056/2429/2658 2218/2624/2879 2219/2625/2881
f 2220/2626/2882 2219/2628/2881 554/2627/666
f 2061/2435/2661 2057/2434/2656 2219/2628/2881
f 2216/2622/2876 546/668/655 550/673/660
f 2051/2423/2647 2216/2622/2876 2217/2623/2877
f 2088/2467/2706 2085/2469/2708 447/540/523
f 2206/2603/2883 531/646/3217 541/650/633
f 2125/2594/2840 2196/2593/2839 520/631/612
f 2201/2604/2885 2125/2598/2844 487/635/616
f 2203/2629/2887 527/643/624 520/631/612
f 2201/2604/2852 521/647/630 531/646/629
f 2158/2630/2888 2157/2538/2785 2086/2468/2707
f 2186/2596/2842 2198/2595/2841 2197/2602/2848
f 2126/2600/2846 2200/2599/2845 2199/2606/2843
f 2197/2602/2848 2198/2595/2841 2204/2610/2889
f 2199/2606/2855 2200/2599/2851 2205/2631/2890
f 2207/2605/2858 2205/2631/2899 2214/2616/2891
f 448/539/522 527/643/639 2203/2629/2893
f 2202/2601/2860 2204/2610/2862 2158/2630/2888
f 2210/2614/2867 2215/2613/2866 2212/2621/2895
f 537/656/642 545/655/641 2213/2620/2896
f 541/650/2897 537/663/649 2209/2615/2868
f 2210/2632/2898 2211/2619/2872 2208/2618/2871
f 2206/2603/2883 2221/2617/2884 2214/2616/2891
f 937/1122/2900 1125/1341/2900 1126/1340/2900
f 748/904/2900 936/1123/2900 1126/1340/2900
f 747/905/2900 748/904/2900 1312/1561/2900
f 747/905/2900 1313/1560/2900 1500/1778/2900
f 556/681/2900 557/680/2900 1500/1778/2900
f 556/681/2900 1501/1777/2900 1687/1997/2900
f 2220/2626/2900 558/682/2900 1687/1997/2900
f 2220/2626/2900 1688/1996/2900 1875/2215/2900
f 2060/2433/2900 2061/2435/2900 1875/2215/2900
f 2225/2634/2901 2224/2688/2932 2223/2635/2902
f 2227/2637/2903 2225/2634/2901 2222/2636/2901
f 2229/2639/2904 2227/2637/2903 2226/2638/2903
f 2230/2641/2905 2231/2895/2905 2229/2639/2904
f 2233/2642/2906 2231/2895/2905 2230/2641/2905
f 2235/2644/2907 2233/2642/2906 2232/2643/2906
f 2237/2646/2908 2235/2644/2907 2234/2645/2907
f 2239/2648/2909 2237/2646/2908 2236/2647/2908
f 2240/2650/2910 2241/2652/2910 2239/2648/2909
f 2242/2651/2911 2243/2654/2911 2241/2652/2910
f 2244/2653/2912 2245/2656/2912 2243/2654/2911
f 2246/2655/2913 2247/2896/2913 2245/2656/2912
f 2249/2657/2914 2247/2896/2913 2246/2655/2913
f 2250/2659/2915 2251/2661/2915 2249/2657/2914
f 2252/2660/2916 2253/2663/2916 2251/2661/2915
f 2254/2662/2917 2255/2665/2917 2253/2663/2916
f 2256/2664/2918 2257/2667/2918 2255/2665/2917
f 2258/2666/2919 2259/2669/2919 2257/2667/2918
f 2260/2668/2920 2261/2671/2922 2259/2669/2919
f 2262/2670/2921 2263/2673/2921 2261/2671/2922
f 2264/2672/2923 2265/2897/2923 2263/2673/2921
f 2267/2674/2924 2265/2897/2923 2264/2672/2923
f 2268/2676/2925 2269/2678/2925 2267/2674/2924
f 2270/2677/2926 2271/2898/2926 2269/2678/2925
f 2273/2679/2927 2271/2898/2926 2270/2677/2926
f 2275/2681/2928 2273/2679/2927 2272/2680/2927
f 2277/2683/2929 2275/2681/2928 2274/2682/2928
f 2279/2685/2930 2277/2683/2929 2276/2684/2929
f 2280/2687/2931 2281/2899/3239 2279/2685/2930
f 2224/2688/2932 2281/2899/3239 2280/2687/2931
f 2285/2689/2900 2284/2748/2900 2283/2690/2900
f 2285/2689/2900 2282/2691/2900 2286/2692/2900
f 2289/2694/2900 2287/2693/2900 2286/2692/2900
f 2291/2696/2900 2289/2694/2900 2288/2695/2900
f 2291/2696/2900 2290/2697/2900 2292/2698/2900
f 2295/2700/2900 2293/2699/2900 2292/2698/2900
f 2295/2700/2900 2294/2701/2900 2296/2702/2900
f 2299/2704/2900 2297/2703/2900 2296/2702/2900
f 2301/2706/2900 2299/2704/2900 2298/2705/2900
f 2301/2706/2900 2300/2707/2900 2302/2708/2900
f 2305/2710/2900 2303/2709/2900 2302/2708/2900
f 2305/2710/2900 2304/2711/2900 2306/2712/2900
f 2307/2713/2900 2306/2712/2900 2308/2714/2900
f 2311/2716/2900 2309/2715/2900 2308/2714/2900
f 2311/2716/2900 2310/2717/2900 2312/2718/2900
f 2315/2720/2900 2313/2719/2900 2312/2718/2900
f 2315/2720/2900 2314/2721/2900 2316/2722/2900
f 2319/2724/2900 2317/2723/2900 2316/2722/2900
f 2319/2724/2900 2318/2725/2900 2320/2726/2900
f 2321/2727/2900 2320/2726/2900 2322/2728/2900
f 2323/2729/2900 2322/2728/2900 2324/2730/2900
f 2327/2732/2900 2325/2731/2900 2324/2730/2900
f 2329/2734/2900 2327/2732/2900 2326/2733/2900
f 2329/2734/2900 2328/2735/2900 2330/2736/2900
f 2333/2738/2900 2331/2737/2900 2330/2736/2900
f 2335/2740/2900 2333/2738/2900 2332/2739/2900
f 2337/2742/2900 2335/2740/2900 2334/2741/2900
f 2337/2742/2900 2336/2743/2900 2338/2744/2900
f 2341/2746/2900 2339/2745/2900 2338/2744/2900
f 2341/2746/2900 2340/2747/2900 2283/2690/2900
s 0
f 2345/2749/3240 2344/2866/3241 2343/2750/3242
f 2343/2750/3243 2344/2866/3244 2347/2752/3245
f 2347/2752/3246 2349/2755/3247 2348/2754/3248
f 2349/2755/3249 2351/2757/3250 2350/2756/3251
f 2351/2757/3252 2353/2871/3253 2352/2758/3254
f 2352/2758/3255 2353/2871/3256 2355/2759/3257
f 2354/2760/3258 2355/2759/3259 2357/2761/3260
f 2356/2762/3261 2357/2761/3262 2359/2763/3263
f 2359/2763/3264 2361/2766/3265 2360/2765/3266
f 2361/2766/3267 2363/2874/3268 2362/2767/3269
f 2362/2767/3270 2363/2874/3271 2365/2768/3272
f 2364/2769/3273 2365/2768/3274 2367/2770/3275
f 2366/2771/3276 2367/2770/3277 2369/2772/3278
f 2369/2772/3279 2371/2879/3280 2370/2774/3281
f 2370/2774/3282 2371/2879/3283 2373/2775/3284
f 2373/2775/3285 2375/2778/3286 2374/2777/3287
f 2375/2778/3288 2377/2780/3289 2376/2779/3290
f 2377/2780/3291 2379/2782/3292 2378/2781/3293
f 2379/2782/3294 2381/2963/3295 2380/2783/3296
f 2380/2783/3297 2381/2963/3298 2383/2784/3299
f 2382/2785/3300 2383/2784/3301 2385/2786/3302
f 2385/2786/3303 2387/2888/3304 2386/2788/3305
f 2386/2788/3306 2387/2888/3307 2389/2789/3308
f 2388/2790/3309 2389/2789/3310 2391/2791/3311
f 2391/2791/3312 2393/2794/3313 2392/2793/3314
f 2393/2794/3315 2395/2964/3316 2394/2795/3317
f 2394/2795/3318 2395/2964/3319 2397/2796/3320
f 2396/2797/3321 2397/2796/3322 2399/2798/3323
f 2398/2799/3324 2399/2798/3325 2401/2800/3326
f 2400/2801/3327 2401/2800/3328 2345/2749/3329
s 1
f 2285/2803/3023 2404/2807/3027 2403/2804/3024
f 2287/2806/3026 2405/2809/3029 2404/2807/3027
f 2289/2808/3028 2406/2811/3031 2405/2809/3029
f 2289/2808/3028 2291/2813/3033 2407/2810/3030
f 2293/2812/3032 2408/2815/3035 2407/2810/3030
f 2293/2812/3032 2295/2816/3036 2409/2814/3034
f 2295/2816/3036 2297/2819/3039 2410/2817/3037
f 2299/2818/3038 2411/2821/3041 2410/2817/3037
f 2301/2820/3040 2412/2823/3043 2411/2821/3041
f 2303/2822/3042 2413/2825/3045 2412/2823/3043
f 2303/2822/3042 2305/2827/3047 2414/2824/3044
f 2307/2826/3046 2415/2829/3049 2414/2824/3044
f 2307/2826/3046 2309/2830/3050 2416/2828/3048
f 2309/2830/3050 2311/2832/3052 2417/2831/3051
f 2311/2832/3052 2313/2834/3054 2418/2833/3053
f 2313/2834/3054 2315/2836/3056 2419/2835/3055
f 2315/2836/3056 2317/2839/3059 2420/2837/3057
f 2319/2838/3058 2421/2841/3061 2420/2837/3057
f 2321/2840/3060 2422/2843/3063 2421/2841/3061
f 2323/2842/3062 2423/2845/3065 2422/2843/3063
f 2323/2842/3062 2325/2846/3066 2424/2844/3064
f 2325/2846/3066 2327/2848/3068 2425/2847/3067
f 2327/2848/3068 2329/2850/3070 2426/2849/3069
f 2329/2850/3070 2331/2852/3072 2427/2851/3071
f 2331/2852/3072 2333/2854/3074 2428/2853/3073
f 2333/2854/3074 2335/2856/3076 2429/2855/3075
f 2335/2856/3076 2337/2858/3078 2430/2857/3077
f 2337/2858/3078 2339/2861/3081 2431/2859/3079
f 2341/2860/3080 2432/2862/3082 2431/2859/3079
f 2284/2805/3025 2403/2804/3024 2432/2862/3082
f 2433/2863/3083 2344/2866/2900 2345/2749/2900
f 2435/2865/3085 2347/2752/2900 2344/2866/2900
f 2436/2867/3086 2349/2755/2900 2347/2752/2900
f 2437/2868/3087 2351/2757/2900 2349/2755/2900
f 2438/2869/3088 2353/2871/2900 2351/2757/2900
f 2439/2870/3089 2355/2759/2900 2353/2871/2900
f 2357/2761/2900 2355/2759/2900 2439/2870/3089
f 2359/2763/2900 2357/2761/2900 2440/2872/3090
f 2442/2873/3092 2361/2766/2900 2359/2763/2900
f 2363/2874/2900 2361/2766/2900 2442/2873/3092
f 2365/2768/2900 2363/2874/2900 2443/2875/3093
f 2367/2770/2900 2365/2768/2900 2444/2876/3094
f 2369/2772/2900 2367/2770/2900 2445/2877/3095
f 2371/2879/2900 2369/2772/2900 2446/2878/3096
f 2373/2775/2900 2371/2879/2900 2447/2880/3097
f 2375/2778/2900 2373/2775/2900 2448/2881/3098
f 2377/2780/2900 2375/2778/2900 2449/2882/3099
f 2451/2884/3101 2379/2782/2900 2377/2780/2900
f 2452/2885/3102 2381/2963/2900 2379/2782/2900
f 2383/2784/2900 2381/2963/2900 2452/2885/3102
f 2385/2786/2900 2383/2784/2900 2453/2886/3103
f 2387/2888/2900 2385/2786/2900 2454/2887/3104
f 2389/2789/2900 2387/2888/2900 2455/2847/3105
f 2457/2890/3107 2391/2791/2900 2389/2789/2900
f 2458/2891/3108 2393/2794/2900 2391/2791/2900
f 2459/2892/3109 2395/2964/2900 2393/2794/2900
f 2397/2796/2900 2395/2964/2900 2459/2892/3109
f 2399/2798/2900 2397/2796/2900 2460/2893/3110
f 2462/2862/3112 2401/2800/2900 2399/2798/2900
f 2434/2864/3084 2345/2749/2900 2401/2800/2900
s 0
f 2225/2634/3330 2282/2691/3331 2283/2690/3332
f 2227/2637/3333 2286/2692/3334 2282/2691/3335
f 2229/2639/3336 2288/2695/3337 2286/2692/3338
f 2229/2639/3339 2231/2895/3340 2290/2697/3341
f 2231/2895/3342 2233/2642/3343 2292/2698/3344
f 2233/2642/3345 2235/2644/3346 2294/2701/3347
f 2235/2644/3348 2237/2646/3349 2296/2702/3350
f 2239/2648/3351 2298/2705/3352 2296/2702/3353
f 2241/2652/3354 2300/2707/3355 2298/2705/3356
f 2243/2654/3357 2302/2708/3358 2300/2707/3359
f 2245/2656/3360 2304/2711/3361 2302/2708/3362
f 2247/2896/3363 2306/2712/3364 2304/2711/3365
f 2247/2896/3366 2249/2657/3367 2308/2714/3368
f 2249/2657/3369 2251/2661/3370 2310/2717/3371
f 2251/2661/3372 2253/2663/3373 2312/2718/3374
f 2255/2665/3375 2314/2721/3376 2312/2718/3377
f 2257/2667/3378 2316/2722/3379 2314/2721/3380
f 2259/2669/3381 2318/2725/3382 2316/2722/3383
f 2259/2669/3384 2261/2671/3385 2320/2726/3386
f 2261/2671/3387 2263/2673/3388 2322/2728/3389
f 2265/2897/3390 2324/2730/3391 2322/2728/3392
f 2265/2897/3393 2267/2674/3394 2326/2733/3395
f 2269/2678/3396 2328/2735/3397 2326/2733/3398
f 2271/2898/3399 2330/2736/3400 2328/2735/3401
f 2271/2898/3402 2273/2679/3403 2332/2739/3404
f 2275/2681/3405 2334/2741/3406 2332/2739/3407
f 2277/2683/3408 2336/2743/3409 2334/2741/3410
f 2277/2683/3411 2279/2685/3412 2338/2744/3413
f 2279/2685/3414 2281/2899/3415 2340/2747/3416
f 2281/2899/3417 2224/2688/3418 2283/2690/3419
s 1
f 2433/2863/3083 2434/2864/3084 2403/2804/3024
f 2435/2865/3085 2433/2863/3083 2404/2807/3027
f 2436/2867/3086 2435/2865/3085 2405/2809/3029
f 2437/2868/3087 2436/2867/3086 2406/2811/3031
f 2438/2869/3088 2437/2868/3087 2407/2810/3030
f 2439/2870/3089 2438/2869/3088 2408/2815/3035
f 2440/2872/3090 2439/2870/3089 2409/2814/3034
f 2441/2821/3091 2440/2872/3090 2410/2817/3037
f 2441/2821/3091 2411/2821/3041 2412/2823/3043
f 2442/2873/3092 2412/2823/3043 2413/2825/3045
f 2443/2875/3093 2413/2825/3045 2414/2824/3044
f 2444/2876/3094 2414/2824/3044 2415/2829/3049
f 2445/2877/3095 2415/2829/3049 2416/2828/3048
f 2446/2878/3096 2416/2828/3048 2417/2831/3051
f 2447/2880/3097 2417/2831/3051 2418/2833/3053
f 2448/2881/3098 2418/2833/3053 2419/2835/3055
f 2449/2882/3099 2419/2835/3055 2420/2837/3057
f 2451/2884/3101 2450/2883/3100 2420/2837/3057
f 2452/2885/3102 2451/2884/3101 2421/2841/3061
f 2453/2886/3103 2452/2885/3102 2422/2843/3063
f 2454/2887/3104 2453/2886/3103 2423/2845/3065
f 2455/2847/3105 2454/2887/3104 2424/2844/3064
f 2455/2847/3105 2425/2847/3067 2426/2849/3069
f 2456/2889/3106 2426/2849/3069 2427/2851/3071
f 2457/2890/3107 2427/2851/3071 2428/2853/3073
f 2458/2891/3108 2428/2853/3073 2429/2855/3075
f 2459/2892/3109 2429/2855/3075 2430/2857/3077
f 2460/2893/3110 2430/2857/3077 2431/2859/3079
f 2462/2862/3112 2461/2894/3111 2431/2859/3079
f 2434/2864/3084 2462/2862/3112 2432/2862/3082
usemtl car_tire
f 1/1/1 3/2/2 2/3/3
f 5/4/4 4/5/5 1/1/1
f 6/6/6 4/5/5 5/4/4
f 8/7/7 7/8/8 6/6/6
f 12/9/9 10/10/10 9/11/11
f 12/9/9 13/12/12 14/13/13
f 18/14/14 16/15/15 15/16/16
f 20/17/17 17/18/18 18/14/14
f 22/19/19 19/20/20 20/17/17
f 343/21/21 18/14/14 15/16/16
f 18/14/14 344/22/22 20/17/17
f 344/22/22 22/19/19 20/17/17
f 4/5/5 10/10/10 3/2/2
f 1/1/1 24/23/23 23/24/24
f 1/1/1 25/25/25 5/4/4
f 4/5/5 13/12/12 9/11/11
f 5/4/4 26/26/26 6/6/6
f 24/23/23 17/18/18 23/24/24
f 25/25/25 17/18/18 19/20/20
f 26/26/26 19/20/20 21/27/27
f 11/28/28 405/29/29 404/30/30
f 12/31/9 406/32/31 405/29/29
f 28/33/32 8/7/7 27/34/33
f 29/35/34 28/33/32 27/34/33
f 14/13/13 30/36/35 31/37/36
f 22/19/19 32/38/37 21/27/27
f 33/39/38 34/40/39 32/38/37
f 37/41/40 34/40/39 35/42/41
f 22/19/19 434/43/42 33/39/38
f 434/43/42 35/42/41 33/39/38
f 35/42/41 436/44/43 37/41/40
f 6/6/6 38/45/44 8/7/7
f 7/8/8 30/36/35 13/12/12
f 8/7/7 39/46/45 27/34/33
f 29/35/34 39/46/45 40/47/46
f 26/26/26 32/38/37 38/45/44
f 38/45/44 34/40/39 39/46/45
f 40/47/46 34/40/39 36/48/47
f 14/49/13 488/50/48 406/51/31
f 44/52/49 42/53/50 41/54/51
f 45/55/52 44/52/49 41/54/51
f 46/56/53 44/52/49 45/55/52
f 48/57/54 47/58/55 46/56/53
f 51/59/56 49/60/57 52/61/58
f 52/61/58 53/62/59 54/63/60
f 58/64/61 56/65/62 55/66/63
f 60/67/64 57/68/65 58/64/61
f 60/67/64 61/69/66 59/70/67
f 571/71/68 58/64/61 55/66/63
f 570/72/69 60/67/64 58/64/61
f 60/67/64 573/73/70 62/74/71
f 43/75/72 49/60/57 50/76/73
f 42/53/50 63/77/74 41/54/51
f 41/54/51 65/78/75 45/55/52
f 47/58/55 49/60/57 44/52/49
f 46/56/53 65/78/75 66/79/76
f 64/80/77 57/68/65 63/77/74
f 65/78/75 57/68/65 59/70/67
f 65/78/75 61/69/66 66/79/76
f 51/81/56 633/82/78 632/83/79
f 52/84/58 634/85/80 633/82/78
f 67/86/81 47/58/55 48/57/54
f 2/3/3 3/2/2 67/86/81
f 11/87/28 53/62/59 10/10/10
f 62/74/71 68/88/82 61/69/66
f 71/89/83 68/88/82 69/90/84
f 71/89/83 16/15/15 70/91/85
f 573/73/70 69/90/84 62/74/71
f 662/92/86 71/89/83 69/90/84
f 663/93/87 15/16/16 71/89/83
f 48/57/54 66/79/76 72/94/88
f 47/58/55 10/10/10 53/62/59
f 67/86/81 72/94/88 73/95/89
f 2/3/3 73/95/89 24/23/23
f 66/79/76 68/88/82 72/94/88
f 72/94/88 70/91/85 73/95/89
f 24/23/23 70/91/85 16/15/15
f 634/85/80 11/28/28 404/30/30
f 77/96/90 75/97/91 74/98/92
f 78/99/93 77/96/90 74/98/92
f 79/100/94 77/96/90 78/99/93
f 81/101/95 80/102/96 79/100/94
f 84/103/97 82/104/98 85/105/99
f 85/105/99 86/106/100 87/107/101
f 91/108/102 89/109/103 88/110/104
f 93/111/105 90/112/106 91/108/102
f 93/111/105 94/113/107 92/114/108
f 760/115/109 91/108/102 88/110/104
f 91/108/102 761/116/110 93/111/105
f 93/111/105 762/117/111 95/118/112
f 76/119/113 82/104/98 83/120/114
f 75/97/91 96/121/115 74/98/92
f 74/98/92 98/122/116 78/99/93
f 80/102/96 82/104/98 77/96/90
f 79/100/94 98/122/116 99/123/117
f 96/121/115 89/109/103 90/112/106
f 98/122/116 90/112/106 92/114/108
f 99/123/117 92/114/108 94/113/107
f 84/124/97 822/125/118 821/126/119
f 822/125/118 87/127/101 823/128/120
f 43/75/72 81/101/95 100/129/121
f 42/53/50 43/75/72 100/129/121
f 87/107/101 50/76/73 51/59/56
f 95/118/112 101/130/122 94/113/107
f 104/131/123 101/130/122 102/132/124
f 55/66/63 103/133/125 104/131/123
f 762/117/111 102/132/124 95/118/112
f 851/134/126 104/131/123 102/132/124
f 852/135/127 55/66/63 104/131/123
f 81/101/95 99/123/117 105/136/128
f 80/102/96 50/76/73 86/106/100
f 81/101/95 106/137/129 100/129/121
f 100/129/121 64/80/77 42/53/50
f 99/123/117 101/130/122 105/136/128
f 105/136/128 103/133/125 106/137/129
f 64/80/77 103/133/125 56/65/62
f 823/128/120 51/81/56 632/83/79
f 107/138/130 109/139/131 108/140/132
f 111/141/133 110/142/134 107/138/130
f 113/143/135 111/141/133 112/144/136
f 114/145/137 113/143/135 112/144/136
f 118/146/138 116/147/139 115/148/140
f 120/149/141 115/148/140 119/150/142
f 121/151/143 123/152/144 122/153/145
f 124/154/146 125/155/147 123/152/144
f 128/156/148 125/155/147 126/157/149
f 121/151/143 948/158/150 124/154/146
f 124/154/146 950/159/151 126/157/149
f 126/157/149 951/160/152 128/156/148
f 110/142/134 116/147/139 109/139/131
f 107/138/130 130/161/153 129/162/154
f 107/138/130 131/163/155 111/141/133
f 110/142/134 119/150/142 115/148/140
f 111/141/133 132/164/156 112/144/136
f 130/161/153 123/152/144 129/162/154
f 131/163/155 123/152/144 125/155/147
f 132/164/156 125/155/147 127/165/157
f 117/166/158 1011/167/159 1010/168/160
f 118/169/138 1012/170/161 1011/167/159
f 133/171/162 113/143/135 114/145/137
f 75/97/91 76/119/113 133/171/162
f 120/149/141 83/120/114 84/103/97
f 128/156/148 134/172/163 127/165/157
f 135/173/164 136/174/165 134/172/163
f 137/175/166 89/109/103 136/174/165
f 951/160/152 135/173/164 128/156/148
f 1040/176/167 137/175/166 135/173/164
f 1041/177/168 88/110/104 137/175/166
f 112/144/136 138/178/169 114/145/137
f 113/143/135 83/120/114 119/150/142
f 133/171/162 138/178/169 139/179/170
f 75/97/91 139/179/170 97/180/171
f 132/164/156 134/172/163 138/178/169
f 138/178/169 136/174/165 139/179/170
f 139/179/170 89/109/103 97/180/171
f 120/181/141 821/126/119 1012/170/161
f 143/182/172 141/183/173 140/184/174
f 144/185/175 143/182/172 140/184/174
f 145/186/176 143/182/172 144/185/175
f 147/187/177 146/188/178 145/186/176
f 151/189/179 149/190/180 148/191/181
f 153/192/182 148/191/181 152/193/183
f 157/194/184 155/195/185 154/196/186
f 157/194/184 158/197/187 156/198/188
f 159/199/189 160/200/190 158/197/187
f 154/196/186 1137/201/191 157/194/184
f 157/194/184 1139/202/192 159/199/189
f 159/199/189 1140/203/193 161/204/194
f 142/205/195 148/191/181 149/190/180
f 141/183/173 162/206/196 140/184/174
f 140/184/174 164/207/197 144/185/175
f 146/188/178 148/191/181 143/182/172
f 144/185/175 165/208/198 145/186/176
f 162/206/196 155/195/185 156/198/188
f 164/207/197 156/198/188 158/197/187
f 165/208/198 158/197/187 160/200/190
f 1199/209/199 151/210/179 1200/211/200
f 1200/211/200 153/212/182 1201/213/201
f 109/139/131 147/187/177 166/214/202
f 108/140/132 109/139/131 166/214/202
f 117/215/158 152/193/183 116/147/139
f 168/216/203 160/200/190 161/204/194
f 170/217/204 167/218/205 168/216/203
f 121/151/143 169/219/206 170/217/204
f 1140/203/193 168/216/203 161/204/194
f 168/216/203 332/220/207 170/217/204
f 170/217/204 949/221/208 121/151/143
f 145/186/176 171/222/209 147/187/177
f 109/139/131 152/193/183 146/188/178
f 147/187/177 172/223/210 166/214/202
f 108/140/132 172/223/210 130/161/153
f 171/222/209 160/200/190 167/218/205
f 172/223/210 167/218/205 169/219/206
f 130/161/153 169/219/206 122/153/145
f 1201/213/201 117/166/158 1010/168/160
f 176/224/211 174/225/212 173/226/213
f 177/227/214 176/224/211 173/226/213
f 179/228/215 177/227/214 178/229/216
f 180/230/217 179/231/215 178/232/216
f 184/233/218 182/234/219 181/235/220
f 184/233/218 185/236/221 186/237/222
f 187/238/223 189/239/224 188/240/225
f 192/241/226 189/239/224 190/242/227
f 194/243/228 191/244/229 192/241/226
f 187/238/223 1324/245/230 190/242/227
f 190/242/227 1326/246/231 192/241/226
f 1326/246/231 194/243/228 192/241/226
f 176/224/211 182/234/219 175/247/232
f 174/225/212 195/248/233 173/226/213
f 177/227/214 195/248/233 197/249/234
f 179/228/215 181/235/220 176/224/211
f 178/229/216 197/249/234 198/250/235
f 196/251/236 189/239/224 195/248/233
f 197/249/234 189/239/224 191/244/229
f 198/250/235 191/244/229 193/252/237
f 183/253/238 1387/254/239 1386/255/240
f 1387/254/239 186/256/222 1388/257/241
f 199/258/242 179/231/215 180/230/217
f 141/183/173 142/205/195 199/258/242
f 150/259/243 185/260/221 149/190/180
f 194/261/228 200/262/244 193/263/237
f 201/264/245 202/265/246 200/262/244
f 203/266/247 155/195/185 202/265/246
f 194/261/228 1416/267/248 201/264/245
f 1416/267/248 203/266/247 201/264/245
f 333/268/249 154/196/186 203/266/247
f 180/230/217 198/269/235 204/270/250
f 179/231/215 149/190/180 185/260/221
f 199/258/242 204/270/250 205/271/251
f 199/258/242 163/272/252 141/183/173
f 198/269/235 200/262/244 204/270/250
f 204/270/250 202/265/246 205/271/251
f 163/272/252 202/265/246 155/195/185
f 1388/257/241 150/273/243 1199/209/199
f 206/274/253 208/275/254 207/276/255
f 210/277/256 209/278/257 206/274/253
f 212/279/258 210/277/256 211/280/259
f 213/281/260 212/279/258 211/280/259
f 216/282/261 214/283/262 217/284/263
f 217/284/263 218/285/264 219/286/265
f 220/287/266 222/288/267 221/289/268
f 223/290/269 224/291/270 222/288/267
f 227/292/271 224/291/270 225/293/272
f 1513/294/273 223/290/269 220/287/266
f 1512/295/274 225/293/272 223/290/269
f 225/293/272 1514/296/275 227/292/271
f 209/278/257 215/297/276 208/275/254
f 206/274/253 229/298/277 228/299/278
f 210/277/256 228/299/278 230/300/279
f 209/278/257 218/285/264 214/283/262
f 211/280/259 230/300/279 231/301/280
f 229/298/277 222/288/267 228/299/278
f 228/299/278 224/291/270 230/300/279
f 230/300/279 226/302/281 231/301/280
f 1573/303/282 217/304/263 1574/305/283
f 217/304/263 1575/306/284 1574/305/283
f 175/247/232 213/281/260 232/307/285
f 174/225/212 175/247/232 232/307/285
f 219/286/265 182/234/219 183/308/238
f 227/292/271 233/309/286 226/302/281
f 234/310/287 235/311/288 233/309/286
f 236/312/289 188/240/225 235/311/288
f 227/292/271 1603/313/290 234/310/287
f 234/310/287 335/314/291 236/312/289
f 335/314/291 187/238/223 236/312/289
f 213/281/260 231/301/280 237/315/292
f 212/279/258 182/234/219 218/285/264
f 213/281/260 238/316/293 232/307/285
f 232/307/285 196/251/236 174/225/212
f 231/301/280 233/309/286 237/315/292
f 238/316/293 233/309/286 235/311/288
f 196/251/236 235/311/288 188/240/225
f 219/317/265 1386/255/240 1575/306/284
f 239/318/294 241/319/295 240/320/296
f 243/321/297 242/322/298 239/318/294
f 244/323/299 242/322/298 243/321/297
f 246/324/300 245/325/301 244/323/299
f 250/326/302 248/327/303 247/328/304
f 252/329/305 247/328/304 251/330/306
f 256/331/307 254/332/308 253/333/309
f 258/334/310 255/335/311 256/331/307
f 258/334/310 259/336/312 257/337/313
f 1700/338/314 256/331/307 253/333/309
f 256/331/307 1701/339/315 258/334/310
f 258/334/310 1702/340/316 260/341/317
f 241/319/295 247/328/304 248/327/303
f 240/320/296 261/342/318 239/318/294
f 239/318/294 263/343/319 243/321/297
f 245/325/301 247/328/304 242/322/298
f 244/323/299 263/343/319 264/344/320
f 261/342/318 254/332/308 255/335/311
f 263/343/319 255/335/311 257/337/313
f 264/344/320 257/337/313 259/336/312
f 249/345/321 1762/346/322 1761/347/323
f 250/348/302 1763/349/324 1762/346/322
f 265/350/325 245/325/301 246/324/300
f 207/276/255 208/275/254 265/350/325
f 216/282/261 251/330/306 215/297/276
f 260/341/317 266/351/326 259/336/312
f 269/352/327 266/351/326 267/353/328
f 220/287/266 268/354/329 269/352/327
f 260/341/317 1791/355/330 267/353/328
f 1791/355/330 269/352/327 267/353/328
f 336/356/331 220/287/266 269/352/327
f 246/324/300 264/344/320 270/357/332
f 208/275/254 251/330/306 245/325/301
f 265/350/325 270/357/332 271/358/333
f 207/276/255 271/358/333 229/298/277
f 264/344/320 266/351/326 270/357/332
f 270/357/332 268/354/329 271/358/333
f 229/298/277 268/354/329 221/289/268
f 1763/349/324 216/359/261 1573/303/282
f 272/360/334 274/361/335 273/362/336
f 276/363/337 275/364/338 272/360/334
f 278/365/339 276/363/337 277/366/340
f 279/367/341 278/365/339 277/366/340
f 282/368/342 280/369/343 283/370/344
f 283/370/344 284/371/345 285/372/346
f 286/373/347 288/374/348 287/375/349
f 289/376/350 290/377/351 288/374/348
f 293/378/352 290/377/351 291/379/353
f 286/373/347 337/380/354 289/376/350
f 289/376/350 1887/381/355 291/379/353
f 291/379/353 1888/382/356 293/378/352
f 274/361/335 280/369/343 281/383/357
f 272/360/334 295/384/358 294/385/359
f 276/363/337 294/385/359 296/386/360
f 278/365/339 280/369/343 275/364/338
f 276/363/337 297/387/361 277/366/340
f 295/384/358 288/374/348 294/385/359
f 296/386/360 288/374/348 290/377/351
f 297/387/361 290/377/351 292/388/362
f 1947/389/363 283/390/344 1948/391/364
f 283/390/344 1949/392/365 1948/391/364
f 241/319/295 279/367/341 298/393/366
f 240/320/296 241/319/295 298/393/366
f 249/394/321 284/371/345 248/327/303
f 300/395/367 292/388/362 293/378/352
f 302/396/368 299/397/369 300/395/367
f 302/396/368 254/332/308 301/398/370
f 1888/382/356 300/395/367 293/378/352
f 339/399/371 302/396/368 300/395/367
f 302/396/368 1700/338/314 253/333/309
f 277/366/340 303/400/372 279/367/341
f 278/365/339 248/327/303 284/371/345
f 298/393/366 303/400/372 304/401/373
f 240/320/296 304/401/373 262/402/374
f 297/387/361 299/397/369 303/400/372
f 303/400/372 301/398/370 304/401/373
f 304/401/373 254/332/308 262/402/374
f 1949/392/365 249/345/321 1761/347/323
f 305/403/375 28/33/32 29/35/34
f 307/404/376 306/405/377 305/403/375
f 309/406/378 307/404/376 308/407/379
f 310/408/380 309/406/378 308/407/379
f 312/409/381 30/36/35 311/410/382
f 314/411/383 311/410/382 313/412/384
f 316/413/385 36/48/47 37/41/40
f 318/414/386 315/415/387 316/413/385
f 320/416/388 317/417/389 318/414/386
f 436/44/43 316/413/385 37/41/40
f 341/418/390 318/414/386 316/413/385
f 2072/419/391 320/416/388 318/414/386
f 306/405/377 30/36/35 28/33/32
f 305/403/375 40/47/46 321/420/392
f 307/404/376 321/420/392 322/421/393
f 309/406/378 311/410/382 306/405/377
f 307/404/376 323/422/394 308/407/379
f 40/47/46 315/415/387 321/420/392
f 322/421/393 315/415/387 317/417/389
f 323/422/394 317/417/389 319/423/395
f 488/50/48 312/424/381 2127/425/396
f 2127/425/396 314/426/383 2128/427/397
f 324/428/398 309/406/378 310/408/380
f 273/362/336 274/361/335 324/428/398
f 314/411/383 281/383/357 282/368/342
f 320/416/388 325/429/399 319/423/395
f 326/430/400 327/431/401 325/429/399
f 328/432/402 287/375/349 327/431/401
f 2073/433/403 326/430/400 320/416/388
f 326/430/400 2150/434/404 328/432/402
f 328/432/402 338/435/405 286/373/347
f 308/407/379 329/436/406 310/408/380
f 309/406/378 281/383/357 313/412/384
f 310/408/380 330/437/407 324/428/398
f 324/428/398 295/384/358 273/362/336
f 329/436/406 319/423/395 325/429/399
f 329/436/406 327/431/401 330/437/407
f 295/384/358 327/431/401 287/375/349
f 2128/427/397 282/438/342 1947/389/363
f 1/1/1 4/5/5 3/2/2
f 6/6/6 7/8/8 4/5/5
f 12/9/9 11/87/28 10/10/10
f 12/9/9 9/11/11 13/12/12
f 18/14/14 17/18/18 16/15/15
f 20/17/17 19/20/20 17/18/18
f 22/19/19 21/27/27 19/20/20
f 343/21/21 342/2931/3203 18/14/14
f 18/14/14 342/2931/3203 344/22/22
f 344/22/22 345/2932/3204 22/19/19
f 4/5/5 9/11/11 10/10/10
f 1/1/1 2/3/3 24/23/23
f 1/1/1 23/24/24 25/25/25
f 4/5/5 7/8/8 13/12/12
f 5/4/4 25/25/25 26/26/26
f 24/23/23 16/15/15 17/18/18
f 25/25/25 23/24/24 17/18/18
f 26/26/26 25/25/25 19/20/20
f 11/28/28 12/31/9 405/29/29
f 12/31/9 14/2933/13 406/32/31
f 28/33/32 7/8/8 8/7/7
f 14/13/13 13/12/12 30/36/35
f 22/19/19 33/39/38 32/38/37
f 33/39/38 35/42/41 34/40/39
f 37/41/40 36/48/47 34/40/39
f 22/19/19 345/2932/3204 434/43/42
f 434/43/42 435/2934/3205 35/42/41
f 35/42/41 435/2934/3205 436/44/43
f 6/6/6 26/26/26 38/45/44
f 7/8/8 28/33/32 30/36/35
f 8/7/7 38/45/44 39/46/45
f 29/35/34 27/34/33 39/46/45
f 26/26/26 21/27/27 32/38/37
f 38/45/44 32/38/37 34/40/39
f 40/47/46 39/46/45 34/40/39
f 14/49/13 31/2935/36 488/50/48
f 44/52/49 43/75/72 42/53/50
f 46/56/53 47/58/55 44/52/49
f 51/59/56 50/76/73 49/60/57
f 52/61/58 49/60/57 53/62/59
f 58/64/61 57/68/65 56/65/62
f 60/67/64 59/70/67 57/68/65
f 60/67/64 62/74/71 61/69/66
f 571/71/68 570/72/69 58/64/61
f 570/72/69 572/2936/3206 60/67/64
f 60/67/64 572/2936/3206 573/73/70
f 43/75/72 44/52/49 49/60/57
f 42/53/50 64/80/77 63/77/74
f 41/54/51 63/77/74 65/78/75
f 47/58/55 53/62/59 49/60/57
f 46/56/53 45/55/52 65/78/75
f 64/80/77 56/65/62 57/68/65
f 65/78/75 63/77/74 57/68/65
f 65/78/75 59/70/67 61/69/66
f 51/81/56 52/84/58 633/82/78
f 52/84/58 54/2937/60 634/85/80
f 67/86/81 3/2/2 47/58/55
f 11/87/28 54/63/60 53/62/59
f 62/74/71 69/90/84 68/88/82
f 71/89/83 70/91/85 68/88/82
f 71/89/83 15/16/16 16/15/15
f 573/73/70 662/92/86 69/90/84
f 662/92/86 663/93/87 71/89/83
f 663/93/87 343/21/21 15/16/16
f 48/57/54 46/56/53 66/79/76
f 47/58/55 3/2/2 10/10/10
f 67/86/81 48/57/54 72/94/88
f 2/3/3 67/86/81 73/95/89
f 66/79/76 61/69/66 68/88/82
f 72/94/88 68/88/82 70/91/85
f 24/23/23 73/95/89 70/91/85
f 634/85/80 54/2937/60 11/28/28
f 77/96/90 76/119/113 75/97/91
f 79/100/94 80/102/96 77/96/90
f 84/103/97 83/120/114 82/104/98
f 85/105/99 82/104/98 86/106/100
f 91/108/102 90/112/106 89/109/103
f 93/111/105 92/114/108 90/112/106
f 93/111/105 95/118/112 94/113/107
f 760/115/109 759/2938/3207 91/108/102
f 91/108/102 759/2938/3207 761/116/110
f 93/111/105 761/116/110 762/117/111
f 76/119/113 77/96/90 82/104/98
f 75/97/91 97/180/171 96/121/115
f 74/98/92 96/121/115 98/122/116
f 80/102/96 86/106/100 82/104/98
f 79/100/94 78/99/93 98/122/116
f 96/121/115 97/180/171 89/109/103
f 98/122/116 96/121/115 90/112/106
f 99/123/117 98/122/116 92/114/108
f 84/124/97 85/2939/99 822/125/118
f 822/125/118 85/2939/99 87/127/101
f 43/75/72 80/102/96 81/101/95
f 87/107/101 86/106/100 50/76/73
f 95/118/112 102/132/124 101/130/122
f 104/131/123 103/133/125 101/130/122
f 55/66/63 56/65/62 103/133/125
f 762/117/111 851/134/126 102/132/124
f 851/134/126 852/135/127 104/131/123
f 852/135/127 571/71/68 55/66/63
f 81/101/95 79/100/94 99/123/117
f 80/102/96 43/75/72 50/76/73
f 81/101/95 105/136/128 106/137/129
f 100/129/121 106/137/129 64/80/77
f 99/123/117 94/113/107 101/130/122
f 105/136/128 101/130/122 103/133/125
f 64/80/77 106/137/129 103/133/125
f 823/128/120 87/127/101 51/81/56
f 107/138/130 110/142/134 109/139/131
f 113/143/135 110/142/134 111/141/133
f 118/146/138 117/215/158 116/147/139
f 120/149/141 118/146/138 115/148/140
f 121/151/143 124/154/146 123/152/144
f 124/154/146 126/157/149 125/155/147
f 128/156/148 127/165/157 125/155/147
f 121/151/143 949/221/208 948/158/150
f 124/154/146 948/158/150 950/159/151
f 126/157/149 950/159/151 951/160/152
f 110/142/134 115/148/140 116/147/139
f 107/138/130 108/140/132 130/161/153
f 107/138/130 129/162/154 131/163/155
f 110/142/134 113/143/135 119/150/142
f 111/141/133 131/163/155 132/164/156
f 130/161/153 122/153/145 123/152/144
f 131/163/155 129/162/154 123/152/144
f 132/164/156 131/163/155 125/155/147
f 117/166/158 118/169/138 1011/167/159
f 118/169/138 120/181/141 1012/170/161
f 133/171/162 76/119/113 113/143/135
f 120/149/141 119/150/142 83/120/114
f 128/156/148 135/173/164 134/172/163
f 135/173/164 137/175/166 136/174/165
f 137/175/166 88/110/104 89/109/103
f 951/160/152 1040/176/167 135/173/164
f 1040/176/167 1041/177/168 137/175/166
f 1041/177/168 760/115/109 88/110/104
f 112/144/136 132/164/156 138/178/169
f 113/143/135 76/119/113 83/120/114
f 133/171/162 114/145/137 138/178/169
f 75/97/91 133/171/162 139/179/170
f 132/164/156 127/165/157 134/172/163
f 138/178/169 134/172/163 136/174/165
f 139/179/170 136/174/165 89/109/103
f 120/181/141 84/124/97 821/126/119
f 143/182/172 142/205/195 141/183/173
f 145/186/176 146/188/178 143/182/172
f 151/189/179 150/259/243 149/190/180
f 153/192/182 151/189/179 148/191/181
f 157/194/184 156/198/188 155/195/185
f 157/194/184 159/199/189 158/197/187
f 159/199/189 161/204/194 160/200/190
f 154/196/186 1138/2940/3208 1137/201/191
f 157/194/184 1137/201/191 1139/202/192
f 159/199/189 1139/202/192 1140/203/193
f 142/205/195 143/182/172 148/191/181
f 141/183/173 163/272/252 162/206/196
f 140/184/174 162/206/196 164/207/197
f 146/188/178 152/193/183 148/191/181
f 144/185/175 164/207/197 165/208/198
f 162/206/196 163/272/252 155/195/185
f 164/207/197 162/206/196 156/198/188
f 165/208/198 164/207/197 158/197/187
f 1199/209/199 150/273/243 151/210/179
f 1200/211/200 151/210/179 153/212/182
f 109/139/131 146/188/178 147/187/177
f 117/215/158 153/192/182 152/193/183
f 168/216/203 167/218/205 160/200/190
f 170/217/204 169/219/206 167/218/205
f 121/151/143 122/153/145 169/219/206
f 1140/203/193 331/2941/3209 168/216/203
f 168/216/203 331/2941/3209 332/220/207
f 170/217/204 332/220/207 949/221/208
f 145/186/176 165/208/198 171/222/209
f 109/139/131 116/147/139 152/193/183
f 147/187/177 171/222/209 172/223/210
f 108/140/132 166/214/202 172/223/210
f 171/222/209 165/208/198 160/200/190
f 172/223/210 171/222/209 167/218/205
f 130/161/153 172/223/210 169/219/206
f 1201/213/201 153/212/182 117/166/158
f 176/224/211 175/247/232 174/225/212
f 179/228/215 176/224/211 177/227/214
f 184/233/218 183/308/238 182/234/219
f 184/233/218 181/235/220 185/236/221
f 187/238/223 190/242/227 189/239/224
f 192/241/226 191/244/229 189/239/224
f 194/243/228 193/252/237 191/244/229
f 187/238/223 1325/2942/3210 1324/245/230
f 190/242/227 1324/245/230 1326/246/231
f 1326/246/231 1327/2943/3211 194/243/228
f 176/224/211 181/235/220 182/234/219
f 174/225/212 196/251/236 195/248/233
f 177/227/214 173/226/213 195/248/233
f 179/228/215 185/236/221 181/235/220
f 178/229/216 177/227/214 197/249/234
f 196/251/236 188/240/225 189/239/224
f 197/249/234 195/248/233 189/239/224
f 198/250/235 197/249/234 191/244/229
f 183/253/238 184/2944/218 1387/254/239
f 1387/254/239 184/2944/218 186/256/222
f 199/258/242 142/205/195 179/231/215
f 150/259/243 186/2945/222 185/260/221
f 194/261/228 201/264/245 200/262/244
f 201/264/245 203/266/247 202/265/246
f 203/266/247 154/196/186 155/195/185
f 194/261/228 1327/2946/3211 1416/267/248
f 1416/267/248 333/268/249 203/266/247
f 333/268/249 1138/2940/3208 154/196/186
f 180/230/217 178/232/216 198/269/235
f 179/231/215 142/205/195 149/190/180
f 199/258/242 180/230/217 204/270/250
f 199/258/242 205/271/251 163/272/252
f 198/269/235 193/263/237 200/262/244
f 204/270/250 200/262/244 202/265/246
f 163/272/252 205/271/251 202/265/246
f 1388/257/241 186/256/222 150/273/243
f 206/274/253 209/278/257 208/275/254
f 212/279/258 209/278/257 210/277/256
f 216/282/261 215/297/276 214/283/262
f 217/284/263 214/283/262 218/285/264
f 220/287/266 223/290/269 222/288/267
f 223/290/269 225/293/272 224/291/270
f 227/292/271 226/302/281 224/291/270
f 1513/294/273 1512/295/274 223/290/269
f 1512/295/274 334/2947/3212 225/293/272
f 225/293/272 334/2947/3212 1514/296/275
f 209/278/257 214/283/262 215/297/276
f 206/274/253 207/276/255 229/298/277
f 210/277/256 206/274/253 228/299/278
f 209/278/257 212/279/258 218/285/264
f 211/280/259 210/277/256 230/300/279
f 229/298/277 221/289/268 222/288/267
f 228/299/278 222/288/267 224/291/270
f 230/300/279 224/291/270 226/302/281
f 1573/303/282 216/359/261 217/304/263
f 217/304/263 219/317/265 1575/306/284
f 175/247/232 212/279/258 213/281/260
f 219/286/265 218/285/264 182/234/219
f 227/292/271 234/310/287 233/309/286
f 234/310/287 236/312/289 235/311/288
f 236/312/289 187/238/223 188/240/225
f 227/292/271 1514/296/275 1603/313/290
f 234/310/287 1603/313/290 335/314/291
f 335/314/291 1325/2942/3210 187/238/223
f 213/281/260 211/280/259 231/301/280
f 212/279/258 175/247/232 182/234/219
f 213/281/260 237/315/292 238/316/293
f 232/307/285 238/316/293 196/251/236
f 231/301/280 226/302/281 233/309/286
f 238/316/293 237/315/292 233/309/286
f 196/251/236 238/316/293 235/311/288
f 219/317/265 183/253/238 1386/255/240
f 239/318/294 242/322/298 241/319/295
f 244/323/299 245/325/301 242/322/298
f 250/326/302 249/394/321 248/327/303
f 252/329/305 250/326/302 247/328/304
f 256/331/307 255/335/311 254/332/308
f 258/334/310 257/337/313 255/335/311
f 258/334/310 260/341/317 259/336/312
f 1700/338/314 1699/2948/3213 256/331/307
f 256/331/307 1699/2948/3213 1701/339/315
f 258/334/310 1701/339/315 1702/340/316
f 241/319/295 242/322/298 247/328/304
f 240/320/296 262/402/374 261/342/318
f 239/318/294 261/342/318 263/343/319
f 245/325/301 251/330/306 247/328/304
f 244/323/299 243/321/297 263/343/319
f 261/342/318 262/402/374 254/332/308
f 263/343/319 261/342/318 255/335/311
f 264/344/320 263/343/319 257/337/313
f 249/345/321 250/348/302 1762/346/322
f 250/348/302 252/2949/305 1763/349/324
f 265/350/325 208/275/254 245/325/301
f 216/282/261 252/329/305 251/330/306
f 260/341/317 267/353/328 266/351/326
f 269/352/327 268/354/329 266/351/326
f 220/287/266 221/289/268 268/354/329
f 260/341/317 1702/340/316 1791/355/330
f 1791/355/330 336/356/331 269/352/327
f 336/356/331 1513/294/273 220/287/266
f 246/324/300 244/323/299 264/344/320
f 208/275/254 215/297/276 251/330/306
f 265/350/325 246/324/300 270/357/332
f 207/276/255 265/350/325 271/358/333
f 264/344/320 259/336/312 266/351/326
f 270/357/332 266/351/326 268/354/329
f 229/298/277 271/358/333 268/354/329
f 1763/349/324 252/2949/305 216/359/261
f 272/360/334 275/364/338 274/361/335
f 278/365/339 275/364/338 276/363/337
f 282/368/342 281/383/357 280/369/343
f 283/370/344 280/369/343 284/371/345
f 286/373/347 289/376/350 288/374/348
f 289/376/350 291/379/353 290/377/351
f 293/378/352 292/388/362 290/377/351
f 286/373/347 338/435/405 337/380/354
f 289/376/350 337/380/354 1887/381/355
f 291/379/353 1887/381/355 1888/382/356
f 274/361/335 275/364/338 280/369/343
f 272/360/334 273/362/336 295/384/358
f 276/363/337 272/360/334 294/385/359
f 278/365/339 284/371/345 280/369/343
f 276/363/337 296/386/360 297/387/361
f 295/384/358 287/375/349 288/374/348
f 296/386/360 294/385/359 288/374/348
f 297/387/361 296/386/360 290/377/351
f 1947/389/363 282/438/342 283/390/344
f 283/390/344 285/2950/346 1949/392/365
f 241/319/295 278/365/339 279/367/341
f 249/394/321 285/372/346 284/371/345
f 300/395/367 299/397/369 292/388/362
f 302/396/368 301/398/370 299/397/369
f 302/396/368 253/333/309 254/332/308
f 1888/382/356 339/399/371 300/395/367
f 339/399/371 340/2951/3214 302/396/368
f 302/396/368 340/2951/3214 1700/338/314
f 277/366/340 297/387/361 303/400/372
f 278/365/339 241/319/295 248/327/303
f 298/393/366 279/367/341 303/400/372
f 240/320/296 298/393/366 304/401/373
f 297/387/361 292/388/362 299/397/369
f 303/400/372 299/397/369 301/398/370
f 304/401/373 301/398/370 254/332/308
f 1949/392/365 285/2950/346 249/345/321
f 305/403/375 306/405/377 28/33/32
f 309/406/378 306/405/377 307/404/376
f 312/409/381 31/37/36 30/36/35
f 314/411/383 312/409/381 311/410/382
f 316/413/385 315/415/387 36/48/47
f 318/414/386 317/417/389 315/415/387
f 320/416/388 319/423/395 317/417/389
f 436/44/43 341/418/390 316/413/385
f 341/418/390 2072/419/391 318/414/386
f 2072/419/391 2073/433/403 320/416/388
f 306/405/377 311/410/382 30/36/35
f 305/403/375 29/35/34 40/47/46
f 307/404/376 305/403/375 321/420/392
f 309/406/378 313/412/384 311/410/382
f 307/404/376 322/421/393 323/422/394
f 40/47/46 36/48/47 315/415/387
f 322/421/393 321/420/392 315/415/387
f 323/422/394 322/421/393 317/417/389
f 488/50/48 31/2935/36 312/424/381
f 2127/425/396 312/424/381 314/426/383
f 324/428/398 274/361/335 309/406/378
f 314/411/383 313/412/384 281/383/357
f 320/416/388 326/430/400 325/429/399
f 326/430/400 328/432/402 327/431/401
f 328/432/402 286/373/347 287/375/349
f 2073/433/403 2149/2952/3215 326/430/400
f 326/430/400 2149/2952/3215 2150/434/404
f 328/432/402 2150/434/404 338/435/405
f 308/407/379 323/422/394 329/436/406
f 309/406/378 274/361/335 281/383/357
f 310/408/380 329/436/406 330/437/407
f 324/428/398 330/437/407 295/384/358
f 329/436/406 323/422/394 319/423/395
f 329/436/406 325/429/399 327/431/401
f 295/384/358 330/437/407 327/431/401
f 2128/427/397 314/426/383 282/438/342
